,Annualized Return,Annualized Vol,Sharpe Ratio,Max Drawdown,Skewness,Kurtosis,Cornish-Fisher VaR (5%),Historic CVaR (5%)
Mean Return,10.197384578773615,19.527710369052148,0.1762079711850476,-57.53025744908212,-1.267616440998827,10.769342371463953,0.04694149507670725,0.06196439094488008
