,Annualized Return,Annualized Vol,Sharpe Ratio,Max Drawdown,Skewness,Kurtosis,Cornish-Fisher VaR (5%),Historic CVaR (5%)
Mean Return,7.947103478168094,20.468632956757624,0.06557827941098887,-62.007335460839954,-1.0723630037734038,10.75804343915005,0.04834448627031466,0.0651626801785165
