,Annualized Return,Annualized Vol,Sharpe Ratio,Max Drawdown,Skewness,Kurtosis,Cornish-Fisher VaR (5%),Historic CVaR (5%)
Mean Return,5.700592355468426,19.230161030315788,-0.03583551781475872,-59.11038469025742,-0.5829310916098573,6.767303312365705,0.045030467187360784,0.0605248601332972
