,Annualized Return,Annualized Vol,Sharpe Ratio,Max Drawdown,Skewness,Kurtosis,Cornish-Fisher VaR (5%),Historic CVaR (5%)
Mean Return,-3.964866609463802,21.763592070724055,-0.45141905020521494,-56.92865930331573,-0.7374739975533154,6.545919234419369,0.05374511989661564,0.0769934830125964
