,Annualized Return,Annualized Vol,Sharpe Ratio,Max Drawdown,Skewness,Kurtosis,Cornish-Fisher VaR (5%),Historic CVaR (5%)
Mean Return,8.610202476714246,19.252209171997702,0.11103410286336135,-58.09315581287579,-0.9959073765935588,9.523574123487377,0.04586487395955559,0.06338362168804604
