,Annualized Return,Annualized Vol,Sharpe Ratio,Max Drawdown,Skewness,Kurtosis,Cornish-Fisher VaR (5%),Historic CVaR (5%)
Mean Return,20.52370834535879,13.09439308529271,1.0124437825301236,-27.320453260008488,-0.5919514002283219,6.477440861699527,0.027993600294256786,0.04104870351068888
