,Annualized Return,Annualized Vol,Sharpe Ratio,Max Drawdown,Skewness,Kurtosis,Cornish-Fisher VaR (5%),Historic CVaR (5%)
Mean Return,13.695142469468014,20.91740691249533,0.32480031803179704,-63.15761037894991,-0.8815188492220066,8.243611200565379,0.04851552405816195,0.065078959548213
