,Annualized Return,Annualized Vol,Sharpe Ratio,Max Drawdown,Skewness,Kurtosis,Cornish-Fisher VaR (5%),Historic CVaR (5%)
Mean Return,6.184606464166764,17.34531716336235,-0.015197420781121384,-43.17677092463159,-0.49008935201862047,7.072513377837026,0.03932150027168227,0.05453045298626473
