,Annualized Return,Annualized Vol,Sharpe Ratio,Max Drawdown,Skewness,Kurtosis,Cornish-Fisher VaR (5%),Historic CVaR (5%)
Mean Return,0.12770089114093608,17.86520613038385,-0.3345031796213967,-50.17498198749455,-1.0164214460446432,8.014883263982082,0.044522005418061256,0.06063933587716409
