,Annualized Return,Annualized Vol,Sharpe Ratio,Max Drawdown,Skewness,Kurtosis,Cornish-Fisher VaR (5%),Historic CVaR (5%)
Mean Return,12.850845646299058,18.829370123722548,0.31781093850246706,-38.98667827405347,-0.20301124897405326,7.182423405393533,0.03950809521467912,0.05617387038775903
