,Annualized Return,Annualized Vol,Sharpe Ratio,Max Drawdown,Skewness,Kurtosis,Cornish-Fisher VaR (5%),Historic CVaR (5%)
Mean Return,4.692321147605583,18.417714901056957,-0.08531215697903125,-54.674442076343546,-0.8088613179833185,11.099353284210409,0.042521089517223616,0.05938005354396158
