,Annualized Return,Annualized Vol,Sharpe Ratio,Max Drawdown,Skewness,Kurtosis,Cornish-Fisher VaR (5%),Historic CVaR (5%)
Mean Return,5.440553180454666,18.0782295170823,-0.04984702918447064,-53.06257674160106,-0.2474221303720761,5.439711706826675,0.040732021946597245,0.053716705084538394
