,Annualized Return,Annualized Vol,Sharpe Ratio,Max Drawdown,Skewness,Kurtosis,Cornish-Fisher VaR (5%),Historic CVaR (5%)
Mean Return,10.779034250710406,18.470070605105168,0.24387751516581516,-47.61970537170501,-1.1905255961509245,11.663829078914517,0.04494663778126223,0.0588775513374625
