,Annualized Return,Annualized Vol,Sharpe Ratio,Max Drawdown,Skewness,Kurtosis,Cornish-Fisher VaR (5%),Historic CVaR (5%)
Mean Return,11.669465198869911,19.50337817817631,0.24905767297327464,-52.92118357746234,-0.9782513739506946,9.757824507077226,0.045274838940365714,0.0606367837634193
