,Annualized Return,Annualized Vol,Sharpe Ratio,Max Drawdown,Skewness,Kurtosis,Cornish-Fisher VaR (5%),Historic CVaR (5%)
Mean Return,6.895328214530183,20.558456912546806,0.01874374819177349,-63.005258455436774,-1.5031468978819236,13.76819275475942,0.04989762079029468,0.06880388900748227
