,Annualized Return,Annualized Vol,Sharpe Ratio,Max Drawdown,Skewness,Kurtosis,Cornish-Fisher VaR (5%),Historic CVaR (5%)
Mean Return,-6.408917333563446,19.451550634450122,-0.6231741144264734,-51.99157222578309,-1.3569348898213134,11.236609434330246,0.0501915926819771,0.06794528311675097
