,Annualized Return,Annualized Vol,Sharpe Ratio,Max Drawdown,Skewness,Kurtosis,Cornish-Fisher VaR (5%),Historic CVaR (5%)
Mean Return,4.873736560252762,18.697398722293986,-0.08365653731383059,-50.577592950038905,-1.2564343693936584,12.076470880274707,0.04507525762834406,0.060882435264962086
