,Annualized Return,Annualized Vol,Sharpe Ratio,Max Drawdown,Skewness,Kurtosis,Cornish-Fisher VaR (5%),Historic CVaR (5%)
Mean Return,13.226319363381256,19.71510136760079,0.3222624484778046,-58.57164290698892,-0.6628066530669745,7.541919866729402,0.04455166830181825,0.0593507322508618
