,Annualized Return,Annualized Vol,Sharpe Ratio,Max Drawdown,Skewness,Kurtosis,Cornish-Fisher VaR (5%),Historic CVaR (5%)
Mean Return,13.69353568888345,19.611620380215214,0.3455254768665857,-50.143205753299156,-0.6479120625187819,8.591121266922848,0.04355452916521661,0.05855681991028611
