,Annualized Return,Annualized Vol,Sharpe Ratio,Max Drawdown,Skewness,Kurtosis,Cornish-Fisher VaR (5%),Historic CVaR (5%)
Mean Return,11.371291500320302,20.436508660566222,0.22629581602459808,-53.897728497921236,-1.0125198835897466,9.920704061235272,0.04771009416685122,0.06491330574826344
