,Annualized Return,Annualized Vol,Sharpe Ratio,Max Drawdown,Skewness,Kurtosis,Cornish-Fisher VaR (5%),Historic CVaR (5%)
Mean Return,9.062011968930461,19.61408358716568,0.12121748273895637,-61.0750007356563,-1.2422486481834052,10.076501006247865,0.04757678016183343,0.06580287899130316
