,Annualized Return,Annualized Vol,Sharpe Ratio,Max Drawdown,Skewness,Kurtosis,Cornish-Fisher VaR (5%),Historic CVaR (5%)
Mean Return,19.91750188659893,13.307712377707077,0.9493066555250249,-24.113825926180354,-1.0514186026120569,9.922876718973495,0.029183133441738757,0.041531314438657485
