,Annualized Return,Annualized Vol,Sharpe Ratio,Max Drawdown,Skewness,Kurtosis,Cornish-Fisher VaR (5%),Historic CVaR (5%)
Mean Return,8.557471505086056,19.92937531786898,0.09776331802984546,-63.17261410033853,-1.3426168795999975,12.812175790682664,0.04755764515488017,0.06505349123949575
