,Annualized Return,Annualized Vol,Sharpe Ratio,Max Drawdown,Skewness,Kurtosis,Cornish-Fisher VaR (5%),Historic CVaR (5%)
Mean Return,-6.5043829634584105,23.658417015874342,-0.5178761058435059,-82.98875928902464,-0.7055458340879998,9.762499042323961,0.056437639285371724,0.08369809620649081
