,Annualized Return,Annualized Vol,Sharpe Ratio,Max Drawdown,Skewness,Kurtosis,Cornish-Fisher VaR (5%),Historic CVaR (5%)
Mean Return,-8.279993250422669,23.19938175272304,-0.5978759303988447,-69.86932814223381,-1.0496936154015697,9.592716094548127,0.058638996912585103,0.08311747988653444
