,Annualized Return,Annualized Vol,Sharpe Ratio,Max Drawdown,Skewness,Kurtosis,Cornish-Fisher VaR (5%),Historic CVaR (5%)
Mean Return,5.339819664436063,19.823401952282104,-0.056823595626342184,-61.26606890244566,-1.2527659152452146,10.885398615866352,0.04837338789949592,0.06422334308195346
