,Annualized Return,Annualized Vol,Sharpe Ratio,Max Drawdown,Skewness,Kurtosis,Cornish-Fisher VaR (5%),Historic CVaR (5%)
Mean Return,13.877562315636126,20.577090042392847,0.33851539397030034,-61.2105869258942,-0.6252638212506976,7.609271835540393,0.046159339497431166,0.06285990289158563
