,Annualized Return,Annualized Vol,Sharpe Ratio,Max Drawdown,Skewness,Kurtosis,Cornish-Fisher VaR (5%),Historic CVaR (5%)
Mean Return,4.832433162839922,19.262765258287743,-0.08223347242950033,-66.08782110237837,-0.49786533250973203,7.252096317367624,0.043985356539051876,0.062084354130513955
