,Annualized Return,Annualized Vol,Sharpe Ratio,Max Drawdown,Skewness,Kurtosis,Cornish-Fisher VaR (5%),Historic CVaR (5%)
Mean Return,16.115270856658338,18.480330584438136,0.49534539999922855,-50.95638752750673,-0.2865191389669258,5.576198652329175,0.03997164238733284,0.05446370913749189
