,Annualized Return,Annualized Vol,Sharpe Ratio,Max Drawdown,Skewness,Kurtosis,Cornish-Fisher VaR (5%),Historic CVaR (5%)
Mean Return,10.737417378754,19.9495365873755,0.20295572182775368,-59.88020091763471,-0.9235126926937433,7.761686294541704,0.04770490937466293,0.06620627881720627
