,Annualized Return,Annualized Vol,Sharpe Ratio,Max Drawdown,Skewness,Kurtosis,Cornish-Fisher VaR (5%),Historic CVaR (5%)
Mean Return,16.813179570825575,19.727428223982056,0.49053245702195064,-45.10066766738015,-1.1413316346131714,13.030129645267301,0.044242935692453245,0.05924193390405123
