,Annualized Return,Annualized Vol,Sharpe Ratio,Max Drawdown,Skewness,Kurtosis,Cornish-Fisher VaR (5%),Historic CVaR (5%)
Mean Return,10.895627488026548,17.368821041688008,0.24367605262832756,-45.87289594780281,-0.3305908566400422,5.458992014757117,0.038661126407937424,0.051725932594690625
