,Annualized Return,Annualized Vol,Sharpe Ratio,Max Drawdown,Skewness,Kurtosis,Cornish-Fisher VaR (5%),Historic CVaR (5%)
Mean Return,10.477298449693716,18.01033202977374,0.21313002914770987,-50.956387527506685,-0.43965475896713274,5.755439235233537,0.04081605878705027,0.05534281863234083
