,Annualized Return,Annualized Vol,Sharpe Ratio,Max Drawdown,Skewness,Kurtosis,Cornish-Fisher VaR (5%),Historic CVaR (5%)
Mean Return,5.192426417802309,20.443192074164855,-0.058575622073919156,-54.94873709464032,-1.2957221393946035,11.466297051067231,0.04987227826164752,0.06613386594959363
