,Annualized Return,Annualized Vol,Sharpe Ratio,Max Drawdown,Skewness,Kurtosis,Cornish-Fisher VaR (5%),Historic CVaR (5%)
Mean Return,-5.815433616591481,20.44377230607202,-0.5621683127387247,-50.841460333057455,-0.8541326972866996,6.952922178383556,0.05204715641946057,0.07569068360390464
