,Annualized Return,Annualized Vol,Sharpe Ratio,Max Drawdown,Skewness,Kurtosis,Cornish-Fisher VaR (5%),Historic CVaR (5%)
Mean Return,16.47971006793012,20.18828055921171,0.46541914217226843,-51.16614401935637,-0.7658975393376706,8.753176611010788,0.04518663230110079,0.060057319087376236
