,Annualized Return,Annualized Vol,Sharpe Ratio,Max Drawdown,Skewness,Kurtosis,Cornish-Fisher VaR (5%),Historic CVaR (5%)
Mean Return,15.345374958674629,19.436001512597418,0.4285651160846167,-47.80597791962528,-0.67139175398651,8.540965513106052,0.04305813789469446,0.05754924563253103
