,Annualized Return,Annualized Vol,Sharpe Ratio,Max Drawdown,Skewness,Kurtosis,Cornish-Fisher VaR (5%),Historic CVaR (5%)
Mean Return,10.26553439259148,18.831177170430337,0.19324610522678237,-55.55069913496865,-0.6333767467992106,5.810687994612837,0.04410403261431737,0.05971251177491095
