,Annualized Return,Annualized Vol,Sharpe Ratio,Max Drawdown,Skewness,Kurtosis,Cornish-Fisher VaR (5%),Historic CVaR (5%)
Mean Return,10.21009038837557,18.40367945947975,0.19542182427846508,-49.8257386619689,0.14695644912931427,5.909203798894614,0.037505533261964825,0.05251820333325773
