,Annualized Return,Annualized Vol,Sharpe Ratio,Max Drawdown,Skewness,Kurtosis,Cornish-Fisher VaR (5%),Historic CVaR (5%)
Mean Return,5.222490297648341,22.182869957013608,-0.053550470542361416,-38.81485730128651,-1.0423516264694814,10.632098592194204,0.05281144667451232,0.07687936159915708
