,Annualized Return,Annualized Vol,Sharpe Ratio,Max Drawdown,Skewness,Kurtosis,Cornish-Fisher VaR (5%),Historic CVaR (5%)
Mean Return,11.974239139279263,19.19427869853141,0.2934783323554595,-51.18809974909421,-1.3709603188151926,13.187464952918038,0.04688059591711177,0.06072723068369792
