,Annualized Return,Annualized Vol,Sharpe Ratio,Max Drawdown,Skewness,Kurtosis,Cornish-Fisher VaR (5%),Historic CVaR (5%)
Mean Return,19.663271177461272,20.557110856875696,0.6072332266897402,-54.476612400046086,1.1776117272900783,22.1497198048426,0.02189066125696717,0.05961590322684411
