,Annualized Return,Annualized Vol,Sharpe Ratio,Max Drawdown,Skewness,Kurtosis,Cornish-Fisher VaR (5%),Historic CVaR (5%)
Mean Return,19.629514971252583,19.687115511756957,0.6260180174053112,-43.65309207468853,-1.1350521752254843,10.448918069456592,0.045068455293934696,0.06118224301718821
