,Annualized Return,Annualized Vol,Sharpe Ratio,Max Drawdown,Skewness,Kurtosis,Cornish-Fisher VaR (5%),Historic CVaR (5%)
Mean Return,11.144348185235554,18.87136863305384,0.22944935246984746,-55.318323623375996,-1.0489457398674167,7.913218422372373,0.04528039935920884,0.06159351985895868
