,Annualized Return,Annualized Vol,Sharpe Ratio,Max Drawdown,Skewness,Kurtosis,Cornish-Fisher VaR (5%),Historic CVaR (5%)
Mean Return,18.355662592442435,13.380165767858761,0.8343969693095222,-24.132758023533675,-0.7123763123168845,7.5479064539485465,0.028925021301967557,0.041562858241912505
