,Annualized Return,Annualized Vol,Sharpe Ratio,Max Drawdown,Skewness,Kurtosis,Cornish-Fisher VaR (5%),Historic CVaR (5%)
Mean Return,13.677971544858792,20.160712925589767,0.3353773382919955,-61.30500073687599,-0.9997316935624733,12.091334519862983,0.04534811343471287,0.06273324409832692
