,Annualized Return,Annualized Vol,Sharpe Ratio,Max Drawdown,Skewness,Kurtosis,Cornish-Fisher VaR (5%),Historic CVaR (5%)
Mean Return,4.738740869551372,16.15329123264707,-0.10457980193214958,-43.21497997128491,-0.7474831912446027,5.840149153741667,0.03889558071693332,0.05322006507920678
