,Annualized Return,Annualized Vol,Sharpe Ratio,Max Drawdown,Skewness,Kurtosis,Cornish-Fisher VaR (5%),Historic CVaR (5%)
Mean Return,20.01782758376496,12.892409913947233,0.9913910220333203,-27.05692335486285,-0.5553220853418304,6.807579874463093,0.027296780632882423,0.03980621385430454
