,Annualized Return,Annualized Vol,Sharpe Ratio,Max Drawdown,Skewness,Kurtosis,Cornish-Fisher VaR (5%),Historic CVaR (5%)
Mean Return,15.533734774531084,13.731603017339095,0.6555416754312118,-30.664878360627547,-1.322556704217254,13.363089053974452,0.032003402115869065,0.04560473908275924
