,Annualized Return,Annualized Vol,Sharpe Ratio,Max Drawdown,Skewness,Kurtosis,Cornish-Fisher VaR (5%),Historic CVaR (5%)
Mean Return,4.977855778009621,19.444610034725383,-0.06699733948772524,-58.20563238602242,-1.014359178354188,9.673804664047868,0.0470464158586779,0.06663597980037761
