,Annualized Return,Annualized Vol,Sharpe Ratio,Max Drawdown,Skewness,Kurtosis,Cornish-Fisher VaR (5%),Historic CVaR (5%)
Mean Return,4.706257272681125,19.22468021160278,-0.08783268569352619,-55.06463423716224,-0.7022916646598356,7.2016790465258245,0.04536136577745072,0.06135250921143313
