,Annualized Return,Annualized Vol,Sharpe Ratio,Max Drawdown,Skewness,Kurtosis,Cornish-Fisher VaR (5%),Historic CVaR (5%)
Mean Return,11.860225996643381,20.0847598238578,0.25162718475583473,-51.16614401935637,-0.8908252672274428,9.256754032550951,0.04631353799270467,0.06152938011401095
