,Annualized Return,Annualized Vol,Sharpe Ratio,Max Drawdown,Skewness,Kurtosis,Cornish-Fisher VaR (5%),Historic CVaR (5%)
Mean Return,-2.605674482126119,18.124350479407774,-0.46563422878615396,-42.90547285942565,-1.0275725652999417,9.557123660655538,0.04542578473843731,0.06632542687583347
