,Annualized Return,Annualized Vol,Sharpe Ratio,Max Drawdown,Skewness,Kurtosis,Cornish-Fisher VaR (5%),Historic CVaR (5%)
Mean Return,13.19884562138871,18.742803120054088,0.35802528293299096,-53.18360340952385,-1.0698823258644568,9.223629296375199,0.04527824087957265,0.0594678563979533
