,Annualized Return,Annualized Vol,Sharpe Ratio,Max Drawdown,Skewness,Kurtosis,Cornish-Fisher VaR (5%),Historic CVaR (5%)
Mean Return,5.693340238185995,19.76470603821078,-0.031770077350938106,-59.70311934079673,-1.0513982323241626,9.32441752799883,0.04814161828682689,0.0678627387909546
