,Annualized Return,Annualized Vol,Sharpe Ratio,Max Drawdown,Skewness,Kurtosis,Cornish-Fisher VaR (5%),Historic CVaR (5%)
Mean Return,4.21941118378002,15.775109522289346,-0.12993628207780922,-30.281538999265372,-0.37145075334849637,4.35436277579569,0.03690333311909417,0.050556483250456294
