,Annualized Return,Annualized Vol,Sharpe Ratio,Max Drawdown,Skewness,Kurtosis,Cornish-Fisher VaR (5%),Historic CVaR (5%)
Mean Return,9.40630958134041,19.575805002049055,0.1377387262855675,-61.22103857450829,-1.5062640808906471,12.488424001802013,0.04775669894779954,0.0656490792028265
