,Annualized Return,Annualized Vol,Sharpe Ratio,Max Drawdown,Skewness,Kurtosis,Cornish-Fisher VaR (5%),Historic CVaR (5%)
Mean Return,17.481445264858174,19.120843272247967,0.5389584501086728,-42.01708398767554,-0.9830354594889232,10.555413012609744,0.04299230908603501,0.05801813819502922
