,Annualized Return,Annualized Vol,Sharpe Ratio,Max Drawdown,Skewness,Kurtosis,Cornish-Fisher VaR (5%),Historic CVaR (5%)
Mean Return,4.303469933406467,19.86505039529028,-0.10235489881087338,-53.897728497921236,-1.271511540617899,11.392972740832596,0.04849373213030119,0.06487718266123554
