,Annualized Return,Annualized Vol,Sharpe Ratio,Max Drawdown,Skewness,Kurtosis,Cornish-Fisher VaR (5%),Historic CVaR (5%)
Mean Return,11.899455519163805,18.289511793090124,0.3044250081214751,-50.7737930822223,-0.8844702398813232,9.360511319963189,0.04352674562674728,0.05717355960548187
