,Annualized Return,Annualized Vol,Sharpe Ratio,Max Drawdown,Skewness,Kurtosis,Cornish-Fisher VaR (5%),Historic CVaR (5%)
Mean Return,3.3049796861482905,21.343605778386582,-0.1421511874734715,-41.982925316600614,1.1071879745473634,20.164471797624486,0.027350138949368465,0.06628212880048562
