,Annualized Return,Annualized Vol,Sharpe Ratio,Max Drawdown,Skewness,Kurtosis,Cornish-Fisher VaR (5%),Historic CVaR (5%)
Mean Return,13.692464159617469,20.242026220127585,0.33240388326974846,-61.77230255007243,-1.3464069333480968,11.68293617009108,0.04811965976434266,0.06430517970978755
