,Annualized Return,Annualized Vol,Sharpe Ratio,Max Drawdown,Skewness,Kurtosis,Cornish-Fisher VaR (5%),Historic CVaR (5%)
Mean Return,6.091806801267263,18.26234556013414,-0.02284216032827327,-53.77145622912566,-0.8252166171493742,8.019179357213025,0.04319553818662593,0.05792576453951722
