,Annualized Return,Annualized Vol,Sharpe Ratio,Max Drawdown,Skewness,Kurtosis,Cornish-Fisher VaR (5%),Historic CVaR (5%)
Mean Return,14.938645564247132,20.696573968096814,0.40727934346412314,-55.636526706478925,-1.2946728896205062,12.219479027353916,0.05021314329654259,0.06625142729411022
