,Annualized Return,Annualized Vol,Sharpe Ratio,Max Drawdown,Skewness,Kurtosis,Cornish-Fisher VaR (5%),Historic CVaR (5%)
Mean Return,10.33544666871049,17.940207776269222,0.22328262856742162,-50.376389200044656,-1.0260172297438954,9.255705590485572,0.043477302063995034,0.05660506858632931
