,Annualized Return,Annualized Vol,Sharpe Ratio,Max Drawdown,Skewness,Kurtosis,Cornish-Fisher VaR (5%),Historic CVaR (5%)
Mean Return,11.06318087991589,18.992100788424153,0.22742758635505014,-57.877930756924314,-0.8755120852473542,8.406688309070386,0.0441850637972586,0.059040064025288726
