,Annualized Return,Annualized Vol,Sharpe Ratio,Max Drawdown,Skewness,Kurtosis,Cornish-Fisher VaR (5%),Historic CVaR (5%)
Mean Return,16.115921925037235,19.5824543262678,0.460695744894286,-45.67603212833147,-0.9416424669111163,12.492621919316905,0.04298179591551877,0.05711929047728226
