,Annualized Return,Annualized Vol,Sharpe Ratio,Max Drawdown,Skewness,Kurtosis,Cornish-Fisher VaR (5%),Historic CVaR (5%)
Mean Return,10.424866369431939,19.49523774788813,0.19260987326439483,-56.25324779255192,-0.8100338624671339,7.643291687070723,0.04592462298266138,0.06277838194362251
