,Annualized Return,Annualized Vol,Sharpe Ratio,Max Drawdown,Skewness,Kurtosis,Cornish-Fisher VaR (5%),Historic CVaR (5%)
Mean Return,10.131144103017364,18.736198960954262,0.18049720630124091,-53.77145622912566,-0.6137742630919756,7.681946345236383,0.04239154110525391,0.057596756448535125
