,Annualized Return,Annualized Vol,Sharpe Ratio,Max Drawdown,Skewness,Kurtosis,Cornish-Fisher VaR (5%),Historic CVaR (5%)
Mean Return,4.184685624406437,19.925032285880135,-0.10765324079260766,-53.38563187417063,-1.166306024234361,11.298420660100646,0.048024606280081567,0.06433148690149325
