,Annualized Return,Annualized Vol,Sharpe Ratio,Max Drawdown,Skewness,Kurtosis,Cornish-Fisher VaR (5%),Historic CVaR (5%)
Mean Return,15.963911279004783,20.62026126772107,0.4298361209238942,-64.30323947153123,-1.4004440126257196,11.84541603726426,0.04894225006403432,0.0666826470341829
