,Annualized Return,Annualized Vol,Sharpe Ratio,Max Drawdown,Skewness,Kurtosis,Cornish-Fisher VaR (5%),Historic CVaR (5%)
Mean Return,-1.5297620697553471,19.51076331782572,-0.3807221478124379,-50.48263028586359,-0.4765631612392665,7.7347569036437935,0.04577699239163894,0.06716310056431468
