,Annualized Return,Annualized Vol,Sharpe Ratio,Max Drawdown,Skewness,Kurtosis,Cornish-Fisher VaR (5%),Historic CVaR (5%)
Mean Return,7.69345090638216,17.860288894462897,0.08489647300371969,-41.03829812803112,-0.6155786894412744,8.44846595329118,0.04153891409507123,0.05532297796044458
