,Annualized Return,Annualized Vol,Sharpe Ratio,Max Drawdown,Skewness,Kurtosis,Cornish-Fisher VaR (5%),Historic CVaR (5%)
Mean Return,20.67125477037215,18.896722694711986,0.7030584584843761,-46.65656945923882,-0.7781026799633592,7.714477505892216,0.04210260517356641,0.05724251706731728
