,Annualized Return,Annualized Vol,Sharpe Ratio,Max Drawdown,Skewness,Kurtosis,Cornish-Fisher VaR (5%),Historic CVaR (5%)
Mean Return,12.35945082301646,20.7258642868076,0.2664066188629338,-55.59813347397727,-0.907874026229041,11.876195173801532,0.04637250030617959,0.06574381123046263
