,Annualized Return,Annualized Vol,Sharpe Ratio,Max Drawdown,Skewness,Kurtosis,Cornish-Fisher VaR (5%),Historic CVaR (5%)
Mean Return,9.965943572541814,20.133135213266375,0.1626030409558592,-58.723572831281025,-1.061806472947801,9.217165893206184,0.047956340194428196,0.06455072281765323
