,Annualized Return,Annualized Vol,Sharpe Ratio,Max Drawdown,Skewness,Kurtosis,Cornish-Fisher VaR (5%),Historic CVaR (5%)
Mean Return,15.261858488119096,19.962102505174016,0.41096265862073156,-61.22103857450829,-1.3058890720001621,10.869617965022798,0.047354479357260844,0.06474451749019201
