,Annualized Return,Annualized Vol,Sharpe Ratio,Max Drawdown,Skewness,Kurtosis,Cornish-Fisher VaR (5%),Historic CVaR (5%)
Mean Return,3.6989385366205774,18.04204057306428,-0.14512366082967476,-54.840553927547795,-1.000340764630402,9.047494904565497,0.043664233850799906,0.058597734346203516
