,Annualized Return,Annualized Vol,Sharpe Ratio,Max Drawdown,Skewness,Kurtosis,Cornish-Fisher VaR (5%),Historic CVaR (5%)
Mean Return,5.612321576886714,20.00829574446549,-0.04102328598613992,-64.94694777207994,-1.256462517046947,12.796229575757826,0.047728898914018526,0.0663594113236408
