,Annualized Return,Annualized Vol,Sharpe Ratio,Max Drawdown,Skewness,Kurtosis,Cornish-Fisher VaR (5%),Historic CVaR (5%)
Mean Return,8.287821903864723,19.842863719148525,0.08379471350096429,-58.51056066952878,-1.0639554580256503,10.738861556778117,0.04672789048122272,0.06287557879775456
