,Annualized Return,Annualized Vol,Sharpe Ratio,Max Drawdown,Skewness,Kurtosis,Cornish-Fisher VaR (5%),Historic CVaR (5%)
Mean Return,14.486496757595567,19.871485600417973,0.37620716632312223,-60.75762324480958,-1.5634116988590396,13.051881129435829,0.04767830624458519,0.06475138742745433
