,Annualized Return,Annualized Vol,Sharpe Ratio,Max Drawdown,Skewness,Kurtosis,Cornish-Fisher VaR (5%),Historic CVaR (5%)
Mean Return,-7.809714707594284,23.72304159761766,-0.5681709502615142,-83.99814229930318,-0.92975358835033,9.682930533645262,0.05877350188239305,0.08587296830550857
