,Annualized Return,Annualized Vol,Sharpe Ratio,Max Drawdown,Skewness,Kurtosis,Cornish-Fisher VaR (5%),Historic CVaR (5%)
Mean Return,12.74768497057368,18.642658956823162,0.31331580462888586,-50.573280592391036,-0.8257505179294985,7.174052640746537,0.04339362861884352,0.05897644654120381
