,Annualized Return,Annualized Vol,Sharpe Ratio,Max Drawdown,Skewness,Kurtosis,Cornish-Fisher VaR (5%),Historic CVaR (5%)
Mean Return,7.3142500865972515,19.23784558041253,0.03820927980805076,-62.073499276012825,-1.1306349270747986,9.151422436460932,0.046734679302618,0.06479511179890421
