,Annualized Return,Annualized Vol,Sharpe Ratio,Max Drawdown,Skewness,Kurtosis,Cornish-Fisher VaR (5%),Historic CVaR (5%)
Mean Return,5.685193886298046,16.000175869442923,-0.03966897969321938,-33.28496042258036,-0.6587445311168483,7.230848732533569,0.037559595362406065,0.052030253136772654
