,Annualized Return,Annualized Vol,Sharpe Ratio,Max Drawdown,Skewness,Kurtosis,Cornish-Fisher VaR (5%),Historic CVaR (5%)
Mean Return,5.808454187648482,19.003702596803404,-0.027329466832364768,-57.30202050809301,-0.815514825538317,11.056255229494765,0.04374992849600281,0.06106653431758727
