,Annualized Return,Annualized Vol,Sharpe Ratio,Max Drawdown,Skewness,Kurtosis,Cornish-Fisher VaR (5%),Historic CVaR (5%)
Mean Return,11.785275370607096,18.63795995015488,0.26818860758505747,-54.83652877343502,-0.899777937345086,8.170662374729396,0.043484448103694257,0.058801235074204004
