,Annualized Return,Annualized Vol,Sharpe Ratio,Max Drawdown,Skewness,Kurtosis,Cornish-Fisher VaR (5%),Historic CVaR (5%)
Mean Return,7.580322376874116,21.173793875149013,0.04860860216391762,-62.970849317650135,-1.4930330390393969,13.655153136056247,0.05129229688010096,0.0704317324763504
