,Annualized Return,Annualized Vol,Sharpe Ratio,Max Drawdown,Skewness,Kurtosis,Cornish-Fisher VaR (5%),Historic CVaR (5%)
Mean Return,12.077592509400702,20.646384301290034,0.25616964326811215,-53.38563187417063,-0.8510732951095435,9.781995842472167,0.047025059700321364,0.06420303485960896
