,Annualized Return,Annualized Vol,Sharpe Ratio,Max Drawdown,Skewness,Kurtosis,Cornish-Fisher VaR (5%),Historic CVaR (5%)
Mean Return,13.787728578491997,20.37030956053472,0.3362084792203724,-54.621273539573835,-1.2376411020498947,11.908861607611682,0.04755058261885305,0.06439252543783684
