,Annualized Return,Annualized Vol,Sharpe Ratio,Max Drawdown,Skewness,Kurtosis,Cornish-Fisher VaR (5%),Historic CVaR (5%)
Mean Return,12.519862420006,19.397990644970697,0.2932858465329331,-60.586792105112806,-0.5439128074008456,6.719727409689861,0.04353474168569073,0.0612070380263281
