,Annualized Return,Annualized Vol,Sharpe Ratio,Max Drawdown,Skewness,Kurtosis,Cornish-Fisher VaR (5%),Historic CVaR (5%)
Mean Return,13.6005225186701,19.17057401977534,0.34649237295812146,-54.48009631791202,-0.9534263771080098,8.311758897307891,0.04477275779673445,0.06080731893044328
