,Annualized Return,Annualized Vol,Sharpe Ratio,Max Drawdown,Skewness,Kurtosis,Cornish-Fisher VaR (5%),Historic CVaR (5%)
Mean Return,16.864115314263817,20.66060108043898,0.4722671503179484,-56.85278744532612,-0.9421038260063821,8.869350190209774,0.047442449463955254,0.06381290184199871
