,Annualized Return,Annualized Vol,Sharpe Ratio,Max Drawdown,Skewness,Kurtosis,Cornish-Fisher VaR (5%),Historic CVaR (5%)
Mean Return,-3.5696278495577327,21.938197226713186,-0.4308906393730297,-58.2464340688458,-0.6892369002768893,6.493665473216842,0.053742331152610553,0.07598551593122663
