,Annualized Return,Annualized Vol,Sharpe Ratio,Max Drawdown,Skewness,Kurtosis,Cornish-Fisher VaR (5%),Historic CVaR (5%)
Mean Return,5.059957445409924,19.328262281515713,-0.06932231082984033,-35.48679032663602,-0.3148834025917013,5.360595976529326,0.043788646960275644,0.06111851577986695
