,Annualized Return,Annualized Vol,Sharpe Ratio,Max Drawdown,Skewness,Kurtosis,Cornish-Fisher VaR (5%),Historic CVaR (5%)
Mean Return,14.110346462915334,19.64736266904133,0.3624649994763548,-58.808761434417754,-1.1843925089005325,9.818287810913661,0.04655699469884822,0.06379480341572143
