,Annualized Return,Annualized Vol,Sharpe Ratio,Max Drawdown,Skewness,Kurtosis,Cornish-Fisher VaR (5%),Historic CVaR (5%)
Mean Return,14.535888071334258,19.15016020651066,0.3926274247831049,-40.874584648717594,0.1665766868340624,6.2856590624562845,0.037648292658490616,0.055762962206806335
