,Annualized Return,Annualized Vol,Sharpe Ratio,Max Drawdown,Skewness,Kurtosis,Cornish-Fisher VaR (5%),Historic CVaR (5%)
Mean Return,15.12886468074881,18.682169405695486,0.4402965356939307,-53.20768072403408,-0.45045956465475584,5.517534057261641,0.04179202571503611,0.056569502621345046
