,Annualized Return,Annualized Vol,Sharpe Ratio,Max Drawdown,Skewness,Kurtosis,Cornish-Fisher VaR (5%),Historic CVaR (5%)
Mean Return,9.87488594474124,20.852078670570293,0.15288406879643227,-41.78549141996812,-0.6308629380072951,5.771315757196316,0.04860574388669582,0.06898791293079778
