,Annualized Return,Annualized Vol,Sharpe Ratio,Max Drawdown,Skewness,Kurtosis,Cornish-Fisher VaR (5%),Historic CVaR (5%)
Mean Return,0.5066541503697897,22.768086070622246,-0.2451353593176473,-50.71782755909954,0.7229698198917732,17.09645515421192,0.03586201216201277,0.07443173062333507
