,Annualized Return,Annualized Vol,Sharpe Ratio,Max Drawdown,Skewness,Kurtosis,Cornish-Fisher VaR (5%),Historic CVaR (5%)
Mean Return,2.267172079384383,19.152658630088116,-0.20635373750660424,-50.17498198749455,-0.8145816309690913,6.805466468256196,0.04661818286733743,0.06556405134746722
