,Annualized Return,Annualized Vol,Sharpe Ratio,Max Drawdown,Skewness,Kurtosis,Cornish-Fisher VaR (5%),Historic CVaR (5%)
Mean Return,5.906776249387269,19.49907323651529,-0.029652565639822537,-56.30698155228488,-0.9173652243491217,9.254379367357055,0.04614715761247197,0.06286883236654366
