,Annualized Return,Annualized Vol,Sharpe Ratio,Max Drawdown,Skewness,Kurtosis,Cornish-Fisher VaR (5%),Historic CVaR (5%)
Mean Return,17.885975635308004,18.968791010452133,0.5704420275746942,-53.22266833751541,-0.3753062575235393,5.61201464233591,0.04142001480195695,0.0569912643147548
