,Annualized Return,Annualized Vol,Sharpe Ratio,Max Drawdown,Skewness,Kurtosis,Cornish-Fisher VaR (5%),Historic CVaR (5%)
Mean Return,14.188236788228114,18.47924324382623,0.39018957413632904,-57.36327477958027,-0.7765596474565339,7.257367448437326,0.042383854873721344,0.056724195630790446
