,Annualized Return,Annualized Vol,Sharpe Ratio,Max Drawdown,Skewness,Kurtosis,Cornish-Fisher VaR (5%),Historic CVaR (5%)
Mean Return,8.354415375581103,19.119672202985473,0.09921042488284927,-57.30202050809299,-0.7153424743895586,10.292386244905689,0.043282432309837776,0.05923984723443663
