,Annualized Return,Annualized Vol,Sharpe Ratio,Max Drawdown,Skewness,Kurtosis,Cornish-Fisher VaR (5%),Historic CVaR (5%)
Mean Return,11.959600801413606,19.46858122608023,0.2888894000602963,-52.67679875862987,-1.1070980995682471,10.775757597310388,0.04718635147093111,0.06127385003744986
