,Annualized Return,Annualized Vol,Sharpe Ratio,Max Drawdown,Skewness,Kurtosis,Cornish-Fisher VaR (5%),Historic CVaR (5%)
Mean Return,-8.035377988283376,19.7402420066494,-0.6907520822647425,-63.86673421341186,-0.36546421124403716,5.99049772397249,0.04732758793854382,0.06485961386406433
