,Annualized Return,Annualized Vol,Sharpe Ratio,Max Drawdown,Skewness,Kurtosis,Cornish-Fisher VaR (5%),Historic CVaR (5%)
Mean Return,12.206804423255324,18.658487088585495,0.2882679883209384,-34.00566174665039,-0.1258607486800959,6.663368775408386,0.03895876369426596,0.055620852316478085
