,Annualized Return,Annualized Vol,Sharpe Ratio,Max Drawdown,Skewness,Kurtosis,Cornish-Fisher VaR (5%),Historic CVaR (5%)
Mean Return,7.720105003941602,18.84112470446556,0.06262613863147608,-60.58679210511282,-0.8251786634460125,7.362266186457218,0.044621990160287284,0.06234423465954992
