,Annualized Return,Annualized Vol,Sharpe Ratio,Max Drawdown,Skewness,Kurtosis,Cornish-Fisher VaR (5%),Historic CVaR (5%)
Mean Return,15.447701015654625,18.710416184433402,0.4762432193359851,-38.49063437496946,-0.8263579338820431,10.909944598240369,0.04269461124498426,0.057861156999833296
