,Annualized Return,Annualized Vol,Sharpe Ratio,Max Drawdown,Skewness,Kurtosis,Cornish-Fisher VaR (5%),Historic CVaR (5%)
Mean Return,8.659730779830955,18.00821415010039,0.11079131183065725,-50.57328059239106,-1.049232765339705,7.987930024290513,0.043529615366202465,0.058612579962767544
