,Annualized Return,Annualized Vol,Sharpe Ratio,Max Drawdown,Skewness,Kurtosis,Cornish-Fisher VaR (5%),Historic CVaR (5%)
Mean Return,6.202346163864569,18.149402320205933,-0.013620968965522284,-58.52110832849575,-0.7702414152842831,6.801617157955103,0.0431516370173103,0.06004610432837243
