,Annualized Return,Annualized Vol,Sharpe Ratio,Max Drawdown,Skewness,Kurtosis,Cornish-Fisher VaR (5%),Historic CVaR (5%)
Mean Return,9.335730091112705,19.22871617203814,0.13683689884346142,-58.78658349423026,-1.434252629636495,12.001239344227198,0.04672348105876335,0.06186983978019594
