,Annualized Return,Annualized Vol,Sharpe Ratio,Max Drawdown,Skewness,Kurtosis,Cornish-Fisher VaR (5%),Historic CVaR (5%)
Mean Return,9.32344070963762,20.922581146390495,0.1494038104467147,-34.99462972062673,-0.03364814297099817,11.513623847814475,0.042408267751852725,0.06698456866317418
