,Annualized Return,Annualized Vol,Sharpe Ratio,Max Drawdown,Skewness,Kurtosis,Cornish-Fisher VaR (5%),Historic CVaR (5%)
Mean Return,10.779179565594688,19.71196892183464,0.2246393322386964,-54.82151938526159,-1.0761004170793325,9.226925564852086,0.04820949144548267,0.06405436617802533
