,Annualized Return,Annualized Vol,Sharpe Ratio,Max Drawdown,Skewness,Kurtosis,Cornish-Fisher VaR (5%),Historic CVaR (5%)
Mean Return,24.34513241953029,14.832446124759766,1.1323451669228128,-24.505428710862144,-0.45306384592334115,6.70749477586364,0.030396541749815348,0.044842035836378656
