,Annualized Return,Annualized Vol,Sharpe Ratio,Max Drawdown,Skewness,Kurtosis,Cornish-Fisher VaR (5%),Historic CVaR (5%)
Mean Return,17.410682015977798,20.394629871032915,0.506025403040352,-57.96166020771473,-0.7498808213046246,7.14078513091218,0.04678055809969817,0.06464453314953612
