,Annualized Return,Annualized Vol,Sharpe Ratio,Max Drawdown,Skewness,Kurtosis,Cornish-Fisher VaR (5%),Historic CVaR (5%)
Mean Return,0.1886056298255001,19.262258169434997,-0.3064326773128177,-53.19270169350951,-0.9844370112328591,9.912110589213789,0.04673459856814613,0.0631409867610577
