,Annualized Return,Annualized Vol,Sharpe Ratio,Max Drawdown,Skewness,Kurtosis,Cornish-Fisher VaR (5%),Historic CVaR (5%)
Mean Return,9.645392392166707,21.17691380131484,0.140341974544047,-50.743790106287804,-1.1190838054724448,8.202289644351026,0.051580806030062404,0.070411035293935
