,Annualized Return,Annualized Vol,Sharpe Ratio,Max Drawdown,Skewness,Kurtosis,Cornish-Fisher VaR (5%),Historic CVaR (5%)
Mean Return,5.6247657236745185,20.908666506712613,-0.03783227240365156,-60.43005286845147,-1.2601826667103233,10.842864015046535,0.05106245263193,0.06908013526137258
