,Annualized Return,Annualized Vol,Sharpe Ratio,Max Drawdown,Skewness,Kurtosis,Cornish-Fisher VaR (5%),Historic CVaR (5%)
Mean Return,1.5458517418882378,18.32681347997908,-0.25333022265803173,-54.74842192405487,-0.9286131870840961,8.544440359695026,0.04457053559124909,0.06039753836269318
