,Annualized Return,Annualized Vol,Sharpe Ratio,Max Drawdown,Skewness,Kurtosis,Cornish-Fisher VaR (5%),Historic CVaR (5%)
Mean Return,12.190291153475963,20.09562279616299,0.29070723950099214,-54.446043799501666,-1.469345033679669,14.079472321767433,0.04926517612920422,0.0634896199858674
