,Annualized Return,Annualized Vol,Sharpe Ratio,Max Drawdown,Skewness,Kurtosis,Cornish-Fisher VaR (5%),Historic CVaR (5%)
Mean Return,11.317362883600701,18.457032905721686,0.26723264190096463,-52.702577283489006,-1.0452754475211221,8.954578814446341,0.044880315072880414,0.05850252431826249
