,Annualized Return,Annualized Vol,Sharpe Ratio,Max Drawdown,Skewness,Kurtosis,Cornish-Fisher VaR (5%),Historic CVaR (5%)
Mean Return,11.399071425399665,19.87855846143734,0.23468233158535184,-59.11038469025742,-0.37255248622361253,6.489799928517148,0.044157972427341666,0.06029298140673027
