,Annualized Return,Annualized Vol,Sharpe Ratio,Max Drawdown,Skewness,Kurtosis,Cornish-Fisher VaR (5%),Historic CVaR (5%)
Mean Return,5.5624821698823546,16.849160794216523,-0.046658089154995856,-51.621986996375334,-0.3003264772982238,4.682564886354326,0.03859167344448717,0.05140368634031235
