,Annualized Return,Annualized Vol,Sharpe Ratio,Max Drawdown,Skewness,Kurtosis,Cornish-Fisher VaR (5%),Historic CVaR (5%)
Mean Return,1.5822315678406973,18.004856269785343,-0.25503461061492316,-63.659805186950415,-0.6649376784812716,5.4952525624752235,0.04364414773744248,0.0611589749600636
