,Annualized Return,Annualized Vol,Sharpe Ratio,Max Drawdown,Skewness,Kurtosis,Cornish-Fisher VaR (5%),Historic CVaR (5%)
Mean Return,13.088591532691908,18.014292292111897,0.366738601115952,-50.4067704869471,-0.8746856041857133,8.627401245405247,0.04252091308361077,0.05486006643198488
