,Annualized Return,Annualized Vol,Sharpe Ratio,Max Drawdown,Skewness,Kurtosis,Cornish-Fisher VaR (5%),Historic CVaR (5%)
Mean Return,10.329111431021222,18.410036075157205,0.2172533602320234,-51.673261078166,-1.0373697323983762,9.402691862142856,0.04465594565927357,0.05797578944480132
