,Annualized Return,Annualized Vol,Sharpe Ratio,Max Drawdown,Skewness,Kurtosis,Cornish-Fisher VaR (5%),Historic CVaR (5%)
Mean Return,-4.02202398909054,23.184472285010667,-0.4273161538904266,-80.35588007566707,0.05584819621066732,10.352358539869902,0.04781665636942696,0.07619947855692608
