,Annualized Return,Annualized Vol,Sharpe Ratio,Max Drawdown,Skewness,Kurtosis,Cornish-Fisher VaR (5%),Historic CVaR (5%)
Mean Return,16.787156989603382,14.247814071642786,0.6787105592191689,-28.024747639746284,-1.5327026152442158,15.62200126393194,0.03196787066956068,0.044277119630846844
