,Annualized Return,Annualized Vol,Sharpe Ratio,Max Drawdown,Skewness,Kurtosis,Cornish-Fisher VaR (5%),Historic CVaR (5%)
Mean Return,15.203502422824954,13.701988239755128,0.6006998028882742,-24.416565335965874,-1.0268602261863327,10.019008486837876,0.030764117489896145,0.04420739420144557
