,Annualized Return,Annualized Vol,Sharpe Ratio,Max Drawdown,Skewness,Kurtosis,Cornish-Fisher VaR (5%),Historic CVaR (5%)
Mean Return,15.415449954665238,14.023537102561223,0.6326736498285721,-28.885323890162223,-1.6492286088677517,15.952186054623597,0.03322231458270187,0.046993841450079475
