,Annualized Return,Annualized Vol,Sharpe Ratio,Max Drawdown,Skewness,Kurtosis,Cornish-Fisher VaR (5%),Historic CVaR (5%)
Mean Return,16.249060015668903,13.358731775504285,0.7237797266586262,-27.648923919445245,-1.692056287932241,17.824575626737637,0.03082245568997644,0.04252805564811988
