,Annualized Return,Annualized Vol,Sharpe Ratio,Max Drawdown,Skewness,Kurtosis,Cornish-Fisher VaR (5%),Historic CVaR (5%)
Mean Return,18.875293644006664,14.120530927487215,0.8238696631741605,-23.22268085105557,-0.8278001554007456,10.759987810492829,0.02992822508280512,0.04384400233482832
