,Annualized Return,Annualized Vol,Sharpe Ratio,Max Drawdown,Skewness,Kurtosis,Cornish-Fisher VaR (5%),Historic CVaR (5%)
Mean Return,16.617895080075208,13.965342663882884,0.6934788619955149,-17.93676979686819,-0.0181453059359663,5.907251136098932,0.027855172019075482,0.04160482185485473
