,Annualized Return,Annualized Vol,Sharpe Ratio,Max Drawdown,Skewness,Kurtosis,Cornish-Fisher VaR (5%),Historic CVaR (5%)
Mean Return,19.723283104671395,15.283431372908908,0.8149589356978698,-27.196988240532054,0.015133343736882094,6.166970731495993,0.029682788522121886,0.045911424711591056
