,Annualized Return,Annualized Vol,Sharpe Ratio,Max Drawdown,Skewness,Kurtosis,Cornish-Fisher VaR (5%),Historic CVaR (5%)
Mean Return,18.120069491250824,13.970278427143846,0.781905571948102,-22.674931918508197,-0.7145370904078797,10.669874931670376,0.02917538987260501,0.04314425001747526
