,Annualized Return,Annualized Vol,Sharpe Ratio,Max Drawdown,Skewness,Kurtosis,Cornish-Fisher VaR (5%),Historic CVaR (5%)
Mean Return,17.137298186424776,14.133809692051589,0.7074791786126488,-22.92300214986267,-1.3380536687852471,13.3321262744653,0.03165659983817748,0.044488582957095825
