,Annualized Return,Annualized Vol,Sharpe Ratio,Max Drawdown,Skewness,Kurtosis,Cornish-Fisher VaR (5%),Historic CVaR (5%)
Mean Return,19.771550198304343,14.078504815053277,0.8861853167847774,-25.423269766787843,-0.7884497826608753,12.298804451295167,0.028887900733684444,0.041187676160327494
