,Annualized Return,Annualized Vol,Sharpe Ratio,Max Drawdown,Skewness,Kurtosis,Cornish-Fisher VaR (5%),Historic CVaR (5%)
Mean Return,15.61136698346781,14.873730696872812,0.5758193207029327,-27.026319392061243,-0.798762006438256,10.127308296009172,0.03234109787385111,0.04889641400858734
