,Annualized Return,Annualized Vol,Sharpe Ratio,Max Drawdown,Skewness,Kurtosis,Cornish-Fisher VaR (5%),Historic CVaR (5%)
Mean Return,18.547994289224267,13.867483458149476,0.8179121233439863,-25.4512871605378,-1.1109591883328112,10.735761091692687,0.03074416704779596,0.04362792322635894
