,Annualized Return,Annualized Vol,Sharpe Ratio,Max Drawdown,Skewness,Kurtosis,Cornish-Fisher VaR (5%),Historic CVaR (5%)
Mean Return,16.19935323467501,14.033138014304589,0.6471914335278016,-24.752223072308084,-0.04118209488677155,8.795252588070545,0.02685714921970549,0.03940240849605632
