,Annualized Return,Annualized Vol,Skewness,Kurtosis,Cornish-Fisher VaR (5%),Historic CVaR (5%),Sharpe Ratio,Max Drawdown
Mean Return,0.22220726541754687,0.1332335929139092,-0.3721611358073179,10.180571669361031,0.025772096525536307,0.040624633700608884,1.1167906760500093,-0.2087556105543131
