,Annualized Return,Annualized Vol,Sharpe Ratio,Max Drawdown,Skewness,Kurtosis,Cornish-Fisher VaR (5%),Historic CVaR (5%)
Mean Return,21.784369877951715,12.656870467787481,1.1409682789102278,-22.882942577720776,-0.6058214492406856,8.206591231259166,0.026188525251464954,0.041144242974898014
