,Annualized Return,Annualized Vol,Skewness,Kurtosis,Cornish-Fisher VaR (5%),Historic CVaR (5%),Sharpe Ratio,Max Drawdown
Mean Return,0.20782620504265092,0.1329945433269399,-0.2825781080629895,7.750443628245541,0.026409997317732897,0.038338862340655276,1.017038902927773,-0.1799965655200858
