,Annualized Return,Annualized Vol,Sharpe Ratio,Max Drawdown,Skewness,Kurtosis,Cornish-Fisher VaR (5%),Historic CVaR (5%)
Mean Return,19.602068696876994,13.813311128050282,0.8893357213172027,-25.348167388082217,-0.8728813516071623,12.92174789312273,0.028497639605755205,0.039897917711727085
