,Annualized Return,Annualized Vol,Sharpe Ratio,Max Drawdown,Skewness,Kurtosis,Cornish-Fisher VaR (5%),Historic CVaR (5%)
Mean Return,16.977824358020865,14.189410363548433,0.6941417589531838,-21.357775491827564,-0.4819784719447638,8.319960385075102,0.029603707888457235,0.043050858816392035
