,Annualized Return,Annualized Vol,Sharpe Ratio,Max Drawdown,Skewness,Kurtosis,Cornish-Fisher VaR (5%),Historic CVaR (5%)
Mean Return,19.92627904298714,12.84506006083713,0.9883402027121048,-23.36308480421739,-0.7528117820030119,8.051121054417864,0.027669005029892176,0.04141798101946688
