,Annualized Return,Annualized Vol,Sharpe Ratio,Max Drawdown,Skewness,Kurtosis,Cornish-Fisher VaR (5%),Historic CVaR (5%)
Mean Return,16.721911785849763,12.994631283253122,0.7731019529410195,-24.658145586309363,-0.9156955884340675,8.503522319024304,0.02963071415792901,0.0424029334848283
