,Annualized Return,Annualized Vol,Sharpe Ratio,Max Drawdown,Skewness,Kurtosis,Cornish-Fisher VaR (5%),Historic CVaR (5%)
Mean Return,21.925706162898884,16.87329909010151,0.8604099736134553,-30.595990016543812,-1.2381112985193334,14.12344228360096,0.036641555235720234,0.04931710361555403
