,Annualized Return,Annualized Vol,Sharpe Ratio,Max Drawdown,Skewness,Kurtosis,Cornish-Fisher VaR (5%),Historic CVaR (5%)
Mean Return,20.659944266936357,14.241339693887396,0.9335155140411153,-26.18701464872007,-1.37341807462853,12.580716115307414,0.0318270133482116,0.04385529865408815
