,Annualized Return,Annualized Vol,Sharpe Ratio,Max Drawdown,Skewness,Kurtosis,Cornish-Fisher VaR (5%),Historic CVaR (5%)
Mean Return,15.154181223689056,13.989073217959433,0.5815184354467439,-24.980229355654753,-1.1769473616758466,10.32489957762229,0.03207252005023605,0.04609857840155087
