,Annualized Return,Annualized Vol,Sharpe Ratio,Max Drawdown,Skewness,Kurtosis,Cornish-Fisher VaR (5%),Historic CVaR (5%)
Mean Return,19.296480409205397,14.046956621317996,0.8537847966977913,-24.82759223246522,-1.0443489725682058,13.073756298677162,0.029848803949783974,0.04258748831415253
