,Annualized Return,Annualized Vol,Sharpe Ratio,Max Drawdown,Skewness,Kurtosis,Cornish-Fisher VaR (5%),Historic CVaR (5%)
Mean Return,15.943464675979225,13.306795673397035,0.6671114418612406,-21.35536558253287,-0.8196005918927644,10.214503258906458,0.028668462362539348,0.042124616995101706
