,Annualized Return,Annualized Vol,Sharpe Ratio,Max Drawdown,Skewness,Kurtosis,Cornish-Fisher VaR (5%),Historic CVaR (5%)
Mean Return,16.920165062064683,14.668040447234853,0.6711095485080647,-21.611414765746797,-0.014849105192255888,6.824084288368879,0.028707322394329774,0.042159843756015176
