,Annualized Return,Annualized Vol,Sharpe Ratio,Max Drawdown,Skewness,Kurtosis,Cornish-Fisher VaR (5%),Historic CVaR (5%)
Mean Return,20.782620504265093,13.29945433269399,1.017038902927773,-17.99965655200858,-0.2825781080629895,7.750443628245541,0.026409997317732897,0.038338862340655276
