,Annualized Return,Annualized Vol,Skewness,Kurtosis,Cornish-Fisher VaR (5%),Historic CVaR (5%),Sharpe Ratio,Max Drawdown
Mean Return,0.15609202553961143,0.13742841626168928,-1.0218759947196048,9.995380728603507,0.03162265854814202,0.04651233633066522,0.6534688018429565,-0.25349496917196895
