,Annualized Return,Annualized Vol,Sharpe Ratio,Max Drawdown,Skewness,Kurtosis,Cornish-Fisher VaR (5%),Historic CVaR (5%)
Mean Return,20.768843359652678,14.747477318401472,0.9070608231627663,-24.59849630101,-0.5936528296760359,11.427474006878612,0.029606765018061594,0.043094971555042424
