,Annualized Return,Annualized Vol,Sharpe Ratio,Max Drawdown,Skewness,Kurtosis,Cornish-Fisher VaR (5%),Historic CVaR (5%)
Mean Return,15.12148820795578,16.095496170960335,0.5071473833305445,-29.20122397585424,-0.9383308000503868,7.7181159279690945,0.03714192019112667,0.0546464399435881
