,Annualized Return,Annualized Vol,Sharpe Ratio,Max Drawdown,Skewness,Kurtosis,Cornish-Fisher VaR (5%),Historic CVaR (5%)
Mean Return,16.702026841072737,12.108546286949638,0.7920457894344545,-18.56346108871083,-0.6952321735668816,6.735071981962179,0.026364668940812318,0.03789494891684027
