,Annualized Return,Annualized Vol,Sharpe Ratio,Max Drawdown,Skewness,Kurtosis,Cornish-Fisher VaR (5%),Historic CVaR (5%)
Mean Return,17.6240678792283,14.395590154179441,0.7287358415102869,-24.600623396986602,-0.8340224749093543,9.338686240356104,0.031370244341543015,0.04603922888707057
