,Annualized Return,Annualized Vol,Sharpe Ratio,Max Drawdown,Skewness,Kurtosis,Cornish-Fisher VaR (5%),Historic CVaR (5%)
Mean Return,19.11871979369306,13.13782374967936,0.9029297285239296,-22.695425213721535,-1.0572976807537113,10.52855523966796,0.02870962154089836,0.041727225538819274
