,Annualized Return,Annualized Vol,Sharpe Ratio,Max Drawdown,Skewness,Kurtosis,Cornish-Fisher VaR (5%),Historic CVaR (5%)
Mean Return,21.625588548705664,12.809338299417316,1.1157234274050107,-21.88342764634706,-0.365489461450818,8.867550564681,0.025189929598474638,0.04080712943594941
