,Annualized Return,Annualized Vol,Sharpe Ratio,Max Drawdown,Skewness,Kurtosis,Cornish-Fisher VaR (5%),Historic CVaR (5%)
Mean Return,15.95527005021955,14.30248406130337,0.6191807739079419,-38.10455645865537,-1.883522525305533,17.348747695683272,0.033097299528412075,0.04659117925224552
