,Annualized Return,Annualized Vol,Sharpe Ratio,Max Drawdown,Skewness,Kurtosis,Cornish-Fisher VaR (5%),Historic CVaR (5%)
Mean Return,16.459616066635597,13.773260540716795,0.679745597490739,-26.31990419016395,-0.7567188800358148,9.945472724460283,0.029479873555435583,0.04229324174576078
