,Annualized Return,Annualized Vol,Sharpe Ratio,Max Drawdown,Skewness,Kurtosis,Cornish-Fisher VaR (5%),Historic CVaR (5%)
Mean Return,11.11358444576891,16.27127947575831,0.26559269370011485,-36.433556825014435,-1.2899420364185463,10.062950972080351,0.03913947944288373,0.052940642767995316
