,Annualized Return,Annualized Vol,Sharpe Ratio,Max Drawdown,Skewness,Kurtosis,Cornish-Fisher VaR (5%),Historic CVaR (5%)
Mean Return,20.549125697364133,12.74310377293466,1.0462935398479443,-22.044529404370376,-0.89662514482069,8.760253441240462,0.02770138721983299,0.04001891151389147
