,Annualized Return,Annualized Vol,Sharpe Ratio,Max Drawdown,Skewness,Kurtosis,Cornish-Fisher VaR (5%),Historic CVaR (5%)
Mean Return,13.43276290925155,14.843322578781038,0.4415011527292131,-23.986942886078495,-0.6656202365184489,9.270844915434498,0.03227432784814053,0.047110219471891694
