,Annualized Return,Annualized Vol,Sharpe Ratio,Max Drawdown,Skewness,Kurtosis,Cornish-Fisher VaR (5%),Historic CVaR (5%)
Mean Return,15.39921686065564,14.217966419430825,0.5893959512572023,-29.100236768315945,-1.5383351389747504,16.11748893902381,0.03195715590231978,0.04313524382878908
