,Annualized Return,Annualized Vol,Sharpe Ratio,Max Drawdown,Skewness,Kurtosis,Cornish-Fisher VaR (5%),Historic CVaR (5%)
Mean Return,14.774767650543152,14.517468755836108,0.5337626108154206,-39.448787449203316,-1.8772189646355741,17.458477131035146,0.0337615330521777,0.04661726722520196
