,Annualized Return,Annualized Vol,Sharpe Ratio,Max Drawdown,Skewness,Kurtosis,Cornish-Fisher VaR (5%),Historic CVaR (5%)
Mean Return,19.667469588002785,13.210759202228173,0.942035456665326,-24.190512922928907,-1.081044156124561,8.539747616443655,0.029934094674996543,0.04446255975545678
