,Annualized Return,Annualized Vol,Sharpe Ratio,Max Drawdown,Skewness,Kurtosis,Cornish-Fisher VaR (5%),Historic CVaR (5%)
Mean Return,15.508164931282153,13.552056724125084,0.6259266280114067,-27.37748286803977,-1.3779624671479171,14.304360768786436,0.030318213625774606,0.042253686178639
