,Annualized Return,Annualized Vol,Sharpe Ratio,Max Drawdown,Skewness,Kurtosis,Cornish-Fisher VaR (5%),Historic CVaR (5%)
Mean Return,22.7428186988746,12.841704244250366,1.18910459287282,-20.005848167573216,-0.034769415000575135,7.5483422446946316,0.02369028183515553,0.0363978224411054
