,Annualized Return,Annualized Vol,Skewness,Kurtosis,Cornish-Fisher VaR (5%),Historic CVaR (5%),Sharpe Ratio,Max Drawdown
Mean Return,0.14399993945294298,0.13438817813788406,-0.9572656713707604,8.860569949398625,0.031208311512753096,0.04465765513841814,0.5836508263464347,-0.2371598432731372
