,Annualized Return,Annualized Vol,Sharpe Ratio,Max Drawdown,Skewness,Kurtosis,Cornish-Fisher VaR (5%),Historic CVaR (5%)
Mean Return,18.02049869717863,13.918608476633676,0.7817234997473553,-20.840824468302817,-0.3370205677577339,8.092742944730476,0.028133146506362727,0.03996842791462509
