,Annualized Return,Annualized Vol,Sharpe Ratio,Max Drawdown,Skewness,Kurtosis,Cornish-Fisher VaR (5%),Historic CVaR (5%)
Mean Return,16.90798739004982,13.791100492853058,0.7405040804403967,-27.83146589771527,-1.11010215299197,11.015260131164752,0.03153430005859266,0.04383987220453242
