,Annualized Return,Annualized Vol,Sharpe Ratio,Max Drawdown,Skewness,Kurtosis,Cornish-Fisher VaR (5%),Historic CVaR (5%)
Mean Return,18.831459321105214,15.58060582267914,0.7461781316513535,-27.85370158592344,-0.320199209682843,8.27111480245973,0.03155024210548024,0.04695957910411167
