,Annualized Return,Annualized Vol,Sharpe Ratio,Max Drawdown,Skewness,Kurtosis,Cornish-Fisher VaR (5%),Historic CVaR (5%)
Mean Return,19.266352824248646,13.91329696684855,0.8625694911165678,-26.64408937122163,-1.1404342083870653,13.405181848256213,0.029844437570367185,0.04346950921600892
