,Annualized Return,Annualized Vol,Sharpe Ratio,Max Drawdown,Skewness,Kurtosis,Cornish-Fisher VaR (5%),Historic CVaR (5%)
Mean Return,18.3373783931698,13.530025912662827,0.829701682474024,-26.926269037204975,-0.33696682252676896,5.984816604212787,0.02829004923319345,0.04295644323752475
