,Annualized Return,Annualized Vol,Sharpe Ratio,Max Drawdown,Skewness,Kurtosis,Cornish-Fisher VaR (5%),Historic CVaR (5%)
Mean Return,16.905903235066,13.418057873736705,0.7278080553022731,-24.005162588185286,-0.5680490559422141,9.064941298157107,0.02800952176009987,0.04165318423321678
