,Annualized Return,Annualized Vol,Sharpe Ratio,Max Drawdown,Skewness,Kurtosis,Cornish-Fisher VaR (5%),Historic CVaR (5%)
Mean Return,17.647172084768115,14.28781636355355,0.735755109393743,-24.296726703276892,-0.8111305004375817,9.373230284076616,0.030981059548032357,0.04558026036743446
