,Annualized Return,Annualized Vol,Sharpe Ratio,Max Drawdown,Skewness,Kurtosis,Cornish-Fisher VaR (5%),Historic CVaR (5%)
Mean Return,16.656160148960232,13.561255741588438,0.7076935626192471,-23.176952615268366,-0.7821779872735285,9.42327868506199,0.029254558318688128,0.04266188341466938
