,Annualized Return,Annualized Vol,Sharpe Ratio,Max Drawdown,Skewness,Kurtosis,Cornish-Fisher VaR (5%),Historic CVaR (5%)
Mean Return,16.61762924564392,13.287353954618867,0.724679334917002,-25.973786405655424,-0.36285551134064586,5.497364952913082,0.028319863773862475,0.042915361898479706
