,Annualized Return,Annualized Vol,Sharpe Ratio,Max Drawdown,Skewness,Kurtosis,Cornish-Fisher VaR (5%),Historic CVaR (5%)
Mean Return,18.922992874184708,13.510434782068707,0.8618820117694193,-28.760079586740073,-1.513498695577354,13.931822790280084,0.030397082243219294,0.04352181413245193
