,Annualized Return,Annualized Vol,Sharpe Ratio,Max Drawdown,Skewness,Kurtosis,Cornish-Fisher VaR (5%),Historic CVaR (5%)
Mean Return,20.587322002746223,13.118625533503053,1.0095079513609881,-22.22412201666832,-0.9998016863410852,10.181249961490344,0.028300397198171984,0.04040038745410267
