,Annualized Return,Annualized Vol,Sharpe Ratio,Max Drawdown,Skewness,Kurtosis,Cornish-Fisher VaR (5%),Historic CVaR (5%)
Mean Return,21.335381297699453,13.018033465596396,1.0765229032720183,-22.026204935530693,-0.4849982730158218,9.651606781326235,0.026006327123881248,0.04197287832415522
