,Annualized Return,Annualized Vol,Skewness,Kurtosis,Cornish-Fisher VaR (5%),Historic CVaR (5%),Sharpe Ratio,Max Drawdown
Mean Return,0.13972075471116785,0.1342436621419982,-1.5317685827842764,15.296734013405906,0.0316903669714986,0.04470494851924019,0.5598392392569052,-0.2628759165499252
