,Annualized Return,Annualized Vol,Sharpe Ratio,Max Drawdown,Skewness,Kurtosis,Cornish-Fisher VaR (5%),Historic CVaR (5%)
Mean Return,17.844151921670036,13.768330959193264,0.771833579476072,-24.838817850347635,-0.17078364930183615,11.743969150671603,0.025586727713098736,0.041407056618127075
