,Annualized Return,Annualized Vol,Sharpe Ratio,Max Drawdown,Skewness,Kurtosis,Cornish-Fisher VaR (5%),Historic CVaR (5%)
Mean Return,23.534036978190166,14.516412462953603,1.1120096155623063,-25.634165821218385,0.22657528449265368,8.221122461464542,0.02558698298441103,0.039823977436023894
