,Annualized Return,Annualized Vol,Sharpe Ratio,Max Drawdown,Skewness,Kurtosis,Cornish-Fisher VaR (5%),Historic CVaR (5%)
Mean Return,15.794886771572925,13.995075934398733,0.6243102749660688,-25.94003711266032,-1.4964936939715197,14.882538140575386,0.0316440857373425,0.04418387732786387
