,Annualized Return,Annualized Vol,Sharpe Ratio,Max Drawdown,Skewness,Kurtosis,Cornish-Fisher VaR (5%),Historic CVaR (5%)
Mean Return,17.706184295014737,13.73242941687369,0.767112214864087,-29.012884415301947,-1.5766622005118476,14.646116473552516,0.03112649978803491,0.04353349415534805
