,Annualized Return,Annualized Vol,Sharpe Ratio,Max Drawdown,Skewness,Kurtosis,Cornish-Fisher VaR (5%),Historic CVaR (5%)
Mean Return,19.032994974202232,13.324399213462474,0.8818296229482095,-27.8282917403698,-1.283602816956277,13.407587094374296,0.029131436741072127,0.041679019730080646
