,Annualized Return,Annualized Vol,Skewness,Kurtosis,Cornish-Fisher VaR (5%),Historic CVaR (5%),Sharpe Ratio,Max Drawdown
Mean Return,0.21703414744288296,0.13142889819488818,-0.39589929217404524,9.46022068881209,0.02584010887545788,0.03950930496784355,1.0950872581648323,-0.21002509979137524
