,Annualized Return,Annualized Vol,Skewness,Kurtosis,Cornish-Fisher VaR (5%),Historic CVaR (5%),Sharpe Ratio,Max Drawdown
Mean Return,0.17190860641609707,0.14133809692051588,-1.3380536687852471,13.3321262744653,0.03165659983817748,0.044488582957095825,0.7096231951944403,-0.2292300214986267
