,Annualized Return,Annualized Vol,Sharpe Ratio,Max Drawdown,Skewness,Kurtosis,Cornish-Fisher VaR (5%),Historic CVaR (5%)
Mean Return,18.149769590769637,13.437280985054748,0.8127060332100382,-27.8282917403698,-1.2195688612025992,12.683194072752038,0.029538188104135155,0.042340923749384536
