,Annualized Return,Annualized Vol,Sharpe Ratio,Max Drawdown,Skewness,Kurtosis,Cornish-Fisher VaR (5%),Historic CVaR (5%)
Mean Return,15.589939844684618,13.6040390773423,0.6291861159549128,-27.537913187930545,-1.5248884612046023,14.84185742634879,0.030862127660082228,0.042528279266143304
