,Annualized Return,Annualized Vol,Sharpe Ratio,Max Drawdown,Skewness,Kurtosis,Cornish-Fisher VaR (5%),Historic CVaR (5%)
Mean Return,19.98136110464428,13.424493490737785,0.9416559339814312,-25.105825634907596,-1.1762776665038175,14.651916370607083,0.02827976692146025,0.0399669427210783
