,Annualized Return,Annualized Vol,Sharpe Ratio,Max Drawdown,Skewness,Kurtosis,Cornish-Fisher VaR (5%),Historic CVaR (5%)
Mean Return,17.313706510096427,14.009801101321507,0.7269492362467245,-24.24177394053966,-0.9816328955734142,11.546786668127002,0.03035398058516628,0.04468384588181052
