,Annualized Return,Annualized Vol,Sharpe Ratio,Max Drawdown,Skewness,Kurtosis,Cornish-Fisher VaR (5%),Historic CVaR (5%)
Mean Return,18.49504616037645,13.591355999643906,0.8296486003833021,-27.803971874176654,-1.2469896130344194,12.842313527060448,0.029898668271500933,0.04270057993037991
