,Annualized Return,Annualized Vol,Sharpe Ratio,Max Drawdown,Skewness,Kurtosis,Cornish-Fisher VaR (5%),Historic CVaR (5%)
Mean Return,19.365118128308033,13.870152456507823,0.8745781399063859,-20.332766940366902,-0.28495244243638657,8.170768191809618,0.02750654830276912,0.039450120597714106
