,Annualized Return,Annualized Vol,Sharpe Ratio,Max Drawdown,Skewness,Kurtosis,Cornish-Fisher VaR (5%),Historic CVaR (5%)
Mean Return,17.14672557055932,13.244561788978743,0.7543980101287763,-26.45518512652923,-0.853451595763841,10.137669002742312,0.028521023296597656,0.04070012979145704
