,Annualized Return,Annualized Vol,Sharpe Ratio,Max Drawdown,Skewness,Kurtosis,Cornish-Fisher VaR (5%),Historic CVaR (5%)
Mean Return,16.77888391880227,13.2817474014597,0.7293105101216092,-19.321804636762916,-0.45589949500871585,9.227500915098188,0.027101863958349993,0.039537325569149406
