,Annualized Return,Annualized Vol,Sharpe Ratio,Max Drawdown,Skewness,Kurtosis,Cornish-Fisher VaR (5%),Historic CVaR (5%)
Mean Return,14.500290928581094,15.948787530732353,0.5026387161717946,-36.031723236842645,-1.5763858899105965,19.251021306905187,0.03642090762755123,0.04919461414975894
