,Annualized Return,Annualized Vol,Sharpe Ratio,Max Drawdown,Skewness,Kurtosis,Cornish-Fisher VaR (5%),Historic CVaR (5%)
Mean Return,23.589758792606965,13.297608698789801,1.2082165058964607,-20.86798022862076,0.05371080575237064,9.398914117522665,0.023381538249998952,0.0384875598300238
