,Annualized Return,Annualized Vol,Sharpe Ratio,Max Drawdown,Skewness,Kurtosis,Cornish-Fisher VaR (5%),Historic CVaR (5%)
Mean Return,16.636297071755468,13.41959078475618,0.7136634924937648,-20.840485370389953,-0.36931290984610987,7.529802769879253,0.027629456297978246,0.04017110209602357
