,Annualized Return,Annualized Vol,Sharpe Ratio,Max Drawdown,Skewness,Kurtosis,Cornish-Fisher VaR (5%),Historic CVaR (5%)
Mean Return,12.754877889393622,15.932252033764405,0.36808750167546256,-32.16558691469528,-1.1465022362533734,9.036118536565173,0.03770819214037769,0.052192366766874186
