,Annualized Return,Annualized Vol,Sharpe Ratio,Max Drawdown,Skewness,Kurtosis,Cornish-Fisher VaR (5%),Historic CVaR (5%)
Mean Return,15.848149881331564,14.310082469534043,0.6120053469875116,-33.5989315133774,-1.3905737959976385,14.259816005463756,0.03219673999192435,0.044619926314667845
