,Annualized Return,Annualized Vol,Sharpe Ratio,Max Drawdown,Skewness,Kurtosis,Cornish-Fisher VaR (5%),Historic CVaR (5%)
Mean Return,17.206283608475715,15.534833156200337,0.6486055316037291,-30.460682003304683,-1.1483370265576878,13.51299602448542,0.03403190259925382,0.04568982491662162
