,Annualized Return,Annualized Vol,Sharpe Ratio,Max Drawdown,Skewness,Kurtosis,Cornish-Fisher VaR (5%),Historic CVaR (5%)
Mean Return,18.821303837976355,13.981478113970274,0.8308554772598613,-25.167069511812134,-0.6088734490277162,7.055767570262297,0.02995857172605336,0.044634500519829264
