,Annualized Return,Annualized Vol,Sharpe Ratio,Max Drawdown,Skewness,Kurtosis,Cornish-Fisher VaR (5%),Historic CVaR (5%)
Mean Return,19.396096343532232,14.177628441549084,0.8550878855014332,-26.73360530258305,-1.1853946427460915,13.593846867040329,0.030588731352906188,0.044492037592647624
