,Annualized Return,Annualized Vol,Sharpe Ratio,Max Drawdown,Skewness,Kurtosis,Cornish-Fisher VaR (5%),Historic CVaR (5%)
Mean Return,19.454054703639343,13.97454117754173,0.8688083328695684,-24.44965672691569,-1.0628723498533772,13.753315469909033,0.029475380497271515,0.04238204249490576
