,Annualized Return,Annualized Vol,Sharpe Ratio,Max Drawdown,Skewness,Kurtosis,Cornish-Fisher VaR (5%),Historic CVaR (5%)
Mean Return,19.533466899992735,12.87193600412771,0.9518805407408103,-22.494580139034692,-0.7253453366707128,7.325636316944105,0.02766878813076977,0.04161910038741755
