,Annualized Return,Annualized Vol,Sharpe Ratio,Max Drawdown,Skewness,Kurtosis,Cornish-Fisher VaR (5%),Historic CVaR (5%)
Mean Return,18.142939954346062,15.505792398472396,0.7080189591008047,-23.787337770828362,0.12790522984427385,6.98563449974162,0.029354294229028008,0.04556937229241698
