,Annualized Return,Annualized Vol,Sharpe Ratio,Max Drawdown,Skewness,Kurtosis,Cornish-Fisher VaR (5%),Historic CVaR (5%)
Mean Return,13.85736388990999,16.925065820239148,0.40857295824137113,-31.663870505261897,0.04746253082692517,7.218854237146724,0.03346695747791574,0.0525195441629148
