,Annualized Return,Annualized Vol,Sharpe Ratio,Max Drawdown,Skewness,Kurtosis,Cornish-Fisher VaR (5%),Historic CVaR (5%)
Mean Return,18.50327412363808,13.658187856046805,0.8288054341666902,-21.626244713135055,-0.48101771855832176,8.998407288026204,0.02786160296463416,0.03989287848943367
