,Annualized Return,Annualized Vol,Sharpe Ratio,Max Drawdown,Skewness,Kurtosis,Cornish-Fisher VaR (5%),Historic CVaR (5%)
Mean Return,15.404040902198268,13.185075321251558,0.6727809276956769,-26.66164980815547,-1.599404857031686,17.13917013597139,0.030406835378392543,0.04235022440499765
