,Annualized Return,Annualized Vol,Sharpe Ratio,Max Drawdown,Skewness,Kurtosis,Cornish-Fisher VaR (5%),Historic CVaR (5%)
Mean Return,17.619737482908903,13.128644565117165,0.8044493435111201,-26.5085296325281,-0.4243292729813061,5.989806315444294,0.02790521858814818,0.041472256580043214
