,Annualized Return,Annualized Vol,Sharpe Ratio,Max Drawdown,Skewness,Kurtosis,Cornish-Fisher VaR (5%),Historic CVaR (5%)
Mean Return,20.607594555805054,13.670674923755266,0.9690081927344064,-27.484262162531802,-0.7001363479633882,9.110703652531829,0.028626075895220447,0.04147430864362336
