,Annualized Return,Annualized Vol,Sharpe Ratio,Max Drawdown,Skewness,Kurtosis,Cornish-Fisher VaR (5%),Historic CVaR (5%)
Mean Return,12.855032495632045,14.477609154159435,0.4135807006329666,-30.064375974102454,-1.665734481667865,17.713618129204928,0.03294419889386031,0.043656897751157386
