,Annualized Return,Annualized Vol,Sharpe Ratio,Max Drawdown,Skewness,Kurtosis,Cornish-Fisher VaR (5%),Historic CVaR (5%)
Mean Return,20.087808720291854,13.07230789226293,0.977158448358103,-23.547392420848713,-0.7347306608470788,7.582728610447493,0.02801085780166343,0.042613670841188105
