,Annualized Return,Annualized Vol,Sharpe Ratio,Max Drawdown,Skewness,Kurtosis,Cornish-Fisher VaR (5%),Historic CVaR (5%)
Mean Return,19.744695840299762,15.772932548097351,0.7901440751489522,-25.470482439168695,-0.09626729859213057,6.867226214845445,0.031119609552559758,0.04757792800636728
