,Annualized Return,Annualized Vol,Sharpe Ratio,Max Drawdown,Skewness,Kurtosis,Cornish-Fisher VaR (5%),Historic CVaR (5%)
Mean Return,19.92144181603073,13.81137659228947,0.9108821112566913,-26.35308903517542,-1.1111569948924809,12.385035862815272,0.02977168237842589,0.04325520332833018
