,Annualized Return,Annualized Vol,Sharpe Ratio,Max Drawdown,Skewness,Kurtosis,Cornish-Fisher VaR (5%),Historic CVaR (5%)
Mean Return,20.153880687127135,14.20596850152791,0.9035367532598952,-28.252031605336864,-0.8554869381488914,11.072056160373283,0.02994017615856829,0.04218159283592623
