,Annualized Return,Annualized Vol,Sharpe Ratio,Max Drawdown,Skewness,Kurtosis,Cornish-Fisher VaR (5%),Historic CVaR (5%)
Mean Return,18.787861144851338,13.691213238182165,0.8426029513132927,-28.0595851280151,-0.9243920172222654,9.79119145053922,0.029785156726227512,0.04236703230921438
