,Annualized Return,Annualized Vol,Sharpe Ratio,Max Drawdown,Skewness,Kurtosis,Cornish-Fisher VaR (5%),Historic CVaR (5%)
Mean Return,19.438562906253875,13.522275190157215,0.8969652805754842,-24.424964405775277,-1.1579182749708006,13.93523735116599,0.028783969994161735,0.041265851494541525
