,Annualized Return,Annualized Vol,Sharpe Ratio,Max Drawdown,Skewness,Kurtosis,Cornish-Fisher VaR (5%),Historic CVaR (5%)
Mean Return,18.797751585481027,15.131395031486672,0.7652815447819111,-23.042477336087426,-0.2538726008129406,5.585185899026253,0.03131362309384389,0.04602503652819648
