,Annualized Return,Annualized Vol,Sharpe Ratio,Max Drawdown,Skewness,Kurtosis,Cornish-Fisher VaR (5%),Historic CVaR (5%)
Mean Return,14.802951737267222,13.446044130746165,0.5804539511289502,-23.712691897962603,-0.4246554710241335,10.069255288390217,0.027324113031423916,0.041105651221789656
