,Annualized Return,Annualized Vol,Skewness,Kurtosis,Cornish-Fisher VaR (5%),Historic CVaR (5%),Sharpe Ratio,Max Drawdown
Mean Return,0.14451375676237332,0.13406956279573115,-0.9829810444120777,9.470442541927895,0.031007739733252625,0.0450616815493212,0.5883383508178809,-0.24274716740521415
