,Annualized Return,Annualized Vol,Sharpe Ratio,Max Drawdown,Skewness,Kurtosis,Cornish-Fisher VaR (5%),Historic CVaR (5%)
Mean Return,19.448460453509387,13.73354556130446,0.8863293951022331,-26.35308903517542,-1.0854851377095958,12.268433508643891,0.02957114486360503,0.04245933485116644
