,Annualized Return,Annualized Vol,Sharpe Ratio,Max Drawdown,Skewness,Kurtosis,Cornish-Fisher VaR (5%),Historic CVaR (5%)
Mean Return,20.324380755385697,13.976811149431716,0.9324535079711201,-20.355541213859066,-0.3572359497286564,8.065534346144137,0.028009542766004557,0.04017904571649429
