,Annualized Return,Annualized Vol,Sharpe Ratio,Max Drawdown,Skewness,Kurtosis,Cornish-Fisher VaR (5%),Historic CVaR (5%)
Mean Return,16.363974172321893,14.397333793130922,0.6453467825087542,-21.57414026416088,-0.3255581512779404,9.325280113473571,0.028929154343373818,0.04238010097030511
