,Annualized Return,Annualized Vol,Skewness,Kurtosis,Cornish-Fisher VaR (5%),Historic CVaR (5%),Sharpe Ratio,Max Drawdown
Mean Return,0.14566442409954683,0.13446034030423643,-1.4964936939715197,14.882538140575386,0.0316440857373425,0.04418387732786387,0.600687197817518,-0.2594003711266032
