,Annualized Return,Annualized Vol,Sharpe Ratio,Max Drawdown,Skewness,Kurtosis,Cornish-Fisher VaR (5%),Historic CVaR (5%)
Mean Return,19.45150131754776,13.661664088585251,0.8912025924901917,-26.9159041659848,-1.3097947774494918,12.896335826782817,0.03017416367493066,0.04264752376772346
