,Annualized Return,Annualized Vol,Sharpe Ratio,Max Drawdown,Skewness,Kurtosis,Cornish-Fisher VaR (5%),Historic CVaR (5%)
Mean Return,18.71817286061319,13.217209922934828,0.8662719855794293,-24.342597031208246,-0.45764422820097483,10.37769935214928,0.02623735997860853,0.039821955026558255
