,Annualized Return,Annualized Vol,Sharpe Ratio,Max Drawdown,Skewness,Kurtosis,Cornish-Fisher VaR (5%),Historic CVaR (5%)
Mean Return,16.341638258294154,14.493168086491629,0.6360887767859177,-37.2601516421843,-1.7426001935177926,16.760579466024428,0.033136946150772714,0.04703535072402951
