,Annualized Return,Annualized Vol,Sharpe Ratio,Max Drawdown,Skewness,Kurtosis,Cornish-Fisher VaR (5%),Historic CVaR (5%)
Mean Return,17.792919324364178,13.371988694064937,0.8065671723675555,-17.85469958355197,0.1218938677718044,6.568792591760116,0.02535376068512,0.037481779086165956
