,Annualized Return,Annualized Vol,Sharpe Ratio,Max Drawdown,Skewness,Kurtosis,Cornish-Fisher VaR (5%),Historic CVaR (5%)
Mean Return,13.445778715608746,15.367124081812305,0.4575026437216583,-36.03088719924524,-1.314489553951409,16.71860520437025,0.03500058981068609,0.047597752018776494
