,Annualized Return,Annualized Vol,Sharpe Ratio,Max Drawdown,Skewness,Kurtosis,Cornish-Fisher VaR (5%),Historic CVaR (5%)
Mean Return,17.338275559972004,14.035371090309809,0.7343749243989668,-23.572312196037917,-0.08667286606626798,5.489722642182407,0.028460733849554963,0.04259451758533805
