,Annualized Return,Annualized Vol,Sharpe Ratio,Max Drawdown,Skewness,Kurtosis,Cornish-Fisher VaR (5%),Historic CVaR (5%)
Mean Return,19.587985985582602,13.49845304584337,0.9127292702737284,-21.937748245422554,-0.7094109444814342,9.57587035707207,0.028235767784485714,0.04161843826386085
