,Annualized Return,Annualized Vol,Sharpe Ratio,Max Drawdown,Skewness,Kurtosis,Cornish-Fisher VaR (5%),Historic CVaR (5%)
Mean Return,19.928779533912877,14.820538846766432,0.8506488290045898,-19.91654450531398,-0.37573383952893724,8.955647989285186,0.029732587027539708,0.03977816767095261
