,Annualized Return,Annualized Vol,Sharpe Ratio,Max Drawdown,Skewness,Kurtosis,Cornish-Fisher VaR (5%),Historic CVaR (5%)
Mean Return,12.908881071586787,16.608216966200906,0.37307424610112117,-24.586813444885188,-0.5698609197194462,7.346546617307312,0.03712283859322091,0.055335436704911076
