,Annualized Return,Annualized Vol,Sharpe Ratio,Max Drawdown,Skewness,Kurtosis,Cornish-Fisher VaR (5%),Historic CVaR (5%)
Mean Return,17.9014373296434,14.864548984002997,0.7210220064175015,-26.18701464872007,-1.4851129751314114,11.449578985676734,0.03480974563712777,0.050150592805173345
