,Annualized Return,Annualized Vol,Sharpe Ratio,Max Drawdown,Skewness,Kurtosis,Cornish-Fisher VaR (5%),Historic CVaR (5%)
Mean Return,19.00887071968047,13.910683814082192,0.8441048448996622,-29.361319037839205,-1.1477041623955455,11.041761840645492,0.030842047709079733,0.044364755167807295
