,Annualized Return,Annualized Vol,Sharpe Ratio,Max Drawdown,Skewness,Kurtosis,Cornish-Fisher VaR (5%),Historic CVaR (5%)
Mean Return,16.77454624017225,15.516675991950068,0.6495719695429393,-32.16448430309735,-1.2026731782154463,10.198096293376913,0.036742359908170756,0.05198633878608159
