,Annualized Return,Annualized Vol,Sharpe Ratio,Max Drawdown,Skewness,Kurtosis,Cornish-Fisher VaR (5%),Historic CVaR (5%)
Mean Return,15.440864363501428,13.654845299435081,0.6522867112411842,-27.648923919445245,-1.5082475367292698,15.712693093815645,0.031746087903575776,0.04398686642669728
