,Annualized Return,Annualized Vol,Sharpe Ratio,Max Drawdown,Skewness,Kurtosis,Cornish-Fisher VaR (5%),Historic CVaR (5%)
Mean Return,17.701952585598633,14.334543318546238,0.7369495295659799,-25.461713316363067,-1.0685187249939454,10.453836051036767,0.03192151428186277,0.046562876919235774
