,Annualized Return,Annualized Vol,Sharpe Ratio,Max Drawdown,Skewness,Kurtosis,Cornish-Fisher VaR (5%),Historic CVaR (5%)
Mean Return,14.218840517233854,14.896115984164847,0.4870636213088385,-24.600623396986602,-0.787131604198455,9.163325927554382,0.032965907736479894,0.04774859909415422
