,Annualized Return,Annualized Vol,Sharpe Ratio,Max Drawdown,Skewness,Kurtosis,Cornish-Fisher VaR (5%),Historic CVaR (5%)
Mean Return,20.04001975519609,12.913462376317103,0.9857008265836223,-23.55892760883362,-0.7965237917491893,7.745987602477716,0.027860630356036593,0.041179079099892525
