,Annualized Return,Annualized Vol,Sharpe Ratio,Max Drawdown,Skewness,Kurtosis,Cornish-Fisher VaR (5%),Historic CVaR (5%)
Mean Return,17.12246131831958,13.068069579811231,0.7614487419279401,-29.105321640831246,-1.288566479151484,12.881556599563472,0.029045055702291964,0.04017750052577496
