,Annualized Return,Annualized Vol,Sharpe Ratio,Max Drawdown,Skewness,Kurtosis,Cornish-Fisher VaR (5%),Historic CVaR (5%)
Mean Return,18.696592241036413,13.905943186805661,0.8245021784349994,-26.08603348641693,-1.3434084497570222,14.128127460878249,0.030565313700368538,0.04262704697633729
