,Annualized Return,Annualized Vol,Sharpe Ratio,Max Drawdown,Skewness,Kurtosis,Cornish-Fisher VaR (5%),Historic CVaR (5%)
Mean Return,17.71972062029896,13.648639686720564,0.7700352641392907,-23.01654837973657,-0.10828781705133102,9.602724931430956,0.0258461948067515,0.040009152135222534
