,Annualized Return,Annualized Vol,Sharpe Ratio,Max Drawdown,Skewness,Kurtosis,Cornish-Fisher VaR (5%),Historic CVaR (5%)
Mean Return,18.109590696217715,14.014777232302295,0.7787171186507351,-23.779527502876963,-1.5200562396897308,13.692514138905976,0.03188435326880144,0.043806014670954685
