,Annualized Return,Annualized Vol,Sharpe Ratio,Max Drawdown,Skewness,Kurtosis,Cornish-Fisher VaR (5%),Historic CVaR (5%)
Mean Return,18.89230322970057,16.061532311244093,0.7271564722159091,-25.345480408125304,-0.3496999650541805,7.062479090101411,0.033337407173834155,0.050815563677717605
