,Annualized Return,Annualized Vol,Sharpe Ratio,Max Drawdown,Skewness,Kurtosis,Cornish-Fisher VaR (5%),Historic CVaR (5%)
Mean Return,19.43573090555506,14.119362801463023,0.8590461523193578,-28.673212294146534,-0.8729714189058609,11.20638184009108,0.029905749325154614,0.0424467525928079
