,Annualized Return,Annualized Vol,Sharpe Ratio,Max Drawdown,Skewness,Kurtosis,Cornish-Fisher VaR (5%),Historic CVaR (5%)
Mean Return,22.56785682082867,14.98319508471907,1.0069720180985995,-28.212723639973262,-0.35898428264822696,8.959982140230572,0.029579389406731445,0.04305848273063301
