,Annualized Return,Annualized Vol,Sharpe Ratio,Max Drawdown,Skewness,Kurtosis,Cornish-Fisher VaR (5%),Historic CVaR (5%)
Mean Return,17.147266554154818,13.014495274544066,0.8020561395542813,-24.24753732746691,-1.259395352173036,10.049346175510657,0.030572853205237772,0.04356122440238401
