,Annualized Return,Annualized Vol,Sharpe Ratio,Max Drawdown,Skewness,Kurtosis,Cornish-Fisher VaR (5%),Historic CVaR (5%)
Mean Return,18.30968061008036,12.92328357442202,0.8572394927608482,-25.096215314406557,-1.0246432119926103,12.072655137025693,0.027647353444357335,0.03857866810506093
