,Annualized Return,Annualized Vol,Sharpe Ratio,Max Drawdown,Skewness,Kurtosis,Cornish-Fisher VaR (5%),Historic CVaR (5%)
Mean Return,14.351474638338747,12.430671589216962,0.6074239998798576,-19.8840099728137,-0.5371477892843933,6.386442178606785,0.027169011999057024,0.03928578030135282
