,Annualized Return,Annualized Vol,Sharpe Ratio,Max Drawdown,Skewness,Kurtosis,Cornish-Fisher VaR (5%),Historic CVaR (5%)
Mean Return,17.197876193567364,13.097092754855108,0.7665660261140818,-25.7189764570094,-0.7049433386544877,10.510125436099196,0.027340096901332062,0.03975387653210883
