,Annualized Return,Annualized Vol,Sharpe Ratio,Max Drawdown,Skewness,Kurtosis,Cornish-Fisher VaR (5%),Historic CVaR (5%)
Mean Return,17.27731036041802,13.941004673327326,0.7242238196992733,-29.36629020029394,-1.6446098034019916,14.850647239241404,0.03194338596002289,0.04441768533812743
