,Annualized Return,Annualized Vol,Skewness,Kurtosis,Cornish-Fisher VaR (5%),Historic CVaR (5%),Sharpe Ratio,Max Drawdown
Mean Return,0.18092642711505835,0.14207106683671059,-0.41537463582777046,7.369760293889004,0.029470467046694506,0.042224932471276504,0.7697741851812839,-0.19367996765635262
