,Annualized Return,Annualized Vol,Skewness,Kurtosis,Cornish-Fisher VaR (5%),Historic CVaR (5%),Sharpe Ratio,Max Drawdown
Mean Return,0.14179236735334255,0.13613403513583716,-1.1831199505308352,10.329315051444176,0.03218338510512199,0.04609857840155087,0.5605460408398681,-0.24980229355654754
