,Annualized Return,Annualized Vol,Sharpe Ratio,Max Drawdown,Skewness,Kurtosis,Cornish-Fisher VaR (5%),Historic CVaR (5%)
Mean Return,14.646010999301385,12.98341196226758,0.6288572374001079,-27.64841387319667,-1.361498945313058,14.906300171827144,0.029869197480548157,0.04062175780236473
