,Annualized Return,Annualized Vol,Sharpe Ratio,Max Drawdown,Skewness,Kurtosis,Cornish-Fisher VaR (5%),Historic CVaR (5%)
Mean Return,23.465682840347313,13.702398073958205,1.1627897342668223,-27.47605354276437,-0.6870828482386403,9.23059835225401,0.028137971327137856,0.0399578471273124
