,Annualized Return,Annualized Vol,Sharpe Ratio,Max Drawdown,Skewness,Kurtosis,Cornish-Fisher VaR (5%),Historic CVaR (5%)
Mean Return,18.65490458611219,13.250471909282224,0.8599301372621325,-25.096315618904853,-1.2188667084751739,13.974524215762223,0.028521558230271412,0.03950170542530874
