,Annualized Return,Annualized Vol,Sharpe Ratio,Max Drawdown,Skewness,Kurtosis,Cornish-Fisher VaR (5%),Historic CVaR (5%)
Mean Return,13.585311282344836,15.67036134376184,0.42809202765367915,-25.119717234510517,-0.1817099074989382,8.23325607544937,0.03180942649973821,0.04599738363668374
