,Annualized Return,Annualized Vol,Sharpe Ratio,Max Drawdown,Skewness,Kurtosis,Cornish-Fisher VaR (5%),Historic CVaR (5%)
Mean Return,19.704150737917338,14.115562378025585,0.8793691812793203,-22.13782530127018,-0.73917853893794,9.63763511298965,0.029786738689203222,0.0441243304855488
