,Annualized Return,Annualized Vol,Sharpe Ratio,Max Drawdown,Skewness,Kurtosis,Cornish-Fisher VaR (5%),Historic CVaR (5%)
Mean Return,18.27479537795904,12.984401409546544,0.8497717137855524,-27.82836132597283,-1.0244083551089458,11.543201931276958,0.027994902574533208,0.03931034634518609
