,Annualized Return,Annualized Vol,Sharpe Ratio,Max Drawdown,Skewness,Kurtosis,Cornish-Fisher VaR (5%),Historic CVaR (5%)
Mean Return,20.787454408447648,14.387589021465057,0.9382031586790817,-24.404566993998035,0.08433485140753921,9.09439621965795,0.02626412272271511,0.0427815210167945
