,Annualized Return,Annualized Vol,Sharpe Ratio,Max Drawdown,Skewness,Kurtosis,Cornish-Fisher VaR (5%),Historic CVaR (5%)
Mean Return,13.23988528442599,15.101579256685154,0.41948858106284936,-24.361243483134945,-0.6523844991781079,9.106147295562781,0.03291848558558067,0.047736281770366165
