,Annualized Return,Annualized Vol,Sharpe Ratio,Max Drawdown,Skewness,Kurtosis,Cornish-Fisher VaR (5%),Historic CVaR (5%)
Mean Return,16.45834921557414,14.729997259756091,0.6333054504894349,-37.70799418727546,-1.7984278379828187,16.96463890847794,0.03386690247150321,0.04790231599861678
