,Annualized Return,Annualized Vol,Sharpe Ratio,Max Drawdown,Skewness,Kurtosis,Cornish-Fisher VaR (5%),Historic CVaR (5%)
Mean Return,13.714086900176792,12.186241169567197,0.5703581281907734,-20.07700304468797,-0.6240115441269001,5.699505721365817,0.027320877279433334,0.03877317074368767
