,Annualized Return,Annualized Vol,Sharpe Ratio,Max Drawdown,Skewness,Kurtosis,Cornish-Fisher VaR (5%),Historic CVaR (5%)
Mean Return,18.519417652550672,13.77670331005921,0.8227759183338196,-22.292388264829086,-0.5359722997406526,8.929289852159904,0.028432175352426745,0.04074772861991949
