,Annualized Return,Annualized Vol,Sharpe Ratio,Max Drawdown,Skewness,Kurtosis,Cornish-Fisher VaR (5%),Historic CVaR (5%)
Mean Return,13.774348737911502,14.640571300606819,0.467024055935267,-25.266170156874235,-1.0316791204699765,10.539077686891487,0.033111648501488074,0.04771103751044166
