,Annualized Return,Annualized Vol,Sharpe Ratio,Max Drawdown,Skewness,Kurtosis,Cornish-Fisher VaR (5%),Historic CVaR (5%)
Mean Return,16.75771921127016,13.767400285026874,0.7003911015120644,-26.208343253999526,-1.4261821721952181,13.910502378057865,0.030996874347807533,0.04298651639480637
