,Annualized Return,Annualized Vol,Skewness,Kurtosis,Cornish-Fisher VaR (5%),Historic CVaR (5%),Sharpe Ratio,Max Drawdown
Mean Return,0.149639258219056,0.14901192719110445,-1.553307171510994,16.31354959268475,0.033667550679191256,0.04539012780291227,0.5350921721542675,-0.2885138972705304
