,Annualized Return,Annualized Vol,Skewness,Kurtosis,Cornish-Fisher VaR (5%),Historic CVaR (5%),Sharpe Ratio,Max Drawdown
Mean Return,0.18589811479117824,0.13938814231760982,-1.237803489303083,13.78222331208112,0.03033349471989978,0.04242555078950155,0.8127582073754045,-0.2593106016094015
