,Annualized Return,Annualized Vol,Sharpe Ratio,Max Drawdown,Skewness,Kurtosis,Cornish-Fisher VaR (5%),Historic CVaR (5%)
Mean Return,19.96138342552667,13.458770751978925,0.9411778539058664,-20.451919500958347,-0.43523568351213154,7.481722211428828,0.02754035999197932,0.0410449924019357
