,Annualized Return,Annualized Vol,Sharpe Ratio,Max Drawdown,Skewness,Kurtosis,Cornish-Fisher VaR (5%),Historic CVaR (5%)
Mean Return,17.368175493952045,13.982664926313726,0.7318269078100077,-20.640866197251594,-0.8347514379484282,10.115072777331807,0.030136874214770477,0.04472080093729533
