,Annualized Return,Annualized Vol,Sharpe Ratio,Max Drawdown,Skewness,Kurtosis,Cornish-Fisher VaR (5%),Historic CVaR (5%)
Mean Return,14.777076747208383,11.905895629380533,0.6673799681401367,-19.899131665845456,-0.5723416585842687,5.996139400872879,0.02613893228282278,0.03699754017438152
