,Annualized Return,Annualized Vol,Sharpe Ratio,Max Drawdown,Skewness,Kurtosis,Cornish-Fisher VaR (5%),Historic CVaR (5%)
Mean Return,17.327768829645997,13.554522565063309,0.7486719755135138,-29.10525121270836,-1.5102580905756393,14.186485144448374,0.030657618884579962,0.04349845655632883
