,Annualized Return,Annualized Vol,Sharpe Ratio,Max Drawdown,Skewness,Kurtosis,Cornish-Fisher VaR (5%),Historic CVaR (5%)
Mean Return,16.588775214078222,12.092742323857317,0.7842758644216857,-19.671980298231205,-0.7336912321469051,6.4921723726135845,0.026593124001559842,0.038452323064404846
