,Annualized Return,Annualized Vol,Sharpe Ratio,Max Drawdown,Skewness,Kurtosis,Cornish-Fisher VaR (5%),Historic CVaR (5%)
Mean Return,16.94901423597013,13.46486547283465,0.738287382739434,-26.799512187439433,-0.42894726457871746,5.667109590240612,0.028951062914626357,0.04303547612434503
