,Annualized Return,Annualized Vol,Sharpe Ratio,Max Drawdown,Skewness,Kurtosis,Cornish-Fisher VaR (5%),Historic CVaR (5%)
Mean Return,17.316135740582084,13.592544495593343,0.7567723046349888,-25.38433560775548,-0.30279708343783657,5.616083739117881,0.02856252004433337,0.043067311686870655
