,Annualized Return,Annualized Vol,Sharpe Ratio,Max Drawdown,Skewness,Kurtosis,Cornish-Fisher VaR (5%),Historic CVaR (5%)
Mean Return,17.419692530891197,13.583145711189596,0.7544813224154135,-25.6448187881272,-0.28621658071140366,12.40344094778432,0.02561441320039457,0.03996745669654629
