,Annualized Return,Annualized Vol,Sharpe Ratio,Max Drawdown,Skewness,Kurtosis,Cornish-Fisher VaR (5%),Historic CVaR (5%)
Mean Return,15.189715234986112,13.05533144937551,0.6388147045416736,-19.546036832321644,-0.2091695789554157,6.278765663926878,0.026936830950194997,0.03978565070197962
