,Annualized Return,Annualized Vol,Sharpe Ratio,Max Drawdown,Skewness,Kurtosis,Cornish-Fisher VaR (5%),Historic CVaR (5%)
Mean Return,17.54919942266584,14.329755323802956,0.7271703514090442,-25.461713316363088,-1.0633795215553918,10.455402671116161,0.03190951014197373,0.04652816145118766
