,Annualized Return,Annualized Vol,Skewness,Kurtosis,Cornish-Fisher VaR (5%),Historic CVaR (5%),Sharpe Ratio,Max Drawdown
Mean Return,0.19425975716564792,0.14268258364530467,-1.2032733858932165,13.666961635930422,0.03087151213293012,0.045472920140814575,0.849069391610483,-0.2673360530258305
