,Annualized Return,Annualized Vol,Skewness,Kurtosis,Cornish-Fisher VaR (5%),Historic CVaR (5%),Sharpe Ratio,Max Drawdown
Mean Return,0.1964824389389377,0.14115562378025584,-0.73917853893794,9.63763511298965,0.029786738689203222,0.0441243304855488,0.8769492408857333,-0.2213782530127018
