,Annualized Return,Annualized Vol,Sharpe Ratio,Max Drawdown,Skewness,Kurtosis,Cornish-Fisher VaR (5%),Historic CVaR (5%)
Mean Return,14.543550517635829,16.126185229103125,0.4724684228638348,-31.154012375898393,-1.1143178111962346,8.212912625167245,0.038057517272460775,0.056152720752621434
