,Annualized Return,Annualized Vol,Sharpe Ratio,Max Drawdown,Skewness,Kurtosis,Cornish-Fisher VaR (5%),Historic CVaR (5%)
Mean Return,17.110560491027947,14.230936312899928,0.700883626141667,-26.13659074105456,-1.0575881659699613,10.327760703003856,0.03177642274276492,0.04479082743526202
