,Annualized Return,Annualized Vol,Sharpe Ratio,Max Drawdown,Skewness,Kurtosis,Cornish-Fisher VaR (5%),Historic CVaR (5%)
Mean Return,15.332310064781085,11.911003927318454,0.7109922151675693,-20.07700304468797,-0.7154001098137129,6.291928975569186,0.026565731773379647,0.038029761656473926
