,Annualized Return,Annualized Vol,Sharpe Ratio,Max Drawdown,Skewness,Kurtosis,Cornish-Fisher VaR (5%),Historic CVaR (5%)
Mean Return,13.385882088220246,16.851179430302203,0.3851577966993394,-31.663870505261897,-0.09659993153900379,7.113181037194497,0.03438611764584053,0.053086926090997105
