,Annualized Return,Annualized Vol,Sharpe Ratio,Max Drawdown,Skewness,Kurtosis,Cornish-Fisher VaR (5%),Historic CVaR (5%)
Mean Return,15.484430328950305,13.357542974493771,0.6322674154931857,-23.712691897962603,-0.42994958335405553,10.021956174018998,0.027059132436921082,0.041105651221789656
