,Annualized Return,Annualized Vol,Sharpe Ratio,Max Drawdown,Skewness,Kurtosis,Cornish-Fisher VaR (5%),Historic CVaR (5%)
Mean Return,20.045635516048588,14.036770703649,0.9045691545746406,-24.498498084450667,-0.9154294868833913,12.696880189785627,0.02923271061714517,0.04225995751764701
