,Annualized Return,Annualized Vol,Sharpe Ratio,Max Drawdown,Skewness,Kurtosis,Cornish-Fisher VaR (5%),Historic CVaR (5%)
Mean Return,20.766440721629543,13.528411283525443,0.9939210304827792,-23.86928434363203,-0.750046616057963,10.873207778145009,0.02781107464166431,0.04076139815574326
