,Annualized Return,Annualized Vol,Skewness,Kurtosis,Cornish-Fisher VaR (5%),Historic CVaR (5%),Sharpe Ratio,Max Drawdown
Mean Return,0.19454054703639345,0.1397454117754173,-1.0628723498533772,13.753315469909033,0.029475380497271515,0.04238204249490576,0.8688083328695684,-0.24449656726915692
