,Annualized Return,Annualized Vol,Sharpe Ratio,Max Drawdown,Skewness,Kurtosis,Cornish-Fisher VaR (5%),Historic CVaR (5%)
Mean Return,22.544524261811038,13.466123071322894,1.1201116629157546,-19.259414958033847,-0.2558691759641411,7.367358780008811,0.026274396214039472,0.03660637352610237
