,Annualized Return,Annualized Vol,Sharpe Ratio,Max Drawdown,Skewness,Kurtosis,Cornish-Fisher VaR (5%),Historic CVaR (5%)
Mean Return,19.614377164672582,13.088087966874658,0.9419693007212909,-24.12947294513555,-0.8363651342508969,7.411047481951689,0.028656855228328768,0.04160851261752482
