,Annualized Return,Annualized Vol,Skewness,Kurtosis,Cornish-Fisher VaR (5%),Historic CVaR (5%),Sharpe Ratio,Max Drawdown
Mean Return,0.1459033148614557,0.13711099130803814,-1.0557454517827674,9.341304128759935,0.032145575452400876,0.046079598615552025,0.5848483765323071,-0.2499564000030122
