,Annualized Return,Annualized Vol,Sharpe Ratio,Max Drawdown,Skewness,Kurtosis,Cornish-Fisher VaR (5%),Historic CVaR (5%)
Mean Return,23.750722814779678,14.377984488517187,1.1279423085518754,-26.14981195662122,0.23090331929002875,8.509023758110333,0.02490905540786523,0.040648024318743495
