,Annualized Return,Annualized Vol,Sharpe Ratio,Max Drawdown,Skewness,Kurtosis,Cornish-Fisher VaR (5%),Historic CVaR (5%)
Mean Return,17.022917098916746,14.652626311516398,0.6763869274479677,-27.150095045594863,-0.9102810864531351,7.837801711343603,0.03308601974022438,0.04788469394254692
