,Annualized Return,Annualized Vol,Skewness,Kurtosis,Cornish-Fisher VaR (5%),Historic CVaR (5%),Sharpe Ratio,Max Drawdown
Mean Return,0.1575756115771394,0.12703672790764142,-0.584676576125325,6.383984738185968,0.02780391219097957,0.039864343199084676,0.6968996817773325,-0.18886238800303606
