,Annualized Return,Annualized Vol,Sharpe Ratio,Max Drawdown,Skewness,Kurtosis,Cornish-Fisher VaR (5%),Historic CVaR (5%)
Mean Return,23.455773750554766,15.051588966119791,1.0590289104775972,-25.22475673944048,0.18034298008611865,8.910548716134775,0.026443264474853276,0.04015669069523074
