,Annualized Return,Annualized Vol,Sharpe Ratio,Max Drawdown,Skewness,Kurtosis,Cornish-Fisher VaR (5%),Historic CVaR (5%)
Mean Return,18.67430649183863,15.209692947770147,0.7524310752650402,-25.611082608600938,-1.604363945313336,11.92999986446029,0.0359240990265857,0.05171340168272865
