,Annualized Return,Annualized Vol,Sharpe Ratio,Max Drawdown,Skewness,Kurtosis,Cornish-Fisher VaR (5%),Historic CVaR (5%)
Mean Return,17.237079888889074,13.802087002014469,0.7312869506626508,-21.715671901329138,-0.5268275025801109,8.865324215567151,0.028692630584320707,0.04223812684064869
