,Annualized Return,Annualized Vol,Sharpe Ratio,Max Drawdown,Skewness,Kurtosis,Cornish-Fisher VaR (5%),Historic CVaR (5%)
Mean Return,13.693483673876727,14.640571300606819,0.4643653751396362,-25.266170156874235,-1.0316791204699765,10.539077686891487,0.033111648501488074,0.04771103751044166
