,Annualized Return,Annualized Vol,Skewness,Kurtosis,Cornish-Fisher VaR (5%),Historic CVaR (5%),Sharpe Ratio,Max Drawdown
Mean Return,0.1838568865198249,0.13067174678492766,-0.6986000689661003,13.442728901178882,0.025971950388832554,0.03726140165650853,0.8535711097350501,-0.20341701985586402
