,Annualized Return,Annualized Vol,Sharpe Ratio,Max Drawdown,Skewness,Kurtosis,Cornish-Fisher VaR (5%),Historic CVaR (5%)
Mean Return,19.77619908236359,13.363294790492652,0.9387896004996639,-24.190512922928907,-0.9088482457994311,7.560875494658836,0.02955665949520232,0.04494366237072981
