,Annualized Return,Annualized Vol,Skewness,Kurtosis,Cornish-Fisher VaR (5%),Historic CVaR (5%),Sharpe Ratio,Max Drawdown
Mean Return,0.13855235911930297,0.14637549762566068,-0.9048665082115458,10.140965040861024,0.03260282100404713,0.047376328407239245,0.474854547078674,-0.24774624533590683
