,Annualized Return,Annualized Vol,Sharpe Ratio,Max Drawdown,Skewness,Kurtosis,Cornish-Fisher VaR (5%),Historic CVaR (5%)
Mean Return,17.61651817699721,16.045086288622457,0.6533559931104684,-29.91167615093067,-0.48300866261663344,9.18285375463122,0.03334666812515659,0.05022488135599522
