,Annualized Return,Annualized Vol,Sharpe Ratio,Max Drawdown,Skewness,Kurtosis,Cornish-Fisher VaR (5%),Historic CVaR (5%)
Mean Return,16.18920615873325,14.734362167713948,0.6253911138364258,-24.39141937855438,-0.11690881150034586,5.277926633809693,0.03048333571051219,0.04372585667621312
