,Annualized Return,Annualized Vol,Sharpe Ratio,Max Drawdown,Skewness,Kurtosis,Cornish-Fisher VaR (5%),Historic CVaR (5%)
Mean Return,13.569827477961272,12.308292558816113,0.5536641222424102,-20.25753083494196,-0.582757210745864,5.302422075441824,0.027595794446679728,0.038967836643684445
