,Annualized Return,Annualized Vol,Sharpe Ratio,Max Drawdown,Skewness,Kurtosis,Cornish-Fisher VaR (5%),Historic CVaR (5%)
Mean Return,13.938940689838809,16.05358418817494,0.4346381451596421,-32.92044977848608,-1.0523729269256334,8.720457955627445,0.03744353970924356,0.05142671829275572
