,Annualized Return,Annualized Vol,Sharpe Ratio,Max Drawdown,Skewness,Kurtosis,Cornish-Fisher VaR (5%),Historic CVaR (5%)
Mean Return,17.68023046856715,15.029826079955292,0.6992525717401624,-26.341085865568992,-1.6396216701393467,12.194422376056266,0.035677951161234324,0.05097595575742166
