,Annualized Return,Annualized Vol,Sharpe Ratio,Max Drawdown,Skewness,Kurtosis,Cornish-Fisher VaR (5%),Historic CVaR (5%)
Mean Return,19.660678514266205,13.225154183630178,0.9380783425046488,-24.146957934489944,-1.118171346232851,11.9200795254022,0.028580457737355736,0.04201148993228971
