,Annualized Return,Annualized Vol,Sharpe Ratio,Max Drawdown,Skewness,Kurtosis,Cornish-Fisher VaR (5%),Historic CVaR (5%)
Mean Return,17.74154853214569,13.768330959193264,0.7675298821446848,-24.838817850347635,-0.17078364930183615,11.743969150671603,0.025586727713098736,0.041407056618127075
