,Annualized Return,Annualized Vol,Sharpe Ratio,Max Drawdown,Skewness,Kurtosis,Cornish-Fisher VaR (5%),Historic CVaR (5%)
Mean Return,16.059018643566446,14.973832588151076,0.6000735251223287,-27.50398730267087,-1.5200867611072892,16.08096889539949,0.03360930790113038,0.04628157311595776
