,Annualized Return,Annualized Vol,Sharpe Ratio,Max Drawdown,Skewness,Kurtosis,Cornish-Fisher VaR (5%),Historic CVaR (5%)
Mean Return,17.91608377110836,14.36000619885885,0.7473243384719247,-20.779378500516746,-0.4883391771739312,9.84458149172565,0.029259512278705175,0.042784742229008604
