,Annualized Return,Annualized Vol,Sharpe Ratio,Max Drawdown,Skewness,Kurtosis,Cornish-Fisher VaR (5%),Historic CVaR (5%)
Mean Return,21.41336739128541,13.688746060061591,1.025437066623032,-20.451915266945818,-0.38240834877313507,8.570809482645082,0.02713703352817395,0.04071861698578187
