,Annualized Return,Annualized Vol,Sharpe Ratio,Max Drawdown,Skewness,Kurtosis,Cornish-Fisher VaR (5%),Historic CVaR (5%)
Mean Return,18.716011546501754,15.740527321234248,0.7316966731893916,-28.451678999398176,-0.3704323423066702,8.816556310037965,0.031981672981532566,0.04829407907472154
