,Annualized Return,Annualized Vol,Sharpe Ratio,Max Drawdown,Skewness,Kurtosis,Cornish-Fisher VaR (5%),Historic CVaR (5%)
Mean Return,16.19609895458771,17.540198046154778,0.5217576990844148,-24.85424855829158,0.11323945923120964,6.925983076866581,0.034040540828412645,0.052166769673031174
