,Annualized Return,Annualized Vol,Sharpe Ratio,Max Drawdown,Skewness,Kurtosis,Cornish-Fisher VaR (5%),Historic CVaR (5%)
Mean Return,19.393152773764434,12.961630045031072,0.9407520679177608,-24.12947294513555,-0.8363651342508969,7.411047481951689,0.028656855228328768,0.04160851261752482
