,Annualized Return,Annualized Vol,Sharpe Ratio,Max Drawdown,Skewness,Kurtosis,Cornish-Fisher VaR (5%),Historic CVaR (5%)
Mean Return,15.526420543650122,14.188836775161345,0.5959239088159297,-33.350861235385096,-1.403676214706431,14.499300523389994,0.03191980856105776,0.0446050749017153
