,Annualized Return,Annualized Vol,Sharpe Ratio,Max Drawdown,Skewness,Kurtosis,Cornish-Fisher VaR (5%),Historic CVaR (5%)
Mean Return,20.66996528285823,14.491847591069106,0.9180252168209827,-25.69280227551175,-1.3204207706884528,12.821066812968338,0.032099328760417205,0.04377098341712807
