,Annualized Return,Annualized Vol,Skewness,Kurtosis,Cornish-Fisher VaR (5%),Historic CVaR (5%),Sharpe Ratio,Max Drawdown
Mean Return,0.1466747131276367,0.12375105366243819,-0.6299640633504631,6.33073803358107,0.02742423145503452,0.039340853494524486,0.6324740391947223,-0.19035655004308502
