,Annualized Return,Annualized Vol,Sharpe Ratio,Max Drawdown,Skewness,Kurtosis,Cornish-Fisher VaR (5%),Historic CVaR (5%)
Mean Return,18.412067308958857,16.858735853766717,0.6661956208880464,-24.85424855829158,0.13012856895815045,7.187386674261257,0.03202113838216018,0.04997851752872631
