,Annualized Return,Annualized Vol,Sharpe Ratio,Max Drawdown,Skewness,Kurtosis,Cornish-Fisher VaR (5%),Historic CVaR (5%)
Mean Return,20.646651221910272,14.350567847575437,0.9242333189852163,-28.894037400546736,-0.839537821382707,11.68981112245771,0.029890105296234766,0.042474028253373444
