,Annualized Return,Annualized Vol,Skewness,Kurtosis,Cornish-Fisher VaR (5%),Historic CVaR (5%),Sharpe Ratio,Max Drawdown
Mean Return,0.18821992870087478,0.14279461765365087,-1.016642335866491,10.082141319617316,0.03150524799485403,0.04445210543627155,0.8124678580449701,-0.2484735174492072
