,Annualized Return,Annualized Vol,Skewness,Kurtosis,Cornish-Fisher VaR (5%),Historic CVaR (5%),Sharpe Ratio,Max Drawdown
Mean Return,0.14454173944603999,0.12387151295063586,-0.6192524825380108,6.255917668056852,0.027469009766933148,0.039340853494524486,0.6155163548629351,-0.19035655004308502
