,Annualized Return,Annualized Vol,Sharpe Ratio,Max Drawdown,Skewness,Kurtosis,Cornish-Fisher VaR (5%),Historic CVaR (5%)
Mean Return,17.640574894086303,13.017028812453734,0.8376700436358304,-24.798219990862417,-1.2910842290962246,10.51314401011707,0.030458186451740733,0.043345890460253125
