,Annualized Return,Annualized Vol,Sharpe Ratio,Max Drawdown,Skewness,Kurtosis,Cornish-Fisher VaR (5%),Historic CVaR (5%)
Mean Return,13.865460932084606,14.675748812177595,0.47427375522541854,-24.296726703276907,-0.7516857487069324,9.509804348774523,0.032163417581437856,0.04682665167332701
