,Annualized Return,Annualized Vol,Skewness,Kurtosis,Cornish-Fisher VaR (5%),Historic CVaR (5%),Sharpe Ratio,Max Drawdown
Mean Return,0.19901303483677357,0.1341230177011048,-0.8807193047236274,11.01084223571735,0.028515448446650986,0.04351074619583507,0.9466424986755712,-0.22140270536405085
