,Annualized Return,Annualized Vol,Sharpe Ratio,Max Drawdown,Skewness,Kurtosis,Cornish-Fisher VaR (5%),Historic CVaR (5%)
Mean Return,17.500130608951746,13.189859363679238,0.7827159331889464,-24.005162588185286,-0.5150109188905795,9.56902551889971,0.026945143229123773,0.03987960225475638
