,Annualized Return,Annualized Vol,Skewness,Kurtosis,Cornish-Fisher VaR (5%),Historic CVaR (5%),Sharpe Ratio,Max Drawdown
Mean Return,0.17314571701998482,0.13975124027546676,-0.5430864681857465,7.972993517768151,0.029490166154795334,0.043925234508995194,0.7301904137106673,-0.2094375022411787
