,Annualized Return,Annualized Vol,Sharpe Ratio,Max Drawdown,Skewness,Kurtosis,Cornish-Fisher VaR (5%),Historic CVaR (5%)
Mean Return,15.849936999877535,14.528410700539196,0.6028633293725552,-32.226600870481796,-1.2012540544218222,13.103439877908048,0.032299457214762295,0.04480464055355711
