,Annualized Return,Annualized Vol,Sharpe Ratio,Max Drawdown,Skewness,Kurtosis,Cornish-Fisher VaR (5%),Historic CVaR (5%)
Mean Return,17.3736375668873,13.605617936444087,0.7512846301899359,-25.37460914560042,-1.1568784155990899,12.877692902403409,0.029696064320495378,0.04086563478174769
