,Annualized Return,Annualized Vol,Sharpe Ratio,Max Drawdown,Skewness,Kurtosis,Cornish-Fisher VaR (5%),Historic CVaR (5%)
Mean Return,19.724656776497575,15.596982700147391,0.797064864904352,-20.08226470352367,0.14288149442476866,7.154700753813029,0.0291305039044211,0.044093000851716455
