,Annualized Return,Annualized Vol,Sharpe Ratio,Max Drawdown,Skewness,Kurtosis,Cornish-Fisher VaR (5%),Historic CVaR (5%)
Mean Return,14.412610319679263,14.899089954584161,0.49919426263485567,-25.465813400985905,-0.5886039287308645,9.057844615015771,0.03192935632319992,0.045545905198159826
