,Annualized Return,Annualized Vol,Sharpe Ratio,Max Drawdown,Skewness,Kurtosis,Cornish-Fisher VaR (5%),Historic CVaR (5%)
Mean Return,16.34336389203628,13.762066328910812,0.7037018511002607,-26.13659074105456,-1.0665921152936857,10.393685855835361,0.03159508894376439,0.04479082743526202
