,Annualized Return,Annualized Vol,Sharpe Ratio,Max Drawdown,Skewness,Kurtosis,Cornish-Fisher VaR (5%),Historic CVaR (5%)
Mean Return,23.87925491759386,13.297404905657457,1.2287055757647731,-21.125612402656966,0.157181060685789,10.151885429159824,0.022507096883369375,0.03816126003991724
