,Annualized Return,Annualized Vol,Skewness,Kurtosis,Cornish-Fisher VaR (5%),Historic CVaR (5%),Sharpe Ratio,Max Drawdown
Mean Return,0.17440474445159704,0.14082722912482334,-0.5872462556623036,7.724227631236484,0.03004308250472748,0.045073122377935544,0.7330184136975298,-0.20998774825077554
