,Annualized Return,Annualized Vol,Sharpe Ratio,Max Drawdown,Skewness,Kurtosis,Cornish-Fisher VaR (5%),Historic CVaR (5%)
Mean Return,20.068579313529522,14.025871640302517,0.907118506139426,-28.673212294146534,-0.9266326045868774,11.734363046441008,0.029638293902054906,0.04167426217110743
