,Annualized Return,Annualized Vol,Sharpe Ratio,Max Drawdown,Skewness,Kurtosis,Cornish-Fisher VaR (5%),Historic CVaR (5%)
Mean Return,17.9972397393372,13.55762099293592,0.7971904700596381,-26.152879414210012,-1.4228473692130656,14.228281410582907,0.030144065547902575,0.04121650918593713
