,Annualized Return,Annualized Vol,Sharpe Ratio,Max Drawdown,Skewness,Kurtosis,Cornish-Fisher VaR (5%),Historic CVaR (5%)
Mean Return,17.711552510378326,13.3488660640809,0.8222356050286268,-24.595190539146053,-1.2833081748381547,10.110187905491765,0.03141786559190746,0.04479952498703973
