,Annualized Return,Annualized Vol,Sharpe Ratio,Max Drawdown,Skewness,Kurtosis,Cornish-Fisher VaR (5%),Historic CVaR (5%)
Mean Return,20.45741957924616,13.229090617805845,0.9967594953704059,-23.64446730587615,-0.8144238691030689,7.456168496753848,0.028718978013628837,0.04478072453435051
