,Annualized Return,Annualized Vol,Sharpe Ratio,Max Drawdown,Skewness,Kurtosis,Cornish-Fisher VaR (5%),Historic CVaR (5%)
Mean Return,17.583947345891772,13.659518063679165,0.7627944265632713,-28.760079586740073,-1.4899315688761194,13.692112588120574,0.030958158031038702,0.04352181413245193
