,Annualized Return,Annualized Vol,Sharpe Ratio,Max Drawdown,Skewness,Kurtosis,Cornish-Fisher VaR (5%),Historic CVaR (5%)
Mean Return,13.937113435876025,14.637549762566069,0.47757520763256667,-24.774624533590682,-0.9048665082115458,10.140965040861024,0.03260282100404713,0.047376328407239245
