,Annualized Return,Annualized Vol,Skewness,Kurtosis,Cornish-Fisher VaR (5%),Historic CVaR (5%),Sharpe Ratio,Max Drawdown
Mean Return,0.1960563664566688,0.1559698270014739,0.14288149442476866,7.154700753813029,0.0291305039044211,0.044093000851716455,0.7923996604183501,-0.2008226470352367
