,Annualized Return,Annualized Vol,Sharpe Ratio,Max Drawdown,Skewness,Kurtosis,Cornish-Fisher VaR (5%),Historic CVaR (5%)
Mean Return,23.893146809799326,14.072107223921048,1.16719431454211,-26.14981195662122,0.22152102630057596,8.631956881705769,0.024513562852705097,0.040648024318743495
