,Annualized Return,Annualized Vol,Sharpe Ratio,Max Drawdown,Skewness,Kurtosis,Cornish-Fisher VaR (5%),Historic CVaR (5%)
Mean Return,18.48848550028981,13.625727400716695,0.8297592848229437,-21.953753925487746,-0.5973735233015204,8.924166730945881,0.0283981230130852,0.04113316904503275
