,Annualized Return,Annualized Vol,Sharpe Ratio,Max Drawdown,Skewness,Kurtosis,Cornish-Fisher VaR (5%),Historic CVaR (5%)
Mean Return,19.77295022156975,14.170308861424633,0.8805377800056893,-18.966298551587276,-0.07266867355808687,7.347166510502903,0.027294042024358166,0.04039583296983211
