,Annualized Return,Annualized Vol,Sharpe Ratio,Max Drawdown,Skewness,Kurtosis,Cornish-Fisher VaR (5%),Historic CVaR (5%)
Mean Return,17.875418076302463,13.427667380522301,0.8044514811294387,-25.38433560775548,-0.31764343960520136,5.8953202685855395,0.028061014248711186,0.0420208389293078
