,Annualized Return,Annualized Vol,Sharpe Ratio,Max Drawdown,Skewness,Kurtosis,Cornish-Fisher VaR (5%),Historic CVaR (5%)
Mean Return,7.790740422331344,18.33816443301102,0.06907006072943897,-47.47665107508858,-0.6344241292202285,5.2390646762010356,0.04324249516993687,0.06580731785196633
