,Annualized Return,Annualized Vol,Sharpe Ratio,Max Drawdown,Skewness,Kurtosis,Cornish-Fisher VaR (5%),Historic CVaR (5%)
Mean Return,18.975391963110333,13.872780641447392,0.8453694657688055,-25.356074843102494,-1.1728831443859915,13.815652673876658,0.02978484201113874,0.042224966628252765
