,Annualized Return,Annualized Vol,Sharpe Ratio,Max Drawdown,Skewness,Kurtosis,Cornish-Fisher VaR (5%),Historic CVaR (5%)
Mean Return,17.595636724488138,13.963933243812695,0.7483242509774487,-23.869284343632046,-0.7312617158561154,10.77467800359303,0.0292801641307622,0.0426321821402986
