,Annualized Return,Annualized Vol,Skewness,Kurtosis,Cornish-Fisher VaR (5%),Historic CVaR (5%),Sharpe Ratio,Max Drawdown
Mean Return,0.1644069874243066,0.141010033171321,-1.4824092983075963,13.16457173754188,0.03241758959115712,0.04443664025437511,0.6612656661074913,-0.23863867465894878
