,Annualized Return,Annualized Vol,Sharpe Ratio,Max Drawdown,Skewness,Kurtosis,Cornish-Fisher VaR (5%),Historic CVaR (5%)
Mean Return,18.057405833351492,13.31518546357479,0.8135708460145632,-25.995916385382706,-1.4184400518128575,14.235021193808485,0.029539560930631793,0.040243876720141604
