,Annualized Return,Annualized Vol,Sharpe Ratio,Max Drawdown,Skewness,Kurtosis,Cornish-Fisher VaR (5%),Historic CVaR (5%)
Mean Return,21.364934362880184,15.527908541345253,0.8989385598323318,-25.685287541885533,0.1603719509366292,7.800108473194269,0.02835364462054037,0.041459805240843896
