,Annualized Return,Annualized Vol,Sharpe Ratio,Max Drawdown,Skewness,Kurtosis,Cornish-Fisher VaR (5%),Historic CVaR (5%)
Mean Return,16.085365646820904,13.78886902082948,0.6841914627233018,-25.349496917196895,-1.0334680881340752,9.9871070183427,0.03171018125605204,0.04651233633066522
