,Annualized Return,Annualized Vol,Sharpe Ratio,Max Drawdown,Skewness,Kurtosis,Cornish-Fisher VaR (5%),Historic CVaR (5%)
Mean Return,16.915822945764013,13.342112298276342,0.7427401819302538,-26.5085296325281,-0.4126889392686641,5.661109984844955,0.028587189774612432,0.04271267920926579
