,Annualized Return,Annualized Vol,Sharpe Ratio,Max Drawdown,Skewness,Kurtosis,Cornish-Fisher VaR (5%),Historic CVaR (5%)
Mean Return,15.564647626475425,15.163210349094694,0.5651998947061377,-21.611414765746787,0.15512356017182286,7.250296969248728,0.028782315978309977,0.042068486538140645
