,Annualized Return,Annualized Vol,Sharpe Ratio,Max Drawdown,Skewness,Kurtosis,Cornish-Fisher VaR (5%),Historic CVaR (5%)
Mean Return,20.80160237917612,13.633731521529274,0.9942773215840381,-19.23621656129181,-0.020041095393850374,9.428419559107281,0.02511611067180128,0.03953586766569582
