,Annualized Return,Annualized Vol,Sharpe Ratio,Max Drawdown,Skewness,Kurtosis,Cornish-Fisher VaR (5%),Historic CVaR (5%)
Mean Return,19.4636465903411,14.146095501225723,0.8603011252534707,-26.437794090901328,-1.4811238840413958,13.676254867983225,0.03183638695202072,0.04329298944030573
