,Annualized Return,Annualized Vol,Sharpe Ratio,Max Drawdown,Skewness,Kurtosis,Cornish-Fisher VaR (5%),Historic CVaR (5%)
Mean Return,21.11210160641179,13.096109400496978,1.0489204793216407,-22.695425213721535,-1.0243991110004256,10.128327624284502,0.028291302127114323,0.040041091855409466
