,Annualized Return,Annualized Vol,Sharpe Ratio,Max Drawdown,Skewness,Kurtosis,Cornish-Fisher VaR (5%),Historic CVaR (5%)
Mean Return,13.956804533958,14.246132273489035,0.521958146212527,-24.925318633096204,-0.4575565712446961,7.27041203600758,0.031365025159917376,0.04438753473654996
