,Annualized Return,Annualized Vol,Sharpe Ratio,Max Drawdown,Skewness,Kurtosis,Cornish-Fisher VaR (5%),Historic CVaR (5%)
Mean Return,18.9024974442227,13.254350518375244,0.8772367693318683,-25.096315618904853,-1.2220369726206606,13.968907709404547,0.02850673764722245,0.03956589655186984
