,Annualized Return,Annualized Vol,Skewness,Kurtosis,Cornish-Fisher VaR (5%),Historic CVaR (5%),Sharpe Ratio,Max Drawdown
Mean Return,0.15949571519592753,0.1385646650407326,-0.9566579113593586,9.763483020475036,0.03077996948310733,0.044924226326577395,0.6437928706020958,-0.23764985407209396
