,Annualized Return,Annualized Vol,Sharpe Ratio,Max Drawdown,Skewness,Kurtosis,Cornish-Fisher VaR (5%),Historic CVaR (5%)
Mean Return,15.81851656687392,14.462316082003712,0.6034478743154437,-39.27172818265559,-1.880586447939054,17.550494778375853,0.03342505429690479,0.047195544146650774
