,Annualized Return,Annualized Vol,Sharpe Ratio,Max Drawdown,Skewness,Kurtosis,Cornish-Fisher VaR (5%),Historic CVaR (5%)
Mean Return,17.59620663364516,14.425979878185116,0.7265566000358448,-21.16032034598641,-0.629204010999419,8.34134070936807,0.030791287453627383,0.044210150575953025
