,Annualized Return,Annualized Vol,Sharpe Ratio,Max Drawdown,Skewness,Kurtosis,Cornish-Fisher VaR (5%),Historic CVaR (5%)
Mean Return,24.44589382355662,15.30071082907914,1.1015325335603883,-25.23336403024505,0.03761443996494405,8.187569599059131,0.027986431340291603,0.039427510571777055
