,Annualized Return,Annualized Vol,Sharpe Ratio,Max Drawdown,Skewness,Kurtosis,Cornish-Fisher VaR (5%),Historic CVaR (5%)
Mean Return,16.500630618070346,14.507921811870359,0.6479722394010242,-26.888300017000173,-0.8714073329601941,7.706687934330113,0.032683387779187924,0.04711657430785865
