,Annualized Return,Annualized Vol,Sharpe Ratio,Max Drawdown,Skewness,Kurtosis,Cornish-Fisher VaR (5%),Historic CVaR (5%)
Mean Return,15.659177800654444,14.979314670974833,0.576343963212648,-21.642875363498163,-0.24752234335149662,7.669037003203458,0.030591881129509085,0.0457794620078302
