,Annualized Return,Annualized Vol,Sharpe Ratio,Max Drawdown,Skewness,Kurtosis,Cornish-Fisher VaR (5%),Historic CVaR (5%)
Mean Return,16.61968677153396,13.906645779758279,0.684044622540127,-25.32129219536724,-1.2555242828329256,13.025507754558648,0.03093710376254962,0.0431634833464241
