,Annualized Return,Annualized Vol,Sharpe Ratio,Max Drawdown,Skewness,Kurtosis,Cornish-Fisher VaR (5%),Historic CVaR (5%)
Mean Return,18.475243078376778,14.961192759874722,0.7524265704879527,-22.38523667744621,-0.3385093358295215,5.1627655175050275,0.031643393977189994,0.04682595213600776
