,Annualized Return,Annualized Vol,Sharpe Ratio,Max Drawdown,Skewness,Kurtosis,Cornish-Fisher VaR (5%),Historic CVaR (5%)
Mean Return,9.654821083109265,16.490774549884904,0.2080746410157647,-36.76084198636055,-2.0116424581875614,22.142799949441258,0.039493742799413846,0.052094069351011775
