,Annualized Return,Annualized Vol,Sharpe Ratio,Max Drawdown,Skewness,Kurtosis,Cornish-Fisher VaR (5%),Historic CVaR (5%)
Mean Return,24.567647750552666,14.56473766132512,1.165062778708405,-28.21272363997326,-0.36187513653848646,9.34033267947621,0.028200874798354442,0.04031109649569827
