,Annualized Return,Annualized Vol,Skewness,Kurtosis,Cornish-Fisher VaR (5%),Historic CVaR (5%),Sharpe Ratio,Max Drawdown
Mean Return,0.18830428302084568,0.13010885277601797,-1.0572976807537113,10.52855523966796,0.02870962154089836,0.041727225538819274,0.8984003791361742,-0.22695425213721535
