,Annualized Return,Annualized Vol,Sharpe Ratio,Max Drawdown,Skewness,Kurtosis,Cornish-Fisher VaR (5%),Historic CVaR (5%)
Mean Return,20.610073611567103,13.924075189245084,0.9526387103731614,-20.89210235767691,-0.4746284794090331,8.499182427609801,0.02830265458923778,0.04202953168926194
