,Annualized Return,Annualized Vol,Sharpe Ratio,Max Drawdown,Skewness,Kurtosis,Cornish-Fisher VaR (5%),Historic CVaR (5%)
Mean Return,18.076804224251084,14.484946777928295,0.7536343564293895,-24.77462453359067,-0.9899178920037826,9.789536182675944,0.03210767791459451,0.046748041534888735
