,Annualized Return,Annualized Vol,Sharpe Ratio,Max Drawdown,Skewness,Kurtosis,Cornish-Fisher VaR (5%),Historic CVaR (5%)
Mean Return,18.236404641111935,13.455672041255786,0.8211701940289383,-27.537913187930545,-1.6728419642068284,16.603243118022824,0.030011019289926034,0.0415698879489393
