,Annualized Return,Annualized Vol,Sharpe Ratio,Max Drawdown,Skewness,Kurtosis,Cornish-Fisher VaR (5%),Historic CVaR (5%)
Mean Return,14.325800592585146,12.403441487477801,0.606808545028757,-19.89912516692545,-0.6302805042347697,6.187893711531773,0.02760165826282196,0.03942098768349529
