,Annualized Return,Annualized Vol,Sharpe Ratio,Max Drawdown,Skewness,Kurtosis,Cornish-Fisher VaR (5%),Historic CVaR (5%)
Mean Return,20.66048660898936,16.74043856989909,0.7951637120156461,-32.655607319767356,-0.6925662139551932,11.965133710392704,0.034407027107440195,0.04772874367270835
