,Annualized Return,Annualized Vol,Skewness,Kurtosis,Cornish-Fisher VaR (5%),Historic CVaR (5%),Sharpe Ratio,Max Drawdown
Mean Return,0.15825949683581042,0.13398099698901864,-0.8925951146639414,10.489744125833553,0.029133450931596035,0.042698911769460744,0.6557278781337897,-0.22492457025432555
