,Annualized Return,Annualized Vol,Sharpe Ratio,Max Drawdown,Skewness,Kurtosis,Cornish-Fisher VaR (5%),Historic CVaR (5%)
Mean Return,16.066137163149598,14.454051481983141,0.6232438873748838,-30.064375974102454,-1.8204929030063897,19.360798930459815,0.032353004625370836,0.04309449721660919
