,Annualized Return,Annualized Vol,Sharpe Ratio,Max Drawdown,Skewness,Kurtosis,Cornish-Fisher VaR (5%),Historic CVaR (5%)
Mean Return,22.834413843799894,15.776783160289156,0.9755312712668051,-22.841202687803417,0.22307704216209093,7.477804710300198,0.028342960542178067,0.04285786240785309
