,Annualized Return,Annualized Vol,Sharpe Ratio,Max Drawdown,Skewness,Kurtosis,Cornish-Fisher VaR (5%),Historic CVaR (5%)
Mean Return,14.92004391128463,13.936920973171762,0.5678996180791256,-25.461236112953923,-1.4103822336783,13.886916420864678,0.03165423146112655,0.044367623576944855
