,Annualized Return,Annualized Vol,Sharpe Ratio,Max Drawdown,Skewness,Kurtosis,Cornish-Fisher VaR (5%),Historic CVaR (5%)
Mean Return,17.318896362490953,13.94180506249135,0.7269033338378769,-28.191652059953682,-1.3576156048032733,13.736098836836144,0.031109945078687612,0.045039020693758716
