,Annualized Return,Annualized Vol,Sharpe Ratio,Max Drawdown,Skewness,Kurtosis,Cornish-Fisher VaR (5%),Historic CVaR (5%)
Mean Return,21.75410090757599,13.489579846634046,1.0630680888567285,-22.140270536405087,-0.8613958843075109,10.583901527216707,0.02821574270316899,0.0417267300773443
