,Annualized Return,Annualized Vol,Sharpe Ratio,Max Drawdown,Skewness,Kurtosis,Cornish-Fisher VaR (5%),Historic CVaR (5%)
Mean Return,17.699880080516927,13.577725138377236,0.7791418294475888,-21.819151047525,-0.5422608540347277,9.121059443213246,0.02806540058451652,0.04167757836724505
