,Annualized Return,Annualized Vol,Sharpe Ratio,Max Drawdown,Skewness,Kurtosis,Cornish-Fisher VaR (5%),Historic CVaR (5%)
Mean Return,14.83110476686964,14.219340190053448,0.5507363725671159,-25.20550775699476,-1.222802551740921,10.377902180718394,0.03289089378239522,0.046969813586221515
