,Annualized Return,Annualized Vol,Skewness,Kurtosis,Cornish-Fisher VaR (5%),Historic CVaR (5%),Sharpe Ratio,Max Drawdown
Mean Return,0.2420006329074329,0.16291636261777326,-0.001710273903334658,8.615567142916506,0.030158540200614224,0.04424795546561323,1.0190320958883243,-0.22874391315926995
