,Annualized Return,Annualized Vol,Sharpe Ratio,Max Drawdown,Skewness,Kurtosis,Cornish-Fisher VaR (5%),Historic CVaR (5%)
Mean Return,14.459771881263794,12.611160252199017,0.5933078467980006,-18.890385456918388,-0.638220231780227,5.951591789199482,0.027967246847162047,0.03972895864620933
