,Annualized Return,Annualized Vol,Sharpe Ratio,Max Drawdown,Skewness,Kurtosis,Cornish-Fisher VaR (5%),Historic CVaR (5%)
Mean Return,22.401823995299154,17.198863307106897,0.8691618217924569,-24.674941171960647,-0.1403312875160009,5.482866242308246,0.03474594147510251,0.05292486752385925
