,Annualized Return,Annualized Vol,Sharpe Ratio,Max Drawdown,Skewness,Kurtosis,Cornish-Fisher VaR (5%),Historic CVaR (5%)
Mean Return,20.369692755422484,15.327704256784589,0.8490731105714044,-32.65456069663837,-0.6120773336411492,11.482710056455273,0.031056324420926144,0.04272964700208843
