,Annualized Return,Annualized Vol,Sharpe Ratio,Max Drawdown,Skewness,Kurtosis,Cornish-Fisher VaR (5%),Historic CVaR (5%)
Mean Return,20.336999533359943,13.122941178474198,0.9961915319317651,-22.182781274949072,-0.456981714981753,8.394258893081506,0.02644515463682458,0.042821453535258396
