,Annualized Return,Annualized Vol,Sharpe Ratio,Max Drawdown,Skewness,Kurtosis,Cornish-Fisher VaR (5%),Historic CVaR (5%)
Mean Return,17.88476005126929,16.051669679356664,0.6697523308227228,-24.854248558291577,0.08882944775265118,6.860530817305459,0.030846015998973738,0.04746111121007086
