,Annualized Return,Annualized Vol,Skewness,Kurtosis,Cornish-Fisher VaR (5%),Historic CVaR (5%),Sharpe Ratio,Max Drawdown
Mean Return,0.2046676585151026,0.12479160180880157,-0.6770538914021837,7.503999955634207,0.026546772758595523,0.040299163523807045,1.0582791906298517,-0.21662113259434107
