,Annualized Return,Annualized Vol,Skewness,Kurtosis,Cornish-Fisher VaR (5%),Historic CVaR (5%),Sharpe Ratio,Max Drawdown
Mean Return,0.15578944844950882,0.1271231926256132,-0.5748506031690785,6.314025697798723,0.0278355800522361,0.039864343199084676,0.6830682087090785,-0.18886238800303606
