,Annualized Return,Annualized Vol,Sharpe Ratio,Max Drawdown,Skewness,Kurtosis,Cornish-Fisher VaR (5%),Historic CVaR (5%)
Mean Return,16.68015365825404,14.002919111870801,0.6834001193347359,-23.024637770872665,-1.3264023428605471,12.603569432023916,0.03164469469417838,0.0439587845260294
