,Annualized Return,Annualized Vol,Sharpe Ratio,Max Drawdown,Skewness,Kurtosis,Cornish-Fisher VaR (5%),Historic CVaR (5%)
Mean Return,17.295089842136548,13.047897012406898,0.7860125318653887,-25.85352388352387,-0.39081452944854217,6.046163395797366,0.02758406076812001,0.04107925773654463
