,Annualized Return,Annualized Vol,Sharpe Ratio,Max Drawdown,Skewness,Kurtosis,Cornish-Fisher VaR (5%),Historic CVaR (5%)
Mean Return,16.01413248470216,14.973832588151076,0.5984470575583886,-27.50398730267087,-1.5200867611072892,16.08096889539949,0.03360930790113038,0.04628157311595776
