,Annualized Return,Annualized Vol,Sharpe Ratio,Max Drawdown,Skewness,Kurtosis,Cornish-Fisher VaR (5%),Historic CVaR (5%)
Mean Return,19.31541325109012,16.015476040059408,0.7499329284469957,-24.83222123903888,0.5607770758033949,13.744628716450578,0.024379768290941184,0.04438613631637207
