,Annualized Return,Annualized Vol,Sharpe Ratio,Max Drawdown,Skewness,Kurtosis,Cornish-Fisher VaR (5%),Historic CVaR (5%)
Mean Return,22.135690639601147,14.00090158104189,1.05519136743803,-26.150977730324925,0.056310689217247,7.234821550298386,0.02614669111460193,0.04172641321528861
