,Annualized Return,Annualized Vol,Sharpe Ratio,Max Drawdown,Skewness,Kurtosis,Cornish-Fisher VaR (5%),Historic CVaR (5%)
Mean Return,18.57187605191115,16.976132498107983,0.670440666494774,-24.854248558291587,0.14079457700997644,7.0764188177369185,0.032218995315028635,0.050099253963618515
