,Annualized Return,Annualized Vol,Sharpe Ratio,Max Drawdown,Skewness,Kurtosis,Cornish-Fisher VaR (5%),Historic CVaR (5%)
Mean Return,21.90590385237554,13.218685575981828,1.0956554345708658,-22.60184510686614,-0.8908600382993564,10.532472220931629,0.027706940582849997,0.04038587889096268
