,Annualized Return,Annualized Vol,Sharpe Ratio,Max Drawdown,Skewness,Kurtosis,Cornish-Fisher VaR (5%),Historic CVaR (5%)
Mean Return,19.453453279465883,15.47864002018731,0.7843802891389398,-33.865277138130686,-0.45374518132872615,12.575324349365829,0.03017787461862144,0.04521112838249928
