,Annualized Return,Annualized Vol,Sharpe Ratio,Max Drawdown,Skewness,Kurtosis,Cornish-Fisher VaR (5%),Historic CVaR (5%)
Mean Return,18.060649881221067,14.470299207953119,0.7533474695640842,-24.77462453359067,-0.9927411436997251,9.82249221206058,0.032075457237277664,0.046748041534888735
