,Annualized Return,Annualized Vol,Sharpe Ratio,Max Drawdown,Skewness,Kurtosis,Cornish-Fisher VaR (5%),Historic CVaR (5%)
Mean Return,20.652027765573756,14.747477318401472,0.9021127168376731,-24.59849630101,-0.5936528296760359,11.427474006878612,0.029606765018061594,0.043094971555042424
