,Annualized Return,Annualized Vol,Sharpe Ratio,Max Drawdown,Skewness,Kurtosis,Cornish-Fisher VaR (5%),Historic CVaR (5%)
Mean Return,16.657801802763128,13.228376603405783,0.7236442989428059,-22.780696336689903,-1.187556325794283,11.274502872901019,0.029640944017154943,0.04213056343228148
