,Annualized Return,Annualized Vol,Sharpe Ratio,Max Drawdown,Skewness,Kurtosis,Cornish-Fisher VaR (5%),Historic CVaR (5%)
Mean Return,14.234072883259286,16.350359894970328,0.45528475843793265,-25.28045540990641,-0.7335789325848263,7.089234631171377,0.03737333454699627,0.05448634464490401
