,Annualized Return,Annualized Vol,Sharpe Ratio,Max Drawdown,Skewness,Kurtosis,Cornish-Fisher VaR (5%),Historic CVaR (5%)
Mean Return,18.092642711505835,14.207106683671059,0.7697741851812839,-19.36799676563526,-0.41537463582777046,7.369760293889004,0.029470467046694506,0.042224932471276504
