,Annualized Return,Annualized Vol,Skewness,Kurtosis,Cornish-Fisher VaR (5%),Historic CVaR (5%),Sharpe Ratio,Max Drawdown
Mean Return,0.19342528111934532,0.14760190985097252,-0.7407471053220003,12.07205500890114,0.03037629285332267,0.04384704344747726,0.8154518884355213,-0.25652383617558727
