,Annualized Return,Annualized Vol,Sharpe Ratio,Max Drawdown,Skewness,Kurtosis,Cornish-Fisher VaR (5%),Historic CVaR (5%)
Mean Return,17.759965230692607,13.634457209277995,0.776335424959953,-28.304233026395963,-1.2048319416244628,12.359533624293055,0.030117756312428787,0.04309695544532338
