,Annualized Return,Annualized Vol,Sharpe Ratio,Max Drawdown,Skewness,Kurtosis,Cornish-Fisher VaR (5%),Historic CVaR (5%)
Mean Return,17.679852766394966,13.592059564009032,0.7732159862009209,-23.98601471989023,-1.2807724528932933,9.915526869673757,0.031294190237861404,0.04432651030745558
