,Annualized Return,Annualized Vol,Sharpe Ratio,Max Drawdown,Skewness,Kurtosis,Cornish-Fisher VaR (5%),Historic CVaR (5%)
Mean Return,15.29506321796077,16.835567929792962,0.5157290247239593,-29.99717927800618,-0.8702404860868561,7.666392359796834,0.03964392634089589,0.05461476006060582
