,Annualized Return,Annualized Vol,Sharpe Ratio,Max Drawdown,Skewness,Kurtosis,Cornish-Fisher VaR (5%),Historic CVaR (5%)
Mean Return,17.725527826855792,13.052328634329946,0.8084898224455978,-20.645554212338876,-0.1757052318935432,6.7370961015127016,0.02595548503420184,0.03719177781488482
