,Annualized Return,Annualized Vol,Sharpe Ratio,Max Drawdown,Skewness,Kurtosis,Cornish-Fisher VaR (5%),Historic CVaR (5%)
Mean Return,17.321864729175275,12.928693380472833,0.8201273931183936,-23.262927163997706,-1.0709864882905866,8.991854021639538,0.02987868970935426,0.04264128784996038
