,Annualized Return,Annualized Vol,Sharpe Ratio,Max Drawdown,Skewness,Kurtosis,Cornish-Fisher VaR (5%),Historic CVaR (5%)
Mean Return,19.44120320098901,13.186373008319288,0.9225990965626739,-24.252522358924594,-0.856084593740984,7.841550741513649,0.028856855175842112,0.04235989658399379
