,Annualized Return,Annualized Vol,Sharpe Ratio,Max Drawdown,Skewness,Kurtosis,Cornish-Fisher VaR (5%),Historic CVaR (5%)
Mean Return,22.437436202280736,13.572484846429727,1.1064871435714174,-23.222680851055582,-0.8484815412700294,11.161220347837842,0.028007450080455184,0.04125421099826912
