,Annualized Return,Annualized Vol,Sharpe Ratio,Max Drawdown,Skewness,Kurtosis,Cornish-Fisher VaR (5%),Historic CVaR (5%)
Mean Return,18.127826738988894,13.807235423441739,0.7905806837115728,-30.15051713435785,-1.2409811377055808,11.287490114215313,0.0310679168701025,0.04349458081975851
