,Annualized Return,Annualized Vol,Sharpe Ratio,Max Drawdown,Skewness,Kurtosis,Cornish-Fisher VaR (5%),Historic CVaR (5%)
Mean Return,16.984497887421913,14.291960860734513,0.6896000317910924,-24.227911544315546,0.08308691515828949,8.779435261580582,0.026561480083901565,0.040388411335279144
