,Annualized Return,Annualized Vol,Sharpe Ratio,Max Drawdown,Skewness,Kurtosis,Cornish-Fisher VaR (5%),Historic CVaR (5%)
Mean Return,15.456373504671017,14.20602996251031,0.6280019050449502,-29.428168460313593,-1.5127336396376578,15.810365515875443,0.03311719984200591,0.04590824304659552
