,Annualized Return,Annualized Vol,Sharpe Ratio,Max Drawdown,Skewness,Kurtosis,Cornish-Fisher VaR (5%),Historic CVaR (5%)
Mean Return,15.8675299154869,13.6470097160048,0.6440668426868776,-27.61128867226596,-0.9946705423196374,9.764150522196264,0.030495189356696536,0.04364873338211024
