,Annualized Return,Annualized Vol,Sharpe Ratio,Max Drawdown,Skewness,Kurtosis,Cornish-Fisher VaR (5%),Historic CVaR (5%)
Mean Return,17.07830445891856,14.52945822788972,0.7187276313687472,-28.42203431361482,-1.4273662230450856,15.390498901381054,0.03340879807577751,0.046364820412076076
