,Annualized Return,Annualized Vol,Sharpe Ratio,Max Drawdown,Skewness,Kurtosis,Cornish-Fisher VaR (5%),Historic CVaR (5%)
Mean Return,18.61811102357651,14.383126910302835,0.7920129435113191,-27.389538861233078,-0.6608790430584024,11.456319628291158,0.029457764505489644,0.04340988986617843
