,Annualized Return,Annualized Vol,Sharpe Ratio,Max Drawdown,Skewness,Kurtosis,Cornish-Fisher VaR (5%),Historic CVaR (5%)
Mean Return,15.136546414206142,13.325610097301954,0.6128346061402032,-24.41666142435536,-0.989265274445979,8.92427757558562,0.030108237236307726,0.043207997560627355
