,Annualized Return,Annualized Vol,Sharpe Ratio,Max Drawdown,Skewness,Kurtosis,Cornish-Fisher VaR (5%),Historic CVaR (5%)
Mean Return,13.983384877417437,12.228244983281735,0.58913610435393,-19.566407125793265,-0.6996157175808853,6.125799839572815,0.027564656513128092,0.03934050146855812
