,Annualized Return,Annualized Vol,Sharpe Ratio,Max Drawdown,Skewness,Kurtosis,Cornish-Fisher VaR (5%),Historic CVaR (5%)
Mean Return,16.868442112575146,13.883515733833804,0.7020320253981485,-21.941697849938706,-0.6836894108068876,8.486017325872092,0.029875138395606092,0.04394603236509716
