,Annualized Return,Annualized Vol,Sharpe Ratio,Max Drawdown,Skewness,Kurtosis,Cornish-Fisher VaR (5%),Historic CVaR (5%)
Mean Return,20.37314419385099,13.2190432676703,0.9866037411047647,-23.428551901740846,-1.1213914286486686,9.9752284313382,0.029197572652275485,0.04077292931004742
