,Annualized Return,Annualized Vol,Sharpe Ratio,Max Drawdown,Skewness,Kurtosis,Cornish-Fisher VaR (5%),Historic CVaR (5%)
Mean Return,16.3502738102435,13.851022298927704,0.6685047166837201,-26.852320492898468,-1.3340555321367986,13.297612311690672,0.031096299459753545,0.042999360576872744
