,Annualized Return,Annualized Vol,Sharpe Ratio,Max Drawdown,Skewness,Kurtosis,Cornish-Fisher VaR (5%),Historic CVaR (5%)
Mean Return,16.773427220065894,16.46769935612433,0.5884354898881945,-31.663870505261894,0.04707775156505365,7.227255048489248,0.03200484629919485,0.05061804266486773
