,Annualized Return,Annualized Vol,Sharpe Ratio,Max Drawdown,Skewness,Kurtosis,Cornish-Fisher VaR (5%),Historic CVaR (5%)
Mean Return,13.715884614821562,14.414963789758822,0.49977422213565,-25.465813400985905,-0.5928564869357085,9.091686730616951,0.03177747677827322,0.045545905198159826
