,Annualized Return,Annualized Vol,Sharpe Ratio,Max Drawdown,Skewness,Kurtosis,Cornish-Fisher VaR (5%),Historic CVaR (5%)
Mean Return,14.312191780590688,14.651520166212903,0.5021855053355713,-29.587347104223333,-1.6712997895894024,17.873734454001752,0.0330770135527985,0.044350491455124645
