,Annualized Return,Annualized Vol,Sharpe Ratio,Max Drawdown,Skewness,Kurtosis,Cornish-Fisher VaR (5%),Historic CVaR (5%)
Mean Return,20.792634537339396,12.649523637265519,1.0678682867327687,-23.55892760883362,-0.8126548111808298,7.864063210005972,0.02739511244889428,0.041179079099892525
