,Annualized Return,Annualized Vol,Skewness,Kurtosis,Cornish-Fisher VaR (5%),Historic CVaR (5%),Sharpe Ratio,Max Drawdown
Mean Return,0.18879630553504967,0.14588163948268792,-0.5720978691613045,10.71687440605717,0.029698758077865442,0.044771379096888095,0.7990633568020329,-0.23082114990927297
