,Annualized Return,Annualized Vol,Sharpe Ratio,Max Drawdown,Skewness,Kurtosis,Cornish-Fisher VaR (5%),Historic CVaR (5%)
Mean Return,15.274997315217531,13.791575254059463,0.5980852646218169,-24.274716740521416,-0.9735076079686825,9.423846708522758,0.03096407069010077,0.0450616815493212
