,Annualized Return,Annualized Vol,Skewness,Kurtosis,Cornish-Fisher VaR (5%),Historic CVaR (5%),Sharpe Ratio,Max Drawdown
Mean Return,0.16876521377955012,0.14189410363548433,-0.4819784719447638,8.319960385075102,0.029603707888457235,0.043050858816392035,0.6901248111475343,-0.21357775491827563
