,Annualized Return,Annualized Vol,Sharpe Ratio,Max Drawdown,Skewness,Kurtosis,Cornish-Fisher VaR (5%),Historic CVaR (5%)
Mean Return,15.948073777319195,14.834544273063658,0.5986804495847932,-27.213488359446654,-0.9256206761198177,9.96875815059287,0.03291483214066837,0.04955563593822907
