,Annualized Return,Annualized Vol,Sharpe Ratio,Max Drawdown,Skewness,Kurtosis,Cornish-Fisher VaR (5%),Historic CVaR (5%)
Mean Return,15.825949683581042,13.398099698901863,0.6557278781337897,-22.492457025432554,-0.8925951146639414,10.489744125833553,0.029133450931596035,0.042698911769460744
