,Annualized Return,Annualized Vol,Sharpe Ratio,Max Drawdown,Skewness,Kurtosis,Cornish-Fisher VaR (5%),Historic CVaR (5%)
Mean Return,21.24419243903548,16.509662757839198,0.837423850999114,-33.86632426596271,-0.5202457276799681,13.513947479272344,0.03206981307890383,0.04885452743545304
