,Annualized Return,Annualized Vol,Sharpe Ratio,Max Drawdown,Skewness,Kurtosis,Cornish-Fisher VaR (5%),Historic CVaR (5%)
Mean Return,19.540388026264054,17.013540251015876,0.7186576531656196,-37.106361290618985,-0.8398312875604597,15.17654907731758,0.03458327686749861,0.05011010543629809
