,Annualized Return,Annualized Vol,Sharpe Ratio,Max Drawdown,Skewness,Kurtosis,Cornish-Fisher VaR (5%),Historic CVaR (5%)
Mean Return,14.57515606992641,12.509472875496098,0.6068041145270338,-20.734701982786675,-0.6128474668410805,5.734173630938464,0.027664026392039284,0.03955922302988562
