,Annualized Return,Annualized Vol,Sharpe Ratio,Max Drawdown,Skewness,Kurtosis,Cornish-Fisher VaR (5%),Historic CVaR (5%)
Mean Return,16.14230213953256,13.421599462815143,0.6741321718485263,-26.653984836142403,-0.8715203362386355,9.903036873364188,0.029279783452744037,0.042464621142938114
