,Annualized Return,Annualized Vol,Sharpe Ratio,Max Drawdown,Skewness,Kurtosis,Cornish-Fisher VaR (5%),Historic CVaR (5%)
Mean Return,16.756057808592306,13.927979658387052,0.6936388675311534,-21.491749738335443,-0.6044771346241845,9.622359865683519,0.029148294818069655,0.04363133056688374
