,Annualized Return,Annualized Vol,Sharpe Ratio,Max Drawdown,Skewness,Kurtosis,Cornish-Fisher VaR (5%),Historic CVaR (5%)
Mean Return,19.402973515174814,16.661631637247734,0.727962546294979,-27.785456199592538,-1.058027612544627,11.834186479712855,0.03661006933382856,0.05230634166736882
