,Annualized Return,Annualized Vol,Sharpe Ratio,Max Drawdown,Skewness,Kurtosis,Cornish-Fisher VaR (5%),Historic CVaR (5%)
Mean Return,13.088756128160405,14.999962852759142,0.41285798348235314,-26.09729979739314,-1.1203812196406449,10.53661816044922,0.03454665811777271,0.049376201891313906
