,Annualized Return,Annualized Vol,Skewness,Kurtosis,Cornish-Fisher VaR (5%),Historic CVaR (5%),Sharpe Ratio,Max Drawdown
Mean Return,0.18960732347550024,0.14467883076084898,-0.681603495007756,11.546459559691266,0.029680773954404768,0.044252527472739264,0.8071280192752461,-0.27389538861233076
