,Annualized Return,Annualized Vol,Sharpe Ratio,Max Drawdown,Skewness,Kurtosis,Cornish-Fisher VaR (5%),Historic CVaR (5%)
Mean Return,19.918204586723554,13.901381066765964,0.9061641406078926,-27.872806994697573,-0.8904210848351541,9.920257104446318,0.029890720137643812,0.04384667653885875
