,Annualized Return,Annualized Vol,Sharpe Ratio,Max Drawdown,Skewness,Kurtosis,Cornish-Fisher VaR (5%),Historic CVaR (5%)
Mean Return,14.76308814650893,12.742348013952624,0.6095779349867811,-19.558133923965546,-0.4409107218873264,6.530358074640494,0.02710767621132129,0.03889486400274997
