,Annualized Return,Annualized Vol,Skewness,Kurtosis,Cornish-Fisher VaR (5%),Historic CVaR (5%),Sharpe Ratio,Max Drawdown
Mean Return,0.12085347234357857,0.15662716157046327,-0.3115955108096315,9.26382515875875,0.033278338638000934,0.04953174992106193,0.36101062369642795,-0.28976804803003026
