,Annualized Return,Annualized Vol,Sharpe Ratio,Max Drawdown,Skewness,Kurtosis,Cornish-Fisher VaR (5%),Historic CVaR (5%)
Mean Return,19.11992925114987,13.938666445463621,0.8511240524609458,-19.321767267826857,-0.5101292785680662,10.41261189295608,0.028012419768010756,0.04057067381860771
