,Annualized Return,Annualized Vol,Sharpe Ratio,Max Drawdown,Skewness,Kurtosis,Cornish-Fisher VaR (5%),Historic CVaR (5%)
Mean Return,15.943302681876336,12.646568415442136,0.7019365506416493,-19.14716875580619,-0.532805944938165,6.499620383484914,0.027126645242882896,0.03827526629028349
