,Annualized Return,Annualized Vol,Sharpe Ratio,Max Drawdown,Skewness,Kurtosis,Cornish-Fisher VaR (5%),Historic CVaR (5%)
Mean Return,20.579299861768476,16.665027024591865,0.7920460538819017,-33.86632426596271,-0.5077581155190861,13.41638155998304,0.03247772752457609,0.04885452743545304
