,Annualized Return,Annualized Vol,Sharpe Ratio,Max Drawdown,Skewness,Kurtosis,Cornish-Fisher VaR (5%),Historic CVaR (5%)
Mean Return,21.703414744288295,13.142889819488818,1.0950872581648323,-21.002509979137525,-0.39589929217404524,9.46022068881209,0.02584010887545788,0.03950930496784355
