,Annualized Return,Annualized Vol,Sharpe Ratio,Max Drawdown,Skewness,Kurtosis,Cornish-Fisher VaR (5%),Historic CVaR (5%)
Mean Return,17.682526262356667,13.231810454220136,0.8026416942963414,-26.799512187439433,-0.4399572369243339,6.013800994099398,0.028206171320296302,0.04170234964333586
