,Annualized Return,Annualized Vol,Sharpe Ratio,Max Drawdown,Skewness,Kurtosis,Cornish-Fisher VaR (5%),Historic CVaR (5%)
Mean Return,18.002321964393353,13.395545370008477,0.8071982804918825,-19.02606828239561,-0.11719935331339296,4.91394116154864,0.02704875005924197,0.038430866507697094
