,Annualized Return,Annualized Vol,Sharpe Ratio,Max Drawdown,Skewness,Kurtosis,Cornish-Fisher VaR (5%),Historic CVaR (5%)
Mean Return,15.324736913277071,15.840974977847294,0.5557934699992438,-35.23489423669413,-1.7822190625165215,21.363688638850192,0.036066421477103365,0.04798307278442952
