,Annualized Return,Annualized Vol,Sharpe Ratio,Max Drawdown,Skewness,Kurtosis,Cornish-Fisher VaR (5%),Historic CVaR (5%)
Mean Return,16.647986737106855,14.111131663899599,0.6742975101882365,-24.22791154431553,-0.05038945530075115,7.409058449109906,0.027552527810547366,0.041812025218696786
