,Annualized Return,Annualized Vol,Sharpe Ratio,Max Drawdown,Skewness,Kurtosis,Cornish-Fisher VaR (5%),Historic CVaR (5%)
Mean Return,16.32931042601189,13.801104930129373,0.6722549142979275,-22.924156848744477,-0.8355200515021372,9.289184659252351,0.030185951360293062,0.04428845058699186
