,Annualized Return,Annualized Vol,Sharpe Ratio,Max Drawdown,Skewness,Kurtosis,Cornish-Fisher VaR (5%),Historic CVaR (5%)
Mean Return,17.24203823520987,13.390426051567554,0.7541236727625876,-18.91449125503749,-0.14890854446283433,5.402564553457576,0.027144244275317798,0.039604439942457485
