,Annualized Return,Annualized Vol,Sharpe Ratio,Max Drawdown,Skewness,Kurtosis,Cornish-Fisher VaR (5%),Historic CVaR (5%)
Mean Return,18.198038352211054,13.573405782008471,0.8076005343539188,-28.543995595064466,-1.4441718407834911,13.752633151023483,0.030440035565328427,0.042990588974633245
