,Annualized Return,Annualized Vol,Sharpe Ratio,Max Drawdown,Skewness,Kurtosis,Cornish-Fisher VaR (5%),Historic CVaR (5%)
Mean Return,16.146561768365665,14.907677738122851,0.6098589117971981,-21.17441284107256,-0.3313185401083748,8.206185300708713,0.030600811882671667,0.04592593239448721
