,Annualized Return,Annualized Vol,Sharpe Ratio,Max Drawdown,Skewness,Kurtosis,Cornish-Fisher VaR (5%),Historic CVaR (5%)
Mean Return,21.25281334138056,16.511970249310952,0.8377971456953555,-32.655607319767356,-0.6707707993623219,11.900804404995224,0.03371901138022991,0.04671725942752403
