,Annualized Return,Annualized Vol,Sharpe Ratio,Max Drawdown,Skewness,Kurtosis,Cornish-Fisher VaR (5%),Historic CVaR (5%)
Mean Return,16.248166684280974,13.736917617972475,0.667072477344619,-22.4690026050445,-0.6842772724184117,9.106865760314907,0.029397094118236825,0.04269261608495265
