,Annualized Return,Annualized Vol,Sharpe Ratio,Max Drawdown,Skewness,Kurtosis,Cornish-Fisher VaR (5%),Historic CVaR (5%)
Mean Return,19.4276953934885,12.479221947531878,0.9797146816288006,-23.902430693558927,-0.8073505171315453,7.087466101959767,0.02746154349744643,0.04075277346867078
