,Annualized Return,Annualized Vol,Skewness,Kurtosis,Cornish-Fisher VaR (5%),Historic CVaR (5%),Sharpe Ratio,Max Drawdown
Mean Return,0.1821412644265865,0.17060267724940129,-1.1002565257508559,12.106687899543566,0.037858580012060175,0.05380749611201909,0.646494192740786,-0.2911254875736396
