,Annualized Return,Annualized Vol,Sharpe Ratio,Max Drawdown,Skewness,Kurtosis,Cornish-Fisher VaR (5%),Historic CVaR (5%)
Mean Return,17.090935447287215,12.033946354509993,0.8406468396032606,-19.185313391551595,-0.5693421649530881,6.771535987384396,0.02576816201662282,0.03699615574425818
