,Annualized Return,Annualized Vol,Sharpe Ratio,Max Drawdown,Skewness,Kurtosis,Cornish-Fisher VaR (5%),Historic CVaR (5%)
Mean Return,18.713055014772472,13.265182501209877,0.8630961558607146,-28.580145803982067,-1.4712331149448243,14.274919533479615,0.029519178800180138,0.04194122614428559
