,Annualized Return,Annualized Vol,Sharpe Ratio,Max Drawdown,Skewness,Kurtosis,Cornish-Fisher VaR (5%),Historic CVaR (5%)
Mean Return,20.24803087518061,14.808245538638698,0.8716218059335848,-20.58194173308952,-0.6181720531648022,9.758612229757732,0.03064161252181991,0.04061974656833802
