,Annualized Return,Annualized Vol,Sharpe Ratio,Max Drawdown,Skewness,Kurtosis,Cornish-Fisher VaR (5%),Historic CVaR (5%)
Mean Return,17.52979502037013,14.50371623129664,0.7161980730736411,-25.94759980236816,-0.6875749411346472,7.25945115608594,0.03173524710074604,0.04690697321820597
