,Annualized Return,Annualized Vol,Sharpe Ratio,Max Drawdown,Skewness,Kurtosis,Cornish-Fisher VaR (5%),Historic CVaR (5%)
Mean Return,16.521281128134202,13.367299692970544,0.7034848009212853,-27.61128867226596,-0.9804089562814022,10.444915320196783,0.02938701282864921,0.04168592203502623
