,Annualized Return,Annualized Vol,Sharpe Ratio,Max Drawdown,Skewness,Kurtosis,Cornish-Fisher VaR (5%),Historic CVaR (5%)
Mean Return,15.451645232519429,14.516343521907324,0.5796575705983806,-20.572143719599936,-0.2161234415579316,8.607288564060315,0.029039289036301687,0.042822331309914884
