,Annualized Return,Annualized Vol,Sharpe Ratio,Max Drawdown,Skewness,Kurtosis,Cornish-Fisher VaR (5%),Historic CVaR (5%)
Mean Return,15.608701051950291,11.93020450119859,0.7316625458405237,-19.566407125793265,-0.7810657935096914,6.783620959199146,0.026680536426225164,0.038500268137015646
