,Annualized Return,Annualized Vol,Sharpe Ratio,Max Drawdown,Skewness,Kurtosis,Cornish-Fisher VaR (5%),Historic CVaR (5%)
Mean Return,21.329813352911465,13.427317653804025,1.040867397756698,-22.6749319185082,-0.7422104502619189,11.063790550303727,0.027378171894245892,0.040641498933248775
