,Annualized Return,Annualized Vol,Sharpe Ratio,Max Drawdown,Skewness,Kurtosis,Cornish-Fisher VaR (5%),Historic CVaR (5%)
Mean Return,16.764081189664324,13.399026267716325,0.7218866333226615,-19.17961302264279,-0.40037079695073613,9.343753652011534,0.02704867627543248,0.03967196997447679
