,Annualized Return,Annualized Vol,Sharpe Ratio,Max Drawdown,Skewness,Kurtosis,Cornish-Fisher VaR (5%),Historic CVaR (5%)
Mean Return,19.425975716564793,14.268258364530467,0.849069391610483,-26.73360530258305,-1.2032733858932165,13.666961635930422,0.03087151213293012,0.045472920140814575
