,Annualized Return,Annualized Vol,Sharpe Ratio,Max Drawdown,Skewness,Kurtosis,Cornish-Fisher VaR (5%),Historic CVaR (5%)
Mean Return,17.408929716643694,13.569491490190696,0.7557329571718928,-24.492273190783184,-0.17993770700101924,11.517691356244098,0.025362515068688377,0.040631816583921516
