,Annualized Return,Annualized Vol,Sharpe Ratio,Max Drawdown,Skewness,Kurtosis,Cornish-Fisher VaR (5%),Historic CVaR (5%)
Mean Return,20.18067082586623,13.017352493281154,0.9931246552726826,-23.64411357748287,-1.0058741770832966,8.829692190781865,0.02892214362910913,0.04363124850120238
