,Annualized Return,Annualized Vol,Sharpe Ratio,Max Drawdown,Skewness,Kurtosis,Cornish-Fisher VaR (5%),Historic CVaR (5%)
Mean Return,18.7917432526427,16.861892814164605,0.6833353412876912,-35.63787770738461,-1.0599758868697424,14.458128843165674,0.03598279826158266,0.047262809755218835
