,Annualized Return,Annualized Vol,Sharpe Ratio,Max Drawdown,Skewness,Kurtosis,Cornish-Fisher VaR (5%),Historic CVaR (5%)
Mean Return,20.664695306455716,13.809327932567658,0.9616061046981507,-25.86581877094705,-1.2506004993191542,12.29375363225322,0.030322866751208356,0.043560188901604
