,Annualized Return,Annualized Vol,Sharpe Ratio,Max Drawdown,Skewness,Kurtosis,Cornish-Fisher VaR (5%),Historic CVaR (5%)
Mean Return,18.483456927864395,14.908853208947354,0.7555827521151378,-25.514165117012105,-1.5948123028305274,12.050580021301547,0.035089410345607266,0.050547956338412914
