,Annualized Return,Annualized Vol,Sharpe Ratio,Max Drawdown,Skewness,Kurtosis,Cornish-Fisher VaR (5%),Historic CVaR (5%)
Mean Return,18.91358855451426,14.34207236783325,0.8124882551626847,-26.654904633687295,-1.435932958559241,13.336356443827237,0.03234119557617103,0.04404907713688521
