,Annualized Return,Annualized Vol,Sharpe Ratio,Max Drawdown,Skewness,Kurtosis,Cornish-Fisher VaR (5%),Historic CVaR (5%)
Mean Return,20.45935391375069,14.296239934047103,0.9179205722166581,-26.18011932230274,-0.7948610326453075,12.377615462046414,0.02927568188973414,0.04177587138099077
