,Annualized Return,Annualized Vol,Sharpe Ratio,Max Drawdown,Skewness,Kurtosis,Cornish-Fisher VaR (5%),Historic CVaR (5%)
Mean Return,18.185830649589207,13.873576905796709,0.7892120707586626,-27.42605057000024,-1.2502118188037747,13.195568553790594,0.030526725103582116,0.04454040629385035
