,Annualized Return,Annualized Vol,Sharpe Ratio,Max Drawdown,Skewness,Kurtosis,Cornish-Fisher VaR (5%),Historic CVaR (5%)
Mean Return,16.45896706486272,12.268455309758043,0.7630929070117853,-20.30374587913721,-0.7613394846173592,6.180957545157286,0.02726888368808056,0.0395043705706285
