,Annualized Return,Annualized Vol,Sharpe Ratio,Max Drawdown,Skewness,Kurtosis,Cornish-Fisher VaR (5%),Historic CVaR (5%)
Mean Return,15.288267099918173,12.998108074848547,0.6740486368446003,-24.706684028416976,-1.431436408408453,14.083731922186752,0.030397334743189702,0.04202738037905045
