,Annualized Return,Annualized Vol,Sharpe Ratio,Max Drawdown,Skewness,Kurtosis,Cornish-Fisher VaR (5%),Historic CVaR (5%)
Mean Return,14.032662603962232,12.374284211065923,0.5859310999699204,-18.902181644713647,-0.7806673819933955,6.387616858082914,0.02818254224331682,0.03985648311172905
