,Annualized Return,Annualized Vol,Sharpe Ratio,Max Drawdown,Skewness,Kurtosis,Cornish-Fisher VaR (5%),Historic CVaR (5%)
Mean Return,15.571062095772348,14.285821899927118,0.5968699076339447,-28.236702451031064,-1.4242726848443874,14.953829114632688,0.03204068836967838,0.04369937962571581
