,Annualized Return,Annualized Vol,Sharpe Ratio,Max Drawdown,Skewness,Kurtosis,Cornish-Fisher VaR (5%),Historic CVaR (5%)
Mean Return,17.52992587709734,14.470717409967499,0.7178399645621866,-26.152393870107392,-0.7883279274119472,7.450382557752321,0.03209685363005086,0.046874341350663304
