,Annualized Return,Annualized Vol,Sharpe Ratio,Max Drawdown,Skewness,Kurtosis,Cornish-Fisher VaR (5%),Historic CVaR (5%)
Mean Return,14.745004494295454,13.882850163278942,0.5582593991368996,-23.989053459520317,-0.9758195309462833,10.055576680794713,0.031038829744960875,0.044414563617969645
