,Annualized Return,Annualized Vol,Sharpe Ratio,Max Drawdown,Skewness,Kurtosis,Cornish-Fisher VaR (5%),Historic CVaR (5%)
Mean Return,14.837064218928253,16.11259182687858,0.49000382535913695,-28.982481044235264,-0.9105706077332266,7.755842757768051,0.037060605337576435,0.053918804437375976
