,Annualized Return,Annualized Vol,Skewness,Kurtosis,Cornish-Fisher VaR (5%),Historic CVaR (5%),Sharpe Ratio,Max Drawdown
Mean Return,0.15868277934469455,0.1436202066204379,-1.5176681839644888,15.720382070217703,0.032285874185047934,0.04402191625505052,0.6143996324997093,-0.2778621831410613
