,Annualized Return,Annualized Vol,Sharpe Ratio,Max Drawdown,Skewness,Kurtosis,Cornish-Fisher VaR (5%),Historic CVaR (5%)
Mean Return,23.48666108957438,15.783694985067445,1.0106182353302935,-25.685287541885533,0.20593249699729388,8.028646431366527,0.028150452705420284,0.040925695853459766
