,Annualized Return,Annualized Vol,Skewness,Kurtosis,Cornish-Fisher VaR (5%),Historic CVaR (5%),Sharpe Ratio,Max Drawdown
Mean Return,0.1475594782020977,0.13533185753511928,-1.058420460307104,9.661817980531803,0.031552817714330716,0.0456954388400826,0.6040894396767896,-0.24893548868774926
