,Annualized Return,Annualized Vol,Sharpe Ratio,Max Drawdown,Skewness,Kurtosis,Cornish-Fisher VaR (5%),Historic CVaR (5%)
Mean Return,10.026372077566293,17.137391524826576,0.1933337737213091,-36.76679358729012,-2.0836154933436677,22.319296307008468,0.03977246531802839,0.05225974884164901
