,Annualized Return,Annualized Vol,Sharpe Ratio,Max Drawdown,Skewness,Kurtosis,Cornish-Fisher VaR (5%),Historic CVaR (5%)
Mean Return,19.34252811193453,14.760190985097251,0.8154518884355213,-25.652383617558726,-0.7407471053220003,12.07205500890114,0.03037629285332267,0.04384704344747726
