,Annualized Return,Annualized Vol,Sharpe Ratio,Max Drawdown,Skewness,Kurtosis,Cornish-Fisher VaR (5%),Historic CVaR (5%)
Mean Return,18.76958683987766,14.06064203424004,0.8203100789483083,-24.701789862844866,-1.1630572700994248,14.218930872032841,0.030059807585909835,0.042757673931588074
