,Annualized Return,Annualized Vol,Sharpe Ratio,Max Drawdown,Skewness,Kurtosis,Cornish-Fisher VaR (5%),Historic CVaR (5%)
Mean Return,22.59241714999596,13.59372842585033,1.115480672309056,-23.222680851055582,-0.8452100402969575,11.102937256213066,0.02803920727779901,0.04125421099826912
