,Annualized Return,Annualized Vol,Sharpe Ratio,Max Drawdown,Skewness,Kurtosis,Cornish-Fisher VaR (5%),Historic CVaR (5%)
Mean Return,17.71644696390191,16.041394348478395,0.6591320599699488,-26.6474645451492,-0.4484342000736189,7.5918444131381255,0.033837253832982146,0.051585172240826795
