,Annualized Return,Annualized Vol,Sharpe Ratio,Max Drawdown,Skewness,Kurtosis,Cornish-Fisher VaR (5%),Historic CVaR (5%)
Mean Return,21.62994017492754,13.458204676547261,1.0594525295439041,-22.6749319185082,-0.7423502009644167,10.977273327036016,0.027434657476003363,0.04066363010250593
