,Annualized Return,Annualized Vol,Sharpe Ratio,Max Drawdown,Skewness,Kurtosis,Cornish-Fisher VaR (5%),Historic CVaR (5%)
Mean Return,18.184773134696684,13.586024166505773,0.808502130654493,-25.397881960611763,-1.1872293551428201,13.476502969116197,0.02942600572440584,0.04083888883090611
