,Annualized Return,Annualized Vol,Sharpe Ratio,Max Drawdown,Skewness,Kurtosis,Cornish-Fisher VaR (5%),Historic CVaR (5%)
Mean Return,14.255236830302987,13.64259627653211,0.5649148680081459,-24.980229355654753,-1.1901235789006237,10.35152902257651,0.03226574253206543,0.04609857840155087
