,Annualized Return,Annualized Vol,Sharpe Ratio,Max Drawdown,Skewness,Kurtosis,Cornish-Fisher VaR (5%),Historic CVaR (5%)
Mean Return,19.766226080917825,15.797816254758636,0.7878899308737946,-35.63753629357645,-0.9953329796206227,14.175029375685591,0.03314796505631543,0.044428791548137385
