,Annualized Return,Annualized Vol,Sharpe Ratio,Max Drawdown,Skewness,Kurtosis,Cornish-Fisher VaR (5%),Historic CVaR (5%)
Mean Return,19.671789184846112,13.182397817643702,0.9393229769325485,-23.42855190174082,-1.16109107549608,9.802289205653134,0.02945855059574567,0.04081085654602894
