,Annualized Return,Annualized Vol,Sharpe Ratio,Max Drawdown,Skewness,Kurtosis,Cornish-Fisher VaR (5%),Historic CVaR (5%)
Mean Return,17.597959026053633,13.339851850434123,0.779284327553359,-24.342597031208246,-0.4384269961929043,10.311994888593658,0.026620506543788124,0.040776122490012126
