,Annualized Return,Annualized Vol,Sharpe Ratio,Max Drawdown,Skewness,Kurtosis,Cornish-Fisher VaR (5%),Historic CVaR (5%)
Mean Return,17.953631078955222,14.329173813384758,0.7537450216239598,-24.536385336330817,-0.9287674013688456,9.748175107056213,0.031465708336964625,0.046133006185765435
