,Annualized Return,Annualized Vol,Sharpe Ratio,Max Drawdown,Skewness,Kurtosis,Cornish-Fisher VaR (5%),Historic CVaR (5%)
Mean Return,15.70878470227055,13.819159242668627,0.6264042660762386,-22.93572564088088,-0.7630107996549598,9.15825865070652,0.030046322734314644,0.043406241442323815
