,Annualized Return,Annualized Vol,Sharpe Ratio,Max Drawdown,Skewness,Kurtosis,Cornish-Fisher VaR (5%),Historic CVaR (5%)
Mean Return,20.66464883852901,13.355847501060367,1.0044315498678889,-19.259414958033847,-0.26272429955486887,7.69228390797309,0.02647637115730123,0.03806144558360009
