,Annualized Return,Annualized Vol,Sharpe Ratio,Max Drawdown,Skewness,Kurtosis,Cornish-Fisher VaR (5%),Historic CVaR (5%)
Mean Return,16.753907416747005,14.082790761864638,0.6844468017444204,-28.796121601359715,-1.3704060182008386,13.398623131707359,0.031723190542317384,0.04500469449652167
