,Annualized Return,Annualized Vol,Skewness,Kurtosis,Cornish-Fisher VaR (5%),Historic CVaR (5%),Sharpe Ratio,Max Drawdown
Mean Return,0.21580368799665584,0.1481648105633428,-0.12018513819192268,6.550175315138002,0.029263777935539036,0.041614229990360053,0.9635554562473678,-0.2487174568581468
