,Annualized Return,Annualized Vol,Sharpe Ratio,Max Drawdown,Skewness,Kurtosis,Cornish-Fisher VaR (5%),Historic CVaR (5%)
Mean Return,16.1333062392637,14.521573557159279,0.6235778890484177,-28.625924306111965,-1.7001182037000835,17.15807097448366,0.03287085130985472,0.046204126516419336
