,Annualized Return,Annualized Vol,Sharpe Ratio,Max Drawdown,Skewness,Kurtosis,Cornish-Fisher VaR (5%),Historic CVaR (5%)
Mean Return,18.41982097390442,14.156519971434525,0.7915256180901605,-19.524328261985158,-0.32550365616492083,7.518569320549913,0.028784256031290912,0.0417622481197298
