,Annualized Return,Annualized Vol,Sharpe Ratio,Max Drawdown,Skewness,Kurtosis,Cornish-Fisher VaR (5%),Historic CVaR (5%)
Mean Return,16.587517153985274,14.333120843097493,0.6650686411198098,-20.840824468302817,-0.5416487233062628,8.411968784708764,0.030257561897973503,0.04342473710209483
