,Annualized Return,Annualized Vol,Sharpe Ratio,Max Drawdown,Skewness,Kurtosis,Cornish-Fisher VaR (5%),Historic CVaR (5%)
Mean Return,16.83859822971825,13.207646129039622,0.7682655137346196,-23.955290514215545,-1.2249687421034432,9.661988401756368,0.031119635099138447,0.044449156539715956
