,Annualized Return,Annualized Vol,Sharpe Ratio,Max Drawdown,Skewness,Kurtosis,Cornish-Fisher VaR (5%),Historic CVaR (5%)
Mean Return,19.42469617679712,16.279398064690447,0.7443988060754197,-33.86632426596271,-0.4799711863929538,13.131208370911422,0.031800479421400914,0.04773289348484524
