,Annualized Return,Annualized Vol,Sharpe Ratio,Max Drawdown,Skewness,Kurtosis,Cornish-Fisher VaR (5%),Historic CVaR (5%)
Mean Return,20.63990619195306,13.835900616344865,0.9607387267286978,-20.054589311004086,-0.3048121666903536,8.321320118389579,0.027288825279304263,0.04147635333481512
