,Annualized Return,Annualized Vol,Sharpe Ratio,Max Drawdown,Skewness,Kurtosis,Cornish-Fisher VaR (5%),Historic CVaR (5%)
Mean Return,20.74855835297933,16.578363031623102,0.8091849984779694,-20.040836847190377,0.1156120443447671,6.608941657416657,0.031422926070340106,0.04833196306637767
