,Annualized Return,Annualized Vol,Sharpe Ratio,Max Drawdown,Skewness,Kurtosis,Cornish-Fisher VaR (5%),Historic CVaR (5%)
Mean Return,13.528834749607533,16.26433231803559,0.4168611620142349,-24.89130244072434,-0.7271876528886272,7.208238530143273,0.037194827004735226,0.05463409919019739
