,Annualized Return,Annualized Vol,Sharpe Ratio,Max Drawdown,Skewness,Kurtosis,Cornish-Fisher VaR (5%),Historic CVaR (5%)
Mean Return,16.43728522963668,13.389068407154973,0.697688136765675,-24.35167568175787,-0.5884532383119989,9.611066668478806,0.027901895530558517,0.040785875852304726
