,Annualized Return,Annualized Vol,Sharpe Ratio,Max Drawdown,Skewness,Kurtosis,Cornish-Fisher VaR (5%),Historic CVaR (5%)
Mean Return,16.616077142612063,13.249840778616853,0.7266212472025052,-25.85352388352387,-0.3861903212899455,5.727855340465136,0.028262742076398048,0.04242431097226377
