,Annualized Return,Annualized Vol,Sharpe Ratio,Max Drawdown,Skewness,Kurtosis,Cornish-Fisher VaR (5%),Historic CVaR (5%)
Mean Return,17.486012009002728,13.462257556920154,0.764785241840012,-26.36146579564921,-1.6505525423440588,15.503061164338401,0.03049529784485066,0.041116548855697224
