,Annualized Return,Annualized Vol,Sharpe Ratio,Max Drawdown,Skewness,Kurtosis,Cornish-Fisher VaR (5%),Historic CVaR (5%)
Mean Return,20.496679269807583,14.491101810244409,0.9068307747486554,-27.041654532908932,-1.336508283195903,12.12740707642302,0.03248180740424122,0.04484370155106705
