,Annualized Return,Annualized Vol,Sharpe Ratio,Max Drawdown,Skewness,Kurtosis,Cornish-Fisher VaR (5%),Historic CVaR (5%)
Mean Return,18.46336510072142,15.640280897544878,0.7198077076436284,-30.597030466524654,-1.2020372832434048,14.033088285053399,0.03412768786687858,0.04614375875617726
