,Annualized Return,Annualized Vol,Sharpe Ratio,Max Drawdown,Skewness,Kurtosis,Cornish-Fisher VaR (5%),Historic CVaR (5%)
Mean Return,24.375930842079164,13.044667001299484,1.293962142643706,-20.86798022862076,0.030709822375449773,9.453373946414047,0.023059609965862246,0.0384875598300238
