,Annualized Return,Annualized Vol,Sharpe Ratio,Max Drawdown,Skewness,Kurtosis,Cornish-Fisher VaR (5%),Historic CVaR (5%)
Mean Return,17.977804565375276,15.941424523115657,0.678919841857284,-29.866855527048468,-0.7212789418859387,9.580063823327484,0.03425170976377701,0.05045013620619907
