,Annualized Return,Annualized Vol,Sharpe Ratio,Max Drawdown,Skewness,Kurtosis,Cornish-Fisher VaR (5%),Historic CVaR (5%)
Mean Return,16.939810158289802,13.416850440888203,0.7314573418073201,-26.550964715616672,-0.8344549357756922,10.38255521906412,0.02877124766712947,0.04183458231398376
