,Annualized Return,Annualized Vol,Sharpe Ratio,Max Drawdown,Skewness,Kurtosis,Cornish-Fisher VaR (5%),Historic CVaR (5%)
Mean Return,16.2210878326696,14.172235225253853,0.6426329452254006,-37.172485330506596,-1.8619227672164083,17.59970990491885,0.032539477031762576,0.04560865121593349
