,Annualized Return,Annualized Vol,Sharpe Ratio,Max Drawdown,Skewness,Kurtosis,Cornish-Fisher VaR (5%),Historic CVaR (5%)
Mean Return,16.47034526252289,13.887777024444253,0.7112504608262873,-29.428168460313593,-1.6816597223692562,17.927710118133,0.032031803491055055,0.04379396499419737
