,Annualized Return,Annualized Vol,Sharpe Ratio,Max Drawdown,Skewness,Kurtosis,Cornish-Fisher VaR (5%),Historic CVaR (5%)
Mean Return,24.299089747552838,15.452412683018926,1.0817851193317993,-25.685287541885533,0.18955712156303803,8.229920648900716,0.02736994374163482,0.03936603379124473
