,Annualized Return,Annualized Vol,Sharpe Ratio,Max Drawdown,Skewness,Kurtosis,Cornish-Fisher VaR (5%),Historic CVaR (5%)
Mean Return,18.412579504569692,13.30808909614981,0.8390902902586997,-28.58618778176677,-1.5054382680440654,14.11607011525408,0.02987640559230424,0.04228272568245572
