,Annualized Return,Annualized Vol,Sharpe Ratio,Max Drawdown,Skewness,Kurtosis,Cornish-Fisher VaR (5%),Historic CVaR (5%)
Mean Return,15.969231732026312,14.192355191087923,0.6306884232429627,-22.48593014357776,-0.7813334855572432,9.742437859538873,0.03073015352300402,0.04441967274156645
