,Annualized Return,Annualized Vol,Sharpe Ratio,Max Drawdown,Skewness,Kurtosis,Cornish-Fisher VaR (5%),Historic CVaR (5%)
Mean Return,19.35696204716637,14.281564857378909,0.8462895486453589,-20.355541213859066,-0.3369729205096303,7.898567068551396,0.028823428533173816,0.04170097954983689
