,Annualized Return,Annualized Vol,Sharpe Ratio,Max Drawdown,Skewness,Kurtosis,Cornish-Fisher VaR (5%),Historic CVaR (5%)
Mean Return,15.10978392207203,13.213787925730797,0.6124918036498037,-19.72876944083736,-0.1989398908211408,6.431580342758557,0.0269750313736142,0.03948702038772307
