,Annualized Return,Annualized Vol,Skewness,Kurtosis,Cornish-Fisher VaR (5%),Historic CVaR (5%),Sharpe Ratio,Max Drawdown
Mean Return,0.20535029973236574,0.14115548257010563,-0.5467404237312069,8.58076256246647,0.02908280981214081,0.0426084756230911,0.936028621976671,-0.21491749738335442
