,Annualized Return,Annualized Vol,Sharpe Ratio,Max Drawdown,Skewness,Kurtosis,Cornish-Fisher VaR (5%),Historic CVaR (5%)
Mean Return,8.392881268562302,17.16769535406075,0.10998255587260417,-31.68504559978192,-0.3622918333328186,6.03445664318235,0.03857343570583561,0.0573004074822819
