,Annualized Return,Annualized Vol,Sharpe Ratio,Max Drawdown,Skewness,Kurtosis,Cornish-Fisher VaR (5%),Historic CVaR (5%)
Mean Return,17.293552350712304,14.51786004398295,0.6988794749153621,-26.312760977495174,-0.7996147144603879,7.600803811821044,0.03225501171879359,0.04695256748333708
