,Annualized Return,Annualized Vol,Sharpe Ratio,Max Drawdown,Skewness,Kurtosis,Cornish-Fisher VaR (5%),Historic CVaR (5%)
Mean Return,17.597268801249612,14.928368634641965,0.6987842717095207,-20.58194173308952,-0.6509851353374223,9.17512833039193,0.031762259289182665,0.043070264065790835
