,Annualized Return,Annualized Vol,Skewness,Kurtosis,Cornish-Fisher VaR (5%),Historic CVaR (5%),Sharpe Ratio,Max Drawdown
Mean Return,0.17318896362490954,0.1394180506249135,-1.3576156048032733,13.736098836836144,0.031109945078687612,0.045039020693758716,0.7269033338378769,-0.2819165205995368
