,Annualized Return,Annualized Vol,Skewness,Kurtosis,Cornish-Fisher VaR (5%),Historic CVaR (5%),Sharpe Ratio,Max Drawdown
Mean Return,0.16356181618537513,0.1384902547411262,-1.4015997855954574,14.134889614590316,0.031060252505726135,0.043104600475632734,0.6702944421091543,-0.2664406140995271
