,Annualized Return,Annualized Vol,Sharpe Ratio,Max Drawdown,Skewness,Kurtosis,Cornish-Fisher VaR (5%),Historic CVaR (5%)
Mean Return,16.337316188296835,13.13422820392125,0.7432020739277324,-25.421195263817335,-1.5098450332416473,15.254699664335215,0.03044175283709493,0.04176226892302423
