,Annualized Return,Annualized Vol,Sharpe Ratio,Max Drawdown,Skewness,Kurtosis,Cornish-Fisher VaR (5%),Historic CVaR (5%)
Mean Return,18.80798626277467,14.514267793457602,0.7984916736512951,-24.012530397425785,-0.3376942510502318,6.421370331673588,0.030028542265206605,0.044418871493250606
