,Annualized Return,Annualized Vol,Sharpe Ratio,Max Drawdown,Skewness,Kurtosis,Cornish-Fisher VaR (5%),Historic CVaR (5%)
Mean Return,16.371789747577694,13.331707878690288,0.7049116245826198,-25.71610320830234,-0.3784302392678694,5.699709882426034,0.028467600114299562,0.042521007264713015
