,Annualized Return,Annualized Vol,Sharpe Ratio,Max Drawdown,Skewness,Kurtosis,Cornish-Fisher VaR (5%),Historic CVaR (5%)
Mean Return,18.51258578902386,14.26923850862399,0.7927387775898769,-23.561728090892387,-0.42390653652173643,6.543738938712576,0.029927808033528916,0.04487272210228949
