,Annualized Return,Annualized Vol,Sharpe Ratio,Max Drawdown,Skewness,Kurtosis,Cornish-Fisher VaR (5%),Historic CVaR (5%)
Mean Return,18.16620575107144,14.686035570333727,0.7467397966733472,-25.69280227551175,-1.3371040369419624,11.839344848101696,0.03345703807370137,0.046748514687186216
