,Annualized Return,Annualized Vol,Sharpe Ratio,Max Drawdown,Skewness,Kurtosis,Cornish-Fisher VaR (5%),Historic CVaR (5%)
Mean Return,19.275842214568062,14.352950200768541,0.8367655012607754,-23.84650522307267,-0.4016620943248022,6.190050125694783,0.0300297905954797,0.043680701984889395
