,Annualized Return,Annualized Vol,Sharpe Ratio,Max Drawdown,Skewness,Kurtosis,Cornish-Fisher VaR (5%),Historic CVaR (5%)
Mean Return,13.717035256681065,15.261147596988792,0.45209007737695617,-22.165916110767835,-0.3789561501220351,6.2227582655986255,0.03321825295278723,0.049272489584108216
