,Annualized Return,Annualized Vol,Sharpe Ratio,Max Drawdown,Skewness,Kurtosis,Cornish-Fisher VaR (5%),Historic CVaR (5%)
Mean Return,18.100006142837977,13.573405782008471,0.8033816209299791,-28.543995595064466,-1.4441718407834911,13.752633151023483,0.030440035565328427,0.042990588974633245
