,Annualized Return,Annualized Vol,Sharpe Ratio,Max Drawdown,Skewness,Kurtosis,Cornish-Fisher VaR (5%),Historic CVaR (5%)
Mean Return,13.156207234204121,16.42837852521678,0.3913376683165939,-24.299938720887713,-0.5134896599295293,7.96797464172421,0.036024696974791555,0.05431518665602078
