,Annualized Return,Annualized Vol,Sharpe Ratio,Max Drawdown,Skewness,Kurtosis,Cornish-Fisher VaR (5%),Historic CVaR (5%)
Mean Return,19.82295290223388,12.838975631875183,0.9814353908806285,-23.23245056162893,-0.8702801083303929,7.689910114429294,0.028334262233846264,0.041963035352563606
