,Annualized Return,Annualized Vol,Skewness,Kurtosis,Cornish-Fisher VaR (5%),Historic CVaR (5%),Sharpe Ratio,Max Drawdown
Mean Return,0.16265797730866494,0.1442903073724726,-0.5433864000360474,8.296512463726495,0.0305873213786239,0.04467161428102028,0.6388520998555012,-0.22176353323797438
