,Annualized Return,Annualized Vol,Sharpe Ratio,Max Drawdown,Skewness,Kurtosis,Cornish-Fisher VaR (5%),Historic CVaR (5%)
Mean Return,23.134030676691797,14.378899990306504,1.087544402694196,-24.404566993998035,0.3836385926908993,8.963146669723459,0.023925527085160443,0.04001792020329479
