,Annualized Return,Annualized Vol,Sharpe Ratio,Max Drawdown,Skewness,Kurtosis,Cornish-Fisher VaR (5%),Historic CVaR (5%)
Mean Return,15.495538810081012,13.584946449236371,0.6224491995955185,-24.581945198791104,-0.5395810189270674,9.83557976670708,0.0281814141368043,0.04249079260217198
