,Annualized Return,Annualized Vol,Sharpe Ratio,Max Drawdown,Skewness,Kurtosis,Cornish-Fisher VaR (5%),Historic CVaR (5%)
Mean Return,14.757739174034379,13.774777374407698,0.5635101326848376,-23.71598432731372,-0.9385718159598053,8.83355833067323,0.03107179455811214,0.04465765513841814
