,Annualized Return,Annualized Vol,Sharpe Ratio,Max Drawdown,Skewness,Kurtosis,Cornish-Fisher VaR (5%),Historic CVaR (5%)
Mean Return,16.203044556677447,15.73794447154305,0.577487109556445,-35.57382315356018,-0.7282128155207945,11.10426977698236,0.0334679037041654,0.04716286444987714
