,Annualized Return,Annualized Vol,Sharpe Ratio,Max Drawdown,Skewness,Kurtosis,Cornish-Fisher VaR (5%),Historic CVaR (5%)
Mean Return,15.695422998408603,13.699264612620187,0.6320516564011193,-27.58676990927987,-1.5043481864672974,14.11398672142319,0.03126899781269058,0.043170203427297986
