,Annualized Return,Annualized Vol,Sharpe Ratio,Max Drawdown,Skewness,Kurtosis,Cornish-Fisher VaR (5%),Historic CVaR (5%)
Mean Return,21.58101662142915,16.462062679140217,0.8611934779294801,-20.040836847190377,0.06526715467729623,6.302563560082554,0.031532791740013374,0.04781820822563383
