,Annualized Return,Annualized Vol,Sharpe Ratio,Max Drawdown,Skewness,Kurtosis,Cornish-Fisher VaR (5%),Historic CVaR (5%)
Mean Return,17.915951124470553,13.596005553990608,0.7868363859413392,-26.716266422155797,-1.6829700951199977,15.540310261760911,0.030876595290747825,0.04167583034901921
