,Annualized Return,Annualized Vol,Sharpe Ratio,Max Drawdown,Skewness,Kurtosis,Cornish-Fisher VaR (5%),Historic CVaR (5%)
Mean Return,16.95980356785569,13.547706003007706,0.7275482058714111,-20.598424285168644,-0.4257406921859575,7.91644096640148,0.02801633608809323,0.040332126879501363
