,Annualized Return,Annualized Vol,Sharpe Ratio,Max Drawdown,Skewness,Kurtosis,Cornish-Fisher VaR (5%),Historic CVaR (5%)
Mean Return,17.868133188819147,13.464435935648073,0.7945922469124098,-29.047985785863457,-1.3165109765763132,14.899990374056015,0.02923097219717177,0.04019222094605667
