,Annualized Return,Annualized Vol,Sharpe Ratio,Max Drawdown,Skewness,Kurtosis,Cornish-Fisher VaR (5%),Historic CVaR (5%)
Mean Return,14.460268865573589,13.468451236089878,0.5925480011478409,-26.66164980815547,-1.4340611463366708,15.136667008994497,0.0313483045214706,0.043818178080401615
