,Annualized Return,Annualized Vol,Sharpe Ratio,Max Drawdown,Skewness,Kurtosis,Cornish-Fisher VaR (5%),Historic CVaR (5%)
Mean Return,16.612212122932647,13.454244324384277,0.7065319403564283,-23.355211693300976,-0.40524932970748273,9.41802940831714,0.027189999686845597,0.04129468223984064
