,Annualized Return,Annualized Vol,Sharpe Ratio,Max Drawdown,Skewness,Kurtosis,Cornish-Fisher VaR (5%),Historic CVaR (5%)
Mean Return,17.07321092207179,14.357829761125679,0.6922427053789458,-25.866483909442284,-0.7574224539399907,7.239674644073931,0.03183521202243262,0.04632494806211831
