,Annualized Return,Annualized Vol,Sharpe Ratio,Max Drawdown,Skewness,Kurtosis,Cornish-Fisher VaR (5%),Historic CVaR (5%)
Mean Return,8.863941613707205,17.684095988333056,0.13497246456363293,-28.94854165389885,-0.824666514093136,6.650720004789383,0.04235811715589288,0.06246752844222586
