,Annualized Return,Annualized Vol,Skewness,Kurtosis,Cornish-Fisher VaR (5%),Historic CVaR (5%),Sharpe Ratio,Max Drawdown
Mean Return,0.14586116289369722,0.12269688882961283,-0.6301564276807249,6.07442388399804,0.02727254912533841,0.03956877159235963,0.6316668628745412,-0.19952141898787068
