,Annualized Return,Annualized Vol,Skewness,Kurtosis,Cornish-Fisher VaR (5%),Historic CVaR (5%),Sharpe Ratio,Max Drawdown
Mean Return,0.15837345470750708,0.13389940214422155,-0.37787780038376423,9.773286278270458,0.026919750759278493,0.04065937809458053,0.6526876969561232,-0.23229371717341538
