,Annualized Return,Annualized Vol,Sharpe Ratio,Max Drawdown,Skewness,Kurtosis,Cornish-Fisher VaR (5%),Historic CVaR (5%)
Mean Return,15.876430425526422,14.478569223164357,0.606659408147435,-32.65588423801774,-1.1435349597875668,13.03407550429469,0.03192545683733304,0.044705701095555404
