,Annualized Return,Annualized Vol,Sharpe Ratio,Max Drawdown,Skewness,Kurtosis,Cornish-Fisher VaR (5%),Historic CVaR (5%)
Mean Return,19.44603256665691,13.380707369953363,0.9071326524889505,-24.01593189245084,-1.1907433738182833,14.676192349372387,0.02831778286493164,0.04039423355416828
