,Annualized Return,Annualized Vol,Sharpe Ratio,Max Drawdown,Skewness,Kurtosis,Cornish-Fisher VaR (5%),Historic CVaR (5%)
Mean Return,20.73653416543282,13.345323947502665,1.0054513908973446,-23.553983216770348,-0.892462047263517,11.750792913576328,0.02773184060420359,0.04154392940828294
