,Annualized Return,Annualized Vol,Sharpe Ratio,Max Drawdown,Skewness,Kurtosis,Cornish-Fisher VaR (5%),Historic CVaR (5%)
Mean Return,22.39648654558033,13.254104230093267,1.127529421146427,-21.70087106367104,-0.737596211370711,10.066851734811415,0.027172585418870063,0.03979520229967423
