,Annualized Return,Annualized Vol,Sharpe Ratio,Max Drawdown,Skewness,Kurtosis,Cornish-Fisher VaR (5%),Historic CVaR (5%)
Mean Return,21.607364169310973,15.185137827495442,0.934113532794127,-30.021048839041576,-0.6095114494592458,9.17629571683161,0.0314886446894441,0.04535162443147207
