,Annualized Return,Annualized Vol,Sharpe Ratio,Max Drawdown,Skewness,Kurtosis,Cornish-Fisher VaR (5%),Historic CVaR (5%)
Mean Return,23.45374698974416,13.625554206987738,1.168524948771158,-27.484262162531802,-0.7303985922899977,9.663321850132599,0.02800602255978213,0.04074310843153435
