,Annualized Return,Annualized Vol,Sharpe Ratio,Max Drawdown,Skewness,Kurtosis,Cornish-Fisher VaR (5%),Historic CVaR (5%)
Mean Return,20.59367015795466,14.115548257010563,0.9386209905286976,-21.491749738335443,-0.5467404237312069,8.58076256246647,0.02908280981214081,0.0426084756230911
