,Annualized Return,Annualized Vol,Sharpe Ratio,Max Drawdown,Skewness,Kurtosis,Cornish-Fisher VaR (5%),Historic CVaR (5%)
Mean Return,16.044937485642595,13.856466504073259,0.6475253706912835,-23.764985407209398,-0.9566579113593586,9.763483020475036,0.03077996948310733,0.044924226326577395
