,Annualized Return,Annualized Vol,Sharpe Ratio,Max Drawdown,Skewness,Kurtosis,Cornish-Fisher VaR (5%),Historic CVaR (5%)
Mean Return,19.03798455754866,14.461395760488166,0.8150246816380542,-23.402675023788763,-0.39019460781535903,5.934208543356689,0.030360905432245858,0.04468523183110579
