,Annualized Return,Annualized Vol,Sharpe Ratio,Max Drawdown,Skewness,Kurtosis,Cornish-Fisher VaR (5%),Historic CVaR (5%)
Mean Return,19.361465147104617,14.293429684580216,0.8447107556991444,-26.775629286543285,-1.4609740174647887,13.250857525029074,0.032296608187384473,0.04378969189930675
