,Annualized Return,Annualized Vol,Sharpe Ratio,Max Drawdown,Skewness,Kurtosis,Cornish-Fisher VaR (5%),Historic CVaR (5%)
Mean Return,16.648068451106557,13.633440463850146,0.6997143828374826,-27.49952102282477,-0.9723003247020388,10.268668144032073,0.030024229153183844,0.04297151186676916
