,Annualized Return,Annualized Vol,Sharpe Ratio,Max Drawdown,Skewness,Kurtosis,Cornish-Fisher VaR (5%),Historic CVaR (5%)
Mean Return,21.494443869835212,13.657052424896673,1.0403256855042253,-19.930823215593612,0.09247611300406626,10.12863976903777,0.02416956282802398,0.038845649828478004
