,Annualized Return,Annualized Vol,Skewness,Kurtosis,Cornish-Fisher VaR (5%),Historic CVaR (5%),Sharpe Ratio,Max Drawdown
Mean Return,0.20551382861920175,0.13924075189245083,-0.4746284794090331,8.499182427609801,0.02830265458923778,0.04202953168926194,0.9500074509847947,-0.20892102357676912
