,Annualized Return,Annualized Vol,Sharpe Ratio,Max Drawdown,Skewness,Kurtosis,Cornish-Fisher VaR (5%),Historic CVaR (5%)
Mean Return,18.47442518372182,14.022991352828726,0.8104938179807408,-23.59852046834611,-0.10143761239472085,5.614881383711528,0.028279730859214727,0.042717579826273055
