,Annualized Return,Annualized Vol,Sharpe Ratio,Max Drawdown,Skewness,Kurtosis,Cornish-Fisher VaR (5%),Historic CVaR (5%)
Mean Return,17.026854554450367,13.289950901043165,0.748268636659037,-21.759396454114018,-0.5755449882720246,8.126571052742054,0.028060311007620874,0.041583836914410664
