,Annualized Return,Annualized Vol,Sharpe Ratio,Max Drawdown,Skewness,Kurtosis,Cornish-Fisher VaR (5%),Historic CVaR (5%)
Mean Return,11.731447462374668,12.115736821471627,0.41433909737524954,-24.691765020455264,-0.8912539651183276,6.614428121506142,0.02836449712612039,0.039913765115377885
