,Annualized Return,Annualized Vol,Sharpe Ratio,Max Drawdown,Skewness,Kurtosis,Cornish-Fisher VaR (5%),Historic CVaR (5%)
Mean Return,15.323233655380243,14.31895906435241,0.5839875106428584,-30.56130164148935,-0.5264222501675963,8.355353861061042,0.030691784067530262,0.046467704969371616
