,Annualized Return,Annualized Vol,Sharpe Ratio,Max Drawdown,Skewness,Kurtosis,Cornish-Fisher VaR (5%),Historic CVaR (5%)
Mean Return,13.40338470335498,15.960653267208825,0.4095798332042794,-28.510419129458338,-0.5509068764717424,7.277905712883876,0.03510373079939274,0.04705268390863784
