,Annualized Return,Annualized Vol,Sharpe Ratio,Max Drawdown,Skewness,Kurtosis,Cornish-Fisher VaR (5%),Historic CVaR (5%)
Mean Return,17.09630997173237,13.230708697352878,0.7501695288888289,-26.732881574233097,-1.341340783283446,12.68832086651961,0.029730771869836817,0.04180133394500283
