,Annualized Return,Annualized Vol,Sharpe Ratio,Max Drawdown,Skewness,Kurtosis,Cornish-Fisher VaR (5%),Historic CVaR (5%)
Mean Return,17.450283272956746,15.712265156849426,0.6626223982508599,-24.891136236023183,-0.22201797336582382,5.455874197801129,0.033028999700279615,0.04573990526987839
