,Annualized Return,Annualized Vol,Sharpe Ratio,Max Drawdown,Skewness,Kurtosis,Cornish-Fisher VaR (5%),Historic CVaR (5%)
Mean Return,12.024503464799352,15.100201164528999,0.37066204962788474,-26.775174730063906,-0.9616263083866609,7.66704079376452,0.03635683558742404,0.050675318591703676
