,Annualized Return,Annualized Vol,Sharpe Ratio,Max Drawdown,Skewness,Kurtosis,Cornish-Fisher VaR (5%),Historic CVaR (5%)
Mean Return,16.135664936501072,15.949909205481305,0.5688775339564455,-30.901380557163034,-0.8896069253391824,12.42334035280292,0.03426070135524748,0.04823171911897917
