,Annualized Return,Annualized Vol,Sharpe Ratio,Max Drawdown,Skewness,Kurtosis,Cornish-Fisher VaR (5%),Historic CVaR (5%)
Mean Return,20.0935589303751,15.773067554092837,0.8148136348955123,-32.03762040264469,-0.18789026934047745,5.5987765241320755,0.03248097921310644,0.045983004320812274
