,Annualized Return,Annualized Vol,Sharpe Ratio,Max Drawdown,Skewness,Kurtosis,Cornish-Fisher VaR (5%),Historic CVaR (5%)
Mean Return,16.73944546104016,15.406884120627847,0.623763096458269,-30.923082983786664,-0.7136569559981661,10.520439926363434,0.03278745141325956,0.04641159208149654
