,Annualized Return,Annualized Vol,Sharpe Ratio,Max Drawdown,Skewness,Kurtosis,Cornish-Fisher VaR (5%),Historic CVaR (5%)
Mean Return,17.104395338818957,15.744405836971465,0.6310567456192929,-35.64315098055971,-1.358840129851889,16.674500028207767,0.034250610820173645,0.04640351268497065
