,Annualized Return,Annualized Vol,Sharpe Ratio,Max Drawdown,Skewness,Kurtosis,Cornish-Fisher VaR (5%),Historic CVaR (5%)
Mean Return,11.578829345522834,13.614322816206423,0.35062869059549323,-26.978395876381743,-0.6812691244728811,8.330003506407325,0.030183667138028957,0.0442525961345575
