,Annualized Return,Annualized Vol,Sharpe Ratio,Max Drawdown,Skewness,Kurtosis,Cornish-Fisher VaR (5%),Historic CVaR (5%)
Mean Return,21.117528574101318,13.36758540283611,1.0293912679107526,-20.866905301686135,-0.5991859204217372,7.060969797490163,0.02808988887194736,0.040089079671463426
