,Annualized Return,Annualized Vol,Sharpe Ratio,Max Drawdown,Skewness,Kurtosis,Cornish-Fisher VaR (5%),Historic CVaR (5%)
Mean Return,12.59339676499225,13.63295928205428,0.4566655218548886,-24.301842942068813,-1.1933094901386372,14.51600226198079,0.031246640502389934,0.04109400437597614
