,Annualized Return,Annualized Vol,Sharpe Ratio,Max Drawdown,Skewness,Kurtosis,Cornish-Fisher VaR (5%),Historic CVaR (5%)
Mean Return,9.246210370926832,12.92881465904002,0.19960902241853862,-21.9991129011725,-0.8362714343028447,7.17748967189558,0.030098966951278866,0.04384726156288844
