,Annualized Return,Annualized Vol,Sharpe Ratio,Max Drawdown,Skewness,Kurtosis,Cornish-Fisher VaR (5%),Historic CVaR (5%)
Mean Return,14.354475337847417,14.504243383387653,0.5090194946645075,-30.413169890508705,-1.0654483538977852,9.790394276102665,0.03315620228158004,0.0446052146604429
