,Annualized Return,Annualized Vol,Skewness,Kurtosis,Cornish-Fisher VaR (5%),Historic CVaR (5%),Sharpe Ratio,Max Drawdown
Mean Return,0.10649315694400174,0.17089777187544203,-0.14733566803771628,6.054609267376418,0.03621112893024054,0.0514583130192596,0.23026326313178833,-0.22569854808458056
