,Annualized Return,Annualized Vol,Sharpe Ratio,Max Drawdown,Skewness,Kurtosis,Cornish-Fisher VaR (5%),Historic CVaR (5%)
Mean Return,15.796016262084379,13.866450025474167,0.6337662364962283,-22.172140804926947,-0.7522418204841236,8.843717126208496,0.030197653452150114,0.044719278533704804
