,Annualized Return,Annualized Vol,Sharpe Ratio,Max Drawdown,Skewness,Kurtosis,Cornish-Fisher VaR (5%),Historic CVaR (5%)
Mean Return,10.716648648122895,19.632152309376075,0.20323033442731642,-36.22359261709393,0.15762153183044764,9.717786277911571,0.037477480500357305,0.05998732452314565
