,Annualized Return,Annualized Vol,Sharpe Ratio,Max Drawdown,Skewness,Kurtosis,Cornish-Fisher VaR (5%),Historic CVaR (5%)
Mean Return,10.03956272886617,15.01761692935084,0.24844856932977402,-28.779256665626512,-1.2658186009834527,9.921149846884134,0.037116310051777165,0.051140738898256564
