,Annualized Return,Annualized Vol,Sharpe Ratio,Max Drawdown,Skewness,Kurtosis,Cornish-Fisher VaR (5%),Historic CVaR (5%)
Mean Return,20.408233925814613,13.019390335654432,1.0069112340228954,-21.3945779247499,-0.6944340704696338,7.2279691768323895,0.027760199647762808,0.04053249395761759
