,Annualized Return,Annualized Vol,Sharpe Ratio,Max Drawdown,Skewness,Kurtosis,Cornish-Fisher VaR (5%),Historic CVaR (5%)
Mean Return,10.23467593430134,17.36588537077001,0.20414336241388953,-25.503414688953065,-0.23864043862413584,6.914518347105832,0.037086316403354774,0.05423269006994234
