,Annualized Return,Annualized Vol,Sharpe Ratio,Max Drawdown,Skewness,Kurtosis,Cornish-Fisher VaR (5%),Historic CVaR (5%)
Mean Return,15.44740086097718,14.194169693821346,0.5959049421511989,-27.735932144579035,-0.7734309186392418,11.554068013615884,0.03007528625565167,0.042270063846524035
