,Annualized Return,Annualized Vol,Skewness,Kurtosis,Cornish-Fisher VaR (5%),Historic CVaR (5%),Sharpe Ratio,Max Drawdown
Mean Return,0.1244138191817088,0.13665255073851582,-0.7671512220703652,8.716941679686732,0.030410621162070307,0.04437523437035745,0.41135591380858816,-0.2529909246718319
