,Annualized Return,Annualized Vol,Sharpe Ratio,Max Drawdown,Skewness,Kurtosis,Cornish-Fisher VaR (5%),Historic CVaR (5%)
Mean Return,14.149917653036947,14.917794185330013,0.479726556292212,-34.1658435274301,-0.9549773630836474,12.191418180408023,0.03267005897824518,0.04375236129597325
