,Annualized Return,Annualized Vol,Skewness,Kurtosis,Cornish-Fisher VaR (5%),Historic CVaR (5%),Sharpe Ratio,Max Drawdown
Mean Return,0.015312814539900854,0.18603160979643307,-0.18577518826728537,7.512435416661163,0.04074554840354231,0.060317436384115686,-0.2521282785391794,-0.4359132438214741
