,Annualized Return,Annualized Vol,Sharpe Ratio,Max Drawdown,Skewness,Kurtosis,Cornish-Fisher VaR (5%),Historic CVaR (5%)
Mean Return,15.787025061518388,13.436895743982195,0.6473845124542268,-27.97285994791891,-1.0521711404844234,11.107952900897365,0.029763805317685667,0.0410839840141791
