,Annualized Return,Annualized Vol,Sharpe Ratio,Max Drawdown,Skewness,Kurtosis,Cornish-Fisher VaR (5%),Historic CVaR (5%)
Mean Return,20.75485379621238,16.461253093314003,0.8132067989387394,-26.58032458684176,-0.291703302929844,8.900100080871896,0.03276397190165758,0.04738089403629643
