,Annualized Return,Annualized Vol,Skewness,Kurtosis,Cornish-Fisher VaR (5%),Historic CVaR (5%),Sharpe Ratio,Max Drawdown
Mean Return,0.12349142169466587,0.14983475049722259,-0.18500753422483884,5.89526201839155,0.03183341975897878,0.04659453976584264,0.37305822903028035,-0.29655475210328397
