,Annualized Return,Annualized Vol,Sharpe Ratio,Max Drawdown,Skewness,Kurtosis,Cornish-Fisher VaR (5%),Historic CVaR (5%)
Mean Return,15.985125556661117,14.412288804448202,0.6219771231714224,-29.594815530033475,-0.857741179764275,12.77762065213666,0.030420575397905766,0.043071130809348684
