,Annualized Return,Annualized Vol,Sharpe Ratio,Max Drawdown,Skewness,Kurtosis,Cornish-Fisher VaR (5%),Historic CVaR (5%)
Mean Return,14.81464076333161,12.655247816512327,0.6524049090498469,-23.079973361582876,-1.0083652402133954,8.438558280328193,0.029543022743516084,0.04181803873044516
