,Annualized Return,Annualized Vol,Sharpe Ratio,Max Drawdown,Skewness,Kurtosis,Cornish-Fisher VaR (5%),Historic CVaR (5%)
Mean Return,12.828251607368223,11.957786637012523,0.5114997601198424,-21.50185997737631,-0.6608704153911534,5.758925668313522,0.027058682161318647,0.03904459335390573
