,Annualized Return,Annualized Vol,Sharpe Ratio,Max Drawdown,Skewness,Kurtosis,Cornish-Fisher VaR (5%),Historic CVaR (5%)
Mean Return,11.158205928599907,12.857461554606658,0.3405210863346405,-30.913907350962187,-1.3506475376494995,11.367103241103104,0.030311975867698536,0.0408745028931548
