,Annualized Return,Annualized Vol,Sharpe Ratio,Max Drawdown,Skewness,Kurtosis,Cornish-Fisher VaR (5%),Historic CVaR (5%)
Mean Return,11.811391860380226,12.211158593024233,0.42247003926699567,-20.099178777558464,-0.39864152915557494,5.71802324629182,0.02668901701821056,0.03893366335281063
