,Annualized Return,Annualized Vol,Skewness,Kurtosis,Cornish-Fisher VaR (5%),Historic CVaR (5%),Sharpe Ratio,Max Drawdown
Mean Return,0.12746702916221375,0.1489675382067245,-0.37030266506487614,5.875915651078417,0.032323794131254094,0.045594561661796255,0.39536935170574183,-0.25593007256878253
