,Annualized Return,Annualized Vol,Sharpe Ratio,Max Drawdown,Skewness,Kurtosis,Cornish-Fisher VaR (5%),Historic CVaR (5%)
Mean Return,12.718926136112053,13.053839572824327,0.44660481404169117,-26.007915454568025,-0.5691426245037299,7.987896789400603,0.02827211047903281,0.041254169224584636
