,Annualized Return,Annualized Vol,Sharpe Ratio,Max Drawdown,Skewness,Kurtosis,Cornish-Fisher VaR (5%),Historic CVaR (5%)
Mean Return,22.296976600170183,13.72797268831967,1.083157048129987,-22.713278170803523,-0.7907462461380739,8.335361515062408,0.029205371120745845,0.0407000442810168
