,Annualized Return,Annualized Vol,Sharpe Ratio,Max Drawdown,Skewness,Kurtosis,Cornish-Fisher VaR (5%),Historic CVaR (5%)
Mean Return,10.5697154988327,16.142610566181084,0.23786852018480398,-33.139059772341376,-0.64756343883395,8.313833937617039,0.03612866930942785,0.04961133358000999
