,Annualized Return,Annualized Vol,Sharpe Ratio,Max Drawdown,Skewness,Kurtosis,Cornish-Fisher VaR (5%),Historic CVaR (5%)
Mean Return,14.722625382296673,17.18398716193717,0.4599608137608228,-24.751216063506412,-0.587626224252243,7.492114960280354,0.03820920732406065,0.05525109065828882
