,Annualized Return,Annualized Vol,Sharpe Ratio,Max Drawdown,Skewness,Kurtosis,Cornish-Fisher VaR (5%),Historic CVaR (5%)
Mean Return,12.626651037259107,13.70103175364939,0.43212767696131493,-27.80832155437772,-0.5798997326244851,6.2343441016374355,0.03078532814115707,0.04218363732560222
