,Annualized Return,Annualized Vol,Sharpe Ratio,Max Drawdown,Skewness,Kurtosis,Cornish-Fisher VaR (5%),Historic CVaR (5%)
Mean Return,19.687194615112613,14.338496563448205,0.8669660227815937,-22.25655060295622,-0.2207841088698908,7.034290519259032,0.02860175812245106,0.04216715541330464
