,Annualized Return,Annualized Vol,Sharpe Ratio,Max Drawdown,Skewness,Kurtosis,Cornish-Fisher VaR (5%),Historic CVaR (5%)
Mean Return,14.768293504456075,14.701773184935906,0.5365485956458147,-27.49491925498086,-0.23976749102740913,5.003400352847102,0.03146269410468729,0.04230071739814249
