,Annualized Return,Annualized Vol,Sharpe Ratio,Max Drawdown,Skewness,Kurtosis,Cornish-Fisher VaR (5%),Historic CVaR (5%)
Mean Return,15.453192636121106,14.665401320032249,0.5746693808094134,-29.277303689125368,-0.8307574981156397,11.08287861053367,0.031662684184509994,0.04430378351564213
