,Annualized Return,Annualized Vol,Sharpe Ratio,Max Drawdown,Skewness,Kurtosis,Cornish-Fisher VaR (5%),Historic CVaR (5%)
Mean Return,16.97882444779417,13.413311278921606,0.731722623416314,-26.507190239720124,-1.1323235135474972,11.407384864026758,0.029757031313983964,0.042636962130973524
