,Annualized Return,Annualized Vol,Sharpe Ratio,Max Drawdown,Skewness,Kurtosis,Cornish-Fisher VaR (5%),Historic CVaR (5%)
Mean Return,13.57203608941482,14.642266191707476,0.46110270655412733,-31.770324957894736,-1.0441416772715304,8.827456484147485,0.03422918359484972,0.0457566489590179
