,Annualized Return,Annualized Vol,Sharpe Ratio,Max Drawdown,Skewness,Kurtosis,Cornish-Fisher VaR (5%),Historic CVaR (5%)
Mean Return,14.93641235512273,15.385465422716235,0.5178603064988564,-25.099804298897,-0.5632222538222206,8.264546162243755,0.0331419177997274,0.0462528904362203
