,Annualized Return,Annualized Vol,Sharpe Ratio,Max Drawdown,Skewness,Kurtosis,Cornish-Fisher VaR (5%),Historic CVaR (5%)
Mean Return,16.340707897029148,12.84380845899127,0.7202447538583058,-20.651559434397498,-0.7595178131628889,8.592673788255759,0.02781987498351359,0.040173458107326615
