,Annualized Return,Annualized Vol,Sharpe Ratio,Max Drawdown,Skewness,Kurtosis,Cornish-Fisher VaR (5%),Historic CVaR (5%)
Mean Return,16.865312335771243,15.043733910964457,0.6476766965747323,-23.758436972200688,-1.1286970872234883,13.390251089515957,0.03286613216724112,0.04408928200060747
