,Annualized Return,Annualized Vol,Sharpe Ratio,Max Drawdown,Skewness,Kurtosis,Cornish-Fisher VaR (5%),Historic CVaR (5%)
Mean Return,14.288750507124991,13.254854819446093,0.56475731412002,-20.138671333565487,-0.47074618906068716,6.478524104592958,0.0287851111737264,0.04125698977350222
