,Annualized Return,Annualized Vol,Sharpe Ratio,Max Drawdown,Skewness,Kurtosis,Cornish-Fisher VaR (5%),Historic CVaR (5%)
Mean Return,12.499323822514485,16.44775557789749,0.34514537190833866,-32.5759097917142,-0.431684453612921,10.515197806830615,0.034199514192155944,0.05110543437494494
