,Annualized Return,Annualized Vol,Sharpe Ratio,Max Drawdown,Skewness,Kurtosis,Cornish-Fisher VaR (5%),Historic CVaR (5%)
Mean Return,12.320453059640602,14.334964779419401,0.4162441567699441,-25.072925807115492,-1.3383234733962563,15.418780859381089,0.033340108245472476,0.043869385485501136
