,Annualized Return,Annualized Vol,Sharpe Ratio,Max Drawdown,Skewness,Kurtosis,Cornish-Fisher VaR (5%),Historic CVaR (5%)
Mean Return,14.964237734894503,15.058418881556209,0.5272801784456874,-25.17086959027852,-1.224906923233619,16.030814661206854,0.03259697615057168,0.04422224231751376
