,Annualized Return,Annualized Vol,Sharpe Ratio,Max Drawdown,Skewness,Kurtosis,Cornish-Fisher VaR (5%),Historic CVaR (5%)
Mean Return,10.355418378869995,13.45009382175344,0.26725108503840606,-30.051079490078642,-1.4095086121459839,11.356331321826211,0.032208715196897025,0.04612380805162331
