,Annualized Return,Annualized Vol,Skewness,Kurtosis,Cornish-Fisher VaR (5%),Historic CVaR (5%),Sharpe Ratio,Max Drawdown
Mean Return,0.1691265192865512,0.1313454588101841,-0.6545396422092598,6.541053068186908,0.028945179537874545,0.04136407902538029,0.7525414300791664,-0.2555533690586846
