,Annualized Return,Annualized Vol,Sharpe Ratio,Max Drawdown,Skewness,Kurtosis,Cornish-Fisher VaR (5%),Historic CVaR (5%)
Mean Return,16.865180375786416,13.847753455891068,0.7050014712233268,-20.555419894908898,-0.5117575085928086,6.809095336373495,0.02956966068999553,0.04341764520831449
