,Annualized Return,Annualized Vol,Sharpe Ratio,Max Drawdown,Skewness,Kurtosis,Cornish-Fisher VaR (5%),Historic CVaR (5%)
Mean Return,13.707628653809456,12.020720480892082,0.5753990534146742,-20.019534098728272,-0.42331966944311644,6.1016480073514385,0.025895391518478285,0.03805893491899065
