,Annualized Return,Annualized Vol,Sharpe Ratio,Max Drawdown,Skewness,Kurtosis,Cornish-Fisher VaR (5%),Historic CVaR (5%)
Mean Return,14.844458568526985,15.123502679981723,0.5197958377395968,-24.646500434217263,-1.374667837803285,15.82264717843528,0.03357696268179439,0.04473661211639625
