,Annualized Return,Annualized Vol,Sharpe Ratio,Max Drawdown,Skewness,Kurtosis,Cornish-Fisher VaR (5%),Historic CVaR (5%)
Mean Return,12.803813094685701,14.802554391992063,0.40493402876805307,-32.09075555802778,-0.7898109916197179,6.939004096014524,0.03424873494461491,0.0469528622468298
