,Annualized Return,Annualized Vol,Sharpe Ratio,Max Drawdown,Skewness,Kurtosis,Cornish-Fisher VaR (5%),Historic CVaR (5%)
Mean Return,14.408914953637876,14.753914865334899,0.5049529763737562,-26.847313090799062,-1.4465105411931252,16.94006573765312,0.032653309605686937,0.04390518243449403
