,Annualized Return,Annualized Vol,Sharpe Ratio,Max Drawdown,Skewness,Kurtosis,Cornish-Fisher VaR (5%),Historic CVaR (5%)
Mean Return,11.386518609956475,14.25023046024416,0.3562999169362181,-23.866577137892,-1.1677829835698745,14.450172209138909,0.03288272864448768,0.04390959946195812
