,Annualized Return,Annualized Vol,Sharpe Ratio,Max Drawdown,Skewness,Kurtosis,Cornish-Fisher VaR (5%),Historic CVaR (5%)
Mean Return,14.842319373847545,15.303097858323975,0.5135614287292277,-25.583745077046515,-1.42949237785177,16.41735085516482,0.03401955190814922,0.0445062050196725
