,Annualized Return,Annualized Vol,Sharpe Ratio,Max Drawdown,Skewness,Kurtosis,Cornish-Fisher VaR (5%),Historic CVaR (5%)
Mean Return,11.689673222649422,12.626616586453048,0.3863232495951302,-19.7387050503886,-0.5384510726869437,5.617592524792605,0.02813635513471972,0.04179348110124976
