,Annualized Return,Annualized Vol,Sharpe Ratio,Max Drawdown,Skewness,Kurtosis,Cornish-Fisher VaR (5%),Historic CVaR (5%)
Mean Return,13.766068087122951,14.182727421421001,0.49250652199351813,-28.92941771781198,-0.4201499175709998,5.951027881319622,0.031016975162825054,0.04317296975799933
