,Annualized Return,Annualized Vol,Sharpe Ratio,Max Drawdown,Skewness,Kurtosis,Cornish-Fisher VaR (5%),Historic CVaR (5%)
Mean Return,12.592008065894067,14.10183980242731,0.4406871287181861,-23.38711767008769,-1.2639271732708954,15.169195840407262,0.03246444749979744,0.04244230890293369
