,Annualized Return,Annualized Vol,Sharpe Ratio,Max Drawdown,Skewness,Kurtosis,Cornish-Fisher VaR (5%),Historic CVaR (5%)
Mean Return,13.568260702482382,13.754260350762737,0.4857465050086913,-23.28883416815,-0.7733023296655671,8.562070847564396,0.03051846026448541,0.0448210706198889
