,Annualized Return,Annualized Vol,Sharpe Ratio,Max Drawdown,Skewness,Kurtosis,Cornish-Fisher VaR (5%),Historic CVaR (5%)
Mean Return,13.404328857603476,15.286178538134848,0.42580407740232656,-27.01093834114635,-0.6653364137755057,9.596239103300196,0.03317182310485964,0.047247033279217004
