,Annualized Return,Annualized Vol,Sharpe Ratio,Max Drawdown,Skewness,Kurtosis,Cornish-Fisher VaR (5%),Historic CVaR (5%)
Mean Return,13.739873385342305,14.653746997090947,0.471519717221985,-31.65938740448707,-1.150867342678464,9.605026720946546,0.03443850403988055,0.045640867096193485
