,Annualized Return,Annualized Vol,Sharpe Ratio,Max Drawdown,Skewness,Kurtosis,Cornish-Fisher VaR (5%),Historic CVaR (5%)
Mean Return,12.57974447434913,16.618808645969644,0.3461408684091106,-34.830088124408,-0.7020728410396773,11.08868830840275,0.03593168793715875,0.05234875451239003
