,Annualized Return,Annualized Vol,Sharpe Ratio,Max Drawdown,Skewness,Kurtosis,Cornish-Fisher VaR (5%),Historic CVaR (5%)
Mean Return,13.27548407716459,15.019884609251353,0.4239978609221851,-31.2451789522053,-1.256153885388578,10.296975662232107,0.03534321906134097,0.04728890140075433
