,Annualized Return,Annualized Vol,Sharpe Ratio,Max Drawdown,Skewness,Kurtosis,Cornish-Fisher VaR (5%),Historic CVaR (5%)
Mean Return,12.977730995726589,14.2164578183813,0.4261417898165179,-30.09150740355315,-0.9375753334155499,10.617541519983186,0.031752075234337825,0.044642552486816194
