,Annualized Return,Annualized Vol,Sharpe Ratio,Max Drawdown,Skewness,Kurtosis,Cornish-Fisher VaR (5%),Historic CVaR (5%)
Mean Return,15.874434315206031,13.340927018040553,0.6605402081020076,-26.77140819258714,-0.5283029824716482,5.884261140062026,0.028984206216981882,0.04000616333356664
