,Annualized Return,Annualized Vol,Sharpe Ratio,Max Drawdown,Skewness,Kurtosis,Cornish-Fisher VaR (5%),Historic CVaR (5%)
Mean Return,16.898586366501856,15.141519239190679,0.6455579319850907,-24.788100830270885,-1.3415823574970067,14.36151548539937,0.033752759949621555,0.04590661278375029
