,Annualized Return,Annualized Vol,Sharpe Ratio,Max Drawdown,Skewness,Kurtosis,Cornish-Fisher VaR (5%),Historic CVaR (5%)
Mean Return,13.003091686594415,13.563694094473197,0.45065876318974746,-24.15513391584997,-0.969907658771167,10.062546989465776,0.030531925843240017,0.04340698373880683
