,Annualized Return,Annualized Vol,Sharpe Ratio,Max Drawdown,Skewness,Kurtosis,Cornish-Fisher VaR (5%),Historic CVaR (5%)
Mean Return,14.126354613197512,16.20645707392008,0.4432007911520129,-34.433937491327995,-1.400096945284742,16.463272211439996,0.03612787733030978,0.04630986928135586
