,Annualized Return,Annualized Vol,Sharpe Ratio,Max Drawdown,Skewness,Kurtosis,Cornish-Fisher VaR (5%),Historic CVaR (5%)
Mean Return,16.464372985741615,14.662282964663328,0.6410907578891835,-26.7102663281427,-0.774208642847914,11.812717411815504,0.030875286572872387,0.044075435511009245
