,Annualized Return,Annualized Vol,Sharpe Ratio,Max Drawdown,Skewness,Kurtosis,Cornish-Fisher VaR (5%),Historic CVaR (5%)
Mean Return,13.92643276602239,15.54240282722408,0.44911425171607167,-27.577143574478953,-0.68301715834065,10.255313601760621,0.03349749140527809,0.047173549719652715
