,Annualized Return,Annualized Vol,Sharpe Ratio,Max Drawdown,Skewness,Kurtosis,Cornish-Fisher VaR (5%),Historic CVaR (5%)
Mean Return,12.514656252412859,13.665255073851581,0.4137046423019677,-25.299092467183186,-0.7671512220703652,8.716941679686732,0.030410621162070307,0.04437523437035745
