,Annualized Return,Annualized Vol,Sharpe Ratio,Max Drawdown,Skewness,Kurtosis,Cornish-Fisher VaR (5%),Historic CVaR (5%)
Mean Return,13.839220408271347,13.326229393380535,0.5284222791269223,-20.65449482613634,-0.5486070076827617,7.527622026340075,0.02902563488772945,0.04174713347421476
