,Annualized Return,Annualized Vol,Sharpe Ratio,Max Drawdown,Skewness,Kurtosis,Cornish-Fisher VaR (5%),Historic CVaR (5%)
Mean Return,16.753454305713824,14.699149421333185,0.6548034676041986,-26.65485402233232,-0.6414890136107665,9.942750009718239,0.031012878852679726,0.04364843117585856
