,Annualized Return,Annualized Vol,Sharpe Ratio,Max Drawdown,Skewness,Kurtosis,Cornish-Fisher VaR (5%),Historic CVaR (5%)
Mean Return,14.899995599095428,14.731203406806417,0.5402014293651746,-26.470484873120576,-0.611536239343294,8.527025124928667,0.03178217672402235,0.048436916464405795
