,Annualized Return,Annualized Vol,Sharpe Ratio,Max Drawdown,Skewness,Kurtosis,Cornish-Fisher VaR (5%),Historic CVaR (5%)
Mean Return,19.690790551079917,12.338342917531852,1.010435906889074,-22.45309304446989,-1.0060375713924812,7.366678839165391,0.027825205417711503,0.04091367295130365
