,Annualized Return,Annualized Vol,Sharpe Ratio,Max Drawdown,Skewness,Kurtosis,Cornish-Fisher VaR (5%),Historic CVaR (5%)
Mean Return,16.03512295286609,15.899597942062654,0.5626697315461492,-29.887921193220222,0.10598739282598606,9.290643432778317,0.029660330113576126,0.043832969750677145
