,Annualized Return,Annualized Vol,Sharpe Ratio,Max Drawdown,Skewness,Kurtosis,Cornish-Fisher VaR (5%),Historic CVaR (5%)
Mean Return,13.927221576401871,14.631251342884955,0.4814741976067997,-29.288195368522242,-1.0002473040694133,7.832016515616487,0.03435143349946863,0.04842356440831546
