,Annualized Return,Annualized Vol,Sharpe Ratio,Max Drawdown,Skewness,Kurtosis,Cornish-Fisher VaR (5%),Historic CVaR (5%)
Mean Return,16.489863832082996,16.084617184980946,0.6099230279399218,-32.46598641635187,-1.2744502695129694,13.270304795081042,0.0372121373248725,0.04953490653277033
