,Annualized Return,Annualized Vol,Sharpe Ratio,Max Drawdown,Skewness,Kurtosis,Cornish-Fisher VaR (5%),Historic CVaR (5%)
Mean Return,19.31642879623272,12.765553230764235,0.9488733942966946,-22.639828350090255,-0.9605353316596164,6.780200360602592,0.02866623024401351,0.04271739932244461
