,Annualized Return,Annualized Vol,Sharpe Ratio,Max Drawdown,Skewness,Kurtosis,Cornish-Fisher VaR (5%),Historic CVaR (5%)
Mean Return,12.343864698935803,16.229995640259474,0.33752617501149734,-35.65620311978562,-0.8690094155012466,9.53033329630722,0.036760919928989506,0.04985896012023249
