,Annualized Return,Annualized Vol,Sharpe Ratio,Max Drawdown,Skewness,Kurtosis,Cornish-Fisher VaR (5%),Historic CVaR (5%)
Mean Return,11.46943191905434,15.6722422937041,0.297998376518521,-30.465097816845997,-1.0952819661145357,13.432814166279773,0.03507159258719163,0.04604256394182428
