,Annualized Return,Annualized Vol,Sharpe Ratio,Max Drawdown,Skewness,Kurtosis,Cornish-Fisher VaR (5%),Historic CVaR (5%)
Mean Return,19.01023411785314,13.51104868418098,0.8787550999690561,-24.040375271625937,-0.20635959953866156,5.288550441629115,0.0277185175581524,0.039030671170996845
