,Annualized Return,Annualized Vol,Sharpe Ratio,Max Drawdown,Skewness,Kurtosis,Cornish-Fisher VaR (5%),Historic CVaR (5%)
Mean Return,13.735504322189861,14.139680188547525,0.47861513172616543,-33.38650319206855,-1.6563986806129214,13.65514929174315,0.03355144116634615,0.04735650902944872
