,Annualized Return,Annualized Vol,Sharpe Ratio,Max Drawdown,Skewness,Kurtosis,Cornish-Fisher VaR (5%),Historic CVaR (5%)
Mean Return,14.601910322786548,12.542162221068573,0.6203698062909078,-20.980981617593923,-0.25453675281476035,6.313751203816584,0.026082780081241194,0.03865881329031794
