,Annualized Return,Annualized Vol,Sharpe Ratio,Max Drawdown,Skewness,Kurtosis,Cornish-Fisher VaR (5%),Historic CVaR (5%)
Mean Return,10.42937706577507,15.091870312065165,0.2716034892331905,-28.687772428770806,-1.2381056408405828,9.719247988860728,0.037182001979490946,0.05110595092723845
