,Annualized Return,Annualized Vol,Sharpe Ratio,Max Drawdown,Skewness,Kurtosis,Cornish-Fisher VaR (5%),Historic CVaR (5%)
Mean Return,14.500975476402544,14.205631625005513,0.5294207640501989,-29.650479230043036,-0.5389135201536515,7.893961552546201,0.03052206506717042,0.043925414823911976
