,Annualized Return,Annualized Vol,Skewness,Kurtosis,Cornish-Fisher VaR (5%),Historic CVaR (5%),Sharpe Ratio,Max Drawdown
Mean Return,0.13879506504347416,0.1462603726588169,-0.8088491859811449,9.053364893110205,0.032843709946952855,0.04650708572150585,0.4806357150581494,-0.306307936631776
