,Annualized Return,Annualized Vol,Sharpe Ratio,Max Drawdown,Skewness,Kurtosis,Cornish-Fisher VaR (5%),Historic CVaR (5%)
Mean Return,16.693749308922932,15.342442974042058,0.6235834516906924,-31.715400526336236,-0.8959816707696485,10.716133388836974,0.03354619153647813,0.04674355325346912
