,Annualized Return,Annualized Vol,Sharpe Ratio,Max Drawdown,Skewness,Kurtosis,Cornish-Fisher VaR (5%),Historic CVaR (5%)
Mean Return,14.447683874454032,13.820512739165894,0.5513372180944979,-23.556805687095522,-0.3977899947052194,6.715880499889561,0.029621650289825455,0.043312926318659954
