,Annualized Return,Annualized Vol,Sharpe Ratio,Max Drawdown,Skewness,Kurtosis,Cornish-Fisher VaR (5%),Historic CVaR (5%)
Mean Return,13.888605229547535,14.880257827066101,0.4739454275202655,-30.80453128236102,-1.2424823075194762,9.981689468249849,0.03528320475740025,0.04892037921466819
