,Annualized Return,Annualized Vol,Sharpe Ratio,Max Drawdown,Skewness,Kurtosis,Cornish-Fisher VaR (5%),Historic CVaR (5%)
Mean Return,14.34805958269163,14.900971975110918,0.4925477168230327,-28.763894679534435,-0.7228661423163788,9.075215161806332,0.03266775468509453,0.044281341850406865
