,Annualized Return,Annualized Vol,Sharpe Ratio,Max Drawdown,Skewness,Kurtosis,Cornish-Fisher VaR (5%),Historic CVaR (5%)
Mean Return,10.079479851661176,17.31994211195461,0.19418387080763092,-26.2009157759953,-0.3687619222879045,7.150979202054735,0.03775799350019802,0.05414176660602433
