,Annualized Return,Annualized Vol,Sharpe Ratio,Max Drawdown,Skewness,Kurtosis,Cornish-Fisher VaR (5%),Historic CVaR (5%)
Mean Return,12.983820653456778,12.077823630107742,0.5185434861701825,-22.024338431014506,-0.7276105339657132,5.683507340249796,0.027642234109718528,0.03948659933221544
