,Annualized Return,Annualized Vol,Sharpe Ratio,Max Drawdown,Skewness,Kurtosis,Cornish-Fisher VaR (5%),Historic CVaR (5%)
Mean Return,12.021595028657117,13.428929552565533,0.38428608469390024,-30.05786250512344,-1.7631837935530392,16.080924760712833,0.03157144142402174,0.04547520496934626
