,Annualized Return,Annualized Vol,Skewness,Kurtosis,Cornish-Fisher VaR (5%),Historic CVaR (5%),Sharpe Ratio,Max Drawdown
Mean Return,0.12313808646207813,0.1352311491654116,-1.2583963127098992,12.001952255382676,0.031144404991936374,0.04512100743640871,0.40155562821510715,-0.289206681079101
