,Annualized Return,Annualized Vol,Sharpe Ratio,Max Drawdown,Skewness,Kurtosis,Cornish-Fisher VaR (5%),Historic CVaR (5%)
Mean Return,11.275580764537896,13.682807412698297,0.32803643565587415,-25.701299255373506,-0.7711572426151636,8.827720473822419,0.03064324935656315,0.04504970066159022
