,Annualized Return,Annualized Vol,Sharpe Ratio,Max Drawdown,Skewness,Kurtosis,Cornish-Fisher VaR (5%),Historic CVaR (5%)
Mean Return,15.158527154045398,13.35956983504747,0.6120561906227524,-21.74639910467463,-0.6569691249371715,8.554546325769856,0.028756707620654715,0.04198491262737455
