,Annualized Return,Annualized Vol,Sharpe Ratio,Max Drawdown,Skewness,Kurtosis,Cornish-Fisher VaR (5%),Historic CVaR (5%)
Mean Return,15.53580995798509,14.866615536752475,0.570226735943296,-25.249848726227995,-1.3466170206934112,16.42355500512507,0.03248290155657347,0.04369149618480934
