,Annualized Return,Annualized Vol,Sharpe Ratio,Max Drawdown,Skewness,Kurtosis,Cornish-Fisher VaR (5%),Historic CVaR (5%)
Mean Return,12.071901963877373,12.676303217154791,0.4470683448135683,-27.311294939486803,-1.124337064765253,9.590833903073339,0.030186325024675453,0.042478027158346324
