,Annualized Return,Annualized Vol,Sharpe Ratio,Max Drawdown,Skewness,Kurtosis,Cornish-Fisher VaR (5%),Historic CVaR (5%)
Mean Return,16.139189050594993,15.26752284282367,0.5997700371411547,-25.460121634578186,0.1016023628498353,5.608034571509191,0.03022910938376541,0.0423288132852288
