,Annualized Return,Annualized Vol,Skewness,Kurtosis,Cornish-Fisher VaR (5%),Historic CVaR (5%),Sharpe Ratio,Max Drawdown
Mean Return,0.12474667993993416,0.15620596154719327,-1.1657622553822482,13.536684228318,0.035111652398860896,0.047904849989236706,0.3572880330469269,-0.3320055637903341
