,Annualized Return,Annualized Vol,Sharpe Ratio,Max Drawdown,Skewness,Kurtosis,Cornish-Fisher VaR (5%),Historic CVaR (5%)
Mean Return,13.755548819146956,12.65922897412274,0.551672750814075,-20.943664437700196,-0.4420110997262685,6.158375982957178,0.02746222958451072,0.03885135848785365
