,Annualized Return,Annualized Vol,Sharpe Ratio,Max Drawdown,Skewness,Kurtosis,Cornish-Fisher VaR (5%),Historic CVaR (5%)
Mean Return,14.036100388204108,16.39277216107062,0.43437307521367563,-26.877082967056843,-0.35001547335964833,6.843966278678385,0.034983482043968374,0.04855277701413409
