,Annualized Return,Annualized Vol,Sharpe Ratio,Max Drawdown,Skewness,Kurtosis,Cornish-Fisher VaR (5%),Historic CVaR (5%)
Mean Return,15.525671986944033,14.585595939115436,0.5791735419503182,-26.366446010872263,-0.7501001180969851,9.233816525517714,0.03180760465403036,0.04468049318612197
