,Annualized Return,Annualized Vol,Sharpe Ratio,Max Drawdown,Skewness,Kurtosis,Cornish-Fisher VaR (5%),Historic CVaR (5%)
Mean Return,21.12125866747123,14.199963690331396,0.9692866561244955,-18.285251060336876,-0.2781476553450668,5.989085137174574,0.02879296843138479,0.0417659399656128
