,Annualized Return,Annualized Vol,Sharpe Ratio,Max Drawdown,Skewness,Kurtosis,Cornish-Fisher VaR (5%),Historic CVaR (5%)
Mean Return,15.299549862108218,14.93057789539804,0.5573060428627115,-26.030861052290966,-0.6637278842173898,9.15633886527519,0.03219940366683703,0.045314584697617344
