,Annualized Return,Annualized Vol,Sharpe Ratio,Max Drawdown,Skewness,Kurtosis,Cornish-Fisher VaR (5%),Historic CVaR (5%)
Mean Return,13.919285501912416,14.774435350413146,0.47020503519665635,-26.617276280970913,-1.1026128005146836,14.488588989033577,0.032157495179684824,0.043551136216481115
