,Annualized Return,Annualized Vol,Sharpe Ratio,Max Drawdown,Skewness,Kurtosis,Cornish-Fisher VaR (5%),Historic CVaR (5%)
Mean Return,13.341745012076768,16.230059555738798,0.4033239654705159,-30.321004390887396,-0.7219232655178632,10.219061293059672,0.03575612956386079,0.05145888260315678
