,Annualized Return,Annualized Vol,Sharpe Ratio,Max Drawdown,Skewness,Kurtosis,Cornish-Fisher VaR (5%),Historic CVaR (5%)
Mean Return,13.76007856190553,12.851642894999268,0.5632691336713329,-26.85670977748751,-1.327329713738411,10.336992916494179,0.03093989862896235,0.043216058528763215
