,Annualized Return,Annualized Vol,Sharpe Ratio,Max Drawdown,Skewness,Kurtosis,Cornish-Fisher VaR (5%),Historic CVaR (5%)
Mean Return,17.36689268135656,12.75131414642533,0.8011347432099787,-24.120161761230293,-0.7675534534101363,6.956931468042062,0.028052534828709674,0.041169544001039324
