,Annualized Return,Annualized Vol,Sharpe Ratio,Max Drawdown,Skewness,Kurtosis,Cornish-Fisher VaR (5%),Historic CVaR (5%)
Mean Return,11.411840948029495,16.730019297628196,0.27808726394300554,-30.758521733574522,-0.8333216128656175,12.119623670096429,0.03666616516091257,0.05248722308563871
