,Annualized Return,Annualized Vol,Sharpe Ratio,Max Drawdown,Skewness,Kurtosis,Cornish-Fisher VaR (5%),Historic CVaR (5%)
Mean Return,15.930994250688602,16.01395506455418,0.5556376169279024,-26.84439102902075,-0.5507516971121252,9.072058391317375,0.03400334832079201,0.049312039387932036
