,Annualized Return,Annualized Vol,Sharpe Ratio,Max Drawdown,Skewness,Kurtosis,Cornish-Fisher VaR (5%),Historic CVaR (5%)
Mean Return,14.659355945372287,15.760605170227912,0.48962792709562775,-31.544852253534334,-0.6965868203473718,11.547877764335258,0.03338276246717189,0.04891202554237486
