,Annualized Return,Annualized Vol,Sharpe Ratio,Max Drawdown,Skewness,Kurtosis,Cornish-Fisher VaR (5%),Historic CVaR (5%)
Mean Return,14.02241760111087,12.754185392212145,0.5531727099658499,-26.038712510789765,-0.8873778057735586,8.797635305151159,0.028507957296196443,0.04135107684248506
