,Annualized Return,Annualized Vol,Sharpe Ratio,Max Drawdown,Skewness,Kurtosis,Cornish-Fisher VaR (5%),Historic CVaR (5%)
Mean Return,9.017944505263964,15.859075996486599,0.14798263128416714,-32.19962959386878,-1.5451498719042698,15.166889051601029,0.03748696613880962,0.050598073404703965
