,Annualized Return,Annualized Vol,Sharpe Ratio,Max Drawdown,Skewness,Kurtosis,Cornish-Fisher VaR (5%),Historic CVaR (5%)
Mean Return,12.032630579233562,15.793346597968297,0.3302273898725922,-30.752244954214387,-1.461973283996471,14.210774361966989,0.0368084138179783,0.0500875922341165
