,Annualized Return,Annualized Vol,Sharpe Ratio,Max Drawdown,Skewness,Kurtosis,Cornish-Fisher VaR (5%),Historic CVaR (5%)
Mean Return,14.441323987109422,14.313482212333911,0.5223302364412185,-28.634788812402086,-1.2749362941818065,15.535249397463955,0.03138362206259252,0.04258673195854558
