,Annualized Return,Annualized Vol,Sharpe Ratio,Max Drawdown,Skewness,Kurtosis,Cornish-Fisher VaR (5%),Historic CVaR (5%)
Mean Return,14.16088937184412,15.97441833380279,0.4781739364119261,-32.432220797401186,-0.9886066037136482,9.589243184858683,0.03745914415445098,0.05167281005197812
