,Annualized Return,Annualized Vol,Sharpe Ratio,Max Drawdown,Skewness,Kurtosis,Cornish-Fisher VaR (5%),Historic CVaR (5%)
Mean Return,12.043546244606551,14.589477840974514,0.3904444273928825,-26.238895916618098,-1.3191006783154364,15.34362013721703,0.03396541464079232,0.044383640272838074
