,Annualized Return,Annualized Vol,Sharpe Ratio,Max Drawdown,Skewness,Kurtosis,Cornish-Fisher VaR (5%),Historic CVaR (5%)
Mean Return,13.312102387719627,13.907618788243786,0.46708430326204725,-31.03936498596057,-0.3602135059506929,6.345785815964412,0.029988763062120352,0.04224998052329245
