,Annualized Return,Annualized Vol,Sharpe Ratio,Max Drawdown,Skewness,Kurtosis,Cornish-Fisher VaR (5%),Historic CVaR (5%)
Mean Return,15.300029981524087,15.300172374001992,0.5437551749471498,-27.918768064392445,-0.6132081985125477,9.320209790438433,0.032723218362513934,0.04705193680117065
