,Annualized Return,Annualized Vol,Skewness,Kurtosis,Cornish-Fisher VaR (5%),Historic CVaR (5%),Sharpe Ratio,Max Drawdown
Mean Return,0.11527418515939125,0.1585353906666504,-1.483359534439328,16.75077834364279,0.036019996654109945,0.04895157926410189,0.2991075699959986,-0.31369680039183045
