,Annualized Return,Annualized Vol,Sharpe Ratio,Max Drawdown,Skewness,Kurtosis,Cornish-Fisher VaR (5%),Historic CVaR (5%)
Mean Return,11.957291153252104,12.76608345815535,0.4337642178042717,-24.9700546303596,-1.0278573609801867,9.25497704362558,0.03013468857693677,0.04333351772084722
