,Annualized Return,Annualized Vol,Sharpe Ratio,Max Drawdown,Skewness,Kurtosis,Cornish-Fisher VaR (5%),Historic CVaR (5%)
Mean Return,21.691385263695786,15.660202457569932,0.909629378707411,-24.456734875405157,-0.7922436275244561,11.745532636546985,0.03247608603262977,0.04303086392017742
