,Annualized Return,Annualized Vol,Sharpe Ratio,Max Drawdown,Skewness,Kurtosis,Cornish-Fisher VaR (5%),Historic CVaR (5%)
Mean Return,18.726050049773967,16.224354350419258,0.7061282123490903,-23.12856349551928,-0.7101969609685735,10.635696307482014,0.034276822826516194,0.04647125403821316
