,Annualized Return,Annualized Vol,Sharpe Ratio,Max Drawdown,Skewness,Kurtosis,Cornish-Fisher VaR (5%),Historic CVaR (5%)
Mean Return,7.725924462911338,16.209754718664946,0.06890007238962359,-38.82224664210493,-0.46763434687497885,8.654505985490916,0.0355771822270943,0.05687304462607238
