,Annualized Return,Annualized Vol,Sharpe Ratio,Max Drawdown,Skewness,Kurtosis,Cornish-Fisher VaR (5%),Historic CVaR (5%)
Mean Return,19.604486102952755,13.966284424424295,0.8844992066921559,-26.907664785866654,-0.8831528379704264,8.100772241096417,0.030746093857511744,0.045508785084616844
