,Annualized Return,Annualized Vol,Sharpe Ratio,Max Drawdown,Skewness,Kurtosis,Cornish-Fisher VaR (5%),Historic CVaR (5%)
Mean Return,15.741805390563425,15.037831881610037,0.5754146716706595,-28.272314905497065,-1.0329142589988132,13.408226968412512,0.032560536266849335,0.044447375034751
