,Annualized Return,Annualized Vol,Sharpe Ratio,Max Drawdown,Skewness,Kurtosis,Cornish-Fisher VaR (5%),Historic CVaR (5%)
Mean Return,15.91332783627415,15.718097565353212,0.5650415496019435,-31.04595022288707,-0.9771797439171216,13.897229118331403,0.03358060704978815,0.04783658322860499
