,Annualized Return,Annualized Vol,Sharpe Ratio,Max Drawdown,Skewness,Kurtosis,Cornish-Fisher VaR (5%),Historic CVaR (5%)
Mean Return,10.50376639112358,15.074283841759067,0.2812370990737997,-29.740471074666253,-1.3064663633573363,13.911600042290479,0.036011921620494255,0.047927899603665516
