,Annualized Return,Annualized Vol,Sharpe Ratio,Max Drawdown,Skewness,Kurtosis,Cornish-Fisher VaR (5%),Historic CVaR (5%)
Mean Return,12.43954063419106,15.546928165762077,0.36030554536517995,-25.67287649829423,-0.7209418403922078,8.609707691207829,0.03467784351769885,0.0490575180253012
