,Annualized Return,Annualized Vol,Sharpe Ratio,Max Drawdown,Skewness,Kurtosis,Cornish-Fisher VaR (5%),Historic CVaR (5%)
Mean Return,12.578424666500855,16.684030906019036,0.34471275364591464,-34.770055567400114,-0.625633621780622,10.646902368676125,0.03582912385067484,0.05252980544505415
