,Annualized Return,Annualized Vol,Sharpe Ratio,Max Drawdown,Skewness,Kurtosis,Cornish-Fisher VaR (5%),Historic CVaR (5%)
Mean Return,16.41793965384819,12.856186588182775,0.725199376627317,-20.901134853529705,-0.6789148723744525,8.632717312719546,0.02745318628832913,0.04017872210869051
