,Annualized Return,Annualized Vol,Sharpe Ratio,Max Drawdown,Skewness,Kurtosis,Cornish-Fisher VaR (5%),Historic CVaR (5%)
Mean Return,17.408124087332723,14.468798950787418,0.7169134487860919,-26.887886174297055,-0.2970304562527452,5.342314380815596,0.030657679383518478,0.04281757815276185
