,Annualized Return,Annualized Vol,Sharpe Ratio,Max Drawdown,Skewness,Kurtosis,Cornish-Fisher VaR (5%),Historic CVaR (5%)
Mean Return,17.651679481430293,18.06097267726099,0.5812859925284081,-30.9771928024439,-0.5274959341928447,11.433564429817322,0.03705687717496857,0.053060934331638394
