,Annualized Return,Annualized Vol,Sharpe Ratio,Max Drawdown,Skewness,Kurtosis,Cornish-Fisher VaR (5%),Historic CVaR (5%)
Mean Return,15.060263327217838,15.649497781103626,0.5151849303263414,-30.060632931376762,-0.8925682522258342,12.428183467630111,0.03375943151736013,0.04725476926999175
