,Annualized Return,Annualized Vol,Sharpe Ratio,Max Drawdown,Skewness,Kurtosis,Cornish-Fisher VaR (5%),Historic CVaR (5%)
Mean Return,8.417214295173281,17.26608354765812,0.10633017937139182,-34.40869264652264,-0.5323595795112771,10.953184673725296,0.03713010511114042,0.054164847421955716
