,Annualized Return,Annualized Vol,Sharpe Ratio,Max Drawdown,Skewness,Kurtosis,Cornish-Fisher VaR (5%),Historic CVaR (5%)
Mean Return,16.860907434389993,15.0446967969186,0.6484491973011973,-24.316110316301813,-0.6646787687177191,8.387235086640345,0.03254821888628861,0.04533293410146084
