,Annualized Return,Annualized Vol,Sharpe Ratio,Max Drawdown,Skewness,Kurtosis,Cornish-Fisher VaR (5%),Historic CVaR (5%)
Mean Return,17.312387107228822,12.944537841397427,0.782773088655917,-28.769600056442396,-1.7368952792145236,14.98178472032137,0.029768878215693115,0.041509153452238726
