,Annualized Return,Annualized Vol,Sharpe Ratio,Max Drawdown,Skewness,Kurtosis,Cornish-Fisher VaR (5%),Historic CVaR (5%)
Mean Return,14.55016104256648,15.399577811461631,0.49444221295919627,-29.810863918386048,-0.7006390823996101,10.800279422058537,0.03292550745685467,0.04746828102393328
