,Annualized Return,Annualized Vol,Sharpe Ratio,Max Drawdown,Skewness,Kurtosis,Cornish-Fisher VaR (5%),Historic CVaR (5%)
Mean Return,11.182326133026098,16.443227872951567,0.26578387131771064,-26.328885284711884,-0.22298128895544597,9.03486306784589,0.03382146762559523,0.05110424013039684
