,Annualized Return,Annualized Vol,Sharpe Ratio,Max Drawdown,Skewness,Kurtosis,Cornish-Fisher VaR (5%),Historic CVaR (5%)
Mean Return,16.15956719999152,14.150006738799508,0.6451056602578153,-27.904557120728274,-0.7680984631858347,11.978134923766326,0.029659770800976017,0.04209354206476003
