,Annualized Return,Annualized Vol,Sharpe Ratio,Max Drawdown,Skewness,Kurtosis,Cornish-Fisher VaR (5%),Historic CVaR (5%)
Mean Return,12.640854777822351,17.466236353952915,0.33226378371102416,-34.77005556740012,-0.6263367338282999,10.747435836417901,0.03754017250430577,0.05469167015359831
