,Annualized Return,Annualized Vol,Sharpe Ratio,Max Drawdown,Skewness,Kurtosis,Cornish-Fisher VaR (5%),Historic CVaR (5%)
Mean Return,12.545915049471912,14.604928315652495,0.3955936022389685,-29.224481937581665,-0.9802935802908527,8.239843067555706,0.03424818514172545,0.046319466902471074
