,Annualized Return,Annualized Vol,Sharpe Ratio,Max Drawdown,Skewness,Kurtosis,Cornish-Fisher VaR (5%),Historic CVaR (5%)
Mean Return,13.939984492498446,15.826908860171931,0.44294886724600097,-29.868358499029334,-0.9017378567584132,11.305058322297622,0.034901426485301104,0.04790622708172186
