,Annualized Return,Annualized Vol,Sharpe Ratio,Max Drawdown,Skewness,Kurtosis,Cornish-Fisher VaR (5%),Historic CVaR (5%)
Mean Return,12.882862891293323,12.427737397243448,0.49583625408015447,-20.56510097820803,-0.3579357455088672,6.373777574348126,0.026589211526378873,0.03926210584187115
