,Annualized Return,Annualized Vol,Sharpe Ratio,Max Drawdown,Skewness,Kurtosis,Cornish-Fisher VaR (5%),Historic CVaR (5%)
Mean Return,20.222526960346563,15.34204203051457,0.8430611773535392,-27.11288319453939,-0.031178180265692693,7.580536460138034,0.029385774560654068,0.04189369060055656
