,Annualized Return,Annualized Vol,Sharpe Ratio,Max Drawdown,Skewness,Kurtosis,Cornish-Fisher VaR (5%),Historic CVaR (5%)
Mean Return,14.153954898112197,14.772007335059707,0.484668520288756,-30.52588290546031,-1.0119450968195154,9.94040878207394,0.03352985205543622,0.045441560451977794
