,Annualized Return,Annualized Vol,Sharpe Ratio,Max Drawdown,Skewness,Kurtosis,Cornish-Fisher VaR (5%),Historic CVaR (5%)
Mean Return,18.55013850653473,12.95132126114187,0.874658914784607,-20.901134853529705,-0.6163138312094412,7.842783427103922,0.027325457265255933,0.03933656397678485
