,Annualized Return,Annualized Vol,Sharpe Ratio,Max Drawdown,Skewness,Kurtosis,Cornish-Fisher VaR (5%),Historic CVaR (5%)
Mean Return,19.939247345330635,13.506166554823388,0.9368691856285997,-22.532909803458633,-1.0570876538340885,10.166828790140023,0.029598351083264404,0.04280057570773051
