,Annualized Return,Annualized Vol,Sharpe Ratio,Max Drawdown,Skewness,Kurtosis,Cornish-Fisher VaR (5%),Historic CVaR (5%)
Mean Return,19.037675859145374,15.95595654683688,0.7365096472015624,-23.12856349551928,-0.710186824665392,10.701966210400869,0.033581526353679635,0.045734802588511564
