,Annualized Return,Annualized Vol,Sharpe Ratio,Max Drawdown,Skewness,Kurtosis,Cornish-Fisher VaR (5%),Historic CVaR (5%)
Mean Return,13.59698862835943,13.35080123910336,0.4996695491370778,-24.398419243666027,-1.2072456300387469,11.430734843344748,0.030475417217557643,0.04314298115913859
