,Annualized Return,Annualized Vol,Sharpe Ratio,Max Drawdown,Skewness,Kurtosis,Cornish-Fisher VaR (5%),Historic CVaR (5%)
Mean Return,5.895878226095297,17.1821575862515,-0.030511871102084774,-45.541487558293944,0.23728257981667378,12.807201576250142,0.03141139320954655,0.05527369154061322
