,Annualized Return,Annualized Vol,Sharpe Ratio,Max Drawdown,Skewness,Kurtosis,Cornish-Fisher VaR (5%),Historic CVaR (5%)
Mean Return,15.747702254993246,13.60382537041383,0.6478703788654366,-27.762389118951962,-0.786498581259823,8.837887954276816,0.030047250418311664,0.04205228367685452
