,Annualized Return,Annualized Vol,Skewness,Kurtosis,Cornish-Fisher VaR (5%),Historic CVaR (5%),Sharpe Ratio,Max Drawdown
Mean Return,0.13197607407693712,0.13389164094878236,-1.2355998710545872,10.572935449265925,0.03109988073431114,0.043871508508212476,0.4676132057586061,-0.29334118942861703
