,Annualized Return,Annualized Vol,Sharpe Ratio,Max Drawdown,Skewness,Kurtosis,Cornish-Fisher VaR (5%),Historic CVaR (5%)
Mean Return,14.875066031440287,14.392085062337879,0.5514339559822374,-27.59200980473244,-0.9587381397160548,8.194177272607943,0.03323693452190207,0.04719462850134968
