,Annualized Return,Annualized Vol,Sharpe Ratio,Max Drawdown,Skewness,Kurtosis,Cornish-Fisher VaR (5%),Historic CVaR (5%)
Mean Return,14.553627951699099,15.713034377364272,0.48071862950547345,-32.21255986135639,-0.9773073325205482,10.615505191134593,0.03525898097908374,0.04901879980109595
