,Annualized Return,Annualized Vol,Sharpe Ratio,Max Drawdown,Skewness,Kurtosis,Cornish-Fisher VaR (5%),Historic CVaR (5%)
Mean Return,11.613050267136327,15.413977748792638,0.3117544749332761,-28.687772428770806,-1.2530094987414235,9.868316621154992,0.036781818829843285,0.04997234765675436
