,Annualized Return,Annualized Vol,Sharpe Ratio,Max Drawdown,Skewness,Kurtosis,Cornish-Fisher VaR (5%),Historic CVaR (5%)
Mean Return,15.594001886134379,14.568399453470942,0.5844994099458548,-25.247064622787523,-1.432036720588678,15.747038389682825,0.032451672352091426,0.043949789075365675
