,Annualized Return,Annualized Vol,Sharpe Ratio,Max Drawdown,Skewness,Kurtosis,Cornish-Fisher VaR (5%),Historic CVaR (5%)
Mean Return,12.902602138076368,15.022774105065906,0.3988183211867619,-32.30961175223476,-1.0476002031961347,13.25706819987219,0.03314667474755566,0.04401514370223795
