,Annualized Return,Annualized Vol,Sharpe Ratio,Max Drawdown,Skewness,Kurtosis,Cornish-Fisher VaR (5%),Historic CVaR (5%)
Mean Return,16.750737184178412,13.569750920215013,0.7101133003570561,-24.168961722653393,-0.8486274623258879,7.997437699409783,0.030132733822106173,0.04288619011158581
