,Annualized Return,Annualized Vol,Sharpe Ratio,Max Drawdown,Skewness,Kurtosis,Cornish-Fisher VaR (5%),Historic CVaR (5%)
Mean Return,13.416053364285329,15.836789235347345,0.41156399160518287,-29.870530609043282,-0.8057583638816836,11.156309396971142,0.034549002549009646,0.04824650255668948
