,Annualized Return,Annualized Vol,Sharpe Ratio,Max Drawdown,Skewness,Kurtosis,Cornish-Fisher VaR (5%),Historic CVaR (5%)
Mean Return,8.442518248682806,14.006273438563626,0.13283009346556915,-30.19849530535501,-0.36334819158042,6.96972828509672,0.030547850584159507,0.04467143409444249
