,Annualized Return,Annualized Vol,Sharpe Ratio,Max Drawdown,Skewness,Kurtosis,Cornish-Fisher VaR (5%),Historic CVaR (5%)
Mean Return,14.563155474671952,14.521067423351628,0.5195850736662272,-32.30959410486538,-1.0211353174557416,13.18442015907382,0.031595734961120316,0.042470197866296154
