,Annualized Return,Annualized Vol,Sharpe Ratio,Max Drawdown,Skewness,Kurtosis,Cornish-Fisher VaR (5%),Historic CVaR (5%)
Mean Return,16.953102476674566,15.438487392944433,0.6376946790420788,-27.810818555766193,-0.6903892708148142,7.5297798964490115,0.033961555905088564,0.04751965358910366
