,Annualized Return,Annualized Vol,Sharpe Ratio,Max Drawdown,Skewness,Kurtosis,Cornish-Fisher VaR (5%),Historic CVaR (5%)
Mean Return,14.90177793283809,13.880412218028853,0.5794974463733918,-23.97452743490951,-0.287874193544242,6.327590384830982,0.02925867791911293,0.041803725929359714
