,Annualized Return,Annualized Vol,Sharpe Ratio,Max Drawdown,Skewness,Kurtosis,Cornish-Fisher VaR (5%),Historic CVaR (5%)
Mean Return,21.85672023979215,13.57180599598125,1.0651175683094245,-21.379347554414114,-0.6252954718270144,7.397246188853136,0.028455724847986787,0.04046084938188339
