,Annualized Return,Annualized Vol,Sharpe Ratio,Max Drawdown,Skewness,Kurtosis,Cornish-Fisher VaR (5%),Historic CVaR (5%)
Mean Return,11.661046804912178,17.82813657655265,0.27382806947570043,-37.18360653019976,-0.9743236105766675,12.157526091285792,0.040008159904084704,0.05624722628478004
