,Annualized Return,Annualized Vol,Sharpe Ratio,Max Drawdown,Skewness,Kurtosis,Cornish-Fisher VaR (5%),Historic CVaR (5%)
Mean Return,14.377988303909017,14.932457700065612,0.4937045988919832,-27.373873861804427,-1.4316184856942598,16.340943396613653,0.033279547597468,0.04479331815869821
