,Annualized Return,Annualized Vol,Sharpe Ratio,Max Drawdown,Skewness,Kurtosis,Cornish-Fisher VaR (5%),Historic CVaR (5%)
Mean Return,14.871067537916826,13.987398630097712,0.5634004395344702,-26.847467533594514,-1.2869057999358393,15.904709602519322,0.0304517852032949,0.0413506751653549
