,Annualized Return,Annualized Vol,Sharpe Ratio,Max Drawdown,Skewness,Kurtosis,Cornish-Fisher VaR (5%),Historic CVaR (5%)
Mean Return,13.18588223982986,14.907016571456259,0.4285314289510195,-31.725066619784958,-1.215325269436069,9.778733331213518,0.035417975788333035,0.04671745702295187
