,Annualized Return,Annualized Vol,Sharpe Ratio,Max Drawdown,Skewness,Kurtosis,Cornish-Fisher VaR (5%),Historic CVaR (5%)
Mean Return,13.000113773057386,13.539258778521635,0.4512656822951272,-24.15513391584997,-0.9517188030287479,9.93341315427105,0.030438840582106694,0.04340698373880683
