,Annualized Return,Annualized Vol,Sharpe Ratio,Max Drawdown,Skewness,Kurtosis,Cornish-Fisher VaR (5%),Historic CVaR (5%)
Mean Return,7.771739378352915,17.666832785610882,0.06955303454897327,-34.15825601418195,-0.6440799962713128,12.443055828571165,0.038117128546930376,0.055383169655744524
