,Annualized Return,Annualized Vol,Sharpe Ratio,Max Drawdown,Skewness,Kurtosis,Cornish-Fisher VaR (5%),Historic CVaR (5%)
Mean Return,15.42428901564714,13.237492404885987,0.6309779408475297,-25.557079939210002,-0.5506222123179532,8.556704308277482,0.02794727663952626,0.041658589100759605
