,Annualized Return,Annualized Vol,Sharpe Ratio,Max Drawdown,Skewness,Kurtosis,Cornish-Fisher VaR (5%),Historic CVaR (5%)
Mean Return,14.329181886450293,15.009324804454355,0.49441128622068764,-31.352292554044443,-0.874843833622045,7.283462202541827,0.03445026853208198,0.048677346426986075
