,Annualized Return,Annualized Vol,Sharpe Ratio,Max Drawdown,Skewness,Kurtosis,Cornish-Fisher VaR (5%),Historic CVaR (5%)
Mean Return,13.77196171270365,14.980559622123721,0.46037018905291305,-30.25121078850236,-0.8788046026979961,7.121307621821175,0.03456327993734319,0.049083964357600846
