,Annualized Return,Annualized Vol,Sharpe Ratio,Max Drawdown,Skewness,Kurtosis,Cornish-Fisher VaR (5%),Historic CVaR (5%)
Mean Return,13.6015344436222,13.947183812476469,0.4796448854725783,-31.110070514822247,-1.641672711965213,16.033340062534716,0.03208383322551993,0.04359537177375045
