,Annualized Return,Annualized Vol,Sharpe Ratio,Max Drawdown,Skewness,Kurtosis,Cornish-Fisher VaR (5%),Historic CVaR (5%)
Mean Return,11.741193453345833,14.632741789028556,0.3429070387044995,-31.65938740448707,-1.2379038156010236,10.095984702403374,0.03495645677836793,0.04776949365848721
