,Annualized Return,Annualized Vol,Sharpe Ratio,Max Drawdown,Skewness,Kurtosis,Cornish-Fisher VaR (5%),Historic CVaR (5%)
Mean Return,17.611757612559643,12.92988664396891,0.8054232540807018,-26.941651519683468,-1.597737591938418,14.800713421293082,0.02919633001341276,0.040654819486815555
