,Annualized Return,Annualized Vol,Sharpe Ratio,Max Drawdown,Skewness,Kurtosis,Cornish-Fisher VaR (5%),Historic CVaR (5%)
Mean Return,12.244980367185399,13.692433659008325,0.39436656808184495,-25.701299255373506,-0.7469999621169854,8.597754087810804,0.030471451361077866,0.04510497541545426
