,Annualized Return,Annualized Vol,Sharpe Ratio,Max Drawdown,Skewness,Kurtosis,Cornish-Fisher VaR (5%),Historic CVaR (5%)
Mean Return,14.633044230544412,14.32596491816303,0.5317111311212983,-24.558724664345768,-1.2920900573217624,14.809195950062751,0.03176224987949046,0.04296383163589256
