,Annualized Return,Annualized Vol,Sharpe Ratio,Max Drawdown,Skewness,Kurtosis,Cornish-Fisher VaR (5%),Historic CVaR (5%)
Mean Return,14.475306296426949,15.291271533410566,0.48802815560761015,-31.36942842222796,-1.1114950336543652,13.301585376541416,0.03381509825227488,0.04607742470222574
