,Annualized Return,Annualized Vol,Sharpe Ratio,Max Drawdown,Skewness,Kurtosis,Cornish-Fisher VaR (5%),Historic CVaR (5%)
Mean Return,14.7552989652721,14.704501451401814,0.5261590111668649,-29.78231182814064,-0.9536141335327707,12.536778546303513,0.03191496471464207,0.042360188674330654
