,Annualized Return,Annualized Vol,Sharpe Ratio,Max Drawdown,Skewness,Kurtosis,Cornish-Fisher VaR (5%),Historic CVaR (5%)
Mean Return,14.07152718312641,14.441768529017823,0.49763764146144884,-30.035543068396837,-0.7056720380305135,6.998493500754693,0.03268510020536612,0.045528776535777374
