,Annualized Return,Annualized Vol,Skewness,Kurtosis,Cornish-Fisher VaR (5%),Historic CVaR (5%),Sharpe Ratio,Max Drawdown
Mean Return,0.1185918483075552,0.13761610557108994,-0.9665833830589455,10.353886370631082,0.031067036458536382,0.04365910352656376,0.3686787513817467,-0.24535346048058138
