,Annualized Return,Annualized Vol,Sharpe Ratio,Max Drawdown,Skewness,Kurtosis,Cornish-Fisher VaR (5%),Historic CVaR (5%)
Mean Return,13.7197822321804,12.95956154167367,0.5224516131759854,-27.794578908120354,-0.9173090630194123,9.517364377882718,0.0289298119020212,0.041721840728681986
