,Annualized Return,Annualized Vol,Sharpe Ratio,Max Drawdown,Skewness,Kurtosis,Cornish-Fisher VaR (5%),Historic CVaR (5%)
Mean Return,16.169418837347816,11.85691971558733,0.7788137159670193,-20.03355581581305,-0.5942075068408874,5.563455343813899,0.026019292593474495,0.0385529771217178
