,Annualized Return,Annualized Vol,Sharpe Ratio,Max Drawdown,Skewness,Kurtosis,Cornish-Fisher VaR (5%),Historic CVaR (5%)
Mean Return,20.280088421548736,14.359742871613992,0.9034908870637678,-17.808157683367977,-0.3598490110277752,5.51478500508865,0.029920572068319988,0.04437638787083191
