,Annualized Return,Annualized Vol,Sharpe Ratio,Max Drawdown,Skewness,Kurtosis,Cornish-Fisher VaR (5%),Historic CVaR (5%)
Mean Return,14.352299673589997,12.83117342575676,0.6140389719219487,-26.688494922011202,-1.4826052461758426,12.997171922499739,0.030765408604641397,0.04258888420384705
