,Annualized Return,Annualized Vol,Sharpe Ratio,Max Drawdown,Skewness,Kurtosis,Cornish-Fisher VaR (5%),Historic CVaR (5%)
Mean Return,11.810865650704748,14.668220518201034,0.3682321468569976,-28.88124129864983,-1.2264791332396474,10.438214292751928,0.03547523464112106,0.04874884715921399
