,Annualized Return,Annualized Vol,Sharpe Ratio,Max Drawdown,Skewness,Kurtosis,Cornish-Fisher VaR (5%),Historic CVaR (5%)
Mean Return,13.72179110254117,15.26969793653539,0.4422641334813736,-31.36942842222796,-1.1495937843127864,13.731046678580789,0.03390101942842294,0.046972124900466
