,Annualized Return,Annualized Vol,Sharpe Ratio,Max Drawdown,Skewness,Kurtosis,Cornish-Fisher VaR (5%),Historic CVaR (5%)
Mean Return,17.165051011620292,13.278135033684082,0.7562793435908743,-32.057591414155425,-1.925867575188211,17.512715014928116,0.030420868476112688,0.04187875955881887
