,Annualized Return,Annualized Vol,Sharpe Ratio,Max Drawdown,Skewness,Kurtosis,Cornish-Fisher VaR (5%),Historic CVaR (5%)
Mean Return,13.42694522130401,13.115074034576132,0.4975713930510329,-30.319764929239433,-1.6787231948837438,14.902738179221876,0.03062736567468825,0.04208254466707342
