,Annualized Return,Annualized Vol,Sharpe Ratio,Max Drawdown,Skewness,Kurtosis,Cornish-Fisher VaR (5%),Historic CVaR (5%)
Mean Return,16.339323557700535,14.36279650696094,0.6489211260560874,-29.618454367860135,-0.4143608300704498,8.601544453356938,0.029920783794706328,0.044027043048533734
