,Annualized Return,Annualized Vol,Sharpe Ratio,Max Drawdown,Skewness,Kurtosis,Cornish-Fisher VaR (5%),Historic CVaR (5%)
Mean Return,15.51673419134396,15.383662562708656,0.5520974244633088,-27.966872991907493,-0.6880274191229314,9.187288114983973,0.033347580742585654,0.04634709363153318
