,Annualized Return,Annualized Vol,Sharpe Ratio,Max Drawdown,Skewness,Kurtosis,Cornish-Fisher VaR (5%),Historic CVaR (5%)
Mean Return,13.066616295525368,14.376611658839447,0.4359616317346912,-27.761698629671756,-0.7366679071594959,8.165558446534016,0.0323858783525938,0.04476913382639051
