,Annualized Return,Annualized Vol,Sharpe Ratio,Max Drawdown,Skewness,Kurtosis,Cornish-Fisher VaR (5%),Historic CVaR (5%)
Mean Return,15.006547142293059,17.49546501861198,0.4805095875657961,-41.280276060558805,-1.0643469513574277,8.60442918787349,0.04207088903526744,0.059877276345401256
