,Annualized Return,Annualized Vol,Sharpe Ratio,Max Drawdown,Skewness,Kurtosis,Cornish-Fisher VaR (5%),Historic CVaR (5%)
Mean Return,12.736806683520886,14.975467347267651,0.41836701256410724,-27.200776614002585,-1.0177968967380777,8.033426000358137,0.036049659009171106,0.050789075450950516
