,Annualized Return,Annualized Vol,Sharpe Ratio,Max Drawdown,Skewness,Kurtosis,Cornish-Fisher VaR (5%),Historic CVaR (5%)
Mean Return,13.229760041719052,15.537576004031802,0.4050128549920192,-30.465097816845997,-1.0697600387731903,13.159576439593023,0.03445186337988059,0.04521455568175679
