,Annualized Return,Annualized Vol,Sharpe Ratio,Max Drawdown,Skewness,Kurtosis,Cornish-Fisher VaR (5%),Historic CVaR (5%)
Mean Return,12.582612745422184,15.282660452613401,0.3718312448657793,-28.679068470755325,-1.2360571267247578,14.670377008875452,0.03416136983348747,0.04550525452061105
