,Annualized Return,Annualized Vol,Sharpe Ratio,Max Drawdown,Skewness,Kurtosis,Cornish-Fisher VaR (5%),Historic CVaR (5%)
Mean Return,13.018765651404207,15.118921794555726,0.4322676313173307,-28.033747138353466,-1.0268655062553882,8.368063839998394,0.036265190691272396,0.05100808598038104
