,Annualized Return,Annualized Vol,Sharpe Ratio,Max Drawdown,Skewness,Kurtosis,Cornish-Fisher VaR (5%),Historic CVaR (5%)
Mean Return,16.878709614382913,14.7831214195948,0.6578215199355889,-23.940000935775647,-1.3752799492838543,15.905035506701347,0.03242306916660075,0.043340307648331924
