,Annualized Return,Annualized Vol,Sharpe Ratio,Max Drawdown,Skewness,Kurtosis,Cornish-Fisher VaR (5%),Historic CVaR (5%)
Mean Return,11.958357459048074,14.6824914790355,0.38266208416479364,-27.35644777149319,-0.990605256183496,13.032484593849283,0.03351885207024497,0.04575799198469302
