,Annualized Return,Annualized Vol,Sharpe Ratio,Max Drawdown,Skewness,Kurtosis,Cornish-Fisher VaR (5%),Historic CVaR (5%)
Mean Return,13.261977743451725,13.523658580252333,0.47272374628209224,-25.923291555791323,-1.1232838959829556,11.159351519248853,0.030668227387713146,0.043754519365978364
