,Annualized Return,Annualized Vol,Skewness,Kurtosis,Cornish-Fisher VaR (5%),Historic CVaR (5%),Sharpe Ratio,Max Drawdown
Mean Return,0.12685800481362186,0.13522146132440754,-0.7458230616783743,8.561477632831357,0.02998481215008083,0.043459339603716646,0.43271101467703627,-0.25248231593666415
