,Annualized Return,Annualized Vol,Sharpe Ratio,Max Drawdown,Skewness,Kurtosis,Cornish-Fisher VaR (5%),Historic CVaR (5%)
Mean Return,18.881279409632647,15.843019248191318,0.7358561407725132,-28.958797548363396,-0.025514805680668592,8.479315956703685,0.030239619194408228,0.04334302040661576
