,Annualized Return,Annualized Vol,Sharpe Ratio,Max Drawdown,Skewness,Kurtosis,Cornish-Fisher VaR (5%),Historic CVaR (5%)
Mean Return,15.869492482627901,15.562703804556099,0.5937360885955153,-31.728599314402363,-0.8561326108248755,9.411328961434362,0.03547913685582223,0.049078147109839015
