,Annualized Return,Annualized Vol,Skewness,Kurtosis,Cornish-Fisher VaR (5%),Historic CVaR (5%),Sharpe Ratio,Max Drawdown
Mean Return,0.12827998652550798,0.1464446197537911,-1.357498595890403,15.804828169603603,0.032704349782979626,0.04378458998480371,0.4073289679772641,-0.25684679730621846
