,Annualized Return,Annualized Vol,Sharpe Ratio,Max Drawdown,Skewness,Kurtosis,Cornish-Fisher VaR (5%),Historic CVaR (5%)
Mean Return,11.901952250386593,14.773908489717263,0.3766859222339958,-27.90895354638537,-1.3390831943766157,14.377895953171867,0.03495644858400922,0.04619517992957176
