,Annualized Return,Annualized Vol,Sharpe Ratio,Max Drawdown,Skewness,Kurtosis,Cornish-Fisher VaR (5%),Historic CVaR (5%)
Mean Return,12.865669181201111,13.976936890270277,0.42808587821107713,-25.155612262369843,-0.7886817153709585,8.721146628883533,0.031196308115430803,0.04568100977581809
