,Annualized Return,Annualized Vol,Sharpe Ratio,Max Drawdown,Skewness,Kurtosis,Cornish-Fisher VaR (5%),Historic CVaR (5%)
Mean Return,13.803798848757175,14.454566087947162,0.5038095713682246,-26.347536879627874,-0.9502821088142778,8.607534247618815,0.033941981627311664,0.0476897504844708
