,Annualized Return,Annualized Vol,Sharpe Ratio,Max Drawdown,Skewness,Kurtosis,Cornish-Fisher VaR (5%),Historic CVaR (5%)
Mean Return,13.284999893951,16.76572908181544,0.38036094683208305,-24.39213087655694,-0.22149760119919926,7.527160303261932,0.03483698416601272,0.05041652093867584
