,Annualized Return,Annualized Vol,Sharpe Ratio,Max Drawdown,Skewness,Kurtosis,Cornish-Fisher VaR (5%),Historic CVaR (5%)
Mean Return,14.028570486674141,14.150208098022542,0.4984290186185444,-30.526798501555447,-0.9888577058735984,9.419534620284145,0.03214588969059208,0.04352210211385611
