,Annualized Return,Annualized Vol,Sharpe Ratio,Max Drawdown,Skewness,Kurtosis,Cornish-Fisher VaR (5%),Historic CVaR (5%)
Mean Return,15.87821834719172,14.967142736681751,0.5911965928958139,-27.73614910593023,-0.8679765474280194,12.3785470516551,0.03192742555544817,0.04555923267115609
