,Annualized Return,Annualized Vol,Sharpe Ratio,Max Drawdown,Skewness,Kurtosis,Cornish-Fisher VaR (5%),Historic CVaR (5%)
Mean Return,13.905685976029813,14.632454114785698,0.4733972047864066,-33.0447618693146,-1.1789873305943055,14.247286352084876,0.032308953276281895,0.04310561834107332
