,Annualized Return,Annualized Vol,Sharpe Ratio,Max Drawdown,Skewness,Kurtosis,Cornish-Fisher VaR (5%),Historic CVaR (5%)
Mean Return,22.433125709858558,14.180703344366071,1.057600545790018,-18.259591687528516,-0.1845965876245702,5.72442117377758,0.02813954645447964,0.04156688231426982
