,Annualized Return,Annualized Vol,Sharpe Ratio,Max Drawdown,Skewness,Kurtosis,Cornish-Fisher VaR (5%),Historic CVaR (5%)
Mean Return,16.28713389276255,15.405485677805355,0.598230877010399,-31.37997671523583,-1.2451288107019602,13.541615113834538,0.03434538992223826,0.047679178520645765
