,Annualized Return,Annualized Vol,Sharpe Ratio,Max Drawdown,Skewness,Kurtosis,Cornish-Fisher VaR (5%),Historic CVaR (5%)
Mean Return,6.927223180297681,19.032510299866853,0.020196333180679295,-43.98377377713261,-0.6229170586867309,16.134749890231248,0.03921146457357131,0.06466955925137804
