,Annualized Return,Annualized Vol,Sharpe Ratio,Max Drawdown,Skewness,Kurtosis,Cornish-Fisher VaR (5%),Historic CVaR (5%)
Mean Return,16.655584623201403,15.056290660402638,0.636247769290063,-27.813130537256157,-0.7155111623909038,7.527865611685711,0.033236720974507535,0.046641655077986
