,Annualized Return,Annualized Vol,Sharpe Ratio,Max Drawdown,Skewness,Kurtosis,Cornish-Fisher VaR (5%),Historic CVaR (5%)
Mean Return,9.492667444956492,15.246762207916708,0.21064575262046825,-29.355288178353977,-1.2269168525442067,9.677632525594271,0.037716629265126374,0.051383511034324515
