,Annualized Return,Annualized Vol,Sharpe Ratio,Max Drawdown,Skewness,Kurtosis,Cornish-Fisher VaR (5%),Historic CVaR (5%)
Mean Return,14.377970552354235,13.029982085668266,0.5657351792037941,-28.971168789810026,-1.4785896498095277,11.894674495110987,0.030549593108392305,0.043648607950559457
