,Annualized Return,Annualized Vol,Skewness,Kurtosis,Cornish-Fisher VaR (5%),Historic CVaR (5%),Sharpe Ratio,Max Drawdown
Mean Return,0.016575913554666366,0.19033313529723556,-0.626967705717727,9.33692792356001,0.04424047336727135,0.06768473312257622,-0.2349055004933487,-0.47229135874913375
