,Annualized Return,Annualized Vol,Sharpe Ratio,Max Drawdown,Skewness,Kurtosis,Cornish-Fisher VaR (5%),Historic CVaR (5%)
Mean Return,19.20415354221725,16.0807707618846,0.744754513573041,-32.39059438091845,-0.5630013225277183,6.152028161239129,0.03500118228218607,0.048577518652925124
