,Annualized Return,Annualized Vol,Sharpe Ratio,Max Drawdown,Skewness,Kurtosis,Cornish-Fisher VaR (5%),Historic CVaR (5%)
Mean Return,16.577101011565908,13.07223913541928,0.7259008696630699,-30.319764929239433,-1.8155958599218434,16.324600440941186,0.030008846053212378,0.04110702966756182
