,Annualized Return,Annualized Vol,Sharpe Ratio,Max Drawdown,Skewness,Kurtosis,Cornish-Fisher VaR (5%),Historic CVaR (5%)
Mean Return,16.317889699596535,14.305789603015691,0.6532833339454639,-29.224481937581665,-1.1419539386435227,9.923641358304257,0.032953987002943934,0.044358786160471834
