,Annualized Return,Annualized Vol,Sharpe Ratio,Max Drawdown,Skewness,Kurtosis,Cornish-Fisher VaR (5%),Historic CVaR (5%)
Mean Return,12.558778487762122,15.12284582398541,0.37527923000685115,-25.688578739807188,-1.3854030422740489,13.214177666411418,0.035126103295178096,0.048550242834874885
