,Annualized Return,Annualized Vol,Skewness,Kurtosis,Cornish-Fisher VaR (5%),Historic CVaR (5%),Sharpe Ratio,Max Drawdown
Mean Return,0.11984003628572437,0.15392032199007474,-1.4968733621914947,17.10547096422439,0.034751492048610555,0.04692938730255928,0.3359750126254308,-0.2957880310533238
