,Annualized Return,Annualized Vol,Sharpe Ratio,Max Drawdown,Skewness,Kurtosis,Cornish-Fisher VaR (5%),Historic CVaR (5%)
Mean Return,17.072254109651517,17.74106832901032,0.5583073267568817,-37.85974367643696,-0.7906026877716649,12.416031286482315,0.037657117001378256,0.05352611025933526
