,Annualized Return,Annualized Vol,Sharpe Ratio,Max Drawdown,Skewness,Kurtosis,Cornish-Fisher VaR (5%),Historic CVaR (5%)
Mean Return,20.795455679006736,15.038977632293548,0.8925090578793525,-26.060348980976055,-0.5935007920269613,10.626504995000149,0.03058546449747648,0.04262822746353478
