,Annualized Return,Annualized Vol,Sharpe Ratio,Max Drawdown,Skewness,Kurtosis,Cornish-Fisher VaR (5%),Historic CVaR (5%)
Mean Return,15.368554946151857,14.008421806466878,0.5926440301706694,-28.04750513810528,-1.0623805780209081,14.186038251348933,0.030064824007800448,0.04096549663403137
