,Annualized Return,Annualized Vol,Skewness,Kurtosis,Cornish-Fisher VaR (5%),Historic CVaR (5%),Sharpe Ratio,Max Drawdown
Mean Return,0.1432508867568132,0.13453208386525245,-0.655189647002998,7.880217286978664,0.029361952927527187,0.04194917993377193,0.5495296807823831,-0.24503922475630902
