,Annualized Return,Annualized Vol,Sharpe Ratio,Max Drawdown,Skewness,Kurtosis,Cornish-Fisher VaR (5%),Historic CVaR (5%)
Mean Return,14.19336860906688,15.427944140995262,0.47113724991743394,-26.82282695517195,-0.5581580288902636,8.870513095842004,0.033076183549260785,0.046190038902108405
