,Annualized Return,Annualized Vol,Sharpe Ratio,Max Drawdown,Skewness,Kurtosis,Cornish-Fisher VaR (5%),Historic CVaR (5%)
Mean Return,14.281234634290652,14.328104768842278,0.5397080180634303,-26.592402553380285,-1.0228191298631442,9.086109333514008,0.033706581319506455,0.04734929185138872
