,Annualized Return,Annualized Vol,Skewness,Kurtosis,Cornish-Fisher VaR (5%),Historic CVaR (5%),Sharpe Ratio,Max Drawdown
Mean Return,0.11741193453345833,0.14632741789028555,-1.2379038156010236,10.095984702403374,0.03495645677836793,0.04776949365848721,0.3429070387044995,-0.3165938740448707
