,Annualized Return,Annualized Vol,Sharpe Ratio,Max Drawdown,Skewness,Kurtosis,Cornish-Fisher VaR (5%),Historic CVaR (5%)
Mean Return,14.790571755702109,13.462789186107724,0.5899707275940593,-21.922668592105534,-0.34532116206465246,6.304289859234649,0.02862146264095055,0.04091962980179145
