,Annualized Return,Annualized Vol,Sharpe Ratio,Max Drawdown,Skewness,Kurtosis,Cornish-Fisher VaR (5%),Historic CVaR (5%)
Mean Return,17.84492201037522,15.953226008420145,0.666544312878931,-27.010594121443717,-0.45870715083321906,11.977705365260745,0.03174520960672732,0.045520603094785804
