,Annualized Return,Annualized Vol,Sharpe Ratio,Max Drawdown,Skewness,Kurtosis,Cornish-Fisher VaR (5%),Historic CVaR (5%)
Mean Return,15.393689490029727,14.95018199930797,0.5615414189130469,-25.365371207893745,-0.6667740563574227,9.142195131048632,0.03225452345409475,0.044125681832410335
