,Annualized Return,Annualized Vol,Sharpe Ratio,Max Drawdown,Skewness,Kurtosis,Cornish-Fisher VaR (5%),Historic CVaR (5%)
Mean Return,15.544834351314996,13.072524787334409,0.6551713658844535,-23.816841851772153,-0.4739421682459161,5.568799894335174,0.028235894553022556,0.0426344672128198
