,Annualized Return,Annualized Vol,Sharpe Ratio,Max Drawdown,Skewness,Kurtosis,Cornish-Fisher VaR (5%),Historic CVaR (5%)
Mean Return,7.903993343474425,13.955896396858911,0.10410843985872739,-24.41852088439235,-0.5957138799711621,6.757820111691244,0.0321083157952913,0.0475323413727226
