,Annualized Return,Annualized Vol,Skewness,Kurtosis,Cornish-Fisher VaR (5%),Historic CVaR (5%),Sharpe Ratio,Max Drawdown
Mean Return,0.10708528993551969,0.15401371218326107,-1.434496481469247,16.362844888990296,0.03500999425199367,0.047127027929968805,0.2579002165211856,-0.30518879656556874
