,Annualized Return,Annualized Vol,Sharpe Ratio,Max Drawdown,Skewness,Kurtosis,Cornish-Fisher VaR (5%),Historic CVaR (5%)
Mean Return,13.83199554674508,14.932277444125925,0.45919800916357933,-26.04847796821516,-1.4618316490126069,15.584671743661476,0.03382808442145898,0.045500510820876534
