,Annualized Return,Annualized Vol,Sharpe Ratio,Max Drawdown,Skewness,Kurtosis,Cornish-Fisher VaR (5%),Historic CVaR (5%)
Mean Return,10.678428670217865,12.23140972492322,0.32940153544091294,-23.762952187178396,-0.8983731301627779,6.553643031976649,0.028891431328599268,0.040689401244629525
