,Annualized Return,Annualized Vol,Sharpe Ratio,Max Drawdown,Skewness,Kurtosis,Cornish-Fisher VaR (5%),Historic CVaR (5%)
Mean Return,15.931466689953645,14.72678583784629,0.6020018623425062,-24.42216086474755,-1.0203037661359562,12.027199690060385,0.032301889492489536,0.04391253395968065
