,Annualized Return,Annualized Vol,Sharpe Ratio,Max Drawdown,Skewness,Kurtosis,Cornish-Fisher VaR (5%),Historic CVaR (5%)
Mean Return,18.435693745918556,14.475613478101446,0.7774388610565294,-24.974976826261567,-0.5815713190997919,10.296362528424822,0.029736606261746994,0.04272057130053174
