,Annualized Return,Annualized Vol,Sharpe Ratio,Max Drawdown,Skewness,Kurtosis,Cornish-Fisher VaR (5%),Historic CVaR (5%)
Mean Return,18.916481621320646,13.280618006075946,0.887360776558652,-23.807925962695894,-0.4955470597291822,5.940609334276204,0.028417181071700947,0.03989553719595043
