,Annualized Return,Annualized Vol,Sharpe Ratio,Max Drawdown,Skewness,Kurtosis,Cornish-Fisher VaR (5%),Historic CVaR (5%)
Mean Return,8.063696613808325,17.136424387936877,0.08567670307668501,-32.748686460706274,-0.796963318132866,11.630679005562348,0.0382156695463906,0.05368348032914717
