,Annualized Return,Annualized Vol,Sharpe Ratio,Max Drawdown,Skewness,Kurtosis,Cornish-Fisher VaR (5%),Historic CVaR (5%)
Mean Return,14.517916893195814,17.540157815367813,0.4396256099377282,-25.29571945067045,-0.6046768786037943,7.452738603190806,0.039215493093962564,0.057430275295078055
