,Annualized Return,Annualized Vol,Sharpe Ratio,Max Drawdown,Skewness,Kurtosis,Cornish-Fisher VaR (5%),Historic CVaR (5%)
Mean Return,14.402152079157805,14.013950602073995,0.5352049450415998,-31.559269770446907,-0.6104088625517381,6.975279939221726,0.03111295388896394,0.04564570351392785
