,Annualized Return,Annualized Vol,Sharpe Ratio,Max Drawdown,Skewness,Kurtosis,Cornish-Fisher VaR (5%),Historic CVaR (5%)
Mean Return,15.103470176725997,15.01691936726142,0.5362632891375708,-29.31343293330021,-1.1810564990268957,15.157767001718337,0.032630602410646595,0.04446163140507468
