,Annualized Return,Annualized Vol,Sharpe Ratio,Max Drawdown,Skewness,Kurtosis,Cornish-Fisher VaR (5%),Historic CVaR (5%)
Mean Return,14.327877609960439,14.963595124725208,0.4917176150277797,-26.42278841646222,-0.5855980112994428,10.14951813856189,0.03161629073332535,0.04542267886991737
