,Annualized Return,Annualized Vol,Sharpe Ratio,Max Drawdown,Skewness,Kurtosis,Cornish-Fisher VaR (5%),Historic CVaR (5%)
Mean Return,12.236653750613936,15.44009131066478,0.34697891861822644,-29.39632678013297,-1.2940434832255268,14.943762842665,0.034768590924616934,0.04661966573194627
