,Annualized Return,Annualized Vol,Sharpe Ratio,Max Drawdown,Skewness,Kurtosis,Cornish-Fisher VaR (5%),Historic CVaR (5%)
Mean Return,12.827998652550798,14.64446197537911,0.4073289679772641,-25.684679730621845,-1.357498595890403,15.804828169603603,0.032704349782979626,0.04378458998480371
