,Annualized Return,Annualized Vol,Sharpe Ratio,Max Drawdown,Skewness,Kurtosis,Cornish-Fisher VaR (5%),Historic CVaR (5%)
Mean Return,18.199775622744617,12.364597785492897,0.8953806471426724,-24.232930579036754,-0.7806932796858255,6.543911686168337,0.027439442970718157,0.039729180278928286
