,Annualized Return,Annualized Vol,Sharpe Ratio,Max Drawdown,Skewness,Kurtosis,Cornish-Fisher VaR (5%),Historic CVaR (5%)
Mean Return,16.09871639731011,14.981916928174128,0.6022422512190446,-27.0122286169326,-1.0370943759047437,14.613441238170065,0.031873042970475426,0.043036753947451024
