,Annualized Return,Annualized Vol,Sharpe Ratio,Max Drawdown,Skewness,Kurtosis,Cornish-Fisher VaR (5%),Historic CVaR (5%)
Mean Return,14.996419424400953,14.087821220333174,0.5682453565350839,-23.999796188408492,-0.7687587780003425,6.806823935497681,0.03174777057121411,0.046230533892584
