,Annualized Return,Annualized Vol,Sharpe Ratio,Max Drawdown,Skewness,Kurtosis,Cornish-Fisher VaR (5%),Historic CVaR (5%)
Mean Return,17.295429115711514,15.493705674088682,0.6571194432241675,-29.042072699750417,-0.40974826321130337,8.459077516087977,0.03204744592811754,0.046969122983597705
