,Annualized Return,Annualized Vol,Sharpe Ratio,Max Drawdown,Skewness,Kurtosis,Cornish-Fisher VaR (5%),Historic CVaR (5%)
Mean Return,14.266575250319757,17.466621460924404,0.44155953727043756,-41.280276060558805,-1.0887453571463033,8.680928322382554,0.04223696742468424,0.059877276345401256
