,Annualized Return,Annualized Vol,Sharpe Ratio,Max Drawdown,Skewness,Kurtosis,Cornish-Fisher VaR (5%),Historic CVaR (5%)
Mean Return,3.1494012743783273,15.640293303216893,-0.19932936763704562,-48.3055416334313,-0.626453957193401,8.225562361712266,0.0362024095141374,0.05337705581041663
