,Annualized Return,Annualized Vol,Sharpe Ratio,Max Drawdown,Skewness,Kurtosis,Cornish-Fisher VaR (5%),Historic CVaR (5%)
Mean Return,14.98332147781567,12.746526546442302,0.6648773028871391,-27.25109184163551,-1.5395164705995295,13.675398478019847,0.030416983964877485,0.043062226975096
