,Annualized Return,Annualized Vol,Sharpe Ratio,Max Drawdown,Skewness,Kurtosis,Cornish-Fisher VaR (5%),Historic CVaR (5%)
Mean Return,13.418043503322806,15.717359490879362,0.41679898101930235,-29.00575671191451,-0.8885908073024068,11.834731507727192,0.034420194276136226,0.04841505984103259
