,Annualized Return,Annualized Vol,Sharpe Ratio,Max Drawdown,Skewness,Kurtosis,Cornish-Fisher VaR (5%),Historic CVaR (5%)
Mean Return,14.934367943599502,15.654268137698352,0.5131821933709282,-35.78703668905614,-0.3389541729459421,6.751535914503446,0.03344999663983169,0.043565088611434745
