,Annualized Return,Annualized Vol,Sharpe Ratio,Max Drawdown,Skewness,Kurtosis,Cornish-Fisher VaR (5%),Historic CVaR (5%)
Mean Return,16.43216556683229,15.455966168702606,0.605103709854554,-29.27731890352106,-0.8636213537429921,11.844837806221365,0.03317877991678864,0.04648475920343205
