,Annualized Return,Annualized Vol,Sharpe Ratio,Max Drawdown,Skewness,Kurtosis,Cornish-Fisher VaR (5%),Historic CVaR (5%)
Mean Return,18.205906943849204,14.881790165899943,0.7497700667626765,-25.918592144599096,-0.1919141176900833,5.560106878444652,0.0307633371965827,0.04329520253849658
