,Annualized Return,Annualized Vol,Sharpe Ratio,Max Drawdown,Skewness,Kurtosis,Cornish-Fisher VaR (5%),Historic CVaR (5%)
Mean Return,19.160271925862848,14.961399033081,0.795464785239808,-25.688180517038607,-0.43715152846884264,7.73505755245894,0.031010696718194578,0.04328655910027125
