,Annualized Return,Annualized Vol,Sharpe Ratio,Max Drawdown,Skewness,Kurtosis,Cornish-Fisher VaR (5%),Historic CVaR (5%)
Mean Return,15.18901720589312,14.023072971328817,0.58512441646474,-25.833761307786908,-1.0910976199950926,10.707510486902647,0.031581364438398346,0.045516283714904404
