,Annualized Return,Annualized Vol,Sharpe Ratio,Max Drawdown,Skewness,Kurtosis,Cornish-Fisher VaR (5%),Historic CVaR (5%)
Mean Return,16.78486872652327,13.841075684694662,0.6996859180560512,-24.448088504129295,-1.0266380098635124,8.568651900925031,0.031413632076347876,0.046565885396934695
