,Annualized Return,Annualized Vol,Skewness,Kurtosis,Cornish-Fisher VaR (5%),Historic CVaR (5%),Sharpe Ratio,Max Drawdown
Mean Return,0.08915989903810106,0.12544196660799023,-0.4943009536072456,5.77284284082392,0.02842192563201181,0.04011659185945972,0.19190210886487544,-0.17814715997990374
