,Annualized Return,Annualized Vol,Sharpe Ratio,Max Drawdown,Skewness,Kurtosis,Cornish-Fisher VaR (5%),Historic CVaR (5%)
Mean Return,12.277401326582593,15.413031447581767,0.35058921903393436,-34.16583435103091,-0.9806371634774004,12.225620677442247,0.03426158170297765,0.04510194154493229
