,Annualized Return,Annualized Vol,Sharpe Ratio,Max Drawdown,Skewness,Kurtosis,Cornish-Fisher VaR (5%),Historic CVaR (5%)
Mean Return,4.143565205575883,15.918549320928339,-0.1409727670275501,-33.3598918752764,-1.7811192919337429,13.359180610766272,0.04048306385287585,0.058391160928618194
