,Annualized Return,Annualized Vol,Skewness,Kurtosis,Cornish-Fisher VaR (5%),Historic CVaR (5%),Sharpe Ratio,Max Drawdown
Mean Return,0.1051779504106507,0.13714648503166516,-0.5390772594743483,8.740222614844946,0.029750740166129053,0.04336236326501784,0.27269277305167017,-0.2615576578196289
