,Annualized Return,Annualized Vol,Sharpe Ratio,Max Drawdown,Skewness,Kurtosis,Cornish-Fisher VaR (5%),Historic CVaR (5%)
Mean Return,18.045449327792838,16.602705041835065,0.6515032441550258,-26.050701562069296,-0.3142950821068112,7.819922348533913,0.03415291620587607,0.04865419667322882
