,Annualized Return,Annualized Vol,Sharpe Ratio,Max Drawdown,Skewness,Kurtosis,Cornish-Fisher VaR (5%),Historic CVaR (5%)
Mean Return,14.042270651289957,14.397164256883993,0.49404108913880274,-28.544036589473077,-1.401388183070012,14.365274643264872,0.03270509608860633,0.045174892645279435
