,Annualized Return,Annualized Vol,Sharpe Ratio,Max Drawdown,Skewness,Kurtosis,Cornish-Fisher VaR (5%),Historic CVaR (5%)
Mean Return,12.809599515681146,15.76026423440105,0.3835743061895128,-28.37432657934454,-0.6789194358693597,9.227944714996474,0.03494643594862155,0.050038371020621336
