,Annualized Return,Annualized Vol,Sharpe Ratio,Max Drawdown,Skewness,Kurtosis,Cornish-Fisher VaR (5%),Historic CVaR (5%)
Mean Return,17.15219574755682,15.054454378730512,0.6638025127006438,-25.688180517038596,-0.4762126580304404,8.002768568584392,0.03165966756214897,0.04418767860262374
