,Annualized Return,Annualized Vol,Sharpe Ratio,Max Drawdown,Skewness,Kurtosis,Cornish-Fisher VaR (5%),Historic CVaR (5%)
Mean Return,14.054735143104002,14.655521707140796,0.48777548556687833,-28.027461839599262,-0.8406294970849912,10.690156141646504,0.032072455041921966,0.045067485941781386
