,Annualized Return,Annualized Vol,Sharpe Ratio,Max Drawdown,Skewness,Kurtosis,Cornish-Fisher VaR (5%),Historic CVaR (5%)
Mean Return,20.815556248626834,13.300147564161163,1.0202055689293723,-23.69969348367969,-0.7295563981856147,7.152944921933666,0.02883124891413809,0.040204003280204174
