,Annualized Return,Annualized Vol,Sharpe Ratio,Max Drawdown,Skewness,Kurtosis,Cornish-Fisher VaR (5%),Historic CVaR (5%)
Mean Return,15.87046332192401,12.940748319258466,0.7201945935535676,-25.978967995739044,-1.475074804775924,13.82583033001297,0.0304222190102121,0.0420317893169344
