,Annualized Return,Annualized Vol,Skewness,Kurtosis,Cornish-Fisher VaR (5%),Historic CVaR (5%),Sharpe Ratio,Max Drawdown
Mean Return,0.11224792245695037,0.15056299515323696,-0.2428211426037581,5.99330541200514,0.032488686489179366,0.04729287312617051,0.3017085966085576,-0.29006636588782964
