,Annualized Return,Annualized Vol,Sharpe Ratio,Max Drawdown,Skewness,Kurtosis,Cornish-Fisher VaR (5%),Historic CVaR (5%)
Mean Return,15.702320937875136,14.95324653853724,0.5784732436929264,-24.515140735106872,-1.2913228368041274,14.79228801365331,0.0330623393050563,0.04475328869714652
