,Annualized Return,Annualized Vol,Sharpe Ratio,Max Drawdown,Skewness,Kurtosis,Cornish-Fisher VaR (5%),Historic CVaR (5%)
Mean Return,14.174980883147104,17.478801014963327,0.436305952340956,-40.2016147640575,-1.090398786659594,8.6908002191077,0.04228961656676059,0.05928750878987108
