,Annualized Return,Annualized Vol,Sharpe Ratio,Max Drawdown,Skewness,Kurtosis,Cornish-Fisher VaR (5%),Historic CVaR (5%)
Mean Return,12.37140954419127,14.408651421261442,0.4174161247442471,-25.634489721583755,-1.4999319634967943,16.02283675071541,0.034033381308644875,0.0439941032053221
