,Annualized Return,Annualized Vol,Sharpe Ratio,Max Drawdown,Skewness,Kurtosis,Cornish-Fisher VaR (5%),Historic CVaR (5%)
Mean Return,11.51915241757564,15.530450836068004,0.3037306611735175,-33.697630487245654,-1.2309444009894612,11.3702764036434,0.03632423429306074,0.04895810187589139
