,Annualized Return,Annualized Vol,Sharpe Ratio,Max Drawdown,Skewness,Kurtosis,Cornish-Fisher VaR (5%),Historic CVaR (5%)
Mean Return,15.116397710160978,14.264295472355531,0.5691220202548313,-24.519099384341253,-0.8091323190183108,6.988337677384847,0.032287239071868756,0.04695483453337006
