,Annualized Return,Annualized Vol,Sharpe Ratio,Max Drawdown,Skewness,Kurtosis,Cornish-Fisher VaR (5%),Historic CVaR (5%)
Mean Return,11.392542852064857,14.706232316663298,0.34570436778717345,-26.212543842582292,-0.9986513702725067,13.19579194750978,0.033654067428813286,0.04563529453746666
