,Annualized Return,Annualized Vol,Sharpe Ratio,Max Drawdown,Skewness,Kurtosis,Cornish-Fisher VaR (5%),Historic CVaR (5%)
Mean Return,13.700968906514465,15.909858633041127,0.4243898142396282,-33.46935414324436,-1.0292021999444971,10.881211395813423,0.03603749627954222,0.05014190138995386
