,Annualized Return,Annualized Vol,Sharpe Ratio,Max Drawdown,Skewness,Kurtosis,Cornish-Fisher VaR (5%),Historic CVaR (5%)
Mean Return,13.968815164873094,15.870363633720096,0.44110873987579785,-28.65359367022403,-1.2614811993200188,11.99525645009031,0.036625872388086574,0.049055115519380424
