,Annualized Return,Annualized Vol,Sharpe Ratio,Max Drawdown,Skewness,Kurtosis,Cornish-Fisher VaR (5%),Historic CVaR (5%)
Mean Return,14.468745658848281,13.54713953438539,0.5529252127985104,-24.368743344568028,-1.16821330283955,11.531943767829963,0.03059492008692607,0.04302738708527501
