,Annualized Return,Annualized Vol,Skewness,Kurtosis,Cornish-Fisher VaR (5%),Historic CVaR (5%),Sharpe Ratio,Max Drawdown
Mean Return,0.14716931155445478,0.15407746822573623,-1.0681665680850845,7.86095385014782,0.0371422815169309,0.052237248014517935,0.5281798739371905,-0.29530719455427545
