,Annualized Return,Annualized Vol,Sharpe Ratio,Max Drawdown,Skewness,Kurtosis,Cornish-Fisher VaR (5%),Historic CVaR (5%)
Mean Return,14.09600852885391,11.903930592841606,0.6117600439178513,-21.654679233030073,-0.8213144786794006,6.1140886853592225,0.027277075102160986,0.039366146642703014
