,Annualized Return,Annualized Vol,Sharpe Ratio,Max Drawdown,Skewness,Kurtosis,Cornish-Fisher VaR (5%),Historic CVaR (5%)
Mean Return,14.633775494052914,15.180281594936309,0.5014093636615127,-28.73909351770978,-1.1160176413765552,13.819452146677104,0.03332927283918883,0.045448208127255744
