,Annualized Return,Annualized Vol,Sharpe Ratio,Max Drawdown,Skewness,Kurtosis,Cornish-Fisher VaR (5%),Historic CVaR (5%)
Mean Return,10.623188768356817,15.079419727358099,0.28374227690281467,-28.633503379087845,-1.1909927381821037,9.31300405436144,0.03704792167110778,0.051066665338223106
