,Annualized Return,Annualized Vol,Sharpe Ratio,Max Drawdown,Skewness,Kurtosis,Cornish-Fisher VaR (5%),Historic CVaR (5%)
Mean Return,18.337186365748725,12.878448240067863,0.8628246270755903,-28.373431861991204,-1.049582394401616,9.344030543579565,0.028615213856686424,0.04080656370415338
