,Annualized Return,Annualized Vol,Sharpe Ratio,Max Drawdown,Skewness,Kurtosis,Cornish-Fisher VaR (5%),Historic CVaR (5%)
Mean Return,13.175745444777887,14.585230157000135,0.4302116025749544,-30.79034324330925,-0.8113581941062988,7.479723304672002,0.03321924312706445,0.045877532522964996
