,Annualized Return,Annualized Vol,Skewness,Kurtosis,Cornish-Fisher VaR (5%),Historic CVaR (5%),Sharpe Ratio,Max Drawdown
Mean Return,0.20477394976089358,0.16279731566540354,-0.5136770447599674,9.053560103195162,0.03488773875992187,0.0471839057484923,0.8393763256190802,-0.29744451421733975
