,Annualized Return,Annualized Vol,Sharpe Ratio,Max Drawdown,Skewness,Kurtosis,Cornish-Fisher VaR (5%),Historic CVaR (5%)
Mean Return,23.280095037828463,14.074275580320494,1.1233442623617487,-17.808157683367973,-0.35970247591103877,5.409615967123507,0.028819718397338108,0.04262927943692397
