,Annualized Return,Annualized Vol,Sharpe Ratio,Max Drawdown,Skewness,Kurtosis,Cornish-Fisher VaR (5%),Historic CVaR (5%)
Mean Return,15.476415765049722,15.061474849579925,0.5612837188581777,-24.9808621650592,-1.4650326315506474,14.539095086903124,0.03430364168494897,0.046771664452457166
