,Annualized Return,Annualized Vol,Sharpe Ratio,Max Drawdown,Skewness,Kurtosis,Cornish-Fisher VaR (5%),Historic CVaR (5%)
Mean Return,16.066013448345686,15.381441029278845,0.5826764205634367,-31.61265057638851,-1.2518797595260123,15.928112113812833,0.033355449036428925,0.0457864798161254
