,Annualized Return,Annualized Vol,Sharpe Ratio,Max Drawdown,Skewness,Kurtosis,Cornish-Fisher VaR (5%),Historic CVaR (5%)
Mean Return,14.052144611673567,13.096733242589753,0.5408333027736631,-28.256950763265685,-0.9700167154536861,9.656803452541514,0.029391018684455036,0.04216706150407648
