,Annualized Return,Annualized Vol,Sharpe Ratio,Max Drawdown,Skewness,Kurtosis,Cornish-Fisher VaR (5%),Historic CVaR (5%)
Mean Return,15.453932837422002,15.854941761022909,0.5316954040425135,-30.74616912748877,-1.2922927993102844,16.258001427360334,0.03461276757484586,0.04617957589973664
