,Annualized Return,Annualized Vol,Sharpe Ratio,Max Drawdown,Skewness,Kurtosis,Cornish-Fisher VaR (5%),Historic CVaR (5%)
Mean Return,15.125386514244843,15.17863730304691,0.5330819292411335,-26.972338077132317,-1.4128329834473101,16.87446406169667,0.03341860487771496,0.04481710683232588
