,Annualized Return,Annualized Vol,Sharpe Ratio,Max Drawdown,Skewness,Kurtosis,Cornish-Fisher VaR (5%),Historic CVaR (5%)
Mean Return,19.300617193976464,15.046912042705054,0.7986441627655944,-29.57644771809681,-0.773028580494591,11.437304295266463,0.031469089300165856,0.044331404312947985
