,Annualized Return,Annualized Vol,Sharpe Ratio,Max Drawdown,Skewness,Kurtosis,Cornish-Fisher VaR (5%),Historic CVaR (5%)
Mean Return,12.763925749078053,14.61503953859585,0.40048664416285634,-30.09150740355315,-0.9868649634858968,10.678361306679541,0.032957144197458044,0.04726188006072925
