,Annualized Return,Annualized Vol,Sharpe Ratio,Max Drawdown,Skewness,Kurtosis,Cornish-Fisher VaR (5%),Historic CVaR (5%)
Mean Return,14.216462648378236,15.320798677719782,0.4762473398014179,-28.830878774472023,-0.807731048176925,12.008053290170675,0.032859928812921754,0.04679666077463434
