,Annualized Return,Annualized Vol,Sharpe Ratio,Max Drawdown,Skewness,Kurtosis,Cornish-Fisher VaR (5%),Historic CVaR (5%)
Mean Return,16.171932007951995,13.653704951396826,0.6667612925231451,-24.68759966450513,-1.1577401804329928,15.885240767946136,0.028873887765918257,0.039422643107997965
