,Annualized Return,Annualized Vol,Skewness,Kurtosis,Cornish-Fisher VaR (5%),Historic CVaR (5%),Sharpe Ratio,Max Drawdown
Mean Return,0.12261787357703446,0.1294671059351029,-0.6314408312737326,7.8779758642719475,0.028435476446533922,0.039780959236304606,0.41566636614454444,-0.23483839573361198
