,Annualized Return,Annualized Vol,Skewness,Kurtosis,Cornish-Fisher VaR (5%),Historic CVaR (5%),Sharpe Ratio,Max Drawdown
Mean Return,0.09572377901421625,0.16939728680182184,-0.4691855949364739,10.188792148221562,0.03616774902894793,0.05292458068730223,0.17251432202643852,-0.3119052624792939
