,Annualized Return,Annualized Vol,Sharpe Ratio,Max Drawdown,Skewness,Kurtosis,Cornish-Fisher VaR (5%),Historic CVaR (5%)
Mean Return,13.68879322748706,15.4327884916481,0.44099003704166323,-28.027475058672607,-0.8607797556509145,11.428566674174371,0.03373670901885752,0.04761572125541426
