,Annualized Return,Annualized Vol,Sharpe Ratio,Max Drawdown,Skewness,Kurtosis,Cornish-Fisher VaR (5%),Historic CVaR (5%)
Mean Return,13.787766671256495,14.367276893630205,0.4751408202356376,-32.78644691471201,-1.1372528977118883,10.791236816347082,0.03288542012857224,0.043928315991710924
