,Annualized Return,Annualized Vol,Sharpe Ratio,Max Drawdown,Skewness,Kurtosis,Cornish-Fisher VaR (5%),Historic CVaR (5%)
Mean Return,16.77650671675952,14.050939145375674,0.6883659553439581,-25.04210792115401,-0.6667726461720831,8.786650589734332,0.030093219261174302,0.04166021746227933
