,Annualized Return,Annualized Vol,Sharpe Ratio,Max Drawdown,Skewness,Kurtosis,Cornish-Fisher VaR (5%),Historic CVaR (5%)
Mean Return,11.307920456841124,16.715406053179375,0.2719939489720757,-31.37371455937218,-0.752729900985889,10.52970094574442,0.036933846156085505,0.052013775807523956
