,Annualized Return,Annualized Vol,Sharpe Ratio,Max Drawdown,Skewness,Kurtosis,Cornish-Fisher VaR (5%),Historic CVaR (5%)
Mean Return,24.2798411626568,16.450299661424424,1.0150480694043664,-25.679992091462527,-0.23735486133518266,8.75956490718387,0.03190604428519592,0.04412392842645251
