,Annualized Return,Annualized Vol,Sharpe Ratio,Max Drawdown,Skewness,Kurtosis,Cornish-Fisher VaR (5%),Historic CVaR (5%)
Mean Return,17.59510439252039,14.658921272570483,0.7126166985487716,-25.042376203776872,-0.7090198558197566,9.587656832705006,0.03126158243964233,0.04314589806225605
