,Annualized Return,Annualized Vol,Sharpe Ratio,Max Drawdown,Skewness,Kurtosis,Cornish-Fisher VaR (5%),Historic CVaR (5%)
Mean Return,16.22740197564674,15.456310034819746,0.590624325061766,-32.21255986135635,-0.9049128134164237,10.345888733424156,0.03410035146671772,0.04678871377904462
