,Annualized Return,Annualized Vol,Sharpe Ratio,Max Drawdown,Skewness,Kurtosis,Cornish-Fisher VaR (5%),Historic CVaR (5%)
Mean Return,1.1429812485659774,15.250886721506602,-0.30486854984696654,-38.49172810161256,-2.028830763894756,15.927342345370285,0.040507296598035716,0.0572455735931027
