,Annualized Return,Annualized Vol,Sharpe Ratio,Max Drawdown,Skewness,Kurtosis,Cornish-Fisher VaR (5%),Historic CVaR (5%)
Mean Return,20.030960960329637,14.880185793840784,0.8537362999929248,-26.65485402233232,-0.7009350901855866,10.928323339598622,0.030798464564325174,0.043615368998697036
