,Annualized Return,Annualized Vol,Skewness,Kurtosis,Cornish-Fisher VaR (5%),Historic CVaR (5%),Sharpe Ratio,Max Drawdown
Mean Return,0.1343366265881396,0.1379742854773885,-0.7982346621192707,8.701846194020968,0.030711769254485894,0.04459259739018498,0.4750513147422293,-0.24689486874030464
