,Annualized Return,Annualized Vol,Skewness,Kurtosis,Cornish-Fisher VaR (5%),Historic CVaR (5%),Sharpe Ratio,Max Drawdown
Mean Return,0.11691517848660249,0.1506101216262596,-1.442387815399845,16.687463108731215,0.03392852795500761,0.04550831468948413,0.32510335469228246,-0.281524277400642
