,Annualized Return,Annualized Vol,Skewness,Kurtosis,Cornish-Fisher VaR (5%),Historic CVaR (5%),Sharpe Ratio,Max Drawdown
Mean Return,0.07920075571459662,0.12994153068039818,-0.41982503482973416,5.653651427618701,0.0299147905446083,0.04304982268024159,0.1332230182974106,-0.20812053140355066
