,Annualized Return,Annualized Vol,Sharpe Ratio,Max Drawdown,Skewness,Kurtosis,Cornish-Fisher VaR (5%),Historic CVaR (5%)
Mean Return,15.458122837699495,17.259626821332986,0.48783911123418305,-24.422160864747543,-1.566005886367972,14.702320577139632,0.04016061855272207,0.056616627646423646
