,Annualized Return,Annualized Vol,Sharpe Ratio,Max Drawdown,Skewness,Kurtosis,Cornish-Fisher VaR (5%),Historic CVaR (5%)
Mean Return,17.75204621647535,15.183748852183015,0.6966108159086922,-28.435359740164667,-0.8919215013055636,13.371444301008061,0.0318358345221023,0.04374194482542143
