,Annualized Return,Annualized Vol,Sharpe Ratio,Max Drawdown,Skewness,Kurtosis,Cornish-Fisher VaR (5%),Historic CVaR (5%)
Mean Return,15.805350115761541,17.16976516197372,0.507696734045666,-32.14645901312843,-0.5793491449931837,11.758600317872192,0.03558597792171196,0.05026229076116249
