,Annualized Return,Annualized Vol,Sharpe Ratio,Max Drawdown,Skewness,Kurtosis,Cornish-Fisher VaR (5%),Historic CVaR (5%)
Mean Return,10.557224232628858,14.584597531977488,0.29492206357170236,-30.517301085752596,-1.1026341722100619,13.654183925072878,0.033856454802933415,0.046761529508945444
