,Annualized Return,Annualized Vol,Sharpe Ratio,Max Drawdown,Skewness,Kurtosis,Cornish-Fisher VaR (5%),Historic CVaR (5%)
Mean Return,10.959996133322857,15.216839403522972,0.274198491802833,-28.01291671531314,-1.7818965366278128,17.2340970239833,0.0357989136962445,0.04857890305072168
