,Annualized Return,Annualized Vol,Sharpe Ratio,Max Drawdown,Skewness,Kurtosis,Cornish-Fisher VaR (5%),Historic CVaR (5%)
Mean Return,12.505875036613734,15.023568417098264,0.40279298006082614,-27.200776614002585,-1.0157087264717464,8.007251797753577,0.036212822576352936,0.050789075450950516
