,Annualized Return,Annualized Vol,Sharpe Ratio,Max Drawdown,Skewness,Kurtosis,Cornish-Fisher VaR (5%),Historic CVaR (5%)
Mean Return,17.95003148576477,14.628464954096126,0.7380894943943302,-24.85331274855272,-0.4484657388961294,9.771254159897685,0.029663305454677446,0.041781275977099935
