,Annualized Return,Annualized Vol,Sharpe Ratio,Max Drawdown,Skewness,Kurtosis,Cornish-Fisher VaR (5%),Historic CVaR (5%)
Mean Return,19.454477847602192,15.04610812457163,0.808300445574062,-27.027801124150862,-0.6779062137480184,10.513144945950977,0.03132195355167827,0.0443998555946452
