,Annualized Return,Annualized Vol,Sharpe Ratio,Max Drawdown,Skewness,Kurtosis,Cornish-Fisher VaR (5%),Historic CVaR (5%)
Mean Return,13.594148845863273,14.475681654129033,0.46544647297336855,-30.917539150015994,-0.6535461918329248,6.645220087813425,0.032720528579516156,0.04587233928759901
