,Annualized Return,Annualized Vol,Sharpe Ratio,Max Drawdown,Skewness,Kurtosis,Cornish-Fisher VaR (5%),Historic CVaR (5%)
Mean Return,15.714512366125376,12.76899950100415,0.7179396304350723,-27.39311414260741,-1.7285833666232604,15.271590085068874,0.030519164672270446,0.04267398731529478
