,Annualized Return,Annualized Vol,Sharpe Ratio,Max Drawdown,Skewness,Kurtosis,Cornish-Fisher VaR (5%),Historic CVaR (5%)
Mean Return,14.759320488626248,12.80925981011562,0.6048337616698883,-27.794578908120354,-0.9167250983871273,10.0342356687196,0.028203932851428054,0.04055579588637894
