,Annualized Return,Annualized Vol,Sharpe Ratio,Max Drawdown,Skewness,Kurtosis,Cornish-Fisher VaR (5%),Historic CVaR (5%)
Mean Return,17.3101286670323,14.892638044803084,0.6802732331606912,-25.863139543041246,-0.9037489992149744,13.962872379116034,0.031075135385627436,0.043320520570493584
