,Annualized Return,Annualized Vol,Sharpe Ratio,Max Drawdown,Skewness,Kurtosis,Cornish-Fisher VaR (5%),Historic CVaR (5%)
Mean Return,16.430000393233414,14.897295305177897,0.6287994400918167,-27.24980330670739,-0.6121128300778784,7.3692480156053035,0.03240717885706728,0.04678281170253075
