,Annualized Return,Annualized Vol,Sharpe Ratio,Max Drawdown,Skewness,Kurtosis,Cornish-Fisher VaR (5%),Historic CVaR (5%)
Mean Return,12.658735580008095,12.794012363238638,0.4524752269287453,-28.76491496224495,-1.313339282288888,10.834167399847507,0.029930589271122746,0.040875382861519496
