,Annualized Return,Annualized Vol,Sharpe Ratio,Max Drawdown,Skewness,Kurtosis,Cornish-Fisher VaR (5%),Historic CVaR (5%)
Mean Return,16.572271097553237,14.065691868886562,0.681460289770436,-27.862220579252835,-0.9806172615722546,9.898401093991716,0.03154656561798782,0.04289362164461465
