,Annualized Return,Annualized Vol,Sharpe Ratio,Max Drawdown,Skewness,Kurtosis,Cornish-Fisher VaR (5%),Historic CVaR (5%)
Mean Return,17.66788890751996,15.207449331955239,0.6974388425065788,-25.06627950625576,0.05087149632871249,5.650366787993754,0.030132160888284815,0.04226697711783845
