,Annualized Return,Annualized Vol,Sharpe Ratio,Max Drawdown,Skewness,Kurtosis,Cornish-Fisher VaR (5%),Historic CVaR (5%)
Mean Return,14.172299173812043,14.998089018979124,0.47909096715893185,-31.612650576388518,-1.236356531369664,15.77917925465672,0.0327630182622424,0.04494233492619322
