,Annualized Return,Annualized Vol,Sharpe Ratio,Max Drawdown,Skewness,Kurtosis,Cornish-Fisher VaR (5%),Historic CVaR (5%)
Mean Return,15.572580528614278,13.52670560130765,0.6357005567490801,-27.59236594528154,-0.7226552239231802,7.270470579697871,0.03020275592849189,0.043146276898503734
