,Annualized Return,Annualized Vol,Sharpe Ratio,Max Drawdown,Skewness,Kurtosis,Cornish-Fisher VaR (5%),Historic CVaR (5%)
Mean Return,14.47974801380334,13.056309287092713,0.586501508562561,-20.21655884830793,-0.4384708832956163,6.437757412827512,0.02814281904487636,0.03992660199281991
