,Annualized Return,Annualized Vol,Sharpe Ratio,Max Drawdown,Skewness,Kurtosis,Cornish-Fisher VaR (5%),Historic CVaR (5%)
Mean Return,15.23080164949997,14.564407845983332,0.5651246208438399,-31.334558763444804,-0.7825555730595802,8.836502770890446,0.03212709480962682,0.045370894104462
