,Annualized Return,Annualized Vol,Sharpe Ratio,Max Drawdown,Skewness,Kurtosis,Cornish-Fisher VaR (5%),Historic CVaR (5%)
Mean Return,15.006612806257792,12.441900015120533,0.6763852857494467,-22.747045157816626,-1.1616132972686144,9.129832175967676,0.02938474094425768,0.041114530069992675
