,Annualized Return,Annualized Vol,Sharpe Ratio,Max Drawdown,Skewness,Kurtosis,Cornish-Fisher VaR (5%),Historic CVaR (5%)
Mean Return,13.28187106134493,15.169169237707095,0.4184218963216191,-29.782469270298773,-0.9935137183500375,12.884590698908623,0.03330374426425139,0.043519005184988295
