,Annualized Return,Annualized Vol,Sharpe Ratio,Max Drawdown,Skewness,Kurtosis,Cornish-Fisher VaR (5%),Historic CVaR (5%)
Mean Return,10.069234954326145,15.217359819519698,0.24681179527777633,-28.94680133038015,-1.2563110691165515,9.534246837786561,0.037747336236146005,0.0516304204919195
