,Annualized Return,Annualized Vol,Sharpe Ratio,Max Drawdown,Skewness,Kurtosis,Cornish-Fisher VaR (5%),Historic CVaR (5%)
Mean Return,14.27175850536071,16.808412386959954,0.43458446566976844,-35.599144879445795,-1.1776534329174184,9.686844530198425,0.039490603735240354,0.05540431904552181
