,Annualized Return,Annualized Vol,Sharpe Ratio,Max Drawdown,Skewness,Kurtosis,Cornish-Fisher VaR (5%),Historic CVaR (5%)
Mean Return,15.654040919061952,17.14233430030382,0.5019228587877527,-26.014110216959136,-1.8509018966141522,15.181300922903231,0.04109626789541248,0.056577796487236404
