,Annualized Return,Annualized Vol,Sharpe Ratio,Max Drawdown,Skewness,Kurtosis,Cornish-Fisher VaR (5%),Historic CVaR (5%)
Mean Return,12.457317766193722,13.001389498840535,0.42805278883400566,-20.504701409939003,-0.3194347386094507,6.548728843164799,0.0275178845998778,0.03895035692526801
