,Annualized Return,Annualized Vol,Sharpe Ratio,Max Drawdown,Skewness,Kurtosis,Cornish-Fisher VaR (5%),Historic CVaR (5%)
Mean Return,15.09272798276542,13.772735174680829,0.5900482375980878,-22.48865259063236,-0.8742253965826828,9.211509206732101,0.030542404748118795,0.04509541615203188
