,Annualized Return,Annualized Vol,Sharpe Ratio,Max Drawdown,Skewness,Kurtosis,Cornish-Fisher VaR (5%),Historic CVaR (5%)
Mean Return,15.157411029758162,15.51319987779266,0.5277494871922489,-27.033790749222693,-0.6674090961136747,10.543376575610843,0.03299772686612791,0.046471033340922105
