,Annualized Return,Annualized Vol,Sharpe Ratio,Max Drawdown,Skewness,Kurtosis,Cornish-Fisher VaR (5%),Historic CVaR (5%)
Mean Return,20.361146558781186,15.800143155779628,0.8289232793062367,-28.882051971277622,-0.22291640697075038,8.456043291772504,0.031446351423720695,0.04644863035539603
