,Annualized Return,Annualized Vol,Sharpe Ratio,Max Drawdown,Skewness,Kurtosis,Cornish-Fisher VaR (5%),Historic CVaR (5%)
Mean Return,14.933417335706721,14.17029528536731,0.5668904021083738,-28.929417717811955,-0.4633060153639696,6.479755778079745,0.030819778793820085,0.04352401907825606
