,Annualized Return,Annualized Vol,Sharpe Ratio,Max Drawdown,Skewness,Kurtosis,Cornish-Fisher VaR (5%),Historic CVaR (5%)
Mean Return,14.014054768182337,14.387911721589264,0.48931406012106965,-27.94744756681011,-1.2104630889792116,14.57931088674671,0.03172484252787738,0.04224137393123912
