,Annualized Return,Annualized Vol,Sharpe Ratio,Max Drawdown,Skewness,Kurtosis,Cornish-Fisher VaR (5%),Historic CVaR (5%)
Mean Return,16.015013250204536,14.569890946711105,0.6189230162076054,-30.640420211497354,-0.40201804404348235,7.428692507278802,0.03085820105017505,0.04640940526255036
