,Annualized Return,Annualized Vol,Skewness,Kurtosis,Cornish-Fisher VaR (5%),Historic CVaR (5%),Sharpe Ratio,Max Drawdown
Mean Return,0.10683119884473502,0.13270564612667377,-0.982246246501275,9.590863599570914,0.030454942269383497,0.04067113438343773,0.29754223103366667,-0.25881399905388464
