,Annualized Return,Annualized Vol,Sharpe Ratio,Max Drawdown,Skewness,Kurtosis,Cornish-Fisher VaR (5%),Historic CVaR (5%)
Mean Return,15.263747238630021,14.095568913449439,0.5830327501914447,-24.297420953250615,-0.953142261115534,8.78570928898988,0.031861725414581876,0.04528137052440921
