,Annualized Return,Annualized Vol,Sharpe Ratio,Max Drawdown,Skewness,Kurtosis,Cornish-Fisher VaR (5%),Historic CVaR (5%)
Mean Return,17.390410328182714,15.265270631683597,0.668345369204763,-28.753405052048937,-0.8078293863679058,11.267119817565671,0.03254671940272853,0.044842678191967446
