,Annualized Return,Annualized Vol,Sharpe Ratio,Max Drawdown,Skewness,Kurtosis,Cornish-Fisher VaR (5%),Historic CVaR (5%)
Mean Return,12.519908972447102,18.63355921297899,0.30438155397900474,-36.94000519677009,-0.13365524172299123,13.158005409969423,0.035527235736069404,0.0562230734391069
