,Annualized Return,Annualized Vol,Sharpe Ratio,Max Drawdown,Skewness,Kurtosis,Cornish-Fisher VaR (5%),Historic CVaR (5%)
Mean Return,17.672756565058066,17.272153444092243,0.6099821144398259,-28.861161997793488,-0.21339619522010872,7.350218404776976,0.035244316265187155,0.05169355534194865
