,Annualized Return,Annualized Vol,Sharpe Ratio,Max Drawdown,Skewness,Kurtosis,Cornish-Fisher VaR (5%),Historic CVaR (5%)
Mean Return,11.703314446232916,15.732122151404143,0.30867300616552173,-29.76548871377196,-1.071966196526046,13.512984246455819,0.03502429051174975,0.04623722178122573
