,Annualized Return,Annualized Vol,Sharpe Ratio,Max Drawdown,Skewness,Kurtosis,Cornish-Fisher VaR (5%),Historic CVaR (5%)
Mean Return,16.132186309824625,12.776506116111891,0.7062467725487447,-28.48583865181304,-1.615989762261156,13.400434410042871,0.029630540624754925,0.04123920427839682
