,Annualized Return,Annualized Vol,Skewness,Kurtosis,Cornish-Fisher VaR (5%),Historic CVaR (5%),Sharpe Ratio,Max Drawdown
Mean Return,0.11971814787626811,0.1626507716925257,-0.7958008942140529,11.613556319250076,0.035515238120775616,0.0507513009777868,0.3184214061461229,-0.2979937464432765
