,Annualized Return,Annualized Vol,Sharpe Ratio,Max Drawdown,Skewness,Kurtosis,Cornish-Fisher VaR (5%),Historic CVaR (5%)
Mean Return,21.597316138251266,12.53192346989686,1.1422991741986968,-21.70005078164025,-0.6599795650144228,6.943986728181609,0.026591385617536607,0.036761286523586095
