,Annualized Return,Annualized Vol,Sharpe Ratio,Max Drawdown,Skewness,Kurtosis,Cornish-Fisher VaR (5%),Historic CVaR (5%)
Mean Return,20.0614609810112,14.216336918217056,0.899170679351721,-26.74112686120795,-0.7415293379974234,7.773294756566698,0.030704096142288875,0.04543910684881768
