,Annualized Return,Annualized Vol,Skewness,Kurtosis,Cornish-Fisher VaR (5%),Historic CVaR (5%),Sharpe Ratio,Max Drawdown
Mean Return,0.12458660656625775,0.1532493801741414,-0.3225161441565312,6.4548382819265635,0.03285031347098418,0.046825249425433195,0.36419019388839863,-0.29133406546117147
