,Annualized Return,Annualized Vol,Sharpe Ratio,Max Drawdown,Skewness,Kurtosis,Cornish-Fisher VaR (5%),Historic CVaR (5%)
Mean Return,16.54426175482171,13.199487541566974,0.7126348942654632,-26.90722990662874,-1.3029987503198701,12.273030508324958,0.02973342366776737,0.04188223588968603
