,Annualized Return,Annualized Vol,Sharpe Ratio,Max Drawdown,Skewness,Kurtosis,Cornish-Fisher VaR (5%),Historic CVaR (5%)
Mean Return,14.171001174857857,12.345895855945285,0.6177646775551826,-26.00773011693505,-1.296482044716445,9.901343542261987,0.029577997795548226,0.04178182816295924
