,Annualized Return,Annualized Vol,Skewness,Kurtosis,Cornish-Fisher VaR (5%),Historic CVaR (5%),Sharpe Ratio,Max Drawdown
Mean Return,0.13667502372826146,0.13507221612147288,-0.4659575524412538,5.888487098741644,0.029710086906568997,0.04164917356255857,0.5056944180494385,-0.29142302299979445
