,Annualized Return,Annualized Vol,Sharpe Ratio,Max Drawdown,Skewness,Kurtosis,Cornish-Fisher VaR (5%),Historic CVaR (5%)
Mean Return,11.88568202718201,15.419012605425852,0.3282751383181261,-27.884278839635705,-1.3578304820948226,14.603265789930816,0.03523056526324563,0.046055929692798724
