,Annualized Return,Annualized Vol,Sharpe Ratio,Max Drawdown,Skewness,Kurtosis,Cornish-Fisher VaR (5%),Historic CVaR (5%)
Mean Return,18.309981098667837,16.024168992298215,0.7249330939145421,-25.769650617983213,-0.6350725393368898,13.053437046921156,0.03354161687089206,0.04428755511710404
