,Annualized Return,Annualized Vol,Sharpe Ratio,Max Drawdown,Skewness,Kurtosis,Cornish-Fisher VaR (5%),Historic CVaR (5%)
Mean Return,12.147744838351304,17.260086615027546,0.30936785255677035,-34.166375921109285,-0.5002071552146148,10.49059211362966,0.03648956115725703,0.05335599675175232
