,Annualized Return,Annualized Vol,Sharpe Ratio,Max Drawdown,Skewness,Kurtosis,Cornish-Fisher VaR (5%),Historic CVaR (5%)
Mean Return,13.12402978802789,15.329170841772042,0.40446271661212685,-33.02139731519878,-1.1786285016113394,14.101069146840544,0.03414100325224507,0.045722484399818665
