,Annualized Return,Annualized Vol,Sharpe Ratio,Max Drawdown,Skewness,Kurtosis,Cornish-Fisher VaR (5%),Historic CVaR (5%)
Mean Return,15.93735388202202,15.09163840819272,0.5852982505121138,-26.366446010872284,-0.561536345355538,9.132307454801667,0.031950465886926196,0.044961807334905714
