,Annualized Return,Annualized Vol,Sharpe Ratio,Max Drawdown,Skewness,Kurtosis,Cornish-Fisher VaR (5%),Historic CVaR (5%)
Mean Return,11.575337248507855,14.127736261837331,0.3441270701185109,-29.850127734434185,-0.33534468713061694,6.0059019553220665,0.030803135428453497,0.04353452113855378
