,Annualized Return,Annualized Vol,Skewness,Kurtosis,Cornish-Fisher VaR (5%),Historic CVaR (5%),Sharpe Ratio,Max Drawdown
Mean Return,0.14844458568526986,0.15123502679981723,-1.374667837803285,15.82264717843528,0.03357696268179439,0.04473661211639625,0.5197958377395953,-0.24646500434217264
