,Annualized Return,Annualized Vol,Sharpe Ratio,Max Drawdown,Skewness,Kurtosis,Cornish-Fisher VaR (5%),Historic CVaR (5%)
Mean Return,12.676091944693946,16.973967919434465,0.3438580148529849,-33.555756097416065,-0.8032669868626597,12.840906160318065,0.03649592970001929,0.05310177776732202
