,Annualized Return,Annualized Vol,Sharpe Ratio,Max Drawdown,Skewness,Kurtosis,Cornish-Fisher VaR (5%),Historic CVaR (5%)
Mean Return,16.191076729877164,15.614548864973516,0.5833981787638254,-34.08497732433794,-0.022555377615112084,9.435816859709988,0.029776119521052587,0.043489787158584536
