,Annualized Return,Annualized Vol,Sharpe Ratio,Max Drawdown,Skewness,Kurtosis,Cornish-Fisher VaR (5%),Historic CVaR (5%)
Mean Return,19.35224889234417,13.02379331242508,0.9264627110705621,-28.448417116084407,-1.0689003859996344,9.276491210109347,0.02891817080585643,0.04102512234494041
