,Annualized Return,Annualized Vol,Sharpe Ratio,Max Drawdown,Skewness,Kurtosis,Cornish-Fisher VaR (5%),Historic CVaR (5%)
Mean Return,12.918816249011943,16.18842829039725,0.3756578449845739,-30.2728706269062,-0.8995828235366633,12.215648481940208,0.035492440146034046,0.04988499631136413
