,Annualized Return,Annualized Vol,Sharpe Ratio,Max Drawdown,Skewness,Kurtosis,Cornish-Fisher VaR (5%),Historic CVaR (5%)
Mean Return,15.059342105498153,14.269354299048626,0.5705250462239904,-28.650733881137647,-0.47106301949802226,6.525290746481241,0.031056737841589716,0.04370025239056991
