,Annualized Return,Annualized Vol,Sharpe Ratio,Max Drawdown,Skewness,Kurtosis,Cornish-Fisher VaR (5%),Historic CVaR (5%)
Mean Return,11.718296951485474,14.417046366063493,0.3744840058661009,-27.581437807870106,-1.1077612123635965,12.686294399957456,0.03367530834122551,0.04406556115455416
