,Annualized Return,Annualized Vol,Sharpe Ratio,Max Drawdown,Skewness,Kurtosis,Cornish-Fisher VaR (5%),Historic CVaR (5%)
Mean Return,13.524729830799064,15.637320206818114,0.42535091844364603,-25.498808090289828,-0.8750806410856204,9.131750820161876,0.03532362436512185,0.05071343015820525
