,Annualized Return,Annualized Vol,Sharpe Ratio,Max Drawdown,Skewness,Kurtosis,Cornish-Fisher VaR (5%),Historic CVaR (5%)
Mean Return,18.234682234819477,14.594475405965019,0.7581511913887427,-28.946026190647633,-0.8853835865480858,9.567246011092802,0.03191204578683041,0.04503652089792872
