,Annualized Return,Annualized Vol,Sharpe Ratio,Max Drawdown,Skewness,Kurtosis,Cornish-Fisher VaR (5%),Historic CVaR (5%)
Mean Return,10.520878776447763,16.216892788411837,0.2575702733287844,-33.32578695798511,-1.277994383495811,11.507727293803375,0.039463758214217035,0.05190044413743558
