,Annualized Return,Annualized Vol,Sharpe Ratio,Max Drawdown,Skewness,Kurtosis,Cornish-Fisher VaR (5%),Historic CVaR (5%)
Mean Return,15.087418557218912,14.414344903420762,0.5643118688789904,-27.59200980473244,-0.7792379948079179,7.420915760350843,0.03232286664798211,0.04699460975797279
