,Annualized Return,Annualized Vol,Sharpe Ratio,Max Drawdown,Skewness,Kurtosis,Cornish-Fisher VaR (5%),Historic CVaR (5%)
Mean Return,5.046564348244664,14.874477066762271,-0.09379872943542784,-41.39419697767843,-1.3809817364636003,10.428360830974007,0.03699328864346284,0.055841628818168856
