,Annualized Return,Annualized Vol,Sharpe Ratio,Max Drawdown,Skewness,Kurtosis,Cornish-Fisher VaR (5%),Historic CVaR (5%)
Mean Return,15.503728417070462,14.331050436736453,0.5918852978575307,-24.030738782149804,-0.7784584513115643,6.599093970144508,0.03238628331131804,0.0472706356643023
