,Annualized Return,Annualized Vol,Sharpe Ratio,Max Drawdown,Skewness,Kurtosis,Cornish-Fisher VaR (5%),Historic CVaR (5%)
Mean Return,10.457083795425582,13.714648503166515,0.2711669403380158,-26.15576578196289,-0.5390772594743483,8.740222614844946,0.029750740166129053,0.04336236326501784
