,Annualized Return,Annualized Vol,Sharpe Ratio,Max Drawdown,Skewness,Kurtosis,Cornish-Fisher VaR (5%),Historic CVaR (5%)
Mean Return,15.253020352054914,13.587968933588016,0.6091701420262767,-21.59499318371129,-0.8889422578046925,8.697981346829762,0.030336109125969523,0.04493001760770484
