,Annualized Return,Annualized Vol,Sharpe Ratio,Max Drawdown,Skewness,Kurtosis,Cornish-Fisher VaR (5%),Historic CVaR (5%)
Mean Return,13.242928514816033,15.65599156451861,0.4121812975952548,-24.751216063506394,-0.43010533917631,8.317293813367277,0.03359409526997569,0.04937388726536687
