,Annualized Return,Annualized Vol,Sharpe Ratio,Max Drawdown,Skewness,Kurtosis,Cornish-Fisher VaR (5%),Historic CVaR (5%)
Mean Return,11.862120195519843,13.85111640148781,0.37490264697477116,-25.84661271720351,-0.5992144630887793,6.796197962237694,0.031147619594652478,0.04348917925370781
