,Annualized Return,Annualized Vol,Sharpe Ratio,Max Drawdown,Skewness,Kurtosis,Cornish-Fisher VaR (5%),Historic CVaR (5%)
Mean Return,14.251887888587845,13.889796387239913,0.5272952536402052,-21.027508251615448,-0.3146711224320921,7.882738115117762,0.028662743809607014,0.043021393150845647
