,Annualized Return,Annualized Vol,Skewness,Kurtosis,Cornish-Fisher VaR (5%),Historic CVaR (5%),Sharpe Ratio,Max Drawdown
Mean Return,0.09828191928494134,0.15300535546778832,-1.1948979211983461,9.490953066631691,0.037709880028740775,0.051383511034324515,0.23033431716455116,-0.2935528817835398
