,Annualized Return,Annualized Vol,Sharpe Ratio,Max Drawdown,Skewness,Kurtosis,Cornish-Fisher VaR (5%),Historic CVaR (5%)
Mean Return,13.537044358513972,14.561969993755328,0.4831334539915025,-27.40757045827062,-1.1304689650892616,9.423907892591384,0.03483116574196708,0.04889521478673935
