,Annualized Return,Annualized Vol,Sharpe Ratio,Max Drawdown,Skewness,Kurtosis,Cornish-Fisher VaR (5%),Historic CVaR (5%)
Mean Return,12.883426526208886,14.4605743946209,0.4213197300445593,-31.823005023467033,-0.9968389887298725,9.183662216040268,0.03351545419188546,0.046730008830658684
