,Annualized Return,Annualized Vol,Sharpe Ratio,Max Drawdown,Skewness,Kurtosis,Cornish-Fisher VaR (5%),Historic CVaR (5%)
Mean Return,15.27373634548792,13.304069871179122,0.6227546780045866,-21.774695928179128,-0.6967950413673734,8.39615903026685,0.02885594895508048,0.04173335894366216
