,Annualized Return,Annualized Vol,Sharpe Ratio,Max Drawdown,Skewness,Kurtosis,Cornish-Fisher VaR (5%),Historic CVaR (5%)
Mean Return,15.731208377351425,13.753885729612763,0.6396709688210367,-27.862938356899125,-0.8396990447134551,8.679877310391001,0.030732010466915094,0.0427565352245759
