,Annualized Return,Annualized Vol,Sharpe Ratio,Max Drawdown,Skewness,Kurtosis,Cornish-Fisher VaR (5%),Historic CVaR (5%)
Mean Return,18.024114103926635,14.377345050289028,0.7548259664452583,-26.907664785866654,-0.8777364265702129,8.078151376807183,0.03198759007617604,0.046782664356448934
