,Annualized Return,Annualized Vol,Sharpe Ratio,Max Drawdown,Skewness,Kurtosis,Cornish-Fisher VaR (5%),Historic CVaR (5%)
Mean Return,12.105596132491314,15.52025809065235,0.34063399142284323,-28.706399729306842,-0.8067438802450054,12.358014641062669,0.03352015150461666,0.048169951126266285
