,Annualized Return,Annualized Vol,Sharpe Ratio,Max Drawdown,Skewness,Kurtosis,Cornish-Fisher VaR (5%),Historic CVaR (5%)
Mean Return,13.473436957987461,14.98329474904648,0.43745611594226536,-32.91917139346282,-0.8406004679773916,7.470172198327027,0.03429200168881246,0.046704874751693895
