,Annualized Return,Annualized Vol,Sharpe Ratio,Max Drawdown,Skewness,Kurtosis,Cornish-Fisher VaR (5%),Historic CVaR (5%)
Mean Return,11.386816012934698,15.324797996066003,0.29731360273654495,-32.98296609983915,-1.1116409534371328,10.674065537680898,0.03554137345317434,0.04793215828751416
