,Annualized Return,Annualized Vol,Sharpe Ratio,Max Drawdown,Skewness,Kurtosis,Cornish-Fisher VaR (5%),Historic CVaR (5%)
Mean Return,13.122574498705797,16.08004789720785,0.38939371563942554,-30.464279945408006,-0.5334824004760444,10.403820716643585,0.03392122612838473,0.04880400864759601
