,Annualized Return,Annualized Vol,Sharpe Ratio,Max Drawdown,Skewness,Kurtosis,Cornish-Fisher VaR (5%),Historic CVaR (5%)
Mean Return,10.955788108756192,14.06662191463271,0.3094464040261556,-25.91187042072587,-0.5217392222869978,6.417790322046271,0.031573798570217776,0.04460551072198332
