,Annualized Return,Annualized Vol,Sharpe Ratio,Max Drawdown,Skewness,Kurtosis,Cornish-Fisher VaR (5%),Historic CVaR (5%)
Mean Return,12.456189053379795,12.303003837712883,0.4686662913178869,-20.350323506775897,-0.42887702996514765,5.615844670876526,0.026966792776455004,0.03924824132643186
