,Annualized Return,Annualized Vol,Sharpe Ratio,Max Drawdown,Skewness,Kurtosis,Cornish-Fisher VaR (5%),Historic CVaR (5%)
Mean Return,14.635869474924078,14.575977839810673,0.5228190701805197,-26.362952126378126,-1.065819769013853,14.568085584084775,0.03136121748941123,0.0427200910238162
