,Annualized Return,Annualized Vol,Sharpe Ratio,Max Drawdown,Skewness,Kurtosis,Cornish-Fisher VaR (5%),Historic CVaR (5%)
Mean Return,19.64508777662386,12.511519452222842,0.9935474567280286,-23.288869978021935,-0.9456112499368093,7.121152133875544,0.02808794936065794,0.04050616206456138
