,Annualized Return,Annualized Vol,Sharpe Ratio,Max Drawdown,Skewness,Kurtosis,Cornish-Fisher VaR (5%),Historic CVaR (5%)
Mean Return,17.71467770252255,14.307542797268823,0.7354221447503939,-25.881682308743926,-0.4979547642533571,8.34375944520306,0.02983451042172328,0.0426234835013251
