,Annualized Return,Annualized Vol,Sharpe Ratio,Max Drawdown,Skewness,Kurtosis,Cornish-Fisher VaR (5%),Historic CVaR (5%)
Mean Return,16.442587206911362,15.779978563971397,0.5934672231608562,-29.04040167139686,-0.706333888685516,8.442808564613207,0.034546131028984725,0.05006664787765685
