,Annualized Return,Annualized Vol,Skewness,Kurtosis,Cornish-Fisher VaR (5%),Historic CVaR (5%),Sharpe Ratio,Max Drawdown
Mean Return,0.1482691846672941,0.13778957146103468,-0.1925178096641724,5.975431297660657,0.028422596634592706,0.040909335167920016,0.569343207653329,-0.187414907178188
