,Annualized Return,Annualized Vol,Sharpe Ratio,Max Drawdown,Skewness,Kurtosis,Cornish-Fisher VaR (5%),Historic CVaR (5%)
Mean Return,17.581112969296143,15.941640182196048,0.6546672375093645,-24.971001170790927,0.018460315146041746,7.262827598397284,0.030923487565449746,0.04764776193895841
