,Annualized Return,Annualized Vol,Sharpe Ratio,Max Drawdown,Skewness,Kurtosis,Cornish-Fisher VaR (5%),Historic CVaR (5%)
Mean Return,23.16976419730512,13.072362302754978,1.2015160622911352,-22.532909803458622,-1.0724327367104973,10.337721700993304,0.02802854864412741,0.040952162005725094
