,Annualized Return,Annualized Vol,Sharpe Ratio,Max Drawdown,Skewness,Kurtosis,Cornish-Fisher VaR (5%),Historic CVaR (5%)
Mean Return,15.345933109172915,12.566346550771785,0.6604111581237659,-25.587472544442065,-0.8579400597402272,8.81686507919325,0.027694857115134672,0.03990211431879084
