,Annualized Return,Annualized Vol,Sharpe Ratio,Max Drawdown,Skewness,Kurtosis,Cornish-Fisher VaR (5%),Historic CVaR (5%)
Mean Return,14.556926302820706,14.285389886892721,0.53750959869439,-29.848913133658517,-0.8702810358870241,9.730900311856995,0.031944110397007286,0.043727215330625464
