,Annualized Return,Annualized Vol,Sharpe Ratio,Max Drawdown,Skewness,Kurtosis,Cornish-Fisher VaR (5%),Historic CVaR (5%)
Mean Return,15.32555797469184,13.603719271418338,0.6134800657541635,-21.409477305293034,-0.9373147625440226,8.509759649474047,0.03066132214758753,0.04518910898308149
