,Annualized Return,Annualized Vol,Sharpe Ratio,Max Drawdown,Skewness,Kurtosis,Cornish-Fisher VaR (5%),Historic CVaR (5%)
Mean Return,13.255606830582822,14.448040081189514,0.4384080343194251,-27.51026589093862,-0.8066402682048329,9.28825149960413,0.03212870977990956,0.043523634324815944
