,Annualized Return,Annualized Vol,Sharpe Ratio,Max Drawdown,Skewness,Kurtosis,Cornish-Fisher VaR (5%),Historic CVaR (5%)
Mean Return,14.905021801283214,12.146714660114373,0.6851346923553605,-27.12589708496021,-1.351192490520628,10.664168610509346,0.028885023701241002,0.04050041859798427
