,Annualized Return,Annualized Vol,Skewness,Kurtosis,Cornish-Fisher VaR (5%),Historic CVaR (5%),Sharpe Ratio,Max Drawdown
Mean Return,0.10294917989391905,0.14167362440528544,-0.8959890111649279,10.561093289530653,0.03191171890553858,0.04612189670646061,0.2494350735936634,-0.3068900339376876
