,Annualized Return,Annualized Vol,Sharpe Ratio,Max Drawdown,Skewness,Kurtosis,Cornish-Fisher VaR (5%),Historic CVaR (5%)
Mean Return,15.942636978833935,15.57915577173819,0.5678355121319689,-32.022590044545026,-1.1893323094688701,15.22712029974292,0.033822002193039304,0.04632438462387565
