,Annualized Return,Annualized Vol,Sharpe Ratio,Max Drawdown,Skewness,Kurtosis,Cornish-Fisher VaR (5%),Historic CVaR (5%)
Mean Return,14.550053620887994,14.659912611507304,0.5277860374913185,-25.37091657640286,-0.23389376568426629,5.1812671760765685,0.03127184238836518,0.04372863367368789
