,Annualized Return,Annualized Vol,Sharpe Ratio,Max Drawdown,Skewness,Kurtosis,Cornish-Fisher VaR (5%),Historic CVaR (5%)
Mean Return,10.02588838828602,15.022447380033944,0.25287491555391256,-27.55892495364991,-1.4159039801487017,15.436127920487717,0.03585470368212734,0.04598590947549705
