,Annualized Return,Annualized Vol,Sharpe Ratio,Max Drawdown,Skewness,Kurtosis,Cornish-Fisher VaR (5%),Historic CVaR (5%)
Mean Return,18.196666128328374,14.380888835931186,0.7659229708027763,-27.000214381563715,-0.9491252123267362,8.234866868065318,0.032260127458756525,0.04709047895543346
