,Annualized Return,Annualized Vol,Skewness,Kurtosis,Cornish-Fisher VaR (5%),Historic CVaR (5%),Sharpe Ratio,Max Drawdown
Mean Return,0.14128990676057707,0.13037147129156706,-1.218715667636442,10.60830975313955,0.02998174812216356,0.04252688183729872,0.5473886144003575,-0.2538326070070282
