,Annualized Return,Annualized Vol,Sharpe Ratio,Max Drawdown,Skewness,Kurtosis,Cornish-Fisher VaR (5%),Historic CVaR (5%)
Mean Return,14.242043198269272,14.539393458265831,0.5070286537706974,-29.102507536521475,-0.4834718632184623,6.279891678941848,0.03199968679090767,0.04412978317749055
