,Annualized Return,Annualized Vol,Sharpe Ratio,Max Drawdown,Skewness,Kurtosis,Cornish-Fisher VaR (5%),Historic CVaR (5%)
Mean Return,13.649862364022036,15.617546394882767,0.4303013120264028,-33.33882406979164,-1.1335440483849064,13.75102431465618,0.034632539673434604,0.046580521148952544
