,Annualized Return,Annualized Vol,Sharpe Ratio,Max Drawdown,Skewness,Kurtosis,Cornish-Fisher VaR (5%),Historic CVaR (5%)
Mean Return,14.187213871305815,14.453759955084417,0.5071734867775745,-31.540288094677187,-0.9929856150473311,8.92955801641146,0.033357576838849164,0.04462677335550737
