,Annualized Return,Annualized Vol,Sharpe Ratio,Max Drawdown,Skewness,Kurtosis,Cornish-Fisher VaR (5%),Historic CVaR (5%)
Mean Return,14.795022154689729,14.26523879717349,0.5492137286134842,-24.28376703540936,-0.44037177810412403,9.0663334117937,0.029608702721442767,0.04327581394925495
