,Annualized Return,Annualized Vol,Sharpe Ratio,Max Drawdown,Skewness,Kurtosis,Cornish-Fisher VaR (5%),Historic CVaR (5%)
Mean Return,12.640598807498327,16.555014292515512,0.34774409788472394,-35.29107982001009,-0.969404490298205,9.565531164297754,0.03804408941678885,0.05075248151312661
