,Annualized Return,Annualized Vol,Skewness,Kurtosis,Cornish-Fisher VaR (5%),Historic CVaR (5%),Sharpe Ratio,Max Drawdown
Mean Return,0.09549147377799039,0.13453631293321522,-0.8318355220894765,8.222869347219433,0.03091216598468132,0.04137623620358609,0.21423715742368113,-0.2782522598398922
