,Annualized Return,Annualized Vol,Sharpe Ratio,Max Drawdown,Skewness,Kurtosis,Cornish-Fisher VaR (5%),Historic CVaR (5%)
Mean Return,11.793729263020381,12.658743839564018,0.4252483533887448,-26.47492246234012,-1.3556654289854948,10.372812585854183,0.030903015237042777,0.043757363325008895
