,Annualized Return,Annualized Vol,Sharpe Ratio,Max Drawdown,Skewness,Kurtosis,Cornish-Fisher VaR (5%),Historic CVaR (5%)
Mean Return,14.111946725467185,14.447537835203244,0.5024987083873235,-29.47040930690681,-0.4749219540218083,6.227435292380221,0.03177799241988343,0.04396637235307365
