,Annualized Return,Annualized Vol,Sharpe Ratio,Max Drawdown,Skewness,Kurtosis,Cornish-Fisher VaR (5%),Historic CVaR (5%)
Mean Return,15.912809798309047,15.068130352140177,0.5846809454296189,-27.42408989206756,-0.5050705617192169,9.17747696111642,0.031570511072754284,0.04455323278727055
