,Annualized Return,Annualized Vol,Skewness,Kurtosis,Cornish-Fisher VaR (5%),Historic CVaR (5%),Sharpe Ratio,Max Drawdown
Mean Return,0.1482469295902158,0.13460992373417857,-0.7114113950424549,7.0424215581436105,0.02988958918471243,0.04255461452542293,0.5827188837479721,-0.23761381583617605
