,Annualized Return,Annualized Vol,Sharpe Ratio,Max Drawdown,Skewness,Kurtosis,Cornish-Fisher VaR (5%),Historic CVaR (5%)
Mean Return,14.02674893654674,14.526467873761117,0.4851883796979466,-28.047319074427037,-1.082212141067146,14.27675299421461,0.0315475536076673,0.04294757394137793
