,Annualized Return,Annualized Vol,Skewness,Kurtosis,Cornish-Fisher VaR (5%),Historic CVaR (5%),Sharpe Ratio,Max Drawdown
Mean Return,0.09758032441727083,0.15481508666929897,-0.2971847419719086,5.990274505175478,0.03372660535477674,0.04817557773866396,0.19653500702758733,-0.2969348669151861
