,Annualized Return,Annualized Vol,Sharpe Ratio,Max Drawdown,Skewness,Kurtosis,Cornish-Fisher VaR (5%),Historic CVaR (5%)
Mean Return,12.390803632904568,15.748616534822805,0.3493765893282779,-33.940969152737836,-1.2875285582756473,14.555635899310824,0.03561372827038285,0.048685447855268446
