,Annualized Return,Annualized Vol,Sharpe Ratio,Max Drawdown,Skewness,Kurtosis,Cornish-Fisher VaR (5%),Historic CVaR (5%)
Mean Return,19.579940694288076,12.331546946952962,1.0030804199896906,-22.121136382430496,-0.6926000747604435,6.592707484191416,0.02672486818515054,0.039118730022384536
