,Annualized Return,Annualized Vol,Sharpe Ratio,Max Drawdown,Skewness,Kurtosis,Cornish-Fisher VaR (5%),Historic CVaR (5%)
Mean Return,9.817308087904685,16.279978218395325,0.1903064439999759,-33.139059772341405,-0.7846835092133136,9.08715502954366,0.037024949639017604,0.05091584156589421
