,Annualized Return,Annualized Vol,Sharpe Ratio,Max Drawdown,Skewness,Kurtosis,Cornish-Fisher VaR (5%),Historic CVaR (5%)
Mean Return,14.375939185186004,13.237445938029119,0.5565468531547861,-26.007915454568025,-0.5719773480428043,8.331171428475116,0.028308569590157533,0.04205990472718526
