,Annualized Return,Annualized Vol,Sharpe Ratio,Max Drawdown,Skewness,Kurtosis,Cornish-Fisher VaR (5%),Historic CVaR (5%)
Mean Return,12.11872980913984,15.406478775527471,0.3403844166379908,-32.298854581888286,-1.018533259519901,9.47548924547787,0.03564630589426753,0.04844100904868669
