,Annualized Return,Annualized Vol,Sharpe Ratio,Max Drawdown,Skewness,Kurtosis,Cornish-Fisher VaR (5%),Historic CVaR (5%)
Mean Return,14.711041921990752,16.18542028105871,0.47585873785821087,-31.279645933251725,0.07627121294060607,9.915553645818543,0.03037096196214617,0.04549981138761519
