,Annualized Return,Annualized Vol,Sharpe Ratio,Max Drawdown,Skewness,Kurtosis,Cornish-Fisher VaR (5%),Historic CVaR (5%)
Mean Return,13.21899760636982,16.078380477898968,0.41816288658003453,-33.39806441079252,-1.32101649328915,12.642406750994287,0.038323449487588784,0.05052162120019705
