,Annualized Return,Annualized Vol,Skewness,Kurtosis,Cornish-Fisher VaR (5%),Historic CVaR (5%),Sharpe Ratio,Max Drawdown
Mean Return,0.13810262424321618,0.14249501809279128,-0.5028996434882228,6.83585531587751,0.030964400560112678,0.04400528514387859,0.48352075273079387,-0.2503196873746038
