,Annualized Return,Annualized Vol,Sharpe Ratio,Max Drawdown,Skewness,Kurtosis,Cornish-Fisher VaR (5%),Historic CVaR (5%)
Mean Return,15.232977377652702,14.704149659820187,0.5590722910215272,-28.825160800383852,-0.8808826065075686,10.697299660497817,0.032205838383047185,0.04495482307356516
