,Annualized Return,Annualized Vol,Skewness,Kurtosis,Cornish-Fisher VaR (5%),Historic CVaR (5%),Sharpe Ratio,Max Drawdown
Mean Return,0.10598653085695342,0.12613430881857915,-1.0912826061509402,8.266551306200299,0.030635088819736523,0.04342023450013608,0.33741548810979594,-0.23015442879126524
