,Annualized Return,Annualized Vol,Skewness,Kurtosis,Cornish-Fisher VaR (5%),Historic CVaR (5%),Sharpe Ratio,Max Drawdown
Mean Return,0.12890451215379262,0.1305580222935033,-1.2305432243457608,10.665908058096091,0.030267172542371157,0.042994906615538175,0.45744619403261494,-0.27029631536716014
