,Annualized Return,Annualized Vol,Sharpe Ratio,Max Drawdown,Skewness,Kurtosis,Cornish-Fisher VaR (5%),Historic CVaR (5%)
Mean Return,15.377297995623373,13.268511495923283,0.6261729839463194,-26.920670010599125,-0.9187637086849256,9.92548907370042,0.02925447230680752,0.04305406157140381
