,Annualized Return,Annualized Vol,Sharpe Ratio,Max Drawdown,Skewness,Kurtosis,Cornish-Fisher VaR (5%),Historic CVaR (5%)
Mean Return,14.60487815711331,13.111596907783108,0.5930132087607142,-21.62976626248295,-0.46295510226931796,7.344638299794869,0.02803536686801461,0.04030625460634705
