,Annualized Return,Annualized Vol,Sharpe Ratio,Max Drawdown,Skewness,Kurtosis,Cornish-Fisher VaR (5%),Historic CVaR (5%)
Mean Return,13.447338046921375,15.726343959852684,0.4175782230337223,-29.144202939395974,-0.5717315261300673,9.959010930623167,0.03348733275463414,0.04749552618327729
