,Annualized Return,Annualized Vol,Sharpe Ratio,Max Drawdown,Skewness,Kurtosis,Cornish-Fisher VaR (5%),Historic CVaR (5%)
Mean Return,15.501582115260382,13.985337446947895,0.6033838041695805,-23.940646382299487,-1.3073409910286595,14.886395468299245,0.030847835841142604,0.04168021715721041
