,Annualized Return,Annualized Vol,Sharpe Ratio,Max Drawdown,Skewness,Kurtosis,Cornish-Fisher VaR (5%),Historic CVaR (5%)
Mean Return,12.582965722094208,13.008383238276814,0.4395402624752852,-27.145950709166478,-1.0558458728435798,9.632030561377693,0.02980676078620282,0.042114879688237586
