,Annualized Return,Annualized Vol,Sharpe Ratio,Max Drawdown,Skewness,Kurtosis,Cornish-Fisher VaR (5%),Historic CVaR (5%)
Mean Return,14.626860485125825,13.47884475741989,0.5777122550780587,-21.922668592105534,-0.34154601219661285,6.221106045728522,0.028700244094008988,0.04091962980179145
