,Annualized Return,Annualized Vol,Sharpe Ratio,Max Drawdown,Skewness,Kurtosis,Cornish-Fisher VaR (5%),Historic CVaR (5%)
Mean Return,12.251006429148447,13.456217332187084,0.3995296652175414,-32.49809099145115,-2.055163603531463,17.367902503260638,0.03227233994915213,0.046147730461867674
