,Annualized Return,Annualized Vol,Sharpe Ratio,Max Drawdown,Skewness,Kurtosis,Cornish-Fisher VaR (5%),Historic CVaR (5%)
Mean Return,9.057919305375538,16.949669282898387,0.14386797095367784,-31.316777553174514,-0.6072125231355654,10.946698192364488,0.03677674945953943,0.05289899272686396
