,Annualized Return,Annualized Vol,Sharpe Ratio,Max Drawdown,Skewness,Kurtosis,Cornish-Fisher VaR (5%),Historic CVaR (5%)
Mean Return,9.024125684297001,16.842747905611972,0.14289537065811259,-30.854887598626636,-0.7135370511849989,11.055644680139741,0.037133620236121934,0.052865269506511624
