,Annualized Return,Annualized Vol,Skewness,Kurtosis,Cornish-Fisher VaR (5%),Historic CVaR (5%),Sharpe Ratio,Max Drawdown
Mean Return,0.10450228176340115,0.13098462867603877,-0.5166532077437267,7.385306913837706,0.028738235627435865,0.040714676514769996,0.2808660832552111,-0.21674984686718232
