,Annualized Return,Annualized Vol,Sharpe Ratio,Max Drawdown,Skewness,Kurtosis,Cornish-Fisher VaR (5%),Historic CVaR (5%)
Mean Return,13.935681224213115,17.53464363632085,0.422277045011054,-41.280276060558805,-1.0830114156451176,8.629380042039106,0.042459060903591826,0.059877276345401256
