,Annualized Return,Annualized Vol,Sharpe Ratio,Max Drawdown,Skewness,Kurtosis,Cornish-Fisher VaR (5%),Historic CVaR (5%)
Mean Return,13.898526542864786,15.87914020990469,0.44101197063794356,-25.58405149307708,-0.8298531398579126,8.916709221985887,0.03568503461065524,0.05138037826038387
