,Annualized Return,Annualized Vol,Sharpe Ratio,Max Drawdown,Skewness,Kurtosis,Cornish-Fisher VaR (5%),Historic CVaR (5%)
Mean Return,15.051518389304452,12.571258794281706,0.6381375383661855,-26.038712510789765,-0.8751424981264574,9.280019600258857,0.02766845454159746,0.03999714005067349
