,Annualized Return,Annualized Vol,Sharpe Ratio,Max Drawdown,Skewness,Kurtosis,Cornish-Fisher VaR (5%),Historic CVaR (5%)
Mean Return,15.815756857560492,15.5372105820774,0.5615199631555867,-33.36991235091958,-1.288372958477233,17.170078518455572,0.03340493479281889,0.04575592222598772
