,Annualized Return,Annualized Vol,Sharpe Ratio,Max Drawdown,Skewness,Kurtosis,Cornish-Fisher VaR (5%),Historic CVaR (5%)
Mean Return,10.762243739955624,15.471952242379178,0.25662609036821876,-33.79979852514174,-1.309863306774404,11.372551549729605,0.03672079803329394,0.04896558067197289
