,Annualized Return,Annualized Vol,Sharpe Ratio,Max Drawdown,Skewness,Kurtosis,Cornish-Fisher VaR (5%),Historic CVaR (5%)
Mean Return,21.158783478305644,13.353738896643469,1.041079320052068,-23.710699218759267,-0.26036051898731,5.355279691042775,0.02725378452554963,0.03714067807573786
