,Annualized Return,Annualized Vol,Skewness,Kurtosis,Cornish-Fisher VaR (5%),Historic CVaR (5%),Sharpe Ratio,Max Drawdown
Mean Return,0.05566694145183804,0.14756168519981586,-0.5402415710377504,7.701033152887648,0.033454474435711694,0.04988249088495068,-0.061808880494112,-0.29368130052310615
