,Annualized Return,Annualized Vol,Sharpe Ratio,Max Drawdown,Skewness,Kurtosis,Cornish-Fisher VaR (5%),Historic CVaR (5%)
Mean Return,14.477931302533342,15.365088369603047,0.4911466224268315,-30.27286699943314,-0.8884702685123267,11.447388676224016,0.03359702028418022,0.04653041366588617
