,Annualized Return,Annualized Vol,Sharpe Ratio,Max Drawdown,Skewness,Kurtosis,Cornish-Fisher VaR (5%),Historic CVaR (5%)
Mean Return,15.749319372036098,13.873833396645221,0.6255136611191298,-23.541688602254485,-0.8630188210988576,9.707768717292712,0.030456596381466906,0.044320417597557955
