,Annualized Return,Annualized Vol,Sharpe Ratio,Max Drawdown,Skewness,Kurtosis,Cornish-Fisher VaR (5%),Historic CVaR (5%)
Mean Return,8.201904755704348,13.268949399194002,0.12049807778079923,-21.662984000387876,-0.7421037058458393,6.504727114900469,0.030925274226735633,0.04504102360701925
