,Annualized Return,Annualized Vol,Sharpe Ratio,Max Drawdown,Skewness,Kurtosis,Cornish-Fisher VaR (5%),Historic CVaR (5%)
Mean Return,14.0956717679249,11.708094578234533,0.6238603601364678,-21.014125323934948,-0.8756019987414129,6.261594215638739,0.02695764437968907,0.03949703283940005
