,Annualized Return,Annualized Vol,Sharpe Ratio,Max Drawdown,Skewness,Kurtosis,Cornish-Fisher VaR (5%),Historic CVaR (5%)
Mean Return,15.229341833988318,14.526238246931838,0.5762833703790153,-27.484606186465736,-0.23817646808142678,5.771726298542286,0.030629035475778374,0.04308184965387225
