,Annualized Return,Annualized Vol,Sharpe Ratio,Max Drawdown,Skewness,Kurtosis,Cornish-Fisher VaR (5%),Historic CVaR (5%)
Mean Return,15.554317504343995,15.579847662662328,0.5462705077931257,-27.39376234774056,-0.5777820849858928,7.478709148404159,0.03392827851064893,0.049355601814815235
