,Annualized Return,Annualized Vol,Sharpe Ratio,Max Drawdown,Skewness,Kurtosis,Cornish-Fisher VaR (5%),Historic CVaR (5%)
Mean Return,10.886288644297636,19.99340971969715,0.2075334586867116,-37.00628847044653,0.3817243517563436,11.666939937043042,0.03525149773248141,0.06072182711726019
