,Annualized Return,Annualized Vol,Sharpe Ratio,Max Drawdown,Skewness,Kurtosis,Cornish-Fisher VaR (5%),Historic CVaR (5%)
Mean Return,4.90561586460645,15.099072399479132,-0.09708669769078304,-40.93820410982754,-0.21556396071215475,6.949210601943403,0.032843836972491436,0.04738552629183477
