,Annualized Return,Annualized Vol,Sharpe Ratio,Max Drawdown,Skewness,Kurtosis,Cornish-Fisher VaR (5%),Historic CVaR (5%)
Mean Return,15.54283077795391,13.99170465828425,0.6061121639356546,-23.80735864974782,-0.887618869772134,8.82808729867994,0.031228400605194145,0.04436908894844989
