,Annualized Return,Annualized Vol,Skewness,Kurtosis,Cornish-Fisher VaR (5%),Historic CVaR (5%),Sharpe Ratio,Max Drawdown
Mean Return,0.13812042714945272,0.14408278310885686,-0.2096600775471772,6.687320038410019,0.029803384086823325,0.042889050475300734,0.4795962587892199,-0.2293465866178824
