,Annualized Return,Annualized Vol,Sharpe Ratio,Max Drawdown,Skewness,Kurtosis,Cornish-Fisher VaR (5%),Historic CVaR (5%)
Mean Return,7.198933264305696,15.834762113241885,0.04042939872516756,-38.82224664210496,-0.436155077437309,8.69779111211729,0.03461781218855784,0.054216383857550864
