,Annualized Return,Annualized Vol,Sharpe Ratio,Max Drawdown,Skewness,Kurtosis,Cornish-Fisher VaR (5%),Historic CVaR (5%)
Mean Return,13.62527655796133,16.146234960879504,0.412820730937095,-34.213944830768455,-1.249003215598782,13.980557067389677,0.036412731545376116,0.04798888757517934
