,Annualized Return,Annualized Vol,Skewness,Kurtosis,Cornish-Fisher VaR (5%),Historic CVaR (5%),Sharpe Ratio,Max Drawdown
Mean Return,0.15240758059814352,0.1316301268516377,-0.5897119847673165,6.141789712238457,0.029132964007727233,0.04112306120526595,0.6313913984702122,-0.26771408192587137
