,Annualized Return,Annualized Vol,Sharpe Ratio,Max Drawdown,Skewness,Kurtosis,Cornish-Fisher VaR (5%),Historic CVaR (5%)
Mean Return,18.192066589352862,13.71323555423381,0.8015010246000996,-24.448088504129295,-0.9799114228229487,9.14370491609954,0.030430514760344626,0.04407918916091489
