,Annualized Return,Annualized Vol,Sharpe Ratio,Max Drawdown,Skewness,Kurtosis,Cornish-Fisher VaR (5%),Historic CVaR (5%)
Mean Return,11.086970413664066,15.342406791994076,0.28097290044429546,-28.779256665626512,-1.277427165576895,10.058154434832785,0.036734660336630316,0.05001475104458186
