,Annualized Return,Annualized Vol,Sharpe Ratio,Max Drawdown,Skewness,Kurtosis,Cornish-Fisher VaR (5%),Historic CVaR (5%)
Mean Return,13.616007939599694,17.551412900401562,0.40468313337003414,-40.2016147640575,-1.0790891371517746,8.62358266416887,0.042538645550660004,0.05928750878987108
