,Annualized Return,Annualized Vol,Sharpe Ratio,Max Drawdown,Skewness,Kurtosis,Cornish-Fisher VaR (5%),Historic CVaR (5%)
Mean Return,13.794528647004967,14.17000491157904,0.4838794299222996,-27.246217128729157,-0.7743952721106745,8.14437912384315,0.0316539984642303,0.04465961389076934
