,Annualized Return,Annualized Vol,Skewness,Kurtosis,Cornish-Fisher VaR (5%),Historic CVaR (5%),Sharpe Ratio,Max Drawdown
Mean Return,0.09542714393110652,0.1253398824999755,-0.9862601784078249,7.693132408811584,0.030373710056326712,0.04321176836619338,0.26004496390152276,-0.2256481498192843
