,Annualized Return,Annualized Vol,Sharpe Ratio,Max Drawdown,Skewness,Kurtosis,Cornish-Fisher VaR (5%),Historic CVaR (5%)
Mean Return,15.829159281240335,13.541013049391715,0.6476329519055903,-23.98647424368483,-0.8043038177997488,7.693871041287618,0.030120327916674104,0.043095222014858825
