,Annualized Return,Annualized Vol,Sharpe Ratio,Max Drawdown,Skewness,Kurtosis,Cornish-Fisher VaR (5%),Historic CVaR (5%)
Mean Return,20.1266776263447,12.376342171980006,1.0410115987089326,-22.302565574270066,-0.7910720164957259,6.836240459767373,0.027096835503834814,0.039354378855639686
