,Annualized Return,Annualized Vol,Sharpe Ratio,Max Drawdown,Skewness,Kurtosis,Cornish-Fisher VaR (5%),Historic CVaR (5%)
Mean Return,13.325286909595446,14.838525221126902,0.43701354201331916,-32.91917139346282,-0.8406004679773916,7.470172198327027,0.03429200168881246,0.046704874751693895
