,Annualized Return,Annualized Vol,Sharpe Ratio,Max Drawdown,Skewness,Kurtosis,Cornish-Fisher VaR (5%),Historic CVaR (5%)
Mean Return,13.726950748859167,14.282198371317719,0.4803433349359595,-30.79034324330925,-0.821707679747085,7.594790240021628,0.032710820409085635,0.045877532522964996
