,Annualized Return,Annualized Vol,Sharpe Ratio,Max Drawdown,Skewness,Kurtosis,Cornish-Fisher VaR (5%),Historic CVaR (5%)
Mean Return,13.137876722597897,14.540635747811029,0.43565314969360486,-27.862220579252845,-0.7970876177576566,8.014653373092015,0.03314374513830612,0.04590749978905574
