,Annualized Return,Annualized Vol,Skewness,Kurtosis,Cornish-Fisher VaR (5%),Historic CVaR (5%),Sharpe Ratio,Max Drawdown
Mean Return,0.13661706913202898,0.17560555985880352,-0.019632383695153768,5.831998889082056,0.03597807130539051,0.053261124732284164,0.3843600790148184,-0.23667510077463308
