,Annualized Return,Annualized Vol,Sharpe Ratio,Max Drawdown,Skewness,Kurtosis,Cornish-Fisher VaR (5%),Historic CVaR (5%)
Mean Return,16.644879635331367,14.170280765908528,0.6778628013148401,-29.618454367860135,-0.423045728322329,8.785168832581146,0.02940700035849008,0.044027043048533734
