,Annualized Return,Annualized Vol,Sharpe Ratio,Max Drawdown,Skewness,Kurtosis,Cornish-Fisher VaR (5%),Historic CVaR (5%)
Mean Return,20.46996971152497,12.400680150643696,1.0644687256432588,-23.02648677136666,-0.9784270612311913,7.4757487608107285,0.02769987297185116,0.04091412044667637
