,Annualized Return,Annualized Vol,Sharpe Ratio,Max Drawdown,Skewness,Kurtosis,Cornish-Fisher VaR (5%),Historic CVaR (5%)
Mean Return,9.738592311427308,16.750565666034504,0.183796398094855,-29.742410875084573,-0.6307506466356598,10.357798816668385,0.03662595195497284,0.05282780526915325
