,Annualized Return,Annualized Vol,Skewness,Kurtosis,Cornish-Fisher VaR (5%),Historic CVaR (5%),Sharpe Ratio,Max Drawdown
Mean Return,0.15305610596160335,0.16661073351005296,-0.3219047150020312,6.522109951187201,0.035352566205062164,0.04825531113393191,0.49903730704551963,-0.2687708296705684
