,Annualized Return,Annualized Vol,Skewness,Kurtosis,Cornish-Fisher VaR (5%),Historic CVaR (5%),Sharpe Ratio,Max Drawdown
Mean Return,0.10930983478021816,0.14151726057183503,-0.3026885832228427,5.784186911603502,0.030884200761396755,0.042943505666904865,0.3014678822877902,-0.29593042975270034
