,Annualized Return,Annualized Vol,Sharpe Ratio,Max Drawdown,Skewness,Kurtosis,Cornish-Fisher VaR (5%),Historic CVaR (5%)
Mean Return,14.732593174493358,15.815589487402798,0.5154364362872144,-33.00166635702656,-1.4343488713481258,13.139783583134632,0.03775501311048082,0.049777607387217426
