,Annualized Return,Annualized Vol,Skewness,Kurtosis,Cornish-Fisher VaR (5%),Historic CVaR (5%),Sharpe Ratio,Max Drawdown
Mean Return,0.13312102387719627,0.13907618788243786,-0.3602135059506929,6.345785815964412,0.029988763062120352,0.04224998052329245,0.46708430326204725,-0.3103936498596057
