,Annualized Return,Annualized Vol,Sharpe Ratio,Max Drawdown,Skewness,Kurtosis,Cornish-Fisher VaR (5%),Historic CVaR (5%)
Mean Return,11.417944881061114,14.994134864254576,0.3404948344803636,-27.58182740277017,-1.304706774676249,14.393375136856982,0.0354243180843519,0.046085267166669185
