,Annualized Return,Annualized Vol,Sharpe Ratio,Max Drawdown,Skewness,Kurtosis,Cornish-Fisher VaR (5%),Historic CVaR (5%)
Mean Return,11.198720399169426,14.47936020195961,0.3384079318280199,-25.220552024806896,-1.306357656401413,14.762401019007307,0.034034833293047836,0.045035692536657033
