,Annualized Return,Annualized Vol,Skewness,Kurtosis,Cornish-Fisher VaR (5%),Historic CVaR (5%),Sharpe Ratio,Max Drawdown
Mean Return,0.13536929098613992,0.16719003897198056,-1.3781825351404122,15.618318918189347,0.03770999733496423,0.04787651833615673,0.39663121968576737,-0.34585197065474127
