,Annualized Return,Annualized Vol,Sharpe Ratio,Max Drawdown,Skewness,Kurtosis,Cornish-Fisher VaR (5%),Historic CVaR (5%)
Mean Return,-2.7280739033263335,20.86318756468835,-0.4120974931624038,-57.70763124420343,-0.9552808871346962,12.915303330217316,0.049673368713621296,0.07956331060364759
