,Annualized Return,Annualized Vol,Sharpe Ratio,Max Drawdown,Skewness,Kurtosis,Cornish-Fisher VaR (5%),Historic CVaR (5%)
Mean Return,15.78296452045782,15.02800186617912,0.5806393117492101,-24.549522902166615,-1.5115086302106489,14.307591918469008,0.03449087522724663,0.04664436074583575
