,Annualized Return,Annualized Vol,Sharpe Ratio,Max Drawdown,Skewness,Kurtosis,Cornish-Fisher VaR (5%),Historic CVaR (5%)
Mean Return,19.468636485499392,15.637826626757354,0.8127344132957777,-25.242497649088495,-0.7135342027691755,14.049557009081648,0.032454860137226045,0.04287377139737372
