,Annualized Return,Annualized Vol,Sharpe Ratio,Max Drawdown,Skewness,Kurtosis,Cornish-Fisher VaR (5%),Historic CVaR (5%)
Mean Return,15.655385250237131,15.3295073594848,0.5592978572626623,-32.80990103654456,-1.388717121556537,17.148468722839198,0.033457993747752345,0.04594673867063428
