,Annualized Return,Annualized Vol,Sharpe Ratio,Max Drawdown,Skewness,Kurtosis,Cornish-Fisher VaR (5%),Historic CVaR (5%)
Mean Return,14.342706871602307,14.658206406313406,0.5005343213349742,-32.880416690369074,-1.3604553044539383,12.58208213385144,0.033834499077218916,0.04722680252227908
