,Annualized Return,Annualized Vol,Sharpe Ratio,Max Drawdown,Skewness,Kurtosis,Cornish-Fisher VaR (5%),Historic CVaR (5%)
Mean Return,15.16586572982137,14.368369356516963,0.5735689426255399,-27.825461597786816,-0.3354826358971582,5.758431566639138,0.03084993060447089,0.04251844149343659
