,Annualized Return,Annualized Vol,Sharpe Ratio,Max Drawdown,Skewness,Kurtosis,Cornish-Fisher VaR (5%),Historic CVaR (5%)
Mean Return,12.977053406218687,17.152465439414087,0.35678000106820074,-32.5759097917142,-0.4218292325616001,10.74162387801758,0.035490286161295216,0.05256000231689728
