,Annualized Return,Annualized Vol,Sharpe Ratio,Max Drawdown,Skewness,Kurtosis,Cornish-Fisher VaR (5%),Historic CVaR (5%)
Mean Return,16.25253004603746,15.751041502474655,0.5841126227621584,-31.04595022288707,-0.9681147224508442,13.818787446808953,0.03358543013937894,0.04783658322860499
