,Annualized Return,Annualized Vol,Sharpe Ratio,Max Drawdown,Skewness,Kurtosis,Cornish-Fisher VaR (5%),Historic CVaR (5%)
Mean Return,16.18439888055456,15.08202482022932,0.6057802353654749,-27.344572141682594,-0.5846048629844016,7.158317350274334,0.032822322496071824,0.04734335283969956
