,Annualized Return,Annualized Vol,Skewness,Kurtosis,Cornish-Fisher VaR (5%),Historic CVaR (5%),Sharpe Ratio,Max Drawdown
Mean Return,0.11932591714284557,0.14016124074542985,-0.9485619035033392,10.412076832387607,0.031582534256141805,0.046135760034749305,0.36186303499159417,-0.2943219451338297
