,Annualized Return,Annualized Vol,Sharpe Ratio,Max Drawdown,Skewness,Kurtosis,Cornish-Fisher VaR (5%),Historic CVaR (5%)
Mean Return,19.656264012898106,13.540207084912373,0.9148599599624557,-22.077554990161836,-0.9767355109545723,9.274658666638771,0.029694132776217755,0.043232836535880705
