,Annualized Return,Annualized Vol,Sharpe Ratio,Max Drawdown,Skewness,Kurtosis,Cornish-Fisher VaR (5%),Historic CVaR (5%)
Mean Return,12.49480823307756,18.825647463707114,0.30076733732956235,-34.77005556740012,-0.7282902523259606,9.723876541594228,0.041874417168718286,0.06295005443387686
