,Annualized Return,Annualized Vol,Sharpe Ratio,Max Drawdown,Skewness,Kurtosis,Cornish-Fisher VaR (5%),Historic CVaR (5%)
Mean Return,10.92821285301746,14.888285460394712,0.30714910200584744,-28.687772428770806,-1.2604439127110083,9.966381850766762,0.03657069059987221,0.04997234765675436
