,Annualized Return,Annualized Vol,Sharpe Ratio,Max Drawdown,Skewness,Kurtosis,Cornish-Fisher VaR (5%),Historic CVaR (5%)
Mean Return,6.488798808284546,16.76328672756944,0.0019968429102300836,-40.37256558311586,0.11363382664216808,10.448418542118793,0.03245692827909431,0.05274804619248412
