,Annualized Return,Annualized Vol,Skewness,Kurtosis,Cornish-Fisher VaR (5%),Historic CVaR (5%),Sharpe Ratio,Max Drawdown
Mean Return,0.14842319373847546,0.15303097858323975,-1.42949237785177,16.41735085516482,0.03401955190814922,0.0445062050196725,0.5135614287292277,-0.25583745077046516
