,Annualized Return,Annualized Vol,Sharpe Ratio,Max Drawdown,Skewness,Kurtosis,Cornish-Fisher VaR (5%),Historic CVaR (5%)
Mean Return,15.699032768972888,14.854349407029698,0.5821182056859284,-24.65920826658636,-1.2316932050417244,12.525165452793875,0.03347747825388993,0.045814754906208156
