,Annualized Return,Annualized Vol,Sharpe Ratio,Max Drawdown,Skewness,Kurtosis,Cornish-Fisher VaR (5%),Historic CVaR (5%)
Mean Return,19.492304819637752,13.9427170627192,0.878427198799119,-27.000214381563715,-0.9603282492323199,8.30365185622163,0.030999667636896107,0.04579287893649581
