,Annualized Return,Annualized Vol,Skewness,Kurtosis,Cornish-Fisher VaR (5%),Historic CVaR (5%),Sharpe Ratio,Max Drawdown
Mean Return,0.16470775697044848,0.13954222025992727,-0.6855052948617183,6.118963939700051,0.031031724505953658,0.04500141395439019,0.6730421151301808,-0.2271104688790438
