,Annualized Return,Annualized Vol,Sharpe Ratio,Max Drawdown,Skewness,Kurtosis,Cornish-Fisher VaR (5%),Historic CVaR (5%)
Mean Return,9.283132285289586,15.013713754604515,0.1722180973577082,-32.34104248042626,-0.7790570315370057,8.851218856503966,0.03420078569517371,0.0501780854442452
