,Annualized Return,Annualized Vol,Sharpe Ratio,Max Drawdown,Skewness,Kurtosis,Cornish-Fisher VaR (5%),Historic CVaR (5%)
Mean Return,14.38190210985606,12.52368921947768,0.6000033337399302,-27.158297304522865,-0.9250309552320652,7.671473243196236,0.028702756045592734,0.040867276263010004
