,Annualized Return,Annualized Vol,Skewness,Kurtosis,Cornish-Fisher VaR (5%),Historic CVaR (5%),Sharpe Ratio,Max Drawdown
Mean Return,0.1240742437054978,0.1443084812324915,-1.0693450433826013,9.388762491092034,0.03380008634296145,0.046506839914986234,0.3911496343747488,-0.3154028809467719
