,Annualized Return,Annualized Vol,Sharpe Ratio,Max Drawdown,Skewness,Kurtosis,Cornish-Fisher VaR (5%),Historic CVaR (5%)
Mean Return,17.593094019184853,14.605368814414025,0.71528836479128,-18.507614030060275,-0.38809679927983914,5.8951610156835645,0.030925989714266078,0.04617048241053132
