,Annualized Return,Annualized Vol,Sharpe Ratio,Max Drawdown,Skewness,Kurtosis,Cornish-Fisher VaR (5%),Historic CVaR (5%)
Mean Return,19.027125962137937,13.988304795623677,0.8442876546592838,-26.712513422566182,-0.8662055957372836,8.02220020508049,0.030841758613426556,0.045292921610594936
