,Annualized Return,Annualized Vol,Skewness,Kurtosis,Cornish-Fisher VaR (5%),Historic CVaR (5%),Sharpe Ratio,Max Drawdown
Mean Return,0.13334877341932017,0.13371850703616855,-1.34701322016149,11.330368934981923,0.03123667179756223,0.04431180151989781,0.4778668130980296,-0.27848909693828133
