,Annualized Return,Annualized Vol,Sharpe Ratio,Max Drawdown,Skewness,Kurtosis,Cornish-Fisher VaR (5%),Historic CVaR (5%)
Mean Return,14.468260473872219,17.485702656829602,0.43017891436801636,-32.827284231332186,-0.5079179966165444,8.705462193331241,0.03751722964121019,0.058883459040892976
