,Annualized Return,Annualized Vol,Sharpe Ratio,Max Drawdown,Skewness,Kurtosis,Cornish-Fisher VaR (5%),Historic CVaR (5%)
Mean Return,14.127158426035603,14.476003202198505,0.4968635432561657,-28.293549558508563,-1.4680656828167797,15.03623201030963,0.03291883908179822,0.04567300752089694
