,Annualized Return,Annualized Vol,Sharpe Ratio,Max Drawdown,Skewness,Kurtosis,Cornish-Fisher VaR (5%),Historic CVaR (5%)
Mean Return,16.519842169857135,13.954222025992728,0.6749862843291059,-22.71104688790438,-0.6855052948617183,6.118963939700051,0.031031724505953658,0.04500141395439019
