,Annualized Return,Annualized Vol,Sharpe Ratio,Max Drawdown,Skewness,Kurtosis,Cornish-Fisher VaR (5%),Historic CVaR (5%)
Mean Return,10.58216196965731,15.027744047679125,0.28737078072191813,-35.07764152560087,-1.095242799143106,10.708865323946183,0.036184806563129654,0.05009645030098364
