,Annualized Return,Annualized Vol,Sharpe Ratio,Max Drawdown,Skewness,Kurtosis,Cornish-Fisher VaR (5%),Historic CVaR (5%)
Mean Return,12.315906589353398,13.754232589804413,0.4091864257436569,-26.163337393688877,-0.6211893874354563,6.9186902812360715,0.030898085757564867,0.04372100840036872
