,Annualized Return,Annualized Vol,Sharpe Ratio,Max Drawdown,Skewness,Kurtosis,Cornish-Fisher VaR (5%),Historic CVaR (5%)
Mean Return,14.248831541319461,14.52453666780541,0.5089001961655,-27.42991703201173,-0.6527808152099694,9.251220195009632,0.03164458493199427,0.04624183417479238
