,Annualized Return,Annualized Vol,Sharpe Ratio,Max Drawdown,Skewness,Kurtosis,Cornish-Fisher VaR (5%),Historic CVaR (5%)
Mean Return,15.011118108653454,13.011182112501515,0.6136364918555501,-27.478771050499653,-0.9346758146514411,10.078564355017136,0.028710039865081336,0.04153285243595552
