,Annualized Return,Annualized Vol,Sharpe Ratio,Max Drawdown,Skewness,Kurtosis,Cornish-Fisher VaR (5%),Historic CVaR (5%)
Mean Return,12.945417996320963,15.120923691900408,0.3981986027604183,-31.153815946361284,-0.9358197959998531,9.488353226288972,0.03437456272959517,0.046749720017966075
