,Annualized Return,Annualized Vol,Sharpe Ratio,Max Drawdown,Skewness,Kurtosis,Cornish-Fisher VaR (5%),Historic CVaR (5%)
Mean Return,14.543565753562282,15.30958936200644,0.4953937335302042,-34.5075256706547,-1.073030936747522,10.39708284273754,0.034883203472866116,0.04800617562761081
