,Annualized Return,Annualized Vol,Sharpe Ratio,Max Drawdown,Skewness,Kurtosis,Cornish-Fisher VaR (5%),Historic CVaR (5%)
Mean Return,12.653122483139988,16.12189969468954,0.3617077249243028,-28.027475058672607,-0.9742137461192807,10.66328335175211,0.036498125356279644,0.052995736857229234
