,Annualized Return,Annualized Vol,Sharpe Ratio,Max Drawdown,Skewness,Kurtosis,Cornish-Fisher VaR (5%),Historic CVaR (5%)
Mean Return,14.405464807091484,15.213192488797073,0.48844161605161396,-25.365371207893745,-0.6572128728436103,9.094874890335573,0.03301148901919616,0.046067907214011716
