,Annualized Return,Annualized Vol,Sharpe Ratio,Max Drawdown,Skewness,Kurtosis,Cornish-Fisher VaR (5%),Historic CVaR (5%)
Mean Return,16.868212829884154,14.947677818899779,0.6542552068325974,-27.90457321302054,-0.8407183138011578,12.750929233173506,0.0314198159513092,0.045176049432112474
