,Annualized Return,Annualized Vol,Sharpe Ratio,Max Drawdown,Skewness,Kurtosis,Cornish-Fisher VaR (5%),Historic CVaR (5%)
Mean Return,11.674157813594931,15.131764707773456,0.3213693618344788,-32.454120109756026,-1.2017736473588532,10.91140344697304,0.035365461531001535,0.047492568864924284
