,Annualized Return,Annualized Vol,Sharpe Ratio,Max Drawdown,Skewness,Kurtosis,Cornish-Fisher VaR (5%),Historic CVaR (5%)
Mean Return,11.201041591671878,17.133199596757105,0.25948962903237593,-33.555756097416065,-0.7345596760729737,11.401891605519703,0.03739199329971537,0.053643316643478545
