,Annualized Return,Annualized Vol,Sharpe Ratio,Max Drawdown,Skewness,Kurtosis,Cornish-Fisher VaR (5%),Historic CVaR (5%)
Mean Return,16.605280317071692,14.747710941906448,0.6418415984881222,-24.515140735106872,-1.2781009663108185,14.724710610517278,0.032403642877836106,0.043889796668862134
