,Annualized Return,Annualized Vol,Sharpe Ratio,Max Drawdown,Skewness,Kurtosis,Cornish-Fisher VaR (5%),Historic CVaR (5%)
Mean Return,19.69944126773664,13.074119982839033,0.950375718977792,-22.145332195703418,-0.5625761412635983,6.5565098046611165,0.02763846138300356,0.03914369217346002
