,Annualized Return,Annualized Vol,Sharpe Ratio,Max Drawdown,Skewness,Kurtosis,Cornish-Fisher VaR (5%),Historic CVaR (5%)
Mean Return,14.57862324206256,13.549110434755548,0.560469254815913,-24.368743344568028,-1.1396861851875244,11.310523136433895,0.030537255014312682,0.04302738708527501
