,Annualized Return,Annualized Vol,Skewness,Kurtosis,Cornish-Fisher VaR (5%),Historic CVaR (5%),Sharpe Ratio,Max Drawdown
Mean Return,0.03999283144226795,0.14174311207973472,-0.4427660435272399,6.053126202536224,0.03347726996836623,0.04908987757245566,-0.13894269382904173,-0.2587103579833974
