,Annualized Return,Annualized Vol,Skewness,Kurtosis,Cornish-Fisher VaR (5%),Historic CVaR (5%),Sharpe Ratio,Max Drawdown
Mean Return,0.14390696089234245,0.14088816244757155,-0.5987018012654488,7.4234542768448755,0.030751961868339416,0.04382514164485807,0.5277773386903263,-0.25146819841505996
