,Annualized Return,Annualized Vol,Sharpe Ratio,Max Drawdown,Skewness,Kurtosis,Cornish-Fisher VaR (5%),Historic CVaR (5%)
Mean Return,9.746303510760445,15.433082336177906,0.22833994137351096,-30.83266822315854,-1.2883892478565244,13.441773280901014,0.037171612151904815,0.049064563333649475
