,Annualized Return,Annualized Vol,Sharpe Ratio,Max Drawdown,Skewness,Kurtosis,Cornish-Fisher VaR (5%),Historic CVaR (5%)
Mean Return,12.920794013445814,17.128693729602844,0.35418899200541776,-29.674210124464505,0.25512685095146154,10.726212127603414,0.030943305259301168,0.04955779906081156
