,Annualized Return,Annualized Vol,Sharpe Ratio,Max Drawdown,Skewness,Kurtosis,Cornish-Fisher VaR (5%),Historic CVaR (5%)
Mean Return,14.03427423206216,14.405763122221291,0.49587667335920477,-27.143000232334575,-0.6828051936037032,7.374573382561688,0.03200574801350234,0.047386945696185484
