,Annualized Return,Annualized Vol,Sharpe Ratio,Max Drawdown,Skewness,Kurtosis,Cornish-Fisher VaR (5%),Historic CVaR (5%)
Mean Return,14.846779273545874,12.267206023719343,0.6737223604071091,-24.344005515522937,-1.1912735509983237,9.364876949345254,0.029004230842730412,0.04015280745272519
