,Annualized Return,Annualized Vol,Sharpe Ratio,Max Drawdown,Skewness,Kurtosis,Cornish-Fisher VaR (5%),Historic CVaR (5%)
Mean Return,17.888037385700393,14.908945318374208,0.7282183714065602,-25.918592144599096,-0.17847480731723536,5.484677518530729,0.030833601948629316,0.04329520253849658
