,Annualized Return,Annualized Vol,Sharpe Ratio,Max Drawdown,Skewness,Kurtosis,Cornish-Fisher VaR (5%),Historic CVaR (5%)
Mean Return,14.139828393368425,15.727438189399114,0.45776931746851707,-29.042072699750417,-0.4543733316496067,8.789733419404559,0.033216358577987916,0.048362817750889874
