,Annualized Return,Annualized Vol,Sharpe Ratio,Max Drawdown,Skewness,Kurtosis,Cornish-Fisher VaR (5%),Historic CVaR (5%)
Mean Return,15.089017634917612,14.434091882175634,0.5582000365668877,-27.855189800810802,-0.6050325388046404,10.299094910637988,0.030339505938629264,0.04283569251706979
