,Annualized Return,Annualized Vol,Sharpe Ratio,Max Drawdown,Skewness,Kurtosis,Cornish-Fisher VaR (5%),Historic CVaR (5%)
Mean Return,16.904791833090794,13.83456718348491,0.7058014585901975,-30.652954913922635,-1.5982916051030016,13.763427631578484,0.03195535445129357,0.045209387326378685
