,Annualized Return,Annualized Vol,Sharpe Ratio,Max Drawdown,Skewness,Kurtosis,Cornish-Fisher VaR (5%),Historic CVaR (5%)
Mean Return,11.446647657161746,14.689834884069015,0.3492246404839187,-26.212543842582292,-0.9924338734328484,13.11722242294145,0.033607724175675,0.04563529453746666
