,Annualized Return,Annualized Vol,Sharpe Ratio,Max Drawdown,Skewness,Kurtosis,Cornish-Fisher VaR (5%),Historic CVaR (5%)
Mean Return,20.61243887208528,12.808433256381143,1.0415695340437268,-23.61076827761717,-0.4849915753239672,6.242658452260923,0.02687141939522001,0.03938755429176864
