,Annualized Return,Annualized Vol,Sharpe Ratio,Max Drawdown,Skewness,Kurtosis,Cornish-Fisher VaR (5%),Historic CVaR (5%)
Mean Return,15.303093225179953,13.900296740037973,0.5980132610919008,-25.06091120931813,-0.9054376628861038,10.064027401751845,0.03063194616450388,0.04445446497965774
