,Annualized Return,Annualized Vol,Sharpe Ratio,Max Drawdown,Skewness,Kurtosis,Cornish-Fisher VaR (5%),Historic CVaR (5%)
Mean Return,14.949443324670654,15.611037535757816,0.5353558012531773,-31.491642780233903,-1.1105067362095429,8.252423497626578,0.037677908732088095,0.05327948810596128
