,Annualized Return,Annualized Vol,Sharpe Ratio,Max Drawdown,Skewness,Kurtosis,Cornish-Fisher VaR (5%),Historic CVaR (5%)
Mean Return,14.064442777520213,13.657739561810391,0.518877394960831,-27.510261393140073,-0.7854616079005715,9.022473018005776,0.03012633913077794,0.040618884858566004
