,Annualized Return,Annualized Vol,Skewness,Kurtosis,Cornish-Fisher VaR (5%),Historic CVaR (5%),Sharpe Ratio,Max Drawdown
Mean Return,0.13536066710356986,0.14387980999465572,-0.4552407750693257,6.564432989124956,0.031202516304895903,0.043770782992701755,0.4583073680168332,-0.2833476015035616
