,Annualized Return,Annualized Vol,Sharpe Ratio,Max Drawdown,Skewness,Kurtosis,Cornish-Fisher VaR (5%),Historic CVaR (5%)
Mean Return,11.890526093834586,15.288557033835351,0.329142586489861,-33.79979852514174,-1.3343738844002975,11.580471046494939,0.03610502986531067,0.04789353077739685
