,Annualized Return,Annualized Vol,Sharpe Ratio,Max Drawdown,Skewness,Kurtosis,Cornish-Fisher VaR (5%),Historic CVaR (5%)
Mean Return,19.846889536730885,14.05781069769586,0.8949639316907425,-22.831754106584324,-0.3436104935864037,8.050536161409768,0.02820652034851751,0.04220999819095906
