,Annualized Return,Annualized Vol,Sharpe Ratio,Max Drawdown,Skewness,Kurtosis,Cornish-Fisher VaR (5%),Historic CVaR (5%)
Mean Return,16.036997411437092,16.3895306537246,0.5447267269479881,-34.599824170467635,-0.2668156786879936,7.7393083877861315,0.03374762399066206,0.047826928177884635
