,Annualized Return,Annualized Vol,Skewness,Kurtosis,Cornish-Fisher VaR (5%),Historic CVaR (5%),Sharpe Ratio,Max Drawdown
Mean Return,0.10887275064876789,0.1515488108895885,-1.3928722004942498,10.965237124081195,0.036821920276220874,0.04992181640453935,0.2780656567438941,-0.33361669041782305
