,Annualized Return,Annualized Vol,Sharpe Ratio,Max Drawdown,Skewness,Kurtosis,Cornish-Fisher VaR (5%),Historic CVaR (5%)
Mean Return,14.972100010259037,17.415058801396675,0.458327558913422,-25.876279484192725,-0.16337542666107105,7.262971413052256,0.035716625915641356,0.05446142505925681
