,Annualized Return,Annualized Vol,Sharpe Ratio,Max Drawdown,Skewness,Kurtosis,Cornish-Fisher VaR (5%),Historic CVaR (5%)
Mean Return,19.19728651030446,12.511013940092338,0.9592234551713873,-22.55720093017396,-0.7847420587671149,6.650477990271449,0.02732831626414876,0.04136409843949528
