,Annualized Return,Annualized Vol,Sharpe Ratio,Max Drawdown,Skewness,Kurtosis,Cornish-Fisher VaR (5%),Historic CVaR (5%)
Mean Return,9.392431018973536,12.633373171378215,0.24689723398775199,-24.866791915636203,-1.229243679636443,10.039717668359996,0.030869119404734444,0.0449757020120676
