,Annualized Return,Annualized Vol,Skewness,Kurtosis,Cornish-Fisher VaR (5%),Historic CVaR (5%),Sharpe Ratio,Max Drawdown
Mean Return,-0.024777470680080182,0.1580442625530813,-0.7133586480048761,8.991365767235534,0.03782532802173313,0.059119480154489645,-0.5359137267810472,-0.44911290557967
