,Annualized Return,Annualized Vol,Sharpe Ratio,Max Drawdown,Skewness,Kurtosis,Cornish-Fisher VaR (5%),Historic CVaR (5%)
Mean Return,6.340451891779075,12.44992943712542,-0.004272632553934772,-23.022223635391462,-1.0861957006133307,6.779683060591661,0.030950498522767655,0.04364841163147723
