,Annualized Return,Annualized Vol,Skewness,Kurtosis,Cornish-Fisher VaR (5%),Historic CVaR (5%),Sharpe Ratio,Max Drawdown
Mean Return,0.14002146412962668,0.15673460915044132,-0.5259959386901897,9.039230827070435,0.03341415176120634,0.04699286168561159,0.45227956260355623,-0.27461623458423073
