,Annualized Return,Annualized Vol,Sharpe Ratio,Max Drawdown,Skewness,Kurtosis,Cornish-Fisher VaR (5%),Historic CVaR (5%)
Mean Return,13.395365868203868,14.975691606150294,0.4369862908057951,-30.25121078850236,-1.0104367541127415,7.5077907176640855,0.03549527126186487,0.049795311080532416
