,Annualized Return,Annualized Vol,Sharpe Ratio,Max Drawdown,Skewness,Kurtosis,Cornish-Fisher VaR (5%),Historic CVaR (5%)
Mean Return,14.74863910194102,14.829255656058987,0.5271516131233347,-26.470484873120576,-0.8347156948518011,9.724487299704831,0.03305855904744915,0.04853393955732152
