,Annualized Return,Annualized Vol,Sharpe Ratio,Max Drawdown,Skewness,Kurtosis,Cornish-Fisher VaR (5%),Historic CVaR (5%)
Mean Return,20.828002622761787,16.463769443899785,0.8497734772934031,-29.752066383308684,-0.45809521506190043,9.240602381124356,0.03482586456797715,0.047559061286346516
