,Annualized Return,Annualized Vol,Sharpe Ratio,Max Drawdown,Skewness,Kurtosis,Cornish-Fisher VaR (5%),Historic CVaR (5%)
Mean Return,14.139828393368425,15.727438189399114,0.45776931746851707,-29.04207269975042,-0.45437333164960664,8.789733419404564,0.03321635857798791,0.048362817750889874
