,Annualized Return,Annualized Vol,Sharpe Ratio,Max Drawdown,Skewness,Kurtosis,Cornish-Fisher VaR (5%),Historic CVaR (5%)
Mean Return,11.589468488924147,15.771858525967684,0.3044252532138292,-29.960307099996587,-0.8604320915089771,13.16941277063176,0.03412328112006843,0.04903494450461604
