,Annualized Return,Annualized Vol,Sharpe Ratio,Max Drawdown,Skewness,Kurtosis,Cornish-Fisher VaR (5%),Historic CVaR (5%)
Mean Return,14.365989842763248,12.124355013499438,0.6215990997890002,-20.61193476514304,-0.4416846135478182,5.9296434912468925,0.026167782640452174,0.03846917306997641
