,Annualized Return,Annualized Vol,Sharpe Ratio,Max Drawdown,Skewness,Kurtosis,Cornish-Fisher VaR (5%),Historic CVaR (5%)
Mean Return,14.16154145025681,14.271281846383696,0.509518938670214,-31.000634621799417,-0.6040695211168867,6.79601979910725,0.03181137984245001,0.044858488389517476
