,Annualized Return,Annualized Vol,Sharpe Ratio,Max Drawdown,Skewness,Kurtosis,Cornish-Fisher VaR (5%),Historic CVaR (5%)
Mean Return,16.53860696264249,15.79495625491555,0.5974143142002404,-31.938909955277378,-1.4079898339766819,13.502574415558259,0.036093791073728246,0.04666752517816342
