,Annualized Return,Annualized Vol,Sharpe Ratio,Max Drawdown,Skewness,Kurtosis,Cornish-Fisher VaR (5%),Historic CVaR (5%)
Mean Return,14.017922509487057,13.8367852203303,0.5213302633257797,-23.556805687095522,-0.38960292873339913,6.630351597440332,0.029725455523482103,0.043432209698981566
