,Annualized Return,Annualized Vol,Sharpe Ratio,Max Drawdown,Skewness,Kurtosis,Cornish-Fisher VaR (5%),Historic CVaR (5%)
Mean Return,14.11732288343941,15.399796389635275,0.46273885835153816,-32.306142671497845,-1.1843249243220022,13.99444451246651,0.034207951987928996,0.04649369810336506
