,Annualized Return,Annualized Vol,Sharpe Ratio,Max Drawdown,Skewness,Kurtosis,Cornish-Fisher VaR (5%),Historic CVaR (5%)
Mean Return,13.403311278158348,14.832868987712489,0.4374478465274253,-25.30624919223459,-1.328404571452743,15.813899056114865,0.03291503715360444,0.043318532341227345
