,Annualized Return,Annualized Vol,Sharpe Ratio,Max Drawdown,Skewness,Kurtosis,Cornish-Fisher VaR (5%),Historic CVaR (5%)
Mean Return,15.493193897824998,14.608737745099646,0.5865989662356443,-29.87593812029522,-1.2466332430932308,10.527435352253761,0.03411235676457323,0.04593655632403002
