,Annualized Return,Annualized Vol,Sharpe Ratio,Max Drawdown,Skewness,Kurtosis,Cornish-Fisher VaR (5%),Historic CVaR (5%)
Mean Return,15.014846767336444,14.543408441531636,0.5576024592956237,-29.66498411552534,-0.6229358789918489,9.786575157341717,0.031176169840035843,0.044698123191423654
