,Annualized Return,Annualized Vol,Sharpe Ratio,Max Drawdown,Skewness,Kurtosis,Cornish-Fisher VaR (5%),Historic CVaR (5%)
Mean Return,11.949323438978986,13.9953682469619,0.3769031979979099,-26.630532819557356,-0.5518095556960584,6.902712851034588,0.031192004351822632,0.04453231952379874
