,Annualized Return,Annualized Vol,Sharpe Ratio,Max Drawdown,Skewness,Kurtosis,Cornish-Fisher VaR (5%),Historic CVaR (5%)
Mean Return,13.728055753711455,16.827783251187046,0.402163668915071,-31.965204301401258,-0.6494312223781082,11.592169837703516,0.03568190331836628,0.049479977208601485
