,Annualized Return,Annualized Vol,Sharpe Ratio,Max Drawdown,Skewness,Kurtosis,Cornish-Fisher VaR (5%),Historic CVaR (5%)
Mean Return,12.6117617064748,14.58884411443972,0.42237938358356936,-26.249648458495706,-1.000821566841689,8.298181141613673,0.03488234568801764,0.04876454483535947
