,Annualized Return,Annualized Vol,Skewness,Kurtosis,Cornish-Fisher VaR (5%),Historic CVaR (5%),Sharpe Ratio,Max Drawdown
Mean Return,0.11421953609139557,0.14817416696471805,-1.331726728724428,10.642450446500337,0.03570806200218143,0.04876010664119389,0.31835746884779176,-0.326674152482804
