,Annualized Return,Annualized Vol,Skewness,Kurtosis,Cornish-Fisher VaR (5%),Historic CVaR (5%),Sharpe Ratio,Max Drawdown
Mean Return,0.13859707817778433,0.16941825682678976,-0.8366464071661187,9.379990157371056,0.038055639881070656,0.054015182149429436,0.40940721923034773,-0.3807013510479995
