,Annualized Return,Annualized Vol,Sharpe Ratio,Max Drawdown,Skewness,Kurtosis,Cornish-Fisher VaR (5%),Historic CVaR (5%)
Mean Return,15.85379643542919,14.002161131625208,0.6254806781882423,-26.362828381327002,-1.0406638669784498,14.637848456145607,0.02968974532926396,0.04040106496209213
