,Annualized Return,Annualized Vol,Sharpe Ratio,Max Drawdown,Skewness,Kurtosis,Cornish-Fisher VaR (5%),Historic CVaR (5%)
Mean Return,14.529923898617913,17.902011871801136,0.431366023001923,-29.032170191663326,-0.6355625136874052,8.20392131268385,0.03989321490396791,0.05744784569297057
