,Annualized Return,Annualized Vol,Sharpe Ratio,Max Drawdown,Skewness,Kurtosis,Cornish-Fisher VaR (5%),Historic CVaR (5%)
Mean Return,13.592741035257049,15.110843546488775,0.43888956558949704,-31.41725550842882,-1.0814662471412257,9.924093123214611,0.03480960728003889,0.04717308596818979
