,Annualized Return,Annualized Vol,Sharpe Ratio,Max Drawdown,Skewness,Kurtosis,Cornish-Fisher VaR (5%),Historic CVaR (5%)
Mean Return,13.117103736226454,16.460439703026367,0.37978933747690197,-32.70687432055423,-0.7741462494639297,11.302868754621846,0.035793483473852916,0.052203992786330866
