,Annualized Return,Annualized Vol,Sharpe Ratio,Max Drawdown,Skewness,Kurtosis,Cornish-Fisher VaR (5%),Historic CVaR (5%)
Mean Return,15.562769810304378,15.790326591560413,0.5385580348229787,-33.579610603213276,-0.9183103259018182,9.924444395930317,0.035264128939969296,0.047635075163012554
