,Annualized Return,Annualized Vol,Skewness,Kurtosis,Cornish-Fisher VaR (5%),Historic CVaR (5%),Sharpe Ratio,Max Drawdown
Mean Return,0.1263173033921401,0.14171668938951687,-0.48233533283696767,8.61392169976413,0.030165900992965212,0.04401780600050621,0.4092756222486978,-0.21936772216763636
