,Annualized Return,Annualized Vol,Sharpe Ratio,Max Drawdown,Skewness,Kurtosis,Cornish-Fisher VaR (5%),Historic CVaR (5%)
Mean Return,10.126973311659725,16.409871170412973,0.2088328823108399,-30.29873308373953,-0.8186765326886609,12.094711492453847,0.03608424749323242,0.051336088399014185
