,Annualized Return,Annualized Vol,Skewness,Kurtosis,Cornish-Fisher VaR (5%),Historic CVaR (5%),Sharpe Ratio,Max Drawdown
Mean Return,0.08553078983434825,0.1726984160515939,-0.6047545202752169,11.736656728447281,0.03719085700536455,0.054115040803505765,0.11370522838281369,-0.3236555436854104
