,Annualized Return,Annualized Vol,Sharpe Ratio,Max Drawdown,Skewness,Kurtosis,Cornish-Fisher VaR (5%),Historic CVaR (5%)
Mean Return,13.20018265318006,15.127313846910203,0.41402037001663905,-27.373873861804427,-1.453053072214583,16.452091904427625,0.03399711328810947,0.04563491211164327
