,Annualized Return,Annualized Vol,Sharpe Ratio,Max Drawdown,Skewness,Kurtosis,Cornish-Fisher VaR (5%),Historic CVaR (5%)
Mean Return,12.49316382903971,15.356930273837472,0.36455794772519623,-28.458734784090982,-1.1552334623801173,14.035752371297702,0.034213770906907186,0.045850800697932056
