,Annualized Return,Annualized Vol,Sharpe Ratio,Max Drawdown,Skewness,Kurtosis,Cornish-Fisher VaR (5%),Historic CVaR (5%)
Mean Return,12.326694665424265,16.398909508984094,0.3330633828972066,-36.50721853155303,-0.7820217702905625,9.185030703989177,0.03682521241329202,0.05040857042823663
