,Annualized Return,Annualized Vol,Sharpe Ratio,Max Drawdown,Skewness,Kurtosis,Cornish-Fisher VaR (5%),Historic CVaR (5%)
Mean Return,14.927178059970725,14.620940689551157,0.5461524616264847,-27.54675550065257,-0.9618201101227649,7.676976199823056,0.034025222597580396,0.048241524168439416
