,Annualized Return,Annualized Vol,Skewness,Kurtosis,Cornish-Fisher VaR (5%),Historic CVaR (5%),Sharpe Ratio,Max Drawdown
Mean Return,0.08911052573648504,0.12596438582261987,-0.8530270235525519,7.223975856060614,0.030224786232440088,0.04384726156288844,0.21142836735687323,-0.219991129011725
