,Annualized Return,Annualized Vol,Sharpe Ratio,Max Drawdown,Skewness,Kurtosis,Cornish-Fisher VaR (5%),Historic CVaR (5%)
Mean Return,17.474711595088642,16.374762142724425,0.6310031569124774,-30.74616912748877,-1.373103077656193,16.773591911669726,0.03567954797507733,0.046908144133397923
