,Annualized Return,Annualized Vol,Skewness,Kurtosis,Cornish-Fisher VaR (5%),Historic CVaR (5%),Sharpe Ratio,Max Drawdown
Mean Return,0.1584028359811438,0.13422195468384618,-1.2500325406109065,11.679923827307976,0.030361419800797426,0.043659943000200485,0.6555734175849564,-0.2567123979195235
