,Annualized Return,Annualized Vol,Sharpe Ratio,Max Drawdown,Skewness,Kurtosis,Cornish-Fisher VaR (5%),Historic CVaR (5%)
Mean Return,16.072309059024413,12.333456657049956,0.7704262480177866,-27.317678719315612,-1.7812706272815104,16.061747840254448,0.029241927118616257,0.04080754197627307
