,Annualized Return,Annualized Vol,Sharpe Ratio,Max Drawdown,Skewness,Kurtosis,Cornish-Fisher VaR (5%),Historic CVaR (5%)
Mean Return,15.306795329207802,16.46078300558308,0.5028885112703178,-33.21407191965603,0.10041325266619054,9.842630250795064,0.030692231840808017,0.047301236487877804
