,Annualized Return,Annualized Vol,Sharpe Ratio,Max Drawdown,Skewness,Kurtosis,Cornish-Fisher VaR (5%),Historic CVaR (5%)
Mean Return,12.87228431343783,15.178908132405141,0.3955332285234404,-31.37997671523583,-1.1733311460255362,13.144912182786818,0.03418879954937213,0.04680968661416946
