,Annualized Return,Annualized Vol,Sharpe Ratio,Max Drawdown,Skewness,Kurtosis,Cornish-Fisher VaR (5%),Historic CVaR (5%)
Mean Return,12.533770999180138,12.256820603405934,0.4627297291545976,-18.641058610103673,-0.6192226233607746,5.394650017573978,0.02754646656978763,0.04019241885318771
