,Annualized Return,Annualized Vol,Sharpe Ratio,Max Drawdown,Skewness,Kurtosis,Cornish-Fisher VaR (5%),Historic CVaR (5%)
Mean Return,14.843251772880016,14.760504526352648,0.5345522903391229,-27.03395356806042,-0.6834319641186186,9.85963732188359,0.031706631309361695,0.04479426764837556
