,Annualized Return,Annualized Vol,Sharpe Ratio,Max Drawdown,Skewness,Kurtosis,Cornish-Fisher VaR (5%),Historic CVaR (5%)
Mean Return,14.55171936428834,14.333297376859939,0.5280317087167665,-29.77754517198789,-0.6825711335533954,7.433144741206874,0.0317389173960673,0.04446262917955586
