,Annualized Return,Annualized Vol,Sharpe Ratio,Max Drawdown,Skewness,Kurtosis,Cornish-Fisher VaR (5%),Historic CVaR (5%)
Mean Return,19.51352442663763,14.462887877548699,0.8482075581893084,-25.89810118165578,-0.5775410678947476,7.246572295735412,0.03074415197475802,0.04513176753078052
