,Annualized Return,Annualized Vol,Sharpe Ratio,Max Drawdown,Skewness,Kurtosis,Cornish-Fisher VaR (5%),Historic CVaR (5%)
Mean Return,16.91100937324215,15.090223991165916,0.6496143071699607,-24.316110316301813,-0.6545007796599592,8.30090365947614,0.03262810869305418,0.0452701734705073
