,Annualized Return,Annualized Vol,Sharpe Ratio,Max Drawdown,Skewness,Kurtosis,Cornish-Fisher VaR (5%),Historic CVaR (5%)
Mean Return,14.379676887589387,14.178942183260656,0.5262672027243684,-27.43514842813682,-0.5895147085140822,7.503065137215275,0.030884840480758975,0.044806595612999406
