,Annualized Return,Annualized Vol,Sharpe Ratio,Max Drawdown,Skewness,Kurtosis,Cornish-Fisher VaR (5%),Historic CVaR (5%)
Mean Return,14.623890573499065,14.236707585535562,0.5402667457379422,-27.59200980473244,-0.6924863929672764,7.129157612776908,0.03165599242060543,0.04490400741509373
