,Annualized Return,Annualized Vol,Sharpe Ratio,Max Drawdown,Skewness,Kurtosis,Cornish-Fisher VaR (5%),Historic CVaR (5%)
Mean Return,15.412817001619095,15.727350822877398,0.5337122357566776,-30.901380557163034,-0.9243645742525356,12.995745793477443,0.03380411425413066,0.04721306977078554
