,Annualized Return,Annualized Vol,Sharpe Ratio,Max Drawdown,Skewness,Kurtosis,Cornish-Fisher VaR (5%),Historic CVaR (5%)
Mean Return,12.22910448740484,12.797666348851461,0.4589461039556937,-27.589944272947164,-1.5832982323111124,14.141695382726928,0.031062848722715124,0.043665082932134815
