,Annualized Return,Annualized Vol,Sharpe Ratio,Max Drawdown,Skewness,Kurtosis,Cornish-Fisher VaR (5%),Historic CVaR (5%)
Mean Return,14.545055988182831,15.358177077622459,0.4935910599454916,-27.41534460387973,-0.5513859018622038,9.887801987151217,0.032389401255365484,0.045888755333694416
