,Annualized Return,Annualized Vol,Sharpe Ratio,Max Drawdown,Skewness,Kurtosis,Cornish-Fisher VaR (5%),Historic CVaR (5%)
Mean Return,13.007523630492578,12.275384819528952,0.531857828031961,-26.08382767472117,-1.337964678195865,10.141299525815263,0.029690510224530595,0.04245730213590711
