,Annualized Return,Annualized Vol,Skewness,Kurtosis,Cornish-Fisher VaR (5%),Historic CVaR (5%),Sharpe Ratio,Max Drawdown
Mean Return,0.09057919305375539,0.16949669282898389,-0.6072125231355654,10.946698192364488,0.03677674945953943,0.05289899272686396,0.14386797095367784,-0.31316777553174513
