,Annualized Return,Annualized Vol,Sharpe Ratio,Max Drawdown,Skewness,Kurtosis,Cornish-Fisher VaR (5%),Historic CVaR (5%)
Mean Return,17.581204332181155,16.28959326975033,0.6371678931592283,-32.23716638871107,-0.2257523654198594,7.236002398256597,0.0332470478373432,0.04648977689446339
