,Annualized Return,Annualized Vol,Sharpe Ratio,Max Drawdown,Skewness,Kurtosis,Cornish-Fisher VaR (5%),Historic CVaR (5%)
Mean Return,14.0062269572383,15.789713731807328,0.44783467764337964,-30.490953708735972,-1.1643320903028933,11.540375797466037,0.03611272519132905,0.04809065148379705
