,Annualized Return,Annualized Vol,Sharpe Ratio,Max Drawdown,Skewness,Kurtosis,Cornish-Fisher VaR (5%),Historic CVaR (5%)
Mean Return,16.522767084677792,13.136881850117138,0.7145807761001157,-28.647125091632862,-1.7351138945765074,14.808404856035231,0.030438053602684517,0.04223050140545329
