,Annualized Return,Annualized Vol,Skewness,Kurtosis,Cornish-Fisher VaR (5%),Historic CVaR (5%),Sharpe Ratio,Max Drawdown
Mean Return,-0.0018875751653971706,0.1512068339760976,-0.4447104514375118,7.155250992741047,0.03507613693721106,0.0533052018573999,-0.4178835617698946,-0.3525417353518408
