,Annualized Return,Annualized Vol,Sharpe Ratio,Max Drawdown,Skewness,Kurtosis,Cornish-Fisher VaR (5%),Historic CVaR (5%)
Mean Return,18.658042904138927,13.391409388138637,0.8534844397843104,-25.341703230635492,-0.7280467226290165,6.866029874873888,0.029243833074766135,0.04084183374321805
