,Annualized Return,Annualized Vol,Skewness,Kurtosis,Cornish-Fisher VaR (5%),Historic CVaR (5%),Sharpe Ratio,Max Drawdown
Mean Return,0.14655168080876302,0.14653020587562657,-0.4876696668157465,5.770348318226311,0.03211759181290954,0.046670038282100666,0.5244208126055107,-0.2404263146220817
