,Annualized Return,Annualized Vol,Sharpe Ratio,Max Drawdown,Skewness,Kurtosis,Cornish-Fisher VaR (5%),Historic CVaR (5%)
Mean Return,15.988201143237045,16.1565229755714,0.552015396534446,-31.251347837637876,0.07294957158744944,9.117106333516338,0.030469572180208224,0.04623327234886711
