,Annualized Return,Annualized Vol,Sharpe Ratio,Max Drawdown,Skewness,Kurtosis,Cornish-Fisher VaR (5%),Historic CVaR (5%)
Mean Return,16.980644460061022,14.5836728766268,0.6732553627648477,-23.775764637068487,-1.2919082875203156,15.083001000909002,0.03187088503126945,0.04318946013451809
