,Annualized Return,Annualized Vol,Skewness,Kurtosis,Cornish-Fisher VaR (5%),Historic CVaR (5%),Sharpe Ratio,Max Drawdown
Mean Return,0.1119425587584355,0.1361754663197715,-0.5640883423636811,9.33167651324674,0.029287141380330842,0.042277033317884946,0.32665973887038097,-0.25598244807736403
