,Annualized Return,Annualized Vol,Sharpe Ratio,Max Drawdown,Skewness,Kurtosis,Cornish-Fisher VaR (5%),Historic CVaR (5%)
Mean Return,15.713867016291182,14.374685612080729,0.603347128667645,-27.452042297448585,-0.8070866913339424,10.040666891715636,0.03124013083342705,0.04355238433311333
