,Annualized Return,Annualized Vol,Sharpe Ratio,Max Drawdown,Skewness,Kurtosis,Cornish-Fisher VaR (5%),Historic CVaR (5%)
Mean Return,15.829825198206638,15.042745863659071,0.5809269039791033,-30.945337881566342,-1.2646374994207414,15.688223559363603,0.03276461737832328,0.04417743665481746
