,Annualized Return,Annualized Vol,Sharpe Ratio,Max Drawdown,Skewness,Kurtosis,Cornish-Fisher VaR (5%),Historic CVaR (5%)
Mean Return,17.368560719379666,12.454189302941918,0.8612655006242945,-27.45880949869956,-1.7283574668040074,15.937661768990392,0.029163390372063756,0.04045828383782991
