,Annualized Return,Annualized Vol,Sharpe Ratio,Max Drawdown,Skewness,Kurtosis,Cornish-Fisher VaR (5%),Historic CVaR (5%)
Mean Return,13.177126656402628,15.076311730259656,0.4431301167924639,-28.033747138353466,-1.0256342655842507,8.380674635129015,0.03611808139695076,0.05100808598038104
