,Annualized Return,Annualized Vol,Sharpe Ratio,Max Drawdown,Skewness,Kurtosis,Cornish-Fisher VaR (5%),Historic CVaR (5%)
Mean Return,13.979855950439113,14.075067555165118,0.49952340645794446,-22.07544377698504,-0.9242806779331528,8.299102736091587,0.032071163600255685,0.04509671559250781
