,Annualized Return,Annualized Vol,Sharpe Ratio,Max Drawdown,Skewness,Kurtosis,Cornish-Fisher VaR (5%),Historic CVaR (5%)
Mean Return,12.048399177739677,14.715735587373308,0.3555403529455426,-26.404919679703532,-1.3325259918806274,14.983750663412412,0.03322662382491154,0.04488777866865663
