,Annualized Return,Annualized Vol,Sharpe Ratio,Max Drawdown,Skewness,Kurtosis,Cornish-Fisher VaR (5%),Historic CVaR (5%)
Mean Return,18.58500684029165,12.782911214804596,0.8937564510938185,-23.538549138139643,-0.5489436653009114,5.966298901448468,0.027256010467200463,0.041361811565213485
