,Annualized Return,Annualized Vol,Sharpe Ratio,Max Drawdown,Skewness,Kurtosis,Cornish-Fisher VaR (5%),Historic CVaR (5%)
Mean Return,15.982169645550016,13.03548134287934,0.6814638148878363,-28.769600056442396,-1.6639087466785287,14.20671423079855,0.03021011824087321,0.042524031033350604
