,Annualized Return,Annualized Vol,Sharpe Ratio,Max Drawdown,Skewness,Kurtosis,Cornish-Fisher VaR (5%),Historic CVaR (5%)
Mean Return,14.371333056347568,15.088566600581608,0.49158802563178344,-27.149990841721124,-0.4822508197313556,9.783215460371096,0.03146981946613248,0.044578500586005376
