,Annualized Return,Annualized Vol,Sharpe Ratio,Max Drawdown,Skewness,Kurtosis,Cornish-Fisher VaR (5%),Historic CVaR (5%)
Mean Return,13.056736780838696,16.936036535686284,0.3660411386332982,-25.73169004899651,-0.1859237141889703,7.5973589255863025,0.03497437548296401,0.051138304029473496
