,Annualized Return,Annualized Vol,Sharpe Ratio,Max Drawdown,Skewness,Kurtosis,Cornish-Fisher VaR (5%),Historic CVaR (5%)
Mean Return,11.942293836523943,17.200918630926683,0.30068039577564726,-25.939841076634636,-0.560063296057727,6.671068715759079,0.03860316952280874,0.05566668699877818
