,Annualized Return,Annualized Vol,Sharpe Ratio,Max Drawdown,Skewness,Kurtosis,Cornish-Fisher VaR (5%),Historic CVaR (5%)
Mean Return,14.32065492913257,12.505745557777082,0.6229164304723642,-27.12589708496021,-1.192272036044133,9.623770932287297,0.02962126848613422,0.04178250197219928
