,Annualized Return,Annualized Vol,Skewness,Kurtosis,Cornish-Fisher VaR (5%),Historic CVaR (5%),Sharpe Ratio,Max Drawdown
Mean Return,0.15794494224283628,0.14247755878318805,-0.47239680584593646,6.755272401449512,0.030512281022112786,0.04335504250475491,0.6118210397412944,-0.28705896976662326
