,Annualized Return,Annualized Vol,Sharpe Ratio,Max Drawdown,Skewness,Kurtosis,Cornish-Fisher VaR (5%),Historic CVaR (5%)
Mean Return,17.30127255417817,15.332301916116933,0.6622187721000583,-25.791529020108307,-0.5259385553968515,7.15434389388163,0.03290841760698105,0.04745839717726158
