,Annualized Return,Annualized Vol,Sharpe Ratio,Max Drawdown,Skewness,Kurtosis,Cornish-Fisher VaR (5%),Historic CVaR (5%)
Mean Return,13.958320093565524,16.959862265317323,0.4152476556723623,-25.503414688953058,-0.27705142452463255,6.78610979660557,0.03585497172988084,0.052183183966553005
