,Annualized Return,Annualized Vol,Sharpe Ratio,Max Drawdown,Skewness,Kurtosis,Cornish-Fisher VaR (5%),Historic CVaR (5%)
Mean Return,17.725620946980825,12.875818845393216,0.8251785794931108,-23.387969703727904,-0.29954837187234806,5.4325224889201005,0.026898203851549445,0.039377047569468915
