,Annualized Return,Annualized Vol,Sharpe Ratio,Max Drawdown,Skewness,Kurtosis,Cornish-Fisher VaR (5%),Historic CVaR (5%)
Mean Return,16.081923638816885,16.308828810155706,0.5532494534569127,-34.433937491327995,-1.4901462482977854,17.432857723903357,0.03606330665858243,0.04644893911640535
