,Annualized Return,Annualized Vol,Sharpe Ratio,Max Drawdown,Skewness,Kurtosis,Cornish-Fisher VaR (5%),Historic CVaR (5%)
Mean Return,13.990339157717102,15.187051551476765,0.4646292793198575,-26.581324665275584,-1.5695564574948806,14.93579164241144,0.03519210791065611,0.04825192392178164
