,Annualized Return,Annualized Vol,Sharpe Ratio,Max Drawdown,Skewness,Kurtosis,Cornish-Fisher VaR (5%),Historic CVaR (5%)
Mean Return,16.66683464268499,14.79480212050102,0.645967651592042,-25.701944778605974,-0.24237022919452067,5.819251436093067,0.030746431793937427,0.043594288597979536
