,Annualized Return,Annualized Vol,Sharpe Ratio,Max Drawdown,Skewness,Kurtosis,Cornish-Fisher VaR (5%),Historic CVaR (5%)
Mean Return,13.61222337686101,13.213884787008503,0.5182998547688696,-22.43873620584668,-0.5649361072769348,7.89666507503664,0.02873762649656307,0.0421935182621674
