,Annualized Return,Annualized Vol,Sharpe Ratio,Max Drawdown,Skewness,Kurtosis,Cornish-Fisher VaR (5%),Historic CVaR (5%)
Mean Return,18.63955696966304,14.129218289919866,0.8076768857546437,-26.088199265063643,-0.5643418306438315,8.047003771879224,0.02973105128242625,0.042076814462796173
