,Annualized Return,Annualized Vol,Sharpe Ratio,Max Drawdown,Skewness,Kurtosis,Cornish-Fisher VaR (5%),Historic CVaR (5%)
Mean Return,11.965647461963913,15.048963016618465,0.34028427455457866,-33.16494394692813,-1.3066878139030882,11.7131695127764,0.035302049230574485,0.047165330198880695
