,Annualized Return,Annualized Vol,Skewness,Kurtosis,Cornish-Fisher VaR (5%),Historic CVaR (5%),Sharpe Ratio,Max Drawdown
Mean Return,0.1446502670385319,0.15073985038732235,-1.1044863796775344,13.806127953251545,0.03305364047196587,0.04611086798898289,0.4943498755734359,-0.30151542939729303
