,Annualized Return,Annualized Vol,Sharpe Ratio,Max Drawdown,Skewness,Kurtosis,Cornish-Fisher VaR (5%),Historic CVaR (5%)
Mean Return,14.39721494843389,14.451756948315762,0.5146632818737328,-24.68730405240432,-1.202452740738619,15.601577126890403,0.031337311496480565,0.04201985617003561
