,Annualized Return,Annualized Vol,Sharpe Ratio,Max Drawdown,Skewness,Kurtosis,Cornish-Fisher VaR (5%),Historic CVaR (5%)
Mean Return,18.620358827788298,12.766898374421235,0.9012436817685533,-21.70005078164025,-0.6794978420028797,6.531463986835725,0.027890055185067722,0.03953255837958752
