,Annualized Return,Annualized Vol,Sharpe Ratio,Max Drawdown,Skewness,Kurtosis,Cornish-Fisher VaR (5%),Historic CVaR (5%)
Mean Return,16.337423101974036,15.313772950497237,0.6027565659087116,-30.63319127508534,-0.8013281724702546,11.169070907757778,0.032832861012326464,0.0469108124519972
