,Annualized Return,Annualized Vol,Sharpe Ratio,Max Drawdown,Skewness,Kurtosis,Cornish-Fisher VaR (5%),Historic CVaR (5%)
Mean Return,22.405271553652128,13.10344145820643,1.142434217711426,-21.885904565013806,-0.7524080666377956,8.110296875656566,0.027600196070383977,0.03909108102441453
