,Annualized Return,Annualized Vol,Sharpe Ratio,Max Drawdown,Skewness,Kurtosis,Cornish-Fisher VaR (5%),Historic CVaR (5%)
Mean Return,12.958934550954915,14.225576324610751,0.4618410863643902,-25.634489721583755,-1.5204199926366568,16.353109181235684,0.033424594715848695,0.0439941032053221
