,Annualized Return,Annualized Vol,Sharpe Ratio,Max Drawdown,Skewness,Kurtosis,Cornish-Fisher VaR (5%),Historic CVaR (5%)
Mean Return,12.29288335722063,13.877753585234743,0.4226431776457594,-28.14629321679722,-1.068426068911189,9.290543940999786,0.03307595390244362,0.044989842069648754
