,Annualized Return,Annualized Vol,Sharpe Ratio,Max Drawdown,Skewness,Kurtosis,Cornish-Fisher VaR (5%),Historic CVaR (5%)
Mean Return,14.718622613948451,14.137078641908005,0.5474224129026267,-24.68730405240432,-1.1897513832265025,15.795767933950005,0.030415578011132687,0.04153387190661673
