,Annualized Return,Annualized Vol,Sharpe Ratio,Max Drawdown,Skewness,Kurtosis,Cornish-Fisher VaR (5%),Historic CVaR (5%)
Mean Return,17.006350872949128,13.448018311481585,0.7331940109060195,-27.297902627958653,-1.5410935295723247,12.979089289227442,0.031022101812188715,0.043176703759986605
