,Annualized Return,Annualized Vol,Sharpe Ratio,Max Drawdown,Skewness,Kurtosis,Cornish-Fisher VaR (5%),Historic CVaR (5%)
Mean Return,14.840692516678832,14.912454811576367,0.5257351220615111,-29.541495433181495,-0.788473740853058,9.62594304558054,0.032716766310747804,0.04744714588181777
