,Annualized Return,Annualized Vol,Sharpe Ratio,Max Drawdown,Skewness,Kurtosis,Cornish-Fisher VaR (5%),Historic CVaR (5%)
Mean Return,12.303339205665441,14.747046742881631,0.3710406040734325,-26.404919679703564,-1.3292407208763377,14.880557928680599,0.0332844529480686,0.04487300428562489
