,Annualized Return,Annualized Vol,Sharpe Ratio,Max Drawdown,Skewness,Kurtosis,Cornish-Fisher VaR (5%),Historic CVaR (5%)
Mean Return,12.215849204917696,15.136763337239406,0.3549089030502288,-27.915981437795974,-0.7651540075610339,11.69010705690614,0.032690875449467284,0.04672162369933876
