,Annualized Return,Annualized Vol,Sharpe Ratio,Max Drawdown,Skewness,Kurtosis,Cornish-Fisher VaR (5%),Historic CVaR (5%)
Mean Return,15.281123930940366,16.394637142520676,0.505444278162682,-34.507396872639355,-1.1718322296020698,10.642415224481711,0.03781310917328324,0.05282378742554826
