,Annualized Return,Annualized Vol,Sharpe Ratio,Max Drawdown,Skewness,Kurtosis,Cornish-Fisher VaR (5%),Historic CVaR (5%)
Mean Return,15.42430895732978,15.16288527517061,0.5532366355971717,-24.530722773666636,-0.6003495676927555,8.669684774140567,0.032592753340349286,0.04611599427398564
