,Annualized Return,Annualized Vol,Sharpe Ratio,Max Drawdown,Skewness,Kurtosis,Cornish-Fisher VaR (5%),Historic CVaR (5%)
Mean Return,11.502062775175514,14.630852764757602,0.35055353951449025,-28.145713866412038,-1.1345147567544207,9.449123822942363,0.035388507023215506,0.04913157214881394
