,Annualized Return,Annualized Vol,Sharpe Ratio,Max Drawdown,Skewness,Kurtosis,Cornish-Fisher VaR (5%),Historic CVaR (5%)
Mean Return,13.269613416040826,15.161307839893157,0.4196774871021321,-26.279983534658648,-1.0659685322566796,9.178742753638357,0.035211614505119095,0.04884195646750322
