,Annualized Return,Annualized Vol,Sharpe Ratio,Max Drawdown,Skewness,Kurtosis,Cornish-Fisher VaR (5%),Historic CVaR (5%)
Mean Return,6.45850015300633,15.740154936026746,-0.003513215280833107,-38.82224664210496,-0.4199191204263235,8.64574327515633,0.03446681069598522,0.05305990967717404
