,Annualized Return,Annualized Vol,Sharpe Ratio,Max Drawdown,Skewness,Kurtosis,Cornish-Fisher VaR (5%),Historic CVaR (5%)
Mean Return,17.60270897560352,14.97752590609536,0.6959343645829744,-26.230598731085436,-0.5017772980634763,9.717657630622707,0.030845879874558876,0.043495819848056345
