,Annualized Return,Annualized Vol,Sharpe Ratio,Max Drawdown,Skewness,Kurtosis,Cornish-Fisher VaR (5%),Historic CVaR (5%)
Mean Return,14.699501449951358,16.976881205356012,0.45395757894269656,-37.0046134134461,-1.2066120595744925,10.234150938675134,0.039740477236609194,0.055686872726391966
