,Annualized Return,Annualized Vol,Sharpe Ratio,Max Drawdown,Skewness,Kurtosis,Cornish-Fisher VaR (5%),Historic CVaR (5%)
Mean Return,16.304506744048997,16.319485537526134,0.5625484813341025,-33.21407191965603,0.08933272710075045,9.862118859818672,0.030320877752810546,0.046305822607242725
