,Annualized Return,Annualized Vol,Sharpe Ratio,Max Drawdown,Skewness,Kurtosis,Cornish-Fisher VaR (5%),Historic CVaR (5%)
Mean Return,15.957270149180491,13.493901377736812,0.6625091228155418,-22.94521160934337,-0.8124401039696509,9.31452430770877,0.029396817020845886,0.042826018898942206
