,Annualized Return,Annualized Vol,Sharpe Ratio,Max Drawdown,Skewness,Kurtosis,Cornish-Fisher VaR (5%),Historic CVaR (5%)
Mean Return,14.937325956611037,13.472051864970675,0.5939186858444067,-27.435585624243696,-0.6147818562840639,7.635631243163447,0.02951190386017992,0.04305971087873554
