,Annualized Return,Annualized Vol,Sharpe Ratio,Max Drawdown,Skewness,Kurtosis,Cornish-Fisher VaR (5%),Historic CVaR (5%)
Mean Return,11.258985587464764,17.0272155587748,0.26488101264530534,-37.183606530199754,-0.9378779230015215,11.870345617577943,0.03812955912862169,0.05367051556902453
