,Annualized Return,Annualized Vol,Sharpe Ratio,Max Drawdown,Skewness,Kurtosis,Cornish-Fisher VaR (5%),Historic CVaR (5%)
Mean Return,15.700960748831982,15.528955921021723,0.55808564689493,-25.67287649829423,-0.6685165581677851,8.018099240262636,0.03405482003203156,0.047183093481444824
