,Annualized Return,Annualized Vol,Sharpe Ratio,Max Drawdown,Skewness,Kurtosis,Cornish-Fisher VaR (5%),Historic CVaR (5%)
Mean Return,13.771718874728567,14.348670296009283,0.48137926782349516,-30.917539150015994,-0.7478798345970732,6.8938530858369385,0.032767839374075125,0.046789758684959305
