,Annualized Return,Annualized Vol,Sharpe Ratio,Max Drawdown,Skewness,Kurtosis,Cornish-Fisher VaR (5%),Historic CVaR (5%)
Mean Return,15.496034181175201,14.306106982920861,0.5927666917024509,-28.983455423605832,-0.6411816035460076,7.986078941729904,0.03108683600309058,0.04431295593801108
