,Annualized Return,Annualized Vol,Sharpe Ratio,Max Drawdown,Skewness,Kurtosis,Cornish-Fisher VaR (5%),Historic CVaR (5%)
Mean Return,16.479976203176005,15.18558085879777,0.6248233592298199,-24.609135924583452,0.10112838544956859,5.50883934922628,0.030037701000001853,0.04133151262217825
