,Annualized Return,Annualized Vol,Sharpe Ratio,Max Drawdown,Skewness,Kurtosis,Cornish-Fisher VaR (5%),Historic CVaR (5%)
Mean Return,15.890942767198645,14.746760593870011,0.5986008832317504,-24.295082788903404,-1.5625374313828297,15.86700590021505,0.03337189802780388,0.04519160835098874
