,Annualized Return,Annualized Vol,Sharpe Ratio,Max Drawdown,Skewness,Kurtosis,Cornish-Fisher VaR (5%),Historic CVaR (5%)
Mean Return,15.005533982620411,12.940583385907555,0.6154577561414729,-28.65422496058878,-1.4249304929726503,11.66558063028955,0.030082960426451675,0.042813020751443026
