,Annualized Return,Annualized Vol,Sharpe Ratio,Max Drawdown,Skewness,Kurtosis,Cornish-Fisher VaR (5%),Historic CVaR (5%)
Mean Return,14.404654368230908,14.45058799108436,0.5151895005887193,-24.106792041220313,-1.0395354621572988,14.540491269541722,0.030972769287897477,0.04219550054753211
