,Annualized Return,Annualized Vol,Skewness,Kurtosis,Cornish-Fisher VaR (5%),Historic CVaR (5%),Sharpe Ratio,Max Drawdown
Mean Return,0.09573781758862543,0.14150756830180186,-0.3254660552078206,6.668152706799752,0.030594145706978156,0.04492827525657767,0.20665501796677688,-0.27700323687067585
