,Annualized Return,Annualized Vol,Sharpe Ratio,Max Drawdown,Skewness,Kurtosis,Cornish-Fisher VaR (5%),Historic CVaR (5%)
Mean Return,14.854131341473508,14.861922083268109,0.5299734140951127,-32.653407228389476,-0.9409857642738301,9.56098297488238,0.03341850780765146,0.0464528113026421
