,Annualized Return,Annualized Vol,Sharpe Ratio,Max Drawdown,Skewness,Kurtosis,Cornish-Fisher VaR (5%),Historic CVaR (5%)
Mean Return,10.887275064876789,15.154881088958849,0.2780656567438941,-33.36166904178231,-1.3928722004942498,10.965237124081195,0.036821920276220874,0.04992181640453935
