,Annualized Return,Annualized Vol,Sharpe Ratio,Max Drawdown,Skewness,Kurtosis,Cornish-Fisher VaR (5%),Historic CVaR (5%)
Mean Return,14.641205151491544,18.524097750764,0.4140163314489158,-30.9771928024439,-0.5217578761574049,11.27142145146727,0.03861958107354977,0.054647235271208607
