,Annualized Return,Annualized Vol,Sharpe Ratio,Max Drawdown,Skewness,Kurtosis,Cornish-Fisher VaR (5%),Historic CVaR (5%)
Mean Return,18.161737745794326,15.075941325624811,0.7261492652610848,-26.060348980976055,-0.5451538647204962,10.060084065825087,0.03106857173629545,0.04344200288178513
