,Annualized Return,Annualized Vol,Skewness,Kurtosis,Cornish-Fisher VaR (5%),Historic CVaR (5%),Sharpe Ratio,Max Drawdown
Mean Return,0.11202998953159793,0.13593945044770514,-0.6316684221785649,8.216192718963601,0.029988184546253016,0.04315217954750899,0.3278393362000646,-0.25793681973633137
