,Annualized Return,Annualized Vol,Sharpe Ratio,Max Drawdown,Skewness,Kurtosis,Cornish-Fisher VaR (5%),Historic CVaR (5%)
Mean Return,14.749300723265723,16.438056575394867,0.4734678670987888,-24.39213087655694,-0.26676955534819674,6.832076112934917,0.034469579031561094,0.049539522346086245
