,Annualized Return,Annualized Vol,Sharpe Ratio,Max Drawdown,Skewness,Kurtosis,Cornish-Fisher VaR (5%),Historic CVaR (5%)
Mean Return,14.24285751666805,14.835044283076506,0.4885172551738793,-27.792689011636412,-1.2445309253376469,15.22837604452342,0.032633960810600604,0.043449993967255844
