,Annualized Return,Annualized Vol,Sharpe Ratio,Max Drawdown,Skewness,Kurtosis,Cornish-Fisher VaR (5%),Historic CVaR (5%)
Mean Return,12.670099894470788,13.33528082241503,0.43766996388110596,-25.41869797140604,-0.63320945697168,7.906252339449214,0.029250790053685444,0.042156006662960224
