,Annualized Return,Annualized Vol,Sharpe Ratio,Max Drawdown,Skewness,Kurtosis,Cornish-Fisher VaR (5%),Historic CVaR (5%)
Mean Return,12.685690297726705,16.389684015467804,0.35681133174846064,-31.077458609953958,-0.9402187370582911,12.326550260177342,0.03618104821151217,0.05053837671085222
