,Annualized Return,Annualized Vol,Sharpe Ratio,Max Drawdown,Skewness,Kurtosis,Cornish-Fisher VaR (5%),Historic CVaR (5%)
Mean Return,10.53789064262407,14.36481653957469,0.2756252233963735,-27.808346198490902,-0.5728710750458353,6.34432183195366,0.03265750977566246,0.04566521586771242
