,Annualized Return,Annualized Vol,Sharpe Ratio,Max Drawdown,Skewness,Kurtosis,Cornish-Fisher VaR (5%),Historic CVaR (5%)
Mean Return,17.00592774183731,12.898727366529778,0.770710178589573,-23.3879697037279,-0.4699091621613942,5.846654113174605,0.02775557339402718,0.04074041466250273
