,Annualized Return,Annualized Vol,Sharpe Ratio,Max Drawdown,Skewness,Kurtosis,Cornish-Fisher VaR (5%),Historic CVaR (5%)
Mean Return,14.906422399716913,14.173547823882934,0.5575132085874286,-26.737248192491442,-0.9265445967830346,9.112906965829133,0.03184445309223921,0.04498144616086843
