,Annualized Return,Annualized Vol,Sharpe Ratio,Max Drawdown,Skewness,Kurtosis,Cornish-Fisher VaR (5%),Historic CVaR (5%)
Mean Return,12.172060167964926,14.678566870466794,0.3969098350802364,-29.49727118522662,-1.1028679253993146,13.956945593815943,0.033655179460265035,0.044486378348953415
