,Annualized Return,Annualized Vol,Sharpe Ratio,Max Drawdown,Skewness,Kurtosis,Cornish-Fisher VaR (5%),Historic CVaR (5%)
Mean Return,11.691517848660249,15.06101216262596,0.32510335469228246,-28.1524277400642,-1.442387815399845,16.687463108731215,0.03392852795500761,0.04550831468948413
