,Annualized Return,Annualized Vol,Sharpe Ratio,Max Drawdown,Skewness,Kurtosis,Cornish-Fisher VaR (5%),Historic CVaR (5%)
Mean Return,18.112897793173953,14.59919413571115,0.7490717668000102,-26.74112686120795,-0.7379156482536068,7.807314325931219,0.03190597568312718,0.046702762683672884
