,Annualized Return,Annualized Vol,Sharpe Ratio,Max Drawdown,Skewness,Kurtosis,Cornish-Fisher VaR (5%),Historic CVaR (5%)
Mean Return,13.083599313157723,14.938337153458884,0.4124146066038781,-27.947640614151304,-1.2338902417245696,14.891576845310723,0.03316452939559281,0.043704419799622925
