,Annualized Return,Annualized Vol,Sharpe Ratio,Max Drawdown,Skewness,Kurtosis,Cornish-Fisher VaR (5%),Historic CVaR (5%)
Mean Return,11.134916343292733,16.19812048501555,0.27002132241060994,-32.07304395278466,-0.9698379796654776,13.821925431468204,0.035492154718502304,0.05032761548019185
