,Annualized Return,Annualized Vol,Sharpe Ratio,Max Drawdown,Skewness,Kurtosis,Cornish-Fisher VaR (5%),Historic CVaR (5%)
Mean Return,12.319612897115961,14.648845802149433,0.37668873705108025,-21.33347294634079,-0.21317017919314482,7.661193628499024,0.0302176680827883,0.04538505426748448
