,Annualized Return,Annualized Vol,Sharpe Ratio,Max Drawdown,Skewness,Kurtosis,Cornish-Fisher VaR (5%),Historic CVaR (5%)
Mean Return,17.494049352933217,13.767116428989759,0.7542292369160718,-24.975040741689106,-0.5432798592014069,9.640425067125282,0.02834903261157297,0.04023715504505911
