,Annualized Return,Annualized Vol,Sharpe Ratio,Max Drawdown,Skewness,Kurtosis,Cornish-Fisher VaR (5%),Historic CVaR (5%)
Mean Return,13.723457666265482,14.877597219826546,0.45636267429965255,-25.634489721583755,-1.5072644525235706,16.200467657002388,0.03365656784553771,0.0439941032053221
