,Annualized Return,Annualized Vol,Sharpe Ratio,Max Drawdown,Skewness,Kurtosis,Cornish-Fisher VaR (5%),Historic CVaR (5%)
Mean Return,14.02211243836533,16.49620854576999,0.42858609100966505,-34.18536049714353,-1.0377244239838537,9.667766110277187,0.03798685295701155,0.05334975205100279
