,Annualized Return,Annualized Vol,Sharpe Ratio,Max Drawdown,Skewness,Kurtosis,Cornish-Fisher VaR (5%),Historic CVaR (5%)
Mean Return,17.345842353111564,14.741238678200633,0.6938939526352021,-24.920408716838992,-0.529109335666388,10.088162126641638,0.030321521235395617,0.043001278160403715
