,Annualized Return,Annualized Vol,Sharpe Ratio,Max Drawdown,Skewness,Kurtosis,Cornish-Fisher VaR (5%),Historic CVaR (5%)
Mean Return,13.290575824361795,16.85083309030114,0.3821962782962764,-27.47538668078164,-0.777146194013861,7.140283952528037,0.038637089621816,0.0566556116208205
