,Annualized Return,Annualized Vol,Sharpe Ratio,Max Drawdown,Skewness,Kurtosis,Cornish-Fisher VaR (5%),Historic CVaR (5%)
Mean Return,15.725705174524961,13.003248158832106,0.6643138227945546,-28.305339143649448,-1.5893904295980519,13.012350197246226,0.030303032423493307,0.04194939048138426
