,Annualized Return,Annualized Vol,Sharpe Ratio,Max Drawdown,Skewness,Kurtosis,Cornish-Fisher VaR (5%),Historic CVaR (5%)
Mean Return,16.37527437883035,14.029387534494914,0.6700810051364869,-26.413300354030582,-0.40728071816170647,6.117050724196223,0.030089813842711026,0.04389281320578264
