,Annualized Return,Annualized Vol,Sharpe Ratio,Max Drawdown,Skewness,Kurtosis,Cornish-Fisher VaR (5%),Historic CVaR (5%)
Mean Return,19.418837083310404,15.738083306908221,0.8045666215642964,-25.769650617983213,-0.7420233320060347,14.396341449369457,0.032700773708548535,0.04235187047826142
