,Annualized Return,Annualized Vol,Sharpe Ratio,Max Drawdown,Skewness,Kurtosis,Cornish-Fisher VaR (5%),Historic CVaR (5%)
Mean Return,13.256191812210183,16.906320287768054,0.37750576409586195,-26.20091577599529,-0.38766666814183154,7.03440453410503,0.03644048256952609,0.05206854964249084
