,Annualized Return,Annualized Vol,Sharpe Ratio,Max Drawdown,Skewness,Kurtosis,Cornish-Fisher VaR (5%),Historic CVaR (5%)
Mean Return,12.912119015204837,15.03440659575411,0.43327839105045585,-33.50370466480523,-0.9446012573612947,10.86753313360685,0.03489893309544851,0.04852024603603019
