,Annualized Return,Annualized Vol,Sharpe Ratio,Max Drawdown,Skewness,Kurtosis,Cornish-Fisher VaR (5%),Historic CVaR (5%)
Mean Return,12.28584682842917,13.700282906927145,0.4091422811284173,-23.40405977112288,-0.4796624333520501,6.070072670834533,0.030388061388318538,0.04304063371837528
