,Annualized Return,Annualized Vol,Sharpe Ratio,Max Drawdown,Skewness,Kurtosis,Cornish-Fisher VaR (5%),Historic CVaR (5%)
Mean Return,8.699990953665647,14.895777941500468,0.13684621908198694,-32.34104248042626,-0.7677791196887499,8.870145783635634,0.033956772081080264,0.0501780854442452
