,Annualized Return,Annualized Vol,Sharpe Ratio,Max Drawdown,Skewness,Kurtosis,Cornish-Fisher VaR (5%),Historic CVaR (5%)
Mean Return,15.200762388949185,13.880440337187064,0.5927890761313337,-22.94521160934337,-0.9635059042515476,9.458182918510667,0.03111562418540123,0.0456245989705106
