,Annualized Return,Annualized Vol,Sharpe Ratio,Max Drawdown,Skewness,Kurtosis,Cornish-Fisher VaR (5%),Historic CVaR (5%)
Mean Return,13.885403238585825,16.95030217022187,0.41296267344307763,-27.995851393532824,-0.782572895387384,7.151008976764616,0.03880337998113884,0.0568040830143179
