,Annualized Return,Annualized Vol,Sharpe Ratio,Max Drawdown,Skewness,Kurtosis,Cornish-Fisher VaR (5%),Historic CVaR (5%)
Mean Return,22.048354447501552,15.593244529089137,0.939602854034555,-28.958797548363364,-0.016333786058343777,8.16815362749726,0.029282305531057443,0.04232072434329411
