,Annualized Return,Annualized Vol,Sharpe Ratio,Max Drawdown,Skewness,Kurtosis,Cornish-Fisher VaR (5%),Historic CVaR (5%)
Mean Return,13.419754676048544,17.349381105420804,0.37821073768590674,-32.51347035207003,-0.8457694570103301,7.465099977474159,0.0400818761741206,0.05865262782967249
