,Annualized Return,Annualized Vol,Sharpe Ratio,Max Drawdown,Skewness,Kurtosis,Cornish-Fisher VaR (5%),Historic CVaR (5%)
Mean Return,13.031052965150725,14.44430675398414,0.42978231824953134,-30.79034324330925,-0.8113581941062988,7.479723304672002,0.03321924312706445,0.045877532522964996
