,Annualized Return,Annualized Vol,Sharpe Ratio,Max Drawdown,Skewness,Kurtosis,Cornish-Fisher VaR (5%),Historic CVaR (5%)
Mean Return,10.883774727180317,18.12328426985617,0.22903739610186105,-25.769506727486537,0.281478446767949,6.476614638429338,0.03517033748395461,0.05319884308491994
