,Annualized Return,Annualized Vol,Sharpe Ratio,Max Drawdown,Skewness,Kurtosis,Cornish-Fisher VaR (5%),Historic CVaR (5%)
Mean Return,20.4624693751011,15.774571550830052,0.8363101091692445,-29.342047671287364,-0.24610723069292625,8.667368068959739,0.03142037726897997,0.046595910844851866
