,Annualized Return,Annualized Vol,Sharpe Ratio,Max Drawdown,Skewness,Kurtosis,Cornish-Fisher VaR (5%),Historic CVaR (5%)
Mean Return,17.6061071978199,16.306196514185938,0.6422906505099092,-24.39213087655694,-0.2786560511687785,7.464981175845447,0.033475966891094805,0.048625563120912325
