,Annualized Return,Annualized Vol,Sharpe Ratio,Max Drawdown,Skewness,Kurtosis,Cornish-Fisher VaR (5%),Historic CVaR (5%)
Mean Return,11.909548680846171,15.838481404096319,0.3188359532054401,-35.15677120910984,-1.3101911812147957,11.849634913483609,0.03722561110744232,0.049729440258457915
