,Annualized Return,Annualized Vol,Sharpe Ratio,Max Drawdown,Skewness,Kurtosis,Cornish-Fisher VaR (5%),Historic CVaR (5%)
Mean Return,16.58338975361002,16.13753050803512,0.6133930835460714,-30.537198850948432,-1.0647524190740807,11.878840678491862,0.036814581484611315,0.049380970539610144
