,Annualized Return,Annualized Vol,Skewness,Kurtosis,Cornish-Fisher VaR (5%),Historic CVaR (5%),Sharpe Ratio,Max Drawdown
Mean Return,0.17854660414899937,0.13238663456205765,-0.7824151632426531,7.21202643628887,0.029398542454333973,0.042271015049279013,0.8135806906309508,-0.25341703230635493
