,Annualized Return,Annualized Vol,Sharpe Ratio,Max Drawdown,Skewness,Kurtosis,Cornish-Fisher VaR (5%),Historic CVaR (5%)
Mean Return,13.41029791345596,16.25233008412176,0.4007026546284979,-30.29873308373953,-0.7748424901575334,11.504320050590358,0.0351784853612703,0.04914452291309884
