,Annualized Return,Annualized Vol,Sharpe Ratio,Max Drawdown,Skewness,Kurtosis,Cornish-Fisher VaR (5%),Historic CVaR (5%)
Mean Return,10.619859243786788,12.804704752390657,0.30239873644957743,-29.817574088516334,-1.2593823280762322,10.782141697311479,0.030102258334696846,0.04040300928878538
