,Annualized Return,Annualized Vol,Sharpe Ratio,Max Drawdown,Skewness,Kurtosis,Cornish-Fisher VaR (5%),Historic CVaR (5%)
Mean Return,15.710318027759973,14.928813511723446,0.5775587363071482,-25.259748706723332,-1.1767138476225414,13.49151270254714,0.032996608317075425,0.044979104231178776
