,Annualized Return,Annualized Vol,Sharpe Ratio,Max Drawdown,Skewness,Kurtosis,Cornish-Fisher VaR (5%),Historic CVaR (5%)
Mean Return,17.510421654721075,15.242288035518618,0.6779491691933284,-24.788100830270885,-1.4377566348643827,15.867029741913337,0.03372527157630544,0.04482550359752394
