,Annualized Return,Annualized Vol,Sharpe Ratio,Max Drawdown,Skewness,Kurtosis,Cornish-Fisher VaR (5%),Historic CVaR (5%)
Mean Return,17.61498498229983,13.935599859062744,0.7532709411800678,-25.466517619998996,-0.6046379218353145,9.603272123412495,0.029037520255129498,0.040958016949775834
