,Annualized Return,Annualized Vol,Sharpe Ratio,Max Drawdown,Skewness,Kurtosis,Cornish-Fisher VaR (5%),Historic CVaR (5%)
Mean Return,14.877477329156807,14.429118783791516,0.5749300052044478,-26.57480286736415,-1.0250753100595331,9.51954141254457,0.03368637325502055,0.047021026792304965
