,Annualized Return,Annualized Vol,Sharpe Ratio,Max Drawdown,Skewness,Kurtosis,Cornish-Fisher VaR (5%),Historic CVaR (5%)
Mean Return,14.748016755055215,15.338677651772379,0.5078889743471636,-25.97812042839156,-0.5510497912105937,8.131457098619675,0.033054445511206086,0.04586292506368392
