,Annualized Return,Annualized Vol,Sharpe Ratio,Max Drawdown,Skewness,Kurtosis,Cornish-Fisher VaR (5%),Historic CVaR (5%)
Mean Return,14.419361007369513,14.927980127947023,0.5018435924581792,-29.005746998460342,-0.8724029210805327,11.06883209810266,0.03265763756727201,0.045396906165631856
