,Annualized Return,Annualized Vol,Sharpe Ratio,Max Drawdown,Skewness,Kurtosis,Cornish-Fisher VaR (5%),Historic CVaR (5%)
Mean Return,13.298825122249646,16.535658085693083,0.38644155097645266,-29.040684715352793,-0.4375216932104444,7.0863315423603686,0.03587494522042791,0.04945926967112574
