,Annualized Return,Annualized Vol,Sharpe Ratio,Max Drawdown,Skewness,Kurtosis,Cornish-Fisher VaR (5%),Historic CVaR (5%)
Mean Return,15.70860194946535,14.730672470228537,0.5876177382139047,-25.249848726227995,-1.267361809589637,14.946652698976967,0.0323615581909616,0.044108722544131014
