,Annualized Return,Annualized Vol,Sharpe Ratio,Max Drawdown,Skewness,Kurtosis,Cornish-Fisher VaR (5%),Historic CVaR (5%)
Mean Return,11.232791056304702,15.916586240298905,0.27855852475196724,-35.78487442000438,-0.6100250472163706,7.980533089223141,0.035429960719252244,0.04911160463862293
