,Annualized Return,Annualized Vol,Sharpe Ratio,Max Drawdown,Skewness,Kurtosis,Cornish-Fisher VaR (5%),Historic CVaR (5%)
Mean Return,7.3645001600020965,19.787095122838057,0.04250275108026109,-34.81739674760443,0.38725881753295927,8.670817833454695,0.03710168912460121,0.0610238443551987
