,Annualized Return,Annualized Vol,Sharpe Ratio,Max Drawdown,Skewness,Kurtosis,Cornish-Fisher VaR (5%),Historic CVaR (5%)
Mean Return,15.18655988729467,14.11925365797518,0.5783123900018757,-24.067142103694124,-0.7230220066711186,6.487108007272615,0.03169691657012713,0.04617934116507729
