,Annualized Return,Annualized Vol,Sharpe Ratio,Max Drawdown,Skewness,Kurtosis,Cornish-Fisher VaR (5%),Historic CVaR (5%)
Mean Return,14.051667204851448,13.037147129156706,0.5444841443401063,-25.38326070070282,-1.218715667636442,10.60830975313955,0.02998174812216356,0.04252688183729872
