,Annualized Return,Annualized Vol,Sharpe Ratio,Max Drawdown,Skewness,Kurtosis,Cornish-Fisher VaR (5%),Historic CVaR (5%)
Mean Return,21.833610172261043,16.012483659055643,0.8979614074315948,-24.44860056913614,-0.6424597169583998,10.840697613293752,0.0328141510720853,0.04391088662344028
