,Annualized Return,Annualized Vol,Sharpe Ratio,Max Drawdown,Skewness,Kurtosis,Cornish-Fisher VaR (5%),Historic CVaR (5%)
Mean Return,15.489479091787484,15.603966244816398,0.539462715929586,-33.504735154928554,-1.5192733757199293,17.17298087085662,0.03476702760632924,0.04736705522104614
