,Annualized Return,Annualized Vol,Sharpe Ratio,Max Drawdown,Skewness,Kurtosis,Cornish-Fisher VaR (5%),Historic CVaR (5%)
Mean Return,16.05527205138293,14.226416659766622,0.6425000431872493,-25.910042652528233,-0.24805744617450906,5.241930300828356,0.030081298020916806,0.041225372031362006
