,Annualized Return,Annualized Vol,Sharpe Ratio,Max Drawdown,Skewness,Kurtosis,Cornish-Fisher VaR (5%),Historic CVaR (5%)
Mean Return,13.017652308118311,15.885283975268779,0.3921649585412719,-31.62682191703423,-0.278729456960446,6.173947747504495,0.03420386432408449,0.04877245357460498
