,Annualized Return,Annualized Vol,Sharpe Ratio,Max Drawdown,Skewness,Kurtosis,Cornish-Fisher VaR (5%),Historic CVaR (5%)
Mean Return,13.484766860865061,14.411567525013014,0.45656538201540736,-25.085589353834266,-1.2605658150073364,14.907585663680171,0.03195379591741152,0.04266405041401919
