,Annualized Return,Annualized Vol,Sharpe Ratio,Max Drawdown,Skewness,Kurtosis,Cornish-Fisher VaR (5%),Historic CVaR (5%)
Mean Return,16.037178051758218,14.927600982515735,0.6025526709408582,-25.96246436541094,-0.7769675278707314,9.115150032745106,0.032700709925243876,0.04575013499564706
