,Annualized Return,Annualized Vol,Sharpe Ratio,Max Drawdown,Skewness,Kurtosis,Cornish-Fisher VaR (5%),Historic CVaR (5%)
Mean Return,11.109744154464263,15.409220942718314,0.2811441899467681,-29.49938767854794,-0.8630173561505649,12.33593730457411,0.033757248948649836,0.04804278305111995
