,Annualized Return,Annualized Vol,Sharpe Ratio,Max Drawdown,Skewness,Kurtosis,Cornish-Fisher VaR (5%),Historic CVaR (5%)
Mean Return,11.327478332070218,15.519141447681317,0.2923397139168033,-27.55892495364991,-1.4239539857834227,15.583044117851887,0.03547266839498122,0.04598590947549705
