,Annualized Return,Annualized Vol,Sharpe Ratio,Max Drawdown,Skewness,Kurtosis,Cornish-Fisher VaR (5%),Historic CVaR (5%)
Mean Return,16.38513238586141,14.81608991144795,0.6372811343295482,-29.473612420364425,-0.25570900847706973,5.680848545852072,0.031235231217800932,0.043932054439157896
