,Annualized Return,Annualized Vol,Sharpe Ratio,Max Drawdown,Skewness,Kurtosis,Cornish-Fisher VaR (5%),Historic CVaR (5%)
Mean Return,17.302126877890366,13.835271789027034,0.7313638939206412,-28.2609733421261,-1.0087759105835146,10.290161193634415,0.03058355862676959,0.043214655888243594
