,Annualized Return,Annualized Vol,Sharpe Ratio,Max Drawdown,Skewness,Kurtosis,Cornish-Fisher VaR (5%),Historic CVaR (5%)
Mean Return,14.83670602089655,14.69916069358447,0.5310679725639961,-28.04731907442703,-1.1805072858427301,15.044474471386954,0.031979519751833156,0.04444789403388862
