,Annualized Return,Annualized Vol,Sharpe Ratio,Max Drawdown,Skewness,Kurtosis,Cornish-Fisher VaR (5%),Historic CVaR (5%)
Mean Return,15.169844999313419,14.08148588335916,0.5804419802939267,-27.249574643137947,-0.538051767996303,7.068086836669034,0.03044718343162483,0.043215838646180074
