,Annualized Return,Annualized Vol,Sharpe Ratio,Max Drawdown,Skewness,Kurtosis,Cornish-Fisher VaR (5%),Historic CVaR (5%)
Mean Return,12.555713751264319,12.491921677285475,0.49475975585245957,-27.589944272947164,-1.7502936869306764,15.913840605599525,0.030227500427304557,0.04244092850162145
