,Annualized Return,Annualized Vol,Sharpe Ratio,Max Drawdown,Skewness,Kurtosis,Cornish-Fisher VaR (5%),Historic CVaR (5%)
Mean Return,14.5886293273384,14.30614057122538,0.5357831992108237,-27.43514842813682,-0.6769392748038855,7.860147511265159,0.03144955279445731,0.04671315499456423
