,Annualized Return,Annualized Vol,Sharpe Ratio,Max Drawdown,Skewness,Kurtosis,Cornish-Fisher VaR (5%),Historic CVaR (5%)
Mean Return,12.781925223944235,13.514071113329512,0.44934866893177655,-20.138671333565487,-0.42849879546077724,5.919895827138819,0.029658280386418358,0.04230573337703511
