,Annualized Return,Annualized Vol,Sharpe Ratio,Max Drawdown,Skewness,Kurtosis,Cornish-Fisher VaR (5%),Historic CVaR (5%)
Mean Return,13.156116345566682,14.571534205184491,0.4591369512240693,-26.57480286736415,-0.9976202603346397,8.769893685102389,0.034523785595020756,0.04794258647046719
