,Annualized Return,Annualized Vol,Sharpe Ratio,Max Drawdown,Skewness,Kurtosis,Cornish-Fisher VaR (5%),Historic CVaR (5%)
Mean Return,16.662732089450284,14.79823604772993,0.6558231477266452,-29.473612420364425,-0.2696009560467333,5.749584533452964,0.03119614385108868,0.043932054439157896
