,Annualized Return,Annualized Vol,Sharpe Ratio,Max Drawdown,Skewness,Kurtosis,Cornish-Fisher VaR (5%),Historic CVaR (5%)
Mean Return,16.01955962797299,15.69685261860342,0.569122618238448,-33.469354143244374,-0.9526924863287217,10.538095995085774,0.03488128326458207,0.04833332493242704
