,Annualized Return,Annualized Vol,Sharpe Ratio,Max Drawdown,Skewness,Kurtosis,Cornish-Fisher VaR (5%),Historic CVaR (5%)
Mean Return,20.678150624098436,16.067194409111515,0.8272335669586002,-24.44860056913614,-0.6520823541999413,10.97449794432431,0.03311593318222874,0.04466769513185432
