,Annualized Return,Annualized Vol,Sharpe Ratio,Max Drawdown,Skewness,Kurtosis,Cornish-Fisher VaR (5%),Historic CVaR (5%)
Mean Return,15.2044545771308,12.807097984173735,0.6388958824911515,-21.269525254927032,-0.6408065130381732,8.104093612541375,0.0275537561922223,0.03947228153632119
