,Annualized Return,Annualized Vol,Sharpe Ratio,Max Drawdown,Skewness,Kurtosis,Cornish-Fisher VaR (5%),Historic CVaR (5%)
Mean Return,13.433630032845034,13.63219474221965,0.4769333943683874,-26.820154681370955,-0.43305897960531936,7.3056568210349315,0.029075648657794058,0.04247405166107349
