,Annualized Return,Annualized Vol,Sharpe Ratio,Max Drawdown,Skewness,Kurtosis,Cornish-Fisher VaR (5%),Historic CVaR (5%)
Mean Return,11.947330681646617,14.778488059291819,0.3791252770235544,-27.90895354638537,-1.326015414925708,14.217628971830134,0.034965779115196924,0.04619517992957176
