,Annualized Return,Annualized Vol,Sharpe Ratio,Max Drawdown,Skewness,Kurtosis,Cornish-Fisher VaR (5%),Historic CVaR (5%)
Mean Return,13.469567402150705,13.202632594878224,0.49358389053598245,-23.72056127137534,-0.6071540717329295,7.795943053068682,0.02874731048899773,0.03981598436728666
