,Annualized Return,Annualized Vol,Sharpe Ratio,Max Drawdown,Skewness,Kurtosis,Cornish-Fisher VaR (5%),Historic CVaR (5%)
Mean Return,12.612570315061621,15.077849171200574,0.37996373163090413,-32.786540825659955,-1.223887382130315,11.640130663831016,0.03488448565386199,0.04697292103332174
