,Annualized Return,Annualized Vol,Sharpe Ratio,Max Drawdown,Skewness,Kurtosis,Cornish-Fisher VaR (5%),Historic CVaR (5%)
Mean Return,13.170211825880806,19.701070669304478,0.31905936671779894,-36.94000519677009,-0.15208700939436964,12.567200862601728,0.03801707142762664,0.0599881024828679
