,Annualized Return,Annualized Vol,Sharpe Ratio,Max Drawdown,Skewness,Kurtosis,Cornish-Fisher VaR (5%),Historic CVaR (5%)
Mean Return,17.907970362150728,14.765800155479056,0.7241131969233017,-26.0268794467365,-1.002674978299554,14.599466454333637,0.030927591843505305,0.0424654961313363
