,Annualized Return,Annualized Vol,Sharpe Ratio,Max Drawdown,Skewness,Kurtosis,Cornish-Fisher VaR (5%),Historic CVaR (5%)
Mean Return,22.859681265122877,13.201805693785676,1.1743314674257679,-24.263833041283437,-0.5014150406836528,6.556078179938828,0.027382636613228345,0.038277106745604014
