,Annualized Return,Annualized Vol,Sharpe Ratio,Max Drawdown,Skewness,Kurtosis,Cornish-Fisher VaR (5%),Historic CVaR (5%)
Mean Return,15.152013745520065,14.563883712255965,0.5879677405571485,-26.355715772917982,-1.0127642329490556,8.2174452713579,0.0344622488161484,0.04766733017717852
