,Annualized Return,Annualized Vol,Sharpe Ratio,Max Drawdown,Skewness,Kurtosis,Cornish-Fisher VaR (5%),Historic CVaR (5%)
Mean Return,15.806019791665026,15.18680530662648,0.5791546387193081,-26.84431366322764,-0.5218014244663411,8.734325091956542,0.03212034125996045,0.04649324211375171
