,Annualized Return,Annualized Vol,Sharpe Ratio,Max Drawdown,Skewness,Kurtosis,Cornish-Fisher VaR (5%),Historic CVaR (5%)
Mean Return,17.96677202350354,17.316317878617713,0.6235654943971332,-33.61255012510308,-0.3840146031995606,5.809043176349688,0.037155637780797064,0.05208849142954255
