,Annualized Return,Annualized Vol,Sharpe Ratio,Max Drawdown,Skewness,Kurtosis,Cornish-Fisher VaR (5%),Historic CVaR (5%)
Mean Return,15.011577433528277,13.872917408845275,0.5784228185527043,-24.2954281254995,-1.3509902650507006,14.155908395419392,0.03112135963832739,0.042856988858459406
