,Annualized Return,Annualized Vol,Sharpe Ratio,Max Drawdown,Skewness,Kurtosis,Cornish-Fisher VaR (5%),Historic CVaR (5%)
Mean Return,17.704652228915997,14.685078055203174,0.7172411429293312,-24.393656942741,-0.22750524322954935,5.638338736681272,0.030318177232327048,0.04297694478323294
