,Annualized Return,Annualized Vol,Sharpe Ratio,Max Drawdown,Skewness,Kurtosis,Cornish-Fisher VaR (5%),Historic CVaR (5%)
Mean Return,14.929406294760096,13.282711655249724,0.6074230004589679,-21.62976626248295,-0.46808316816208484,7.204057151420935,0.028460245315683096,0.041159014326848126
