,Annualized Return,Annualized Vol,Sharpe Ratio,Max Drawdown,Skewness,Kurtosis,Cornish-Fisher VaR (5%),Historic CVaR (5%)
Mean Return,15.390719524793429,16.429907499665592,0.5096164546645836,-31.32906197943087,-0.8386302075904244,12.048974235250023,0.035375254160184305,0.049523946902452425
