,Annualized Return,Annualized Vol,Sharpe Ratio,Max Drawdown,Skewness,Kurtosis,Cornish-Fisher VaR (5%),Historic CVaR (5%)
Mean Return,16.4031981485957,14.600688737697334,0.6668010233773477,-26.355715772917982,-1.1417392138311093,8.986196563050505,0.03466281650950684,0.04850605502169919
