,Annualized Return,Annualized Vol,Sharpe Ratio,Max Drawdown,Skewness,Kurtosis,Cornish-Fisher VaR (5%),Historic CVaR (5%)
Mean Return,15.788311567034086,15.385452520226298,0.5674758536738841,-32.990222841472885,0.007255571448031302,9.624876297266342,0.02910559688670983,0.04109814582458942
