,Annualized Return,Annualized Vol,Sharpe Ratio,Max Drawdown,Skewness,Kurtosis,Cornish-Fisher VaR (5%),Historic CVaR (5%)
Mean Return,15.572941761360614,14.220114512896643,0.6024085301471434,-22.83175410658432,-0.31008189398129476,8.497666046053537,0.02890947083415133,0.04314039243997979
