,Annualized Return,Annualized Vol,Sharpe Ratio,Max Drawdown,Skewness,Kurtosis,Cornish-Fisher VaR (5%),Historic CVaR (5%)
Mean Return,20.919957810014612,13.83878452888878,0.9807892963175064,-18.285251060336872,-0.2891991644540072,6.095664106087618,0.02802473385290263,0.040518836314785374
