,Annualized Return,Annualized Vol,Skewness,Kurtosis,Cornish-Fisher VaR (5%),Historic CVaR (5%),Sharpe Ratio,Max Drawdown
Mean Return,0.12113795146885487,0.15993000866779883,-0.7361867242672467,11.122968378361884,0.03474648204835129,0.04953701325857116,0.33219153056408923,-0.29975475814631775
