,Annualized Return,Annualized Vol,Sharpe Ratio,Max Drawdown,Skewness,Kurtosis,Cornish-Fisher VaR (5%),Historic CVaR (5%)
Mean Return,12.40283161888529,16.291932754400047,0.3396443110865295,-34.90606059573975,-0.9231035392562723,9.55738949927502,0.037192056751647204,0.05001033088780601
