,Annualized Return,Annualized Vol,Sharpe Ratio,Max Drawdown,Skewness,Kurtosis,Cornish-Fisher VaR (5%),Historic CVaR (5%)
Mean Return,14.29610779763335,12.746367565098774,0.5725253556376486,-28.684017841057276,-1.5089695274831303,12.133961275903065,0.029885409174612965,0.04269691409893968
