,Annualized Return,Annualized Vol,Sharpe Ratio,Max Drawdown,Skewness,Kurtosis,Cornish-Fisher VaR (5%),Historic CVaR (5%)
Mean Return,12.781795304220234,15.074960900193776,0.4242870423822739,-33.50370466480523,-0.9461951724341534,10.86578691828399,0.035029944035912045,0.04852024603603019
