,Annualized Return,Annualized Vol,Sharpe Ratio,Max Drawdown,Skewness,Kurtosis,Cornish-Fisher VaR (5%),Historic CVaR (5%)
Mean Return,15.477148476640878,13.714615415765108,0.6141682764689466,-29.439794303410967,-0.6408387170924539,8.256346126810515,0.029599928464318373,0.04367616466231441
