,Annualized Return,Annualized Vol,Sharpe Ratio,Max Drawdown,Skewness,Kurtosis,Cornish-Fisher VaR (5%),Historic CVaR (5%)
Mean Return,11.892544001145765,12.547420849463212,0.40396329594688307,-19.7387050503886,-0.5360821511934988,5.637396016072028,0.027895755907021227,0.04108228111892622
