,Annualized Return,Annualized Vol,Sharpe Ratio,Max Drawdown,Skewness,Kurtosis,Cornish-Fisher VaR (5%),Historic CVaR (5%)
Mean Return,6.068034582210768,15.54826167717112,-0.028295959062938573,-29.528589659079458,-0.7122046319945345,7.817681607886882,0.03611881811850665,0.052789845069801236
