,Annualized Return,Annualized Vol,Sharpe Ratio,Max Drawdown,Skewness,Kurtosis,Cornish-Fisher VaR (5%),Historic CVaR (5%)
Mean Return,20.752537100388757,14.336975385432273,0.9369448675420774,-18.507614030060275,-0.3781125393494354,5.747927402061819,0.029794630616518845,0.04436442241816993
