,Annualized Return,Annualized Vol,Sharpe Ratio,Max Drawdown,Skewness,Kurtosis,Cornish-Fisher VaR (5%),Historic CVaR (5%)
Mean Return,13.37019027650026,13.377638319807103,0.4933839106986226,-22.426154671343397,-0.5257133539621558,6.568640590961587,0.02947708900102184,0.04197513177090259
