,Annualized Return,Annualized Vol,Sharpe Ratio,Max Drawdown,Skewness,Kurtosis,Cornish-Fisher VaR (5%),Historic CVaR (5%)
Mean Return,16.109088606925013,13.169093949716826,0.6896980301452785,-21.59499318371129,-0.7125540045464916,8.43366006496523,0.028457622407073356,0.04196111636039027
