,Annualized Return,Annualized Vol,Skewness,Kurtosis,Cornish-Fisher VaR (5%),Historic CVaR (5%),Sharpe Ratio,Max Drawdown
Mean Return,0.08211509668809147,0.17221017299365277,-0.7092494436214231,11.663065520319082,0.037824883040931345,0.05365473273064973,0.09537486874357984,-0.3283637795384725
