,Annualized Return,Annualized Vol,Sharpe Ratio,Max Drawdown,Skewness,Kurtosis,Cornish-Fisher VaR (5%),Historic CVaR (5%)
Mean Return,19.943868626167127,12.59710507879889,1.0084221178391861,-23.02648677136666,-0.8895427802486991,7.010163614082992,0.02775267435615153,0.041694545250991415
