,Annualized Return,Annualized Vol,Sharpe Ratio,Max Drawdown,Skewness,Kurtosis,Cornish-Fisher VaR (5%),Historic CVaR (5%)
Mean Return,13.742295497185108,17.620209909641066,0.38713055457985635,-30.9771928024439,-0.4843732114556566,11.560978167832157,0.036399139475874004,0.051642941579062344
