,Annualized Return,Annualized Vol,Sharpe Ratio,Max Drawdown,Skewness,Kurtosis,Cornish-Fisher VaR (5%),Historic CVaR (5%)
Mean Return,13.377698156008222,13.021691817500741,0.4952633282173476,-27.190243514299965,-0.8427910850032868,9.17256645066183,0.028925519287073563,0.04190849550087817
