,Annualized Return,Annualized Vol,Sharpe Ratio,Max Drawdown,Skewness,Kurtosis,Cornish-Fisher VaR (5%),Historic CVaR (5%)
Mean Return,18.412086370271517,15.506878109309003,0.7200557395888249,-27.311960803538465,-0.4943979264149124,12.295695027735098,0.03074904102147276,0.04311515979572345
