,Annualized Return,Annualized Vol,Sharpe Ratio,Max Drawdown,Skewness,Kurtosis,Cornish-Fisher VaR (5%),Historic CVaR (5%)
Mean Return,13.877864181527988,14.963219583185142,0.4634535276553706,-26.29178837105659,-1.0491509159421157,8.636369481400019,0.0347616136127552,0.04878474408371675
