,Annualized Return,Annualized Vol,Sharpe Ratio,Max Drawdown,Skewness,Kurtosis,Cornish-Fisher VaR (5%),Historic CVaR (5%)
Mean Return,13.892717294107658,15.197196958196166,0.4563772019562836,-33.469354143244345,-0.9518594721172536,10.630469495767818,0.03400324393979413,0.04680848314399056
