,Annualized Return,Annualized Vol,Sharpe Ratio,Max Drawdown,Skewness,Kurtosis,Cornish-Fisher VaR (5%),Historic CVaR (5%)
Mean Return,15.32772866333958,15.277296519421627,0.5442040063577506,-28.825167814757584,-0.9305687664981253,11.891713866077614,0.033282899726447455,0.04595572270057852
