,Annualized Return,Annualized Vol,Skewness,Kurtosis,Cornish-Fisher VaR (5%),Historic CVaR (5%),Sharpe Ratio,Max Drawdown
Mean Return,0.1688320183837515,0.14455462143489256,-0.42729802714263054,5.7247098139565455,0.03097545773033221,0.04456975455285021,0.6765277438575441,-0.2325401749148332
