,Annualized Return,Annualized Vol,Sharpe Ratio,Max Drawdown,Skewness,Kurtosis,Cornish-Fisher VaR (5%),Historic CVaR (5%)
Mean Return,16.781910137563205,15.212490018982255,0.6333270171144804,-31.216200180934546,-1.32147030361847,17.607791648344275,0.03247283154849439,0.044678892249579764
