,Annualized Return,Annualized Vol,Sharpe Ratio,Max Drawdown,Skewness,Kurtosis,Cornish-Fisher VaR (5%),Historic CVaR (5%)
Mean Return,10.124141830198363,12.97750067477373,0.26245859305600533,-28.934015126489438,-1.2166922676870267,10.859178267073014,0.030408716813878564,0.040614870560800154
