,Annualized Return,Annualized Vol,Sharpe Ratio,Max Drawdown,Skewness,Kurtosis,Cornish-Fisher VaR (5%),Historic CVaR (5%)
Mean Return,15.954294047946838,15.432605304989282,0.5770072850892115,-24.316110316301824,-0.6920753823182804,8.2142787790776,0.03383078789457764,0.04746248329173809
