,Annualized Return,Annualized Vol,Sharpe Ratio,Max Drawdown,Skewness,Kurtosis,Cornish-Fisher VaR (5%),Historic CVaR (5%)
Mean Return,14.336198346057326,14.363016635509412,0.5203488504733291,-28.63196855085986,-1.0445616951732777,9.157008657158107,0.03327449133643428,0.0464342203411698
