,Annualized Return,Annualized Vol,Sharpe Ratio,Max Drawdown,Skewness,Kurtosis,Cornish-Fisher VaR (5%),Historic CVaR (5%)
Mean Return,17.719634700486896,13.876945237239946,0.7600344869683388,-23.534869039853508,-0.9712799550208808,8.77337089250407,0.031009840328182593,0.04420751591147938
