,Annualized Return,Annualized Vol,Sharpe Ratio,Max Drawdown,Skewness,Kurtosis,Cornish-Fisher VaR (5%),Historic CVaR (5%)
Mean Return,12.525478022072578,16.669446597937533,0.3420269313791732,-34.163316863972675,-0.7164217738441206,11.064900020095612,0.03615307306400085,0.052844079995983
