,Annualized Return,Annualized Vol,Sharpe Ratio,Max Drawdown,Skewness,Kurtosis,Cornish-Fisher VaR (5%),Historic CVaR (5%)
Mean Return,10.58951408726523,14.931391830643777,0.29007309818676064,-27.884278839635705,-1.3484166458506959,14.446082569147398,0.03561330501095125,0.046055929692798724
