,Annualized Return,Annualized Vol,Sharpe Ratio,Max Drawdown,Skewness,Kurtosis,Cornish-Fisher VaR (5%),Historic CVaR (5%)
Mean Return,17.08589602910957,14.875585431201465,0.6700404218987367,-25.186440953031674,-1.397619656100451,16.674480191318445,0.032373253598490456,0.0432298880989006
