,Annualized Return,Annualized Vol,Skewness,Kurtosis,Cornish-Fisher VaR (5%),Historic CVaR (5%),Sharpe Ratio,Max Drawdown
Mean Return,0.13197562558346276,0.14340598470797425,-0.9437832128803859,9.228315402932845,0.032883601573335516,0.04579076894202333,0.44545886048046357,-0.31539185411879134
