,Annualized Return,Annualized Vol,Sharpe Ratio,Max Drawdown,Skewness,Kurtosis,Cornish-Fisher VaR (5%),Historic CVaR (5%)
Mean Return,15.28906724289305,15.247159359966139,0.5464672232450809,-28.9446598605216,-0.2928830922730302,5.487592342709555,0.03274638706044162,0.04817907197849565
