,Annualized Return,Annualized Vol,Sharpe Ratio,Max Drawdown,Skewness,Kurtosis,Cornish-Fisher VaR (5%),Historic CVaR (5%)
Mean Return,13.93142197900088,14.69967329522042,0.47638302352232004,-25.444436362613597,-1.2300773416476005,15.881049532552247,0.032005294864122166,0.042865583890593736
