,Annualized Return,Annualized Vol,Sharpe Ratio,Max Drawdown,Skewness,Kurtosis,Cornish-Fisher VaR (5%),Historic CVaR (5%)
Mean Return,13.709220684632628,15.861582603078016,0.4282985942861414,-31.37997671523582,-1.2280326845692955,13.127940422795758,0.035963407297259324,0.04942974315886879
