,Annualized Return,Annualized Vol,Sharpe Ratio,Max Drawdown,Skewness,Kurtosis,Cornish-Fisher VaR (5%),Historic CVaR (5%)
Mean Return,12.113795146885487,15.993000866779884,0.33219153056408923,-29.975475814631775,-0.7361867242672467,11.122968378361884,0.03474648204835129,0.04953701325857116
