,Annualized Return,Annualized Vol,Sharpe Ratio,Max Drawdown,Skewness,Kurtosis,Cornish-Fisher VaR (5%),Historic CVaR (5%)
Mean Return,10.42625384711302,14.633432032090502,0.2619750426122535,-29.12816667792475,-0.6837106693419258,6.825585411179212,0.03371141510823688,0.048468029883297174
