,Annualized Return,Annualized Vol,Sharpe Ratio,Max Drawdown,Skewness,Kurtosis,Cornish-Fisher VaR (5%),Historic CVaR (5%)
Mean Return,14.682935948792618,12.869766500303081,0.6366063487378815,-26.323027243942764,-1.5689316199643482,14.564999245265163,0.030575404782247545,0.04206576733295564
