,Annualized Return,Annualized Vol,Sharpe Ratio,Max Drawdown,Skewness,Kurtosis,Cornish-Fisher VaR (5%),Historic CVaR (5%)
Mean Return,13.849023177556363,11.820206403546624,0.5964231962459037,-20.81604611456061,-0.8398486718199506,6.220146808732219,0.02715275822167388,0.039569500352774976
