,Annualized Return,Annualized Vol,Sharpe Ratio,Max Drawdown,Skewness,Kurtosis,Cornish-Fisher VaR (5%),Historic CVaR (5%)
Mean Return,19.702522432839785,13.381913997521494,0.9359256164932841,-24.263833041283437,-0.5240751006348955,6.203867946243553,0.028571329273169757,0.040585416746498064
