,Annualized Return,Annualized Vol,Sharpe Ratio,Max Drawdown,Skewness,Kurtosis,Cornish-Fisher VaR (5%),Historic CVaR (5%)
Mean Return,16.351384639619425,15.34312422734159,0.6015586894607572,-31.189229281382335,-1.2917511391010623,17.40457158746354,0.03278484911768962,0.044986832991537475
