,Annualized Return,Annualized Vol,Sharpe Ratio,Max Drawdown,Skewness,Kurtosis,Cornish-Fisher VaR (5%),Historic CVaR (5%)
Mean Return,14.204903569681338,14.620658720056271,0.5027244476229471,-29.224481937581665,-1.095114406321581,9.01968979902765,0.03424594169753095,0.047552315608182405
