,Annualized Return,Annualized Vol,Sharpe Ratio,Max Drawdown,Skewness,Kurtosis,Cornish-Fisher VaR (5%),Historic CVaR (5%)
Mean Return,12.207168986136473,15.422004547100258,0.34892828520940244,-29.599778951522577,-1.5199192277293723,17.29362746878179,0.034815328344285995,0.04689923332531102
