,Annualized Return,Annualized Vol,Sharpe Ratio,Max Drawdown,Skewness,Kurtosis,Cornish-Fisher VaR (5%),Historic CVaR (5%)
Mean Return,12.68208081983051,14.653303486593867,0.4250497165955879,-26.279983534658648,-1.0754243461233084,9.255342470262049,0.03501183944279354,0.04884195646750322
