,Annualized Return,Annualized Vol,Sharpe Ratio,Max Drawdown,Skewness,Kurtosis,Cornish-Fisher VaR (5%),Historic CVaR (5%)
Mean Return,12.05818140945305,18.9889592951616,0.2765545047240399,-35.8689421386681,-0.8713146093824383,10.25553000362489,0.04300282455718815,0.06404634932972933
