,Annualized Return,Annualized Vol,Sharpe Ratio,Max Drawdown,Skewness,Kurtosis,Cornish-Fisher VaR (5%),Historic CVaR (5%)
Mean Return,21.955494168334223,13.443533368073709,1.0821915868309224,-21.421751474426827,-0.6750699305602216,7.619617686200945,0.028293813248520608,0.03996631486765749
