,Annualized Return,Annualized Vol,Sharpe Ratio,Max Drawdown,Skewness,Kurtosis,Cornish-Fisher VaR (5%),Historic CVaR (5%)
Mean Return,16.661377597703584,14.717637437071348,0.647145830882442,-25.863139543041246,-0.8386578436644754,13.267835351328895,0.030737851326929175,0.04216880816708087
