,Annualized Return,Annualized Vol,Sharpe Ratio,Max Drawdown,Skewness,Kurtosis,Cornish-Fisher VaR (5%),Historic CVaR (5%)
Mean Return,14.605350323840693,15.142825378853924,0.5102725461934847,-32.990222841472914,-0.05807783966857862,9.04978040722731,0.029708009942398025,0.04291136841059845
