,Annualized Return,Annualized Vol,Sharpe Ratio,Max Drawdown,Skewness,Kurtosis,Cornish-Fisher VaR (5%),Historic CVaR (5%)
Mean Return,15.497594725955622,15.214880252313021,0.5581913170386406,-25.253085358788574,-0.6737274159382717,9.096363376993022,0.032910717250988826,0.044776032215788644
