,Annualized Return,Annualized Vol,Sharpe Ratio,Max Drawdown,Skewness,Kurtosis,Cornish-Fisher VaR (5%),Historic CVaR (5%)
Mean Return,12.652679953320733,15.278836082116179,0.3761573202149937,-31.41725550842882,-1.062923054443305,9.78617663354708,0.03534249963018126,0.048211355034833196
