,Annualized Return,Annualized Vol,Sharpe Ratio,Max Drawdown,Skewness,Kurtosis,Cornish-Fisher VaR (5%),Historic CVaR (5%)
Mean Return,22.14424275219269,13.818877538995276,1.065515970064746,-18.259591687528513,-0.1958950213671841,5.827700533697867,0.027396877731556107,0.04030005286532575
