,Annualized Return,Annualized Vol,Sharpe Ratio,Max Drawdown,Skewness,Kurtosis,Cornish-Fisher VaR (5%),Historic CVaR (5%)
Mean Return,18.08257843518779,15.505509843186063,0.7011049456702108,-28.918481429925798,-0.6061956130389259,10.169886546122108,0.03234427016742888,0.04615090862255042
