,Annualized Return,Annualized Vol,Sharpe Ratio,Max Drawdown,Skewness,Kurtosis,Cornish-Fisher VaR (5%),Historic CVaR (5%)
Mean Return,20.579312569865316,13.027559126045862,1.0186305096616786,-22.545700532168613,-0.7739346720638366,7.678249647059662,0.02795631158084929,0.040389465031845054
