,Annualized Return,Annualized Vol,Skewness,Kurtosis,Cornish-Fisher VaR (5%),Historic CVaR (5%),Sharpe Ratio,Max Drawdown
Mean Return,0.08637848141823157,0.14061176208843132,-0.35479746413340923,7.714066854684881,0.03031987842007702,0.045325686738539074,0.14040718647660136,-0.26083043615328877
