,Annualized Return,Annualized Vol,Sharpe Ratio,Max Drawdown,Skewness,Kurtosis,Cornish-Fisher VaR (5%),Historic CVaR (5%)
Mean Return,15.232210400297053,15.358030890435556,0.5420443796820433,-24.609135924583452,0.08208147844356456,5.280300553897977,0.03083466432909168,0.04250197414296939
