,Annualized Return,Annualized Vol,Sharpe Ratio,Max Drawdown,Skewness,Kurtosis,Cornish-Fisher VaR (5%),Historic CVaR (5%)
Mean Return,14.56746575688812,13.86805194255193,0.5485111044955053,-24.61547157930229,-1.2964330797463919,13.041705835306232,0.03137077593372947,0.04325070197701436
