,Annualized Return,Annualized Vol,Sharpe Ratio,Max Drawdown,Skewness,Kurtosis,Cornish-Fisher VaR (5%),Historic CVaR (5%)
Mean Return,11.06738088766237,15.25646877065192,0.28010239633169237,-28.622668440354875,-1.6071971217108154,15.607595712087189,0.03575806011425801,0.048709380157872934
