,Annualized Return,Annualized Vol,Sharpe Ratio,Max Drawdown,Skewness,Kurtosis,Cornish-Fisher VaR (5%),Historic CVaR (5%)
Mean Return,13.986032856690711,13.34189350807596,0.5285118750825715,-32.057591414155425,-1.7680897176022803,15.879683819761523,0.03109904609568442,0.04252121522680775
