,Annualized Return,Annualized Vol,Sharpe Ratio,Max Drawdown,Skewness,Kurtosis,Cornish-Fisher VaR (5%),Historic CVaR (5%)
Mean Return,14.890827940392404,15.159941526730853,0.5235117512172377,-25.58405149307708,-0.6628481770646588,9.166500464602274,0.03279293746849741,0.04563994066769892
