,Annualized Return,Annualized Vol,Sharpe Ratio,Max Drawdown,Skewness,Kurtosis,Cornish-Fisher VaR (5%),Historic CVaR (5%)
Mean Return,19.050368589871525,12.56103909136575,0.9443989185311557,-22.45309304446989,-0.9016440579545176,6.737290578278904,0.027957697555700423,0.04177504188311213
