,Annualized Return,Annualized Vol,Sharpe Ratio,Max Drawdown,Skewness,Kurtosis,Cornish-Fisher VaR (5%),Historic CVaR (5%)
Mean Return,12.67502236425877,14.182653499175284,0.4443310215683352,-25.30624919223459,-1.341338121383319,15.962515952525973,0.03268695146314656,0.043318532341227345
