,Annualized Return,Annualized Vol,Sharpe Ratio,Max Drawdown,Skewness,Kurtosis,Cornish-Fisher VaR (5%),Historic CVaR (5%)
Mean Return,13.957437779784886,15.445695382665626,0.4568706468743615,-30.98169541045987,-0.7014879120615932,11.009678772374281,0.033046238764904194,0.04776348226953085
