,Annualized Return,Annualized Vol,Sharpe Ratio,Max Drawdown,Skewness,Kurtosis,Cornish-Fisher VaR (5%),Historic CVaR (5%)
Mean Return,15.34654376980875,17.66259941749315,0.48075540961942076,-27.66484486451069,-0.661894984397701,7.815648073796605,0.039550042027342254,0.05677977114802086
