,Annualized Return,Annualized Vol,Sharpe Ratio,Max Drawdown,Skewness,Kurtosis,Cornish-Fisher VaR (5%),Historic CVaR (5%)
Mean Return,12.509289038015424,14.673624542798363,0.3897739278212852,-32.09075555802778,-0.8761534033153401,7.229158256844295,0.034308087730116565,0.04783140368425396
