,Annualized Return,Annualized Vol,Sharpe Ratio,Max Drawdown,Skewness,Kurtosis,Cornish-Fisher VaR (5%),Historic CVaR (5%)
Mean Return,12.368474434221998,15.033946479542134,0.39361753918880843,-26.41100918797959,-0.932130539586954,8.07029774912754,0.03579554022540838,0.050193275994298896
