,Annualized Return,Annualized Vol,Sharpe Ratio,Max Drawdown,Skewness,Kurtosis,Cornish-Fisher VaR (5%),Historic CVaR (5%)
Mean Return,12.026987291768654,14.6566692199737,0.3874121098831381,-27.35644777149319,-0.986641345180185,12.985480260067073,0.033445305671235055,0.04575799198469302
