,Annualized Return,Annualized Vol,Sharpe Ratio,Max Drawdown,Skewness,Kurtosis,Cornish-Fisher VaR (5%),Historic CVaR (5%)
Mean Return,9.674886602599031,14.747344525509021,0.23477920347331432,-34.60854032471371,-1.9371103748225145,18.400969132383576,0.036412677821089146,0.0497053541343913
