,Annualized Return,Annualized Vol,Sharpe Ratio,Max Drawdown,Skewness,Kurtosis,Cornish-Fisher VaR (5%),Historic CVaR (5%)
Mean Return,19.54080649738328,12.906733357399155,0.9585959703759717,-23.125716044121262,-1.1315581116031224,8.292153577053826,0.029478568736132322,0.042522628031139674
