,Annualized Return,Annualized Vol,Sharpe Ratio,Max Drawdown,Skewness,Kurtosis,Cornish-Fisher VaR (5%),Historic CVaR (5%)
Mean Return,17.015029510870484,13.426264583175678,0.7374261712461849,-31.24492722323655,-1.9367479126492708,17.87628303030971,0.030723470685338296,0.04219315579052178
