,Annualized Return,Annualized Vol,Skewness,Kurtosis,Cornish-Fisher VaR (5%),Historic CVaR (5%),Sharpe Ratio,Max Drawdown
Mean Return,0.1245731776619372,0.13001389498840535,-0.3194347386094507,6.548728843164799,0.0275178845998778,0.03895035692526801,0.42805278883400566,-0.20504701409939002
