,Annualized Return,Annualized Vol,Sharpe Ratio,Max Drawdown,Skewness,Kurtosis,Cornish-Fisher VaR (5%),Historic CVaR (5%)
Mean Return,14.84309336187315,17.274707261542886,0.4539389902446362,-25.249848726227995,-1.810833809224946,16.269370817670357,0.040836568609445775,0.05716121362617182
