,Annualized Return,Annualized Vol,Sharpe Ratio,Max Drawdown,Skewness,Kurtosis,Cornish-Fisher VaR (5%),Historic CVaR (5%)
Mean Return,18.932953519493246,15.776094629342264,0.7387978749976405,-27.010594121443717,-0.44434922361996737,12.644123560035137,0.030805588780568723,0.04316017202577117
