,Annualized Return,Annualized Vol,Sharpe Ratio,Max Drawdown,Skewness,Kurtosis,Cornish-Fisher VaR (5%),Historic CVaR (5%)
Mean Return,16.740662927485662,15.223186801156052,0.6345261966187672,-28.98361080236157,-0.7107179022402523,8.237842637923563,0.03329342705759816,0.048131192038845735
