,Annualized Return,Annualized Vol,Sharpe Ratio,Max Drawdown,Skewness,Kurtosis,Cornish-Fisher VaR (5%),Historic CVaR (5%)
Mean Return,14.455190163457289,15.4303429286271,0.4824710164732343,-33.33882406979164,-1.1503174091982127,14.00771207262962,0.03404432648498238,0.046580521148952544
