,Annualized Return,Annualized Vol,Sharpe Ratio,Max Drawdown,Skewness,Kurtosis,Cornish-Fisher VaR (5%),Historic CVaR (5%)
Mean Return,11.784819135220449,14.493386096760352,0.37674558428711197,-25.072925807115492,-1.3277868579322114,15.215374838554455,0.03386516657877008,0.043869385485501136
