,Annualized Return,Annualized Vol,Sharpe Ratio,Max Drawdown,Skewness,Kurtosis,Cornish-Fisher VaR (5%),Historic CVaR (5%)
Mean Return,14.004580263422994,16.433880002737133,0.4549303012953606,-37.0046134134461,-1.2096416887805839,10.256183301959227,0.039578754390438564,0.055686872726391966
