,Annualized Return,Annualized Vol,Sharpe Ratio,Max Drawdown,Skewness,Kurtosis,Cornish-Fisher VaR (5%),Historic CVaR (5%)
Mean Return,9.488611752509035,16.022794583635537,0.17438579582867894,-35.720875981302115,-0.5129348819494806,8.320485458926617,0.0352630825014461,0.04989428592167627
