,Annualized Return,Annualized Vol,Sharpe Ratio,Max Drawdown,Skewness,Kurtosis,Cornish-Fisher VaR (5%),Historic CVaR (5%)
Mean Return,16.895249282548797,14.186853628802085,0.6970669556170487,-27.42991703201173,-0.6243252957072977,10.15157622180141,0.029891352414761083,0.04301881103276038
