,Annualized Return,Annualized Vol,Sharpe Ratio,Max Drawdown,Skewness,Kurtosis,Cornish-Fisher VaR (5%),Historic CVaR (5%)
Mean Return,11.605763005934055,16.040333710591515,0.2970218610085474,-34.64864894523802,-1.1483382446594401,12.853431202153207,0.036470792550479685,0.04893459537720637
