,Annualized Return,Annualized Vol,Sharpe Ratio,Max Drawdown,Skewness,Kurtosis,Cornish-Fisher VaR (5%),Historic CVaR (5%)
Mean Return,18.888322814671497,14.695930050833987,0.7937588237118908,-24.972993056786713,-0.5315561202609264,7.245941649886888,0.031148231505531566,0.046014619915907926
