,Annualized Return,Annualized Vol,Sharpe Ratio,Max Drawdown,Skewness,Kurtosis,Cornish-Fisher VaR (5%),Historic CVaR (5%)
Mean Return,14.350262221344167,14.997922006672413,0.4911223690092347,-32.21255986135636,-0.9010684309145154,10.370231219624756,0.0332964423201164,0.045283596153986146
