,Annualized Return,Annualized Vol,Sharpe Ratio,Max Drawdown,Skewness,Kurtosis,Cornish-Fisher VaR (5%),Historic CVaR (5%)
Mean Return,14.905971601997624,14.135829933713303,0.5639477491666516,-31.691888392758607,-0.4804904991321965,6.878645246930711,0.0306829826743673,0.04403312255015886
