,Annualized Return,Annualized Vol,Skewness,Kurtosis,Cornish-Fisher VaR (5%),Historic CVaR (5%),Sharpe Ratio,Max Drawdown
Mean Return,0.1553721600147493,0.1499269406482296,-1.319125336149781,14.544030752134788,0.033437946068488156,0.045687194687204294,0.5642449063834193,-0.25711039203596847
