,Annualized Return,Annualized Vol,Sharpe Ratio,Max Drawdown,Skewness,Kurtosis,Cornish-Fisher VaR (5%),Historic CVaR (5%)
Mean Return,13.340665929336115,15.099499556709786,0.4258205411598471,-26.249648458495706,-0.9938326772381634,8.22341891127529,0.035080119989077604,0.04876454483535947
