,Annualized Return,Annualized Vol,Sharpe Ratio,Max Drawdown,Skewness,Kurtosis,Cornish-Fisher VaR (5%),Historic CVaR (5%)
Mean Return,13.903646262685498,14.448286866974813,0.48504134836771123,-21.523910305689274,-0.3115789488820297,7.1305001707442015,0.03025849992718337,0.044571805859587275
