,Annualized Return,Annualized Vol,Sharpe Ratio,Max Drawdown,Skewness,Kurtosis,Cornish-Fisher VaR (5%),Historic CVaR (5%)
Mean Return,14.228482517466134,14.582667168277,0.4981590855571004,-30.035543068396837,-0.7056720380305135,6.998493500754693,0.03268510020536612,0.045528776535777374
