,Annualized Return,Annualized Vol,Sharpe Ratio,Max Drawdown,Skewness,Kurtosis,Cornish-Fisher VaR (5%),Historic CVaR (5%)
Mean Return,17.030069707791505,14.745100073107945,0.6691674394786746,-28.04731907442703,-1.142217537236966,15.40330708838331,0.03138716319812086,0.042765189272476176
