,Annualized Return,Annualized Vol,Sharpe Ratio,Max Drawdown,Skewness,Kurtosis,Cornish-Fisher VaR (5%),Historic CVaR (5%)
Mean Return,13.171378567130155,15.504789423990859,0.4044197998757854,-34.4169355298308,-0.8481703070626195,7.245918160059752,0.03575187761472506,0.048103927154007006
