,Annualized Return,Annualized Vol,Sharpe Ratio,Max Drawdown,Skewness,Kurtosis,Cornish-Fisher VaR (5%),Historic CVaR (5%)
Mean Return,15.797248800484676,16.085414768961737,0.5444675291208468,-30.07120501233321,-0.7576517311240136,8.819774065180303,0.03549817685870035,0.05101033508610007
