,Annualized Return,Annualized Vol,Sharpe Ratio,Max Drawdown,Skewness,Kurtosis,Cornish-Fisher VaR (5%),Historic CVaR (5%)
Mean Return,14.95527221668227,14.938167832556429,0.5311615261480268,-30.923082983786678,-0.7292759508171249,10.587524488400952,0.03206085897108678,0.045089701777974195
