,Annualized Return,Annualized Vol,Sharpe Ratio,Max Drawdown,Skewness,Kurtosis,Cornish-Fisher VaR (5%),Historic CVaR (5%)
Mean Return,35.577682597317796,77.53335569779753,0.35210988454993647,-76.43320572472723,19.502549613070247,450.18246099182556,-2.164594590136549,0.09525434594260303
