,Annualized Return,Annualized Vol,Sharpe Ratio,Max Drawdown,Skewness,Kurtosis,Cornish-Fisher VaR (5%),Historic CVaR (5%)
Mean Return,47.964373319135234,37.075671107554015,1.054954629251877,-58.58523054538263,-0.19597546285613326,4.092004230062868,0.07796062392333195,0.11098574603162721
