,Annualized Return,Annualized Vol,Sharpe Ratio,Max Drawdown,Skewness,Kurtosis,Cornish-Fisher VaR (5%),Historic CVaR (5%)
Mean Return,38.71366348091414,110.81586083381343,0.2728104632137587,-72.74746686614458,18.521811383841825,374.08854948341144,-2.705351609266291,0.10303525054920816
