,Annualized Return,Annualized Vol,Sharpe Ratio,Max Drawdown,Skewness,Kurtosis,Cornish-Fisher VaR (5%),Historic CVaR (5%)
Mean Return,28.16608385941546,24.947657732696975,0.8171875041542901,-48.579711430559044,-0.9037092184379826,6.794864630006231,0.057121029980925574,0.08484330479607398
