,Annualized Return,Annualized Vol,Sharpe Ratio,Max Drawdown,Skewness,Kurtosis,Cornish-Fisher VaR (5%),Historic CVaR (5%)
Mean Return,11.99296124423881,31.06377263462377,0.17056969552248916,-69.51518245431984,-0.5599766822002797,5.310323465243488,0.07289609690086885,0.10841728510386814
