,Annualized Return,Annualized Vol,Sharpe Ratio,Max Drawdown,Skewness,Kurtosis,Cornish-Fisher VaR (5%),Historic CVaR (5%)
Mean Return,41.14305630932431,40.61707630217002,0.8007338884527113,-55.42244171574195,-0.12047500133883439,5.118066000328373,0.08384344334518214,0.11642110504149385
