,Annualized Return,Annualized Vol,Sharpe Ratio,Max Drawdown,Skewness,Kurtosis,Cornish-Fisher VaR (5%),Historic CVaR (5%)
Mean Return,32.87764358011269,25.6000203598508,0.9915007774650966,-40.513782425630865,-0.9006451254448818,5.977260004702187,0.06074430634403075,0.08554165979778
