,Annualized Return,Annualized Vol,Sharpe Ratio,Max Drawdown,Skewness,Kurtosis,Cornish-Fisher VaR (5%),Historic CVaR (5%)
Mean Return,24.358886584075524,32.71999985019602,0.5164238862433664,-69.46062257849275,-0.36850776870825647,4.643768309634821,0.0731111426403416,0.10345843242897983
