,Annualized Return,Annualized Vol,Sharpe Ratio,Max Drawdown,Skewness,Kurtosis,Cornish-Fisher VaR (5%),Historic CVaR (5%)
Mean Return,24.793905045017084,32.803085560986055,0.5244646017667177,-76.32740306429382,-0.32969945557551145,5.0827301254058215,0.07170111435183062,0.09882070663750572
