,Annualized Return,Annualized Vol,Sharpe Ratio,Max Drawdown,Skewness,Kurtosis,Cornish-Fisher VaR (5%),Historic CVaR (5%)
Mean Return,20.475427117706356,33.422427347655045,0.4085321050951133,-67.64190337962432,-0.48178998148379765,4.6414887218214504,0.07898995011934075,0.1113507630536422
