,Annualized Return,Annualized Vol,Sharpe Ratio,Max Drawdown,Skewness,Kurtosis,Cornish-Fisher VaR (5%),Historic CVaR (5%)
Mean Return,39.995363446904996,66.39703760249428,0.4743450616377304,-73.72014524011372,17.919123311246448,401.2556675437658,-1.620422408982669,0.09442049356384395
