,Annualized Return,Annualized Vol,Sharpe Ratio,Max Drawdown,Skewness,Kurtosis,Cornish-Fisher VaR (5%),Historic CVaR (5%)
Mean Return,20.200683317252157,30.207608693589293,0.44357970726088775,-66.73664685376293,-0.8226769221920084,6.039814100161221,0.07377833357167045,0.10273088425644998
