,Annualized Return,Annualized Vol,Sharpe Ratio,Max Drawdown,Skewness,Kurtosis,Cornish-Fisher VaR (5%),Historic CVaR (5%)
Mean Return,27.231893117768525,39.21308985117977,0.49772429644660954,-80.40391248848367,-0.2353413079533235,4.391273393671659,0.08523677263703922,0.11754635806597075
