,Annualized Return,Annualized Vol,Sharpe Ratio,Max Drawdown,Skewness,Kurtosis,Cornish-Fisher VaR (5%),Historic CVaR (5%)
Mean Return,15.11185516987592,29.298171612642886,0.27490228078122264,-61.77249385979885,-0.8929318379529417,5.914183524589879,0.0705057665031266,0.1012115782459305
