,Annualized Return,Annualized Vol,Sharpe Ratio,Max Drawdown,Skewness,Kurtosis,Cornish-Fisher VaR (5%),Historic CVaR (5%)
Mean Return,15.009063440011294,35.64920246419875,0.2252195385338066,-70.9057774859172,-0.38966284471709706,4.230448241989411,0.0813613923273429,0.11443838740743686
