,Annualized Return,Annualized Vol,Sharpe Ratio,Max Drawdown,Skewness,Kurtosis,Cornish-Fisher VaR (5%),Historic CVaR (5%)
Mean Return,25.122497439235648,46.0066269263462,0.3819068366973239,-72.65260470204062,0.14827726483104292,5.139734646838839,0.09388297642407138,0.13651035733526745
