,Annualized Return,Annualized Vol,Sharpe Ratio,Max Drawdown,Skewness,Kurtosis,Cornish-Fisher VaR (5%),Historic CVaR (5%)
Mean Return,33.623072061451076,35.65792740028007,0.7139282360665663,-66.69876216732794,-0.34061912041614206,6.2492352403890035,0.07588297436989459,0.10593638939769914
