,Annualized Return,Annualized Vol,Sharpe Ratio,Max Drawdown,Skewness,Kurtosis,Cornish-Fisher VaR (5%),Historic CVaR (5%)
Mean Return,17.94863196819727,29.126101840889625,0.36991604629059516,-67.24739896059414,-0.6110131828860482,5.60626316788332,0.06694551483289381,0.09615728080766005
