,Annualized Return,Annualized Vol,Sharpe Ratio,Max Drawdown,Skewness,Kurtosis,Cornish-Fisher VaR (5%),Historic CVaR (5%)
Mean Return,29.473299101537688,37.379650835056225,0.5780764496087566,-70.64293467621668,1.328944376928041,17.59376187985073,0.042350950764230996,0.10722265456551532
