,Annualized Return,Annualized Vol,Sharpe Ratio,Max Drawdown,Skewness,Kurtosis,Cornish-Fisher VaR (5%),Historic CVaR (5%)
Mean Return,37.10316945572958,42.78737995453298,0.6712193633151139,-67.36090543542849,-0.09325955521468615,4.674727913646581,0.08921659015834738,0.1227823399218599
