,Annualized Return,Annualized Vol,Sharpe Ratio,Max Drawdown,Skewness,Kurtosis,Cornish-Fisher VaR (5%),Historic CVaR (5%)
Mean Return,21.45420825123945,30.984542976947854,0.4523777813916871,-66.05843277767111,-0.9216803900516143,7.009644876515614,0.07300110910369183,0.1036693139541893
