,Annualized Return,Annualized Vol,Sharpe Ratio,Max Drawdown,Skewness,Kurtosis,Cornish-Fisher VaR (5%),Historic CVaR (5%)
Mean Return,4.256919405299486,39.97411882599082,-0.053437685509927293,-87.1013992497314,-0.009824892735882605,3.4363148878907106,0.08838099384264494,0.11677561312505574
