,Annualized Return,Annualized Vol,Sharpe Ratio,Max Drawdown,Skewness,Kurtosis,Cornish-Fisher VaR (5%),Historic CVaR (5%)
Mean Return,21.933944123256598,33.65851023321915,0.43608821448119733,-69.31129432706443,-0.37373176450484835,4.680289058959928,0.07567209584558225,0.11010110036742934
