,Annualized Return,Annualized Vol,Sharpe Ratio,Max Drawdown,Skewness,Kurtosis,Cornish-Fisher VaR (5%),Historic CVaR (5%)
Mean Return,23.885663750078567,36.35099663670557,0.44845170055511674,-80.15898667877178,-0.16835732538641798,4.586042811092733,0.0782394310740221,0.10897170085503612
