,Annualized Return,Annualized Vol,Sharpe Ratio,Max Drawdown,Skewness,Kurtosis,Cornish-Fisher VaR (5%),Historic CVaR (5%)
Mean Return,14.083352935852055,33.21181079697892,0.22959839025787554,-69.89651755501416,-0.5577118764038326,4.878919823395892,0.08032560185804434,0.11242315903261865
