,Annualized Return,Annualized Vol,Sharpe Ratio,Max Drawdown,Skewness,Kurtosis,Cornish-Fisher VaR (5%),Historic CVaR (5%)
Mean Return,17.28246555809889,39.26628480993267,0.25709819792168825,-79.93578558143251,-0.006621080710062479,4.2046885155416955,0.08370754159974499,0.11642791726647031
