,Annualized Return,Annualized Vol,Sharpe Ratio,Max Drawdown,Skewness,Kurtosis,Cornish-Fisher VaR (5%),Historic CVaR (5%)
Mean Return,22.81999806215729,35.03251578737509,0.4367563607970757,-79.39899734442277,-0.2339206545685868,4.582083065467225,0.07634561700355412,0.10578225253021586
