,Annualized Return,Annualized Vol,Sharpe Ratio,Max Drawdown,Skewness,Kurtosis,Cornish-Fisher VaR (5%),Historic CVaR (5%)
Mean Return,20.361812293879055,34.211221055880834,0.37975653553949956,-67.53025196371382,-0.26324157684367083,4.6732656587389005,0.07514502122947549,0.1047606260861037
