,Annualized Return,Annualized Vol,Sharpe Ratio,Max Drawdown,Skewness,Kurtosis,Cornish-Fisher VaR (5%),Historic CVaR (5%)
Mean Return,21.42794706167095,28.36231776978972,0.49524199014260706,-64.51621684916418,-0.6828792882677854,5.607591404042139,0.06529749621459814,0.09226025879045928
