,Annualized Return,Annualized Vol,Sharpe Ratio,Max Drawdown,Skewness,Kurtosis,Cornish-Fisher VaR (5%),Historic CVaR (5%)
Mean Return,21.647533690921385,31.956541834348418,0.4592949551758875,-61.68649716669823,-0.3624506115436242,6.004273774293937,0.07173888677951241,0.10720289187380419
