,Annualized Return,Annualized Vol,Sharpe Ratio,Max Drawdown,Skewness,Kurtosis,Cornish-Fisher VaR (5%),Historic CVaR (5%)
Mean Return,40.11952036213724,183.32751682890105,0.17215167683234395,-82.18997331223402,23.5947216938854,578.1675059064099,-6.905132119236525,0.10223099804253055
