,Annualized Return,Annualized Vol,Sharpe Ratio,Max Drawdown,Skewness,Kurtosis,Cornish-Fisher VaR (5%),Historic CVaR (5%)
Mean Return,29.706850342929126,42.67658446375692,0.5242355001198039,-60.89227948024861,-0.03854065810220892,3.7257836994330225,0.09364545737011466,0.12187017564869852
