,Annualized Return,Annualized Vol,Sharpe Ratio,Max Drawdown,Skewness,Kurtosis,Cornish-Fisher VaR (5%),Historic CVaR (5%)
Mean Return,11.348140951005426,30.10161414389706,0.1524288957190092,-65.51286909975202,-0.6907811542221548,5.113183474414909,0.07163301675554118,0.10359547457714266
