,Annualized Return,Annualized Vol,Sharpe Ratio,Max Drawdown,Skewness,Kurtosis,Cornish-Fisher VaR (5%),Historic CVaR (5%)
Mean Return,24.578174480524197,41.26922347270158,0.4153598588077653,-73.343734979951,0.011756007390595206,3.9703275354154357,0.08761020202281938,0.12376535827512454
