,Annualized Return,Annualized Vol,Sharpe Ratio,Max Drawdown,Skewness,Kurtosis,Cornish-Fisher VaR (5%),Historic CVaR (5%)
Mean Return,49.43002779297068,92.0795525502336,0.43841401133264657,-70.71867661631302,17.14416784130838,332.716396227283,-1.9761008167704641,0.09748457972578355
