,Annualized Return,Annualized Vol,Sharpe Ratio,Max Drawdown,Skewness,Kurtosis,Cornish-Fisher VaR (5%),Historic CVaR (5%)
Mean Return,36.566700500005254,27.039421508730154,1.0675921577397485,-38.062857906841735,-0.7840566801965774,5.828276530422162,0.06285002649561876,0.08829749926249299
