,Annualized Return,Annualized Vol,Sharpe Ratio,Max Drawdown,Skewness,Kurtosis,Cornish-Fisher VaR (5%),Historic CVaR (5%)
Mean Return,15.027990495887078,31.71238069334139,0.2571194265308053,-69.45388615410475,-0.5298942170679513,5.105617948818507,0.07375168935924628,0.10988586917332076
