,Annualized Return,Annualized Vol,Sharpe Ratio,Max Drawdown,Skewness,Kurtosis,Cornish-Fisher VaR (5%),Historic CVaR (5%)
Mean Return,31.563466850285593,31.694468900642843,0.7444670867417915,-64.14216607508862,0.29341547770792886,9.8922942677531,0.056096736891991766,0.09676791014158499
