,Annualized Return,Annualized Vol,Sharpe Ratio,Max Drawdown,Skewness,Kurtosis,Cornish-Fisher VaR (5%),Historic CVaR (5%)
Mean Return,39.41104454010187,46.29875038412548,0.6790554540389679,-49.077588030221285,0.22695630637106148,4.603894862326894,0.09320259914467302,0.13201079786169978
