,Annualized Return,Annualized Vol,Sharpe Ratio,Max Drawdown,Skewness,Kurtosis,Cornish-Fisher VaR (5%),Historic CVaR (5%)
Mean Return,9.474835316108198,29.98057673213844,0.09368290182654328,-68.74297579299468,-0.8370709699252518,6.21308639179475,0.07230031152072644,0.10268252719919278
