,Annualized Return,Annualized Vol,Sharpe Ratio,Max Drawdown,Skewness,Kurtosis,Cornish-Fisher VaR (5%),Historic CVaR (5%)
Mean Return,14.955270015023924,29.79709715824746,0.2811952056394066,-68.80628859879783,-0.40419427267693275,5.642832936176016,0.06866356615088483,0.10033414688023697
