,Annualized Return,Annualized Vol,Sharpe Ratio,Max Drawdown,Skewness,Kurtosis,Cornish-Fisher VaR (5%),Historic CVaR (5%)
Mean Return,43.80899664926072,35.219296516981366,0.9952295346274164,-40.27874591556822,-0.2242468104534578,6.074375092228919,0.07208870030687362,0.10378728206442601
