,Annualized Return,Annualized Vol,Sharpe Ratio,Max Drawdown,Skewness,Kurtosis,Cornish-Fisher VaR (5%),Historic CVaR (5%)
Mean Return,22.923456096752616,33.354889407091704,0.4649495687527908,-70.18697622179009,-0.3624425998776764,4.817622621693687,0.07458580603769299,0.10957996793705546
