,Annualized Return,Annualized Vol,Sharpe Ratio,Max Drawdown,Skewness,Kurtosis,Cornish-Fisher VaR (5%),Historic CVaR (5%)
Mean Return,11.262179848070119,32.007622553144415,0.14023222928757637,-72.91203384392098,-0.5465966683717453,5.002501862630934,0.07469563513918294,0.10487299186033255
