,Annualized Return,Annualized Vol,Sharpe Ratio,Max Drawdown,Skewness,Kurtosis,Cornish-Fisher VaR (5%),Historic CVaR (5%)
Mean Return,30.68342953189567,95.39275485729439,0.23775451384322427,-73.52746460009774,16.711595851608084,313.2645731037599,-1.9397394803361572,0.10352123862777023
