,Annualized Return,Annualized Vol,Sharpe Ratio,Max Drawdown,Skewness,Kurtosis,Cornish-Fisher VaR (5%),Historic CVaR (5%)
Mean Return,18.918490530798348,40.328443191908256,0.28923605310549555,-87.1013992497314,-0.01869242890725769,3.411431720102636,0.08680441394087865,0.11596644479755198
