,Annualized Return,Annualized Vol,Sharpe Ratio,Max Drawdown,Skewness,Kurtosis,Cornish-Fisher VaR (5%),Historic CVaR (5%)
Mean Return,31.186248849361075,43.48562385887281,0.5351073755215656,-69.94439146731385,0.2254958422901905,5.766180326692809,0.08556778970106503,0.12815219789776153
