,Annualized Return,Annualized Vol,Sharpe Ratio,Max Drawdown,Skewness,Kurtosis,Cornish-Fisher VaR (5%),Historic CVaR (5%)
Mean Return,25.221546260960757,26.400329324940834,0.6672647293692074,-56.75523327521179,-1.0746515583529272,6.869632112160857,0.06263001352854777,0.08954570293513885
