,Annualized Return,Annualized Vol,Sharpe Ratio,Max Drawdown,Skewness,Kurtosis,Cornish-Fisher VaR (5%),Historic CVaR (5%)
Mean Return,36.69792070414479,122.18354157421267,0.23185690580246562,-74.34581333787646,17.55255348832257,333.7948959960165,-2.6864992155082366,0.10489003319717134
