,Annualized Return,Annualized Vol,Sharpe Ratio,Max Drawdown,Skewness,Kurtosis,Cornish-Fisher VaR (5%),Historic CVaR (5%)
Index Return,9.608151626425698,17.197395597536012,0.16870749286544579,-33.4793748531632,-1.5909793047574865,14.04200473600475,0.04144967841184507,0.05556394759990878
