,Annualized Return,Annualized Vol,Sharpe Ratio,Max Drawdown,Skewness,Kurtosis,Cornish-Fisher VaR (5%),Historic CVaR (5%)
Mean Return,16.028714845061987,28.84595514056923,0.310982993476816,-64.51621684916418,-0.7019358234747194,5.586303548656008,0.06754442446901456,0.09545542786460466
