,Annualized Return,Annualized Vol,Sharpe Ratio,Max Drawdown,Skewness,Kurtosis,Cornish-Fisher VaR (5%),Historic CVaR (5%)
Mean Return,29.429622975543325,34.416484811748624,0.6261525053378746,-68.19735776027119,-0.3056030401071436,4.253785474534953,0.07513470868120672,0.10431034113453083
