,Annualized Return,Annualized Vol,Sharpe Ratio,Max Drawdown,Skewness,Kurtosis,Cornish-Fisher VaR (5%),Historic CVaR (5%)
Mean Return,9.38458340257775,33.75938483968572,0.0806407227928962,-73.17737460936577,-0.4046802983936745,5.296670175702603,0.07712535047215525,0.10792572229335204
