,Annualized Return,Annualized Vol,Sharpe Ratio,Max Drawdown,Skewness,Kurtosis,Cornish-Fisher VaR (5%),Historic CVaR (5%)
Mean Return,37.92600757323821,30.38187622442378,0.9768840638915567,-55.802078276858204,-0.47727750867957663,5.517051528204208,0.06609291027065772,0.09568721025629498
