,Annualized Return,Annualized Vol,Sharpe Ratio,Max Drawdown,Skewness,Kurtosis,Cornish-Fisher VaR (5%),Historic CVaR (5%)
Mean Return,29.54532170234274,30.07747410741311,0.7190352681137813,-61.263266315474205,-0.7552105677614193,7.017881617790784,0.06779603743348675,0.09561140685742142
