,Annualized Return,Annualized Vol,Sharpe Ratio,Max Drawdown,Skewness,Kurtosis,Cornish-Fisher VaR (5%),Historic CVaR (5%)
Mean Return,20.754412639696305,30.524543467798004,0.45610485114050675,-66.41387855519227,-0.7776281898526601,5.802252014314472,0.07419487968900505,0.10369261146430046
