,Annualized Return,Annualized Vol,Sharpe Ratio,Max Drawdown,Skewness,Kurtosis,Cornish-Fisher VaR (5%),Historic CVaR (5%)
Mean Return,26.336072988188363,26.892567527415245,0.6940181871765377,-57.45826051781099,-1.0008125161696546,6.695485680841358,0.06315155725880067,0.08972342835096889
