,Annualized Return,Annualized Vol,Sharpe Ratio,Max Drawdown,Skewness,Kurtosis,Cornish-Fisher VaR (5%),Historic CVaR (5%)
Mean Return,16.658210992865353,31.931424447671713,0.2982429146113212,-70.34346219672072,-0.5392897914966358,5.159374109279164,0.07338764712489357,0.10255963751175753
