,Annualized Return,Annualized Vol,Sharpe Ratio,Max Drawdown,Skewness,Kurtosis,Cornish-Fisher VaR (5%),Historic CVaR (5%)
Mean Return,25.859333493287572,32.194757846476506,0.5645623816674463,-63.19761662097403,-0.6286442731286906,5.012160767566362,0.07374037312302634,0.10331948406065135
