,Annualized Return,Annualized Vol,Sharpe Ratio,Max Drawdown,Skewness,Kurtosis,Cornish-Fisher VaR (5%),Historic CVaR (5%)
Mean Return,28.829851483878688,35.67400383693159,0.5915773377268837,-70.94463871342191,-0.021990623127714586,5.0028193383221415,0.07416280426103775,0.10717584303642161
