,Annualized Return,Annualized Vol,Sharpe Ratio,Max Drawdown,Skewness,Kurtosis,Cornish-Fisher VaR (5%),Historic CVaR (5%)
Mean Return,38.480256128348735,38.713906345017556,0.7774290892325186,-53.96569462674473,-0.22953972738888212,4.292651891430669,0.08248906757495209,0.11416930147053052
