,Annualized Return,Annualized Vol,Sharpe Ratio,Max Drawdown,Skewness,Kurtosis,Cornish-Fisher VaR (5%),Historic CVaR (5%)
Mean Return,20.642404444002892,31.869914934883997,0.4335138988882379,-66.33589474281743,-0.6073469856943553,5.176184019364386,0.07617681958704775,0.10672612594022689
