,Annualized Return,Annualized Vol,Sharpe Ratio,Max Drawdown,Skewness,Kurtosis,Cornish-Fisher VaR (5%),Historic CVaR (5%)
Mean Return,16.613374903179732,34.02636848384503,0.28346689414371046,-69.31129432706443,-0.3667312000273093,4.658541834985082,0.07734424784282624,0.11394996227611869
