,Annualized Return,Annualized Vol,Sharpe Ratio,Max Drawdown,Skewness,Kurtosis,Cornish-Fisher VaR (5%),Historic CVaR (5%)
Mean Return,32.47944130324316,32.58588564448562,0.7516179930318131,-68.76172306105876,-0.3650878033254972,4.765043247030421,0.07143404045267938,0.10518803248767551
