,Annualized Return,Annualized Vol,Sharpe Ratio,Max Drawdown,Skewness,Kurtosis,Cornish-Fisher VaR (5%),Historic CVaR (5%)
Mean Return,20.25807329663005,33.50616837087806,0.38484684904030714,-64.07529157392187,-0.3152018351394401,4.735277426876326,0.07416226981611958,0.10250980650387988
