,Annualized Return,Annualized Vol,Sharpe Ratio,Max Drawdown,Skewness,Kurtosis,Cornish-Fisher VaR (5%),Historic CVaR (5%)
Mean Return,39.906800705305145,44.71251589029103,0.7012306432158651,-65.47758879579145,-0.05413740402192299,4.787733358821232,0.09220944474564872,0.12627928019233228
