,Annualized Return,Annualized Vol,Sharpe Ratio,Max Drawdown,Skewness,Kurtosis,Cornish-Fisher VaR (5%),Historic CVaR (5%)
Mean Return,29.277660149065674,31.403195338288292,0.680648681497702,-57.68915747454446,-0.7062800001725006,6.391053428561063,0.07100658130161937,0.10013199655296874
