,Annualized Return,Annualized Vol,Sharpe Ratio,Max Drawdown,Skewness,Kurtosis,Cornish-Fisher VaR (5%),Historic CVaR (5%)
Mean Return,21.594981976023895,33.91048928629211,0.41775715010062525,-70.04813366440375,-0.5596475837856817,4.858325046888359,0.07781019083473059,0.10820374210537018
