,Annualized Return,Annualized Vol,Sharpe Ratio,Max Drawdown,Skewness,Kurtosis,Cornish-Fisher VaR (5%),Historic CVaR (5%)
Mean Return,40.26992672249481,115.16176698965785,0.27520920687627537,-74.34581333787646,18.488743142242118,373.00585565146696,-2.802865525398767,0.10179533112316817
