,Annualized Return,Annualized Vol,Sharpe Ratio,Max Drawdown,Skewness,Kurtosis,Cornish-Fisher VaR (5%),Historic CVaR (5%)
Mean Return,30.332632497357025,33.682918785876886,0.667156871566218,-70.74865908012924,-0.33151652413661004,4.73127178282107,0.07390904687011936,0.10867174334582104
