,Annualized Return,Annualized Vol,Sharpe Ratio,Max Drawdown,Skewness,Kurtosis,Cornish-Fisher VaR (5%),Historic CVaR (5%)
Mean Return,15.466183684301615,31.987768730742193,0.26779718391610086,-70.36884255622444,-0.5745025060996152,5.177385314427922,0.07479189486029983,0.11014515599003924
