,Annualized Return,Annualized Vol,Sharpe Ratio,Max Drawdown,Skewness,Kurtosis,Cornish-Fisher VaR (5%),Historic CVaR (5%)
Mean Return,36.64433778831617,46.40134636144152,0.6212067771056741,-49.077588030221285,0.27119803391378794,4.763308761027197,0.09275645653693877,0.13286399032209925
