,Annualized Return,Annualized Vol,Sharpe Ratio,Max Drawdown,Skewness,Kurtosis,Cornish-Fisher VaR (5%),Historic CVaR (5%)
Mean Return,26.103393745140345,41.11173541275181,0.44704764398972496,-69.20629527785103,-0.19154560521048702,4.722118107688107,0.0886528252608303,0.12528814512816985
