,Annualized Return,Annualized Vol,Sharpe Ratio,Max Drawdown,Skewness,Kurtosis,Cornish-Fisher VaR (5%),Historic CVaR (5%)
Mean Return,26.54027190633983,36.93013766755334,0.5224243280744976,-58.32508617168474,-0.07776057805760511,5.202600782634254,0.0792542374959016,0.11760816066282083
