,Annualized Return,Annualized Vol,Sharpe Ratio,Max Drawdown,Skewness,Kurtosis,Cornish-Fisher VaR (5%),Historic CVaR (5%)
Mean Return,15.456465590082203,34.224965337661516,0.2452238710272999,-68.19735776027119,-0.31655022833730834,4.363255989675793,0.07693129083992119,0.10599745364465205
