,Annualized Return,Annualized Vol,Sharpe Ratio,Max Drawdown,Skewness,Kurtosis,Cornish-Fisher VaR (5%),Historic CVaR (5%)
Mean Return,30.743468752769722,36.64522057658754,0.6348301259419501,-57.143229899824135,-0.12727547847770582,5.088428814398249,0.07879377977921705,0.1175612284018932
