,Annualized Return,Annualized Vol,Sharpe Ratio,Max Drawdown,Skewness,Kurtosis,Cornish-Fisher VaR (5%),Historic CVaR (5%)
Mean Return,33.23354690696989,33.373999312548634,0.7540553593173092,-63.747339817335224,1.2678883348086325,17.43212124536044,0.03793651264168856,0.09475597867953527
