,Annualized Return,Annualized Vol,Sharpe Ratio,Max Drawdown,Skewness,Kurtosis,Cornish-Fisher VaR (5%),Historic CVaR (5%)
Mean Return,23.33574517758279,30.000064082325963,0.5311872348969779,-68.65880618885049,-0.5478206060782396,5.363305124430798,0.06831768698390578,0.09911356380027123
