,Annualized Return,Annualized Vol,Sharpe Ratio,Max Drawdown,Skewness,Kurtosis,Cornish-Fisher VaR (5%),Historic CVaR (5%)
Mean Return,37.70606777286856,45.6022271198928,0.6540809531353967,-44.050425906237614,0.24527643234053262,4.844949232586507,0.09131179675038713,0.13281930607673628
