,Annualized Return,Annualized Vol,Sharpe Ratio,Max Drawdown,Skewness,Kurtosis,Cornish-Fisher VaR (5%),Historic CVaR (5%)
Mean Return,18.190015556529882,33.60923710855483,0.34213524099570514,-67.64526242802819,-0.46629686213017973,4.680734612496077,0.07959695682551685,0.11077066586990124
