,Annualized Return,Annualized Vol,Sharpe Ratio,Max Drawdown,Skewness,Kurtosis,Cornish-Fisher VaR (5%),Historic CVaR (5%)
Mean Return,14.355622975843207,33.04251236784139,0.23840446109894856,-69.89651755501416,-0.5622942744308617,4.926582034997578,0.0798735579911083,0.11242315903261865
