,Annualized Return,Annualized Vol,Sharpe Ratio,Max Drawdown,Skewness,Kurtosis,Cornish-Fisher VaR (5%),Historic CVaR (5%)
Mean Return,22.701909780691622,29.526131678727452,0.515098605398685,-61.94775957511543,-0.8619105212488521,5.6532262969789,0.06973900709525822,0.0986827039314241
