,Annualized Return,Annualized Vol,Sharpe Ratio,Max Drawdown,Skewness,Kurtosis,Cornish-Fisher VaR (5%),Historic CVaR (5%)
Mean Return,26.00959959703757,33.27725245690269,0.5498490780470644,-67.86170820792073,-0.5892562728834666,5.455557987011484,0.0754316657197564,0.10593825461347398
