,Annualized Return,Annualized Vol,Sharpe Ratio,Max Drawdown,Skewness,Kurtosis,Cornish-Fisher VaR (5%),Historic CVaR (5%)
Mean Return,31.80111231764451,81.093047138491,0.2926604968331644,-73.1025285682218,15.82112637581036,291.7223805072925,-1.5113650620760348,0.10009617807583338
