,Annualized Return,Annualized Vol,Sharpe Ratio,Max Drawdown,Skewness,Kurtosis,Cornish-Fisher VaR (5%),Historic CVaR (5%)
Mean Return,24.46838545803449,30.01409165576131,0.5615216512922221,-66.34776521345954,-0.8154688206019903,6.405198214358531,0.06956250875997069,0.09750741327884971
