,Annualized Return,Annualized Vol,Sharpe Ratio,Max Drawdown,Skewness,Kurtosis,Cornish-Fisher VaR (5%),Historic CVaR (5%)
Mean Return,25.390239312095453,31.651250853647355,0.5603319099425309,-61.60617183587269,-0.670542324521853,5.056860374911952,0.07294649140204443,0.10268404494494562
