,Annualized Return,Annualized Vol,Sharpe Ratio,Max Drawdown,Skewness,Kurtosis,Cornish-Fisher VaR (5%),Historic CVaR (5%)
Mean Return,29.35831391481085,38.190978352831685,0.5748075547790036,-54.74113124514969,-0.0030592133891514583,4.9767089523546195,0.08072453186204112,0.11990048775555666
