,Annualized Return,Annualized Vol,Sharpe Ratio,Max Drawdown,Skewness,Kurtosis,Cornish-Fisher VaR (5%),Historic CVaR (5%)
Mean Return,32.76112270742828,32.77283387296798,0.7543317995952994,-63.177509070306314,0.7152117077200985,12.181735403899957,0.050107596871946214,0.09566300843662107
