,Annualized Return,Annualized Vol,Sharpe Ratio,Max Drawdown,Skewness,Kurtosis,Cornish-Fisher VaR (5%),Historic CVaR (5%)
Mean Return,20.363324074739108,31.426518446158326,0.42003073779339245,-69.4538861541048,-0.5407035938321891,5.081610205958711,0.07232011647040468,0.1061795368935358
