,Annualized Return,Annualized Vol,Sharpe Ratio,Max Drawdown,Skewness,Kurtosis,Cornish-Fisher VaR (5%),Historic CVaR (5%)
Mean Return,24.802304810474563,31.96265498104355,0.5381372814957537,-68.36924982409077,-0.4957580715004212,4.6803304321888195,0.07208183003221373,0.0986731273942695
