,Annualized Return,Annualized Vol,Sharpe Ratio,Max Drawdown,Skewness,Kurtosis,Cornish-Fisher VaR (5%),Historic CVaR (5%)
Mean Return,23.816371059842844,34.39684077032642,0.4725537295036967,-69.58108158220412,-0.5108759942990798,4.819533559735374,0.07804036946869085,0.1082674101588625
