,Annualized Return,Annualized Vol,Sharpe Ratio,Max Drawdown,Skewness,Kurtosis,Cornish-Fisher VaR (5%),Historic CVaR (5%)
Mean Return,16.566193448870315,29.053902037538194,0.32614952482823595,-65.88226835001394,-0.6767151237680272,5.90850677734832,0.06743318989540431,0.09667547144408639
