,Annualized Return,Annualized Vol,Sharpe Ratio,Max Drawdown,Skewness,Kurtosis,Cornish-Fisher VaR (5%),Historic CVaR (5%)
Mean Return,16.835903033478374,30.973021684311814,0.3140523943215517,-70.87345549748214,-0.545710313971928,5.171646130097797,0.07116150233702484,0.10093955762221712
