,Annualized Return,Annualized Vol,Sharpe Ratio,Max Drawdown,Skewness,Kurtosis,Cornish-Fisher VaR (5%),Historic CVaR (5%)
Mean Return,18.795288838561785,31.827788394235007,0.37711626959772043,-66.00076531209929,-0.28313669222197113,4.975492081779318,0.0719179844683348,0.10391844644916555
