,Annualized Return,Annualized Vol,Sharpe Ratio,Max Drawdown,Skewness,Kurtosis,Cornish-Fisher VaR (5%),Historic CVaR (5%)
Mean Return,30.806147888093484,31.029294156162212,0.737482597567942,-64.54047341136959,0.6428334208641271,12.349225111058178,0.0483050095694651,0.09191715923527563
