,Annualized Return,Annualized Vol,Sharpe Ratio,Max Drawdown,Skewness,Kurtosis,Cornish-Fisher VaR (5%),Historic CVaR (5%)
Mean Return,38.64777128900834,36.432361267849515,0.8304738646103504,-59.84694580344014,-0.42867959960909596,4.590199005783154,0.07973407084533332,0.11733037644000806
