,Annualized Return,Annualized Vol,Sharpe Ratio,Max Drawdown,Skewness,Kurtosis,Cornish-Fisher VaR (5%),Historic CVaR (5%)
Mean Return,15.754567852367106,30.97449722562787,0.30073316680088374,-61.161819403699724,-0.4421490944258651,5.032278681017179,0.0737781145482469,0.10417092278222498
