,Annualized Return,Annualized Vol,Sharpe Ratio,Max Drawdown,Skewness,Kurtosis,Cornish-Fisher VaR (5%),Historic CVaR (5%)
Mean Return,11.331546967763174,32.90257094486603,0.13894394303463972,-67.82160239975342,-0.5701666069216319,4.60273411517369,0.07744398673412911,0.10979038543628344
