,Annualized Return,Annualized Vol,Sharpe Ratio,Max Drawdown,Skewness,Kurtosis,Cornish-Fisher VaR (5%),Historic CVaR (5%)
Mean Return,20.56544646422662,30.35327086506178,0.4343381427673645,-73.3539267683823,-0.7330066265301842,5.708886036329439,0.07073222942059226,0.09992567816600978
