,Annualized Return,Annualized Vol,Sharpe Ratio,Max Drawdown,Skewness,Kurtosis,Cornish-Fisher VaR (5%),Historic CVaR (5%)
Mean Return,12.804056205505665,29.693717722448703,0.21977074032330174,-65.12675078944974,-0.6265509086108793,5.501019667120051,0.0728813406441183,0.10435477964631627
