,Annualized Return,Annualized Vol,Sharpe Ratio,Max Drawdown,Skewness,Kurtosis,Cornish-Fisher VaR (5%),Historic CVaR (5%)
Mean Return,22.63491801878821,38.31226832386215,0.39621132271314075,-79.44361721987391,0.17504134776791516,3.5949781015419773,0.07862228219545436,0.10603298615182001
