,Annualized Return,Annualized Vol,Sharpe Ratio,Max Drawdown,Skewness,Kurtosis,Cornish-Fisher VaR (5%),Historic CVaR (5%)
Mean Return,45.460723212370205,93.25582296306074,0.39280671355309293,-74.01838754930063,20.867168534746266,489.61184785047476,-2.8905012763200206,0.09609744454923058
