,Annualized Return,Annualized Vol,Sharpe Ratio,Max Drawdown,Skewness,Kurtosis,Cornish-Fisher VaR (5%),Historic CVaR (5%)
Mean Return,24.14531884203768,30.237702275765088,0.5478418063968182,-61.86375941383792,-0.8184294058488404,5.508038599245488,0.07093135986172429,0.0999297199943689
