,Annualized Return,Annualized Vol,Sharpe Ratio,Max Drawdown,Skewness,Kurtosis,Cornish-Fisher VaR (5%),Historic CVaR (5%)
Mean Return,12.709526446764485,33.409599643472205,0.17561726375828401,-67.87490282867861,-0.5156248616144391,4.498409280255491,0.07784784084762518,0.11043066457601608
