,Annualized Return,Annualized Vol,Sharpe Ratio,Max Drawdown,Skewness,Kurtosis,Cornish-Fisher VaR (5%),Historic CVaR (5%)
Mean Return,31.61658915602452,36.33590894121957,0.6506759381024537,-55.97088171194091,-0.18534390300403394,4.1630104680993485,0.07765790304849315,0.1062576451948999
