,Annualized Return,Annualized Vol,Sharpe Ratio,Max Drawdown,Skewness,Kurtosis,Cornish-Fisher VaR (5%),Historic CVaR (5%)
Mean Return,22.493642772023414,44.23961543478775,0.34128428798866994,-69.94439146731382,0.23061104717540964,5.793899146269045,0.08830338358975984,0.13165868269346903
