,Annualized Return,Annualized Vol,Sharpe Ratio,Max Drawdown,Skewness,Kurtosis,Cornish-Fisher VaR (5%),Historic CVaR (5%)
Mean Return,24.262774830475877,41.35031104242222,0.40736334025302345,-73.34373497995098,0.012063293288773582,3.947181060932954,0.08785951639920682,0.12376535827512454
