,Annualized Return,Annualized Vol,Sharpe Ratio,Max Drawdown,Skewness,Kurtosis,Cornish-Fisher VaR (5%),Historic CVaR (5%)
Mean Return,38.06209971298398,83.35979604464357,0.35536271853274093,-73.10367361958934,17.030983463708644,335.2296986077763,-1.7818321375553794,0.09792657101574968
