,Annualized Return,Annualized Vol,Sharpe Ratio,Max Drawdown,Skewness,Kurtosis,Cornish-Fisher VaR (5%),Historic CVaR (5%)
Mean Return,8.656334287358437,37.681579894669675,0.05400168204741781,-76.2006670030897,-0.29343063128925134,5.151068423611968,0.08486017640008546,0.1183806102892014
