,Annualized Return,Annualized Vol,Sharpe Ratio,Max Drawdown,Skewness,Kurtosis,Cornish-Fisher VaR (5%),Historic CVaR (5%)
Mean Return,24.325790251057033,31.146314357194942,0.5372934066020402,-60.5533106266378,-0.8083237416815088,5.566173021749003,0.07297013004307432,0.10246153289854887
