,Annualized Return,Annualized Vol,Sharpe Ratio,Max Drawdown,Skewness,Kurtosis,Cornish-Fisher VaR (5%),Historic CVaR (5%)
Mean Return,17.649918777346542,29.626187070362608,0.35418411417344914,-68.19458019498646,-0.6018039296458902,5.494531111399447,0.06817786962919756,0.09757904415842716
