,Annualized Return,Annualized Vol,Sharpe Ratio,Max Drawdown,Skewness,Kurtosis,Cornish-Fisher VaR (5%),Historic CVaR (5%)
Mean Return,24.553762011900915,30.861656974288522,0.5645741310567816,-63.8286772080497,-0.43451383652744496,6.149859376244645,0.06942098842449625,0.10387309127640702
