,Annualized Return,Annualized Vol,Sharpe Ratio,Max Drawdown,Skewness,Kurtosis,Cornish-Fisher VaR (5%),Historic CVaR (5%)
Mean Return,31.302905886192754,31.34360263240003,0.7449884997865714,-63.663841969821256,0.5162093375029119,11.086591884563965,0.051551189296021545,0.0934529603997668
