,Annualized Return,Annualized Vol,Sharpe Ratio,Max Drawdown,Skewness,Kurtosis,Cornish-Fisher VaR (5%),Historic CVaR (5%)
Mean Return,15.222856922803274,30.82620726355155,0.27998901889778843,-68.14837751244798,-0.29898454983629913,5.427443263980783,0.06999253809111974,0.10261307266391481
