,Annualized Return,Annualized Vol,Sharpe Ratio,Max Drawdown,Skewness,Kurtosis,Cornish-Fisher VaR (5%),Historic CVaR (5%)
Mean Return,33.1771572688734,32.9424704528877,0.7600962999508489,-61.287136516858766,-0.5115979686311009,5.891108031274749,0.07225120871151446,0.10261788904910944
