,Annualized Return,Annualized Vol,Sharpe Ratio,Max Drawdown,Skewness,Kurtosis,Cornish-Fisher VaR (5%),Historic CVaR (5%)
Mean Return,25.697597584871023,41.88164877948682,0.4439087513996069,-61.01284206440586,-0.06600638915459454,3.784188642648102,0.09287855825942207,0.12315268335585018
