,Annualized Return,Annualized Vol,Sharpe Ratio,Max Drawdown,Skewness,Kurtosis,Cornish-Fisher VaR (5%),Historic CVaR (5%)
Mean Return,23.47549170156098,33.73508227502614,0.47183328783511874,-77.25777560469261,-0.4091768727079854,5.009868160790816,0.07513258393480497,0.10541423592566229
