,Annualized Return,Annualized Vol,Sharpe Ratio,Max Drawdown,Skewness,Kurtosis,Cornish-Fisher VaR (5%),Historic CVaR (5%)
Mean Return,16.307546914163407,29.829689092770657,0.30766898838254286,-61.94775957511541,-0.8585658313359558,5.764070255805368,0.071388848364887,0.10184856007513131
