,Annualized Return,Annualized Vol,Sharpe Ratio,Max Drawdown,Skewness,Kurtosis,Cornish-Fisher VaR (5%),Historic CVaR (5%)
Mean Return,17.46249244999456,31.434746023466975,0.32646790945375287,-60.5533106266378,-0.8108472727760748,5.694637796406851,0.07468220920048953,0.10599314365583849
