,Annualized Return,Annualized Vol,Sharpe Ratio,Max Drawdown,Skewness,Kurtosis,Cornish-Fisher VaR (5%),Historic CVaR (5%)
Mean Return,25.28473601491079,32.75116814502175,0.5379868104535355,-67.86170820792071,-0.5804156713384836,5.3967641627379,0.07425267385886777,0.10345488759216771
