,Annualized Return,Annualized Vol,Sharpe Ratio,Max Drawdown,Skewness,Kurtosis,Cornish-Fisher VaR (5%),Historic CVaR (5%)
Mean Return,22.3091587537003,32.91057070960119,0.45035461696598855,-75.52955054512331,-0.5082852141562885,5.16269373878859,0.07446938644188128,0.10482020335978065
