,Annualized Return,Annualized Vol,Sharpe Ratio,Max Drawdown,Skewness,Kurtosis,Cornish-Fisher VaR (5%),Historic CVaR (5%)
Mean Return,13.149816639919099,32.448783418938106,0.1935894122776847,-68.35689032425962,-0.632033429379196,4.8897765701549565,0.07651327300871531,0.1091798075237779
