,Annualized Return,Annualized Vol,Sharpe Ratio,Max Drawdown,Skewness,Kurtosis,Cornish-Fisher VaR (5%),Historic CVaR (5%)
Mean Return,22.0737811846498,31.65112408540025,0.4791176101817764,-66.37207306345762,-0.6249098344208607,5.135547082507813,0.0756450467475432,0.1073719082068588
