,Annualized Return,Annualized Vol,Sharpe Ratio,Max Drawdown,Skewness,Kurtosis,Cornish-Fisher VaR (5%),Historic CVaR (5%)
Mean Return,9.51763850303735,29.99036497499154,0.09499395987557135,-69.14083334041364,-0.8478111181201977,6.344943094237656,0.07231844354836672,0.10273835987535514
