,Annualized Return,Annualized Vol,Sharpe Ratio,Max Drawdown,Skewness,Kurtosis,Cornish-Fisher VaR (5%),Historic CVaR (5%)
Mean Return,25.044492212857563,31.371485942684462,0.554970960690129,-61.870825966807,-0.7597379726482624,5.393657333257887,0.07302468248994413,0.1019142596757477
