,Annualized Return,Annualized Vol,Sharpe Ratio,Max Drawdown,Skewness,Kurtosis,Cornish-Fisher VaR (5%),Historic CVaR (5%)
Mean Return,46.56345630258216,94.92220462392514,0.3968361385525486,-73.31413461659854,21.07406297997605,496.0388066246099,-2.9883961622812154,0.09588715456931848
