,Annualized Return,Annualized Vol,Sharpe Ratio,Max Drawdown,Skewness,Kurtosis,Cornish-Fisher VaR (5%),Historic CVaR (5%)
Mean Return,23.98419119220836,30.671861510066368,0.5374587123371215,-65.68589315877126,-0.7117728939449527,5.0479569908707544,0.07121974041749475,0.10186891062593088
