,Annualized Return,Annualized Vol,Sharpe Ratio,Max Drawdown,Skewness,Kurtosis,Cornish-Fisher VaR (5%),Historic CVaR (5%)
Mean Return,19.76702453648138,32.14785469841852,0.38659173368678695,-61.60617183587269,-0.6675515342665652,5.073775091733251,0.07497700837654439,0.10601366974829907
