,Annualized Return,Annualized Vol,Sharpe Ratio,Max Drawdown,Skewness,Kurtosis,Cornish-Fisher VaR (5%),Historic CVaR (5%)
Mean Return,19.624942435967107,36.381884635862235,0.343053586179756,-63.5986876530537,-0.23556793505119927,4.3188785107971945,0.08085116651785454,0.11814713598162063
