,Annualized Return,Annualized Vol,Sharpe Ratio,Max Drawdown,Skewness,Kurtosis,Cornish-Fisher VaR (5%),Historic CVaR (5%)
Mean Return,14.562194922659511,32.744594149004705,0.23239994203819367,-62.753125423400114,-0.47459373474971583,4.75786263071597,0.07522776178148004,0.1050836051908424
