,Annualized Return,Annualized Vol,Sharpe Ratio,Max Drawdown,Skewness,Kurtosis,Cornish-Fisher VaR (5%),Historic CVaR (5%)
Mean Return,42.12626000534916,37.081280152981925,0.9041700132492801,-56.23463026408457,-0.2948119525791943,4.560713625249144,0.07893758437560737,0.11603138259204225
