,Annualized Return,Annualized Vol,Sharpe Ratio,Max Drawdown,Skewness,Kurtosis,Cornish-Fisher VaR (5%),Historic CVaR (5%)
Mean Return,37.06308076511115,92.95795995201024,0.3085527762266706,-73.20533617778669,17.642017987196013,350.9851661712791,-2.1008103484142953,0.0999638458013031
