,Annualized Return,Annualized Vol,Sharpe Ratio,Max Drawdown,Skewness,Kurtosis,Cornish-Fisher VaR (5%),Historic CVaR (5%)
Mean Return,21.71061074904701,32.24541324713641,0.457160930266373,-60.51331014249327,-0.2531080290824937,6.037487580855965,0.07100064673814092,0.10872082066640915
