,Annualized Return,Annualized Vol,Sharpe Ratio,Max Drawdown,Skewness,Kurtosis,Cornish-Fisher VaR (5%),Historic CVaR (5%)
Mean Return,14.267208895944572,32.04259651099587,0.2321608273846172,-70.58095511282175,-0.5661446881480746,5.182550057326778,0.07502396033911596,0.11014515599003924
