,Annualized Return,Annualized Vol,Sharpe Ratio,Max Drawdown,Skewness,Kurtosis,Cornish-Fisher VaR (5%),Historic CVaR (5%)
Mean Return,21.8117052943988,30.606091709594757,0.4876969391900911,-67.34656968981359,-0.8246445036666046,5.899566200190235,0.07465385781581738,0.10342611627640987
