,Annualized Return,Annualized Vol,Sharpe Ratio,Max Drawdown,Skewness,Kurtosis,Cornish-Fisher VaR (5%),Historic CVaR (5%)
Mean Return,37.614620271175795,94.64157375210391,0.3086712984944606,-77.71321378936383,21.005911531308655,496.11445241838226,-2.968983242818219,0.0964714145912835
