,Annualized Return,Annualized Vol,Sharpe Ratio,Max Drawdown,Skewness,Kurtosis,Cornish-Fisher VaR (5%),Historic CVaR (5%)
Mean Return,46.72916173512793,41.712302366203616,0.909745120822853,-63.92976067329972,0.06192990253586656,4.375729128484252,0.08408696700351422,0.12155786335406724
