,Annualized Return,Annualized Vol,Sharpe Ratio,Max Drawdown,Skewness,Kurtosis,Cornish-Fisher VaR (5%),Historic CVaR (5%)
Mean Return,19.072801382835824,30.27513079399679,0.4075773610988035,-66.80571271643966,-0.8187322014541818,6.029556077507834,0.07410718982231417,0.10273088425644998
