,Annualized Return,Annualized Vol,Sharpe Ratio,Max Drawdown,Skewness,Kurtosis,Cornish-Fisher VaR (5%),Historic CVaR (5%)
Mean Return,19.133288626978207,40.49797920201619,0.29211010649508556,-78.5797945793567,0.029493306274123384,4.2765151037854245,0.08541336930291092,0.11940685646555856
