,Annualized Return,Annualized Vol,Sharpe Ratio,Max Drawdown,Skewness,Kurtosis,Cornish-Fisher VaR (5%),Historic CVaR (5%)
Mean Return,38.28483233053503,76.7118766505318,0.3889012748212397,-73.1025285682218,16.46569243062855,320.86075167648295,-1.5545029573572282,0.09656326349594671
