,Annualized Return,Annualized Vol,Sharpe Ratio,Max Drawdown,Skewness,Kurtosis,Cornish-Fisher VaR (5%),Historic CVaR (5%)
Mean Return,71.41533365668143,223.4314091080245,0.2732721855291905,-57.36089065286601,19.623148911897854,394.28146562682144,-5.920865039471728,0.10361928937742025
