,Annualized Return,Annualized Vol,Sharpe Ratio,Max Drawdown,Skewness,Kurtosis,Cornish-Fisher VaR (5%),Historic CVaR (5%)
Mean Return,41.57665770869387,36.20963186149192,0.9100351545927362,-69.65361768701703,1.7045528018679785,18.682423722523946,0.0316926744417364,0.09545421464093005
