,Annualized Return,Annualized Vol,Sharpe Ratio,Max Drawdown,Skewness,Kurtosis,Cornish-Fisher VaR (5%),Historic CVaR (5%)
Mean Return,25.486692770085106,31.71185819514406,0.5771956983278496,-60.840365942510175,-0.30082868266230206,6.072924104597126,0.06971440861492696,0.1054311819448985
