,Annualized Return,Annualized Vol,Sharpe Ratio,Max Drawdown,Skewness,Kurtosis,Cornish-Fisher VaR (5%),Historic CVaR (5%)
Mean Return,10.32497578992746,31.648482440031827,0.1139836430469829,-72.05771242546103,-0.6196853445516372,5.242904934528943,0.0746344807437743,0.10494538023940031
