,Annualized Return,Annualized Vol,Sharpe Ratio,Max Drawdown,Skewness,Kurtosis,Cornish-Fisher VaR (5%),Historic CVaR (5%)
Mean Return,9.821637217919443,33.74543343747544,0.09285191323113723,-73.9554116891758,-0.4398881749008694,4.378959485817672,0.07832326733156084,0.10865002551245732
