,Annualized Return,Annualized Vol,Sharpe Ratio,Max Drawdown,Skewness,Kurtosis,Cornish-Fisher VaR (5%),Historic CVaR (5%)
Mean Return,25.335220216657973,39.12568028082834,0.4526431404756258,-72.94876968575531,0.019737513820327294,4.505812360338406,0.08139303317062938,0.11165879015715631
