,Annualized Return,Annualized Vol,Sharpe Ratio,Max Drawdown,Skewness,Kurtosis,Cornish-Fisher VaR (5%),Historic CVaR (5%)
Mean Return,14.284421934928782,35.36157581105738,0.2077824801039838,-71.79035958110629,-0.4471356137801009,4.3405867282854835,0.08146006836516746,0.11481178754516991
