,Annualized Return,Annualized Vol,Sharpe Ratio,Max Drawdown,Skewness,Kurtosis,Cornish-Fisher VaR (5%),Historic CVaR (5%)
Mean Return,60.53883632646935,149.26377235369986,0.34039686513899375,-68.23915345528647,18.925396819103852,378.758133633913,-3.7469901182509315,0.10515918227595958
