,Annualized Return,Annualized Vol,Sharpe Ratio,Max Drawdown,Skewness,Kurtosis,Cornish-Fisher VaR (5%),Historic CVaR (5%)
Mean Return,17.876692030762143,34.96418698337106,0.304602406374937,-69.58108158220412,-0.5107635658050911,4.768882134449718,0.08036818622422931,0.11141436138782518
