,Annualized Return,Annualized Vol,Sharpe Ratio,Max Drawdown,Skewness,Kurtosis,Cornish-Fisher VaR (5%),Historic CVaR (5%)
Mean Return,16.655694279617485,32.60649433944262,0.29705060563446783,-69.79936847854626,-0.5050185846899897,4.976046058840125,0.07542234198605374,0.11120181185280033
