,Annualized Return,Annualized Vol,Sharpe Ratio,Max Drawdown,Skewness,Kurtosis,Cornish-Fisher VaR (5%),Historic CVaR (5%)
Mean Return,23.190167454862642,33.79296329035649,0.46746431149572054,-70.17898571072925,-0.2531292101532839,4.539379704397269,0.07441433303107024,0.1055362785980806
