,Annualized Return,Annualized Vol,Sharpe Ratio,Max Drawdown,Skewness,Kurtosis,Cornish-Fisher VaR (5%),Historic CVaR (5%)
Mean Return,13.640150335584034,39.19082676003467,0.17197580298469797,-72.88691312035641,-0.17034634928163433,4.160468346443596,0.08663774752417498,0.12581192846096212
