,Annualized Return,Annualized Vol,Sharpe Ratio,Max Drawdown,Skewness,Kurtosis,Cornish-Fisher VaR (5%),Historic CVaR (5%)
Mean Return,19.145093696055394,30.301307717279425,0.40947851045247724,-66.73664685376293,-0.8162841671294659,6.0140961587957475,0.07414749288040977,0.10273088425644998
