,Annualized Return,Annualized Vol,Sharpe Ratio,Max Drawdown,Skewness,Kurtosis,Cornish-Fisher VaR (5%),Historic CVaR (5%)
Mean Return,41.13588743949628,39.84579044403541,0.8180188170774975,-55.92903059115829,-0.1366386415156097,4.059054628532735,0.08351600591860658,0.11476102510447908
