,Annualized Return,Annualized Vol,Sharpe Ratio,Max Drawdown,Skewness,Kurtosis,Cornish-Fisher VaR (5%),Historic CVaR (5%)
Mean Return,19.166494979499717,34.177972570260586,0.3493461505976599,-69.89861044298607,1.008608805110229,14.222405163320817,0.04816735888493445,0.10290548486089013
