,Annualized Return,Annualized Vol,Sharpe Ratio,Max Drawdown,Skewness,Kurtosis,Cornish-Fisher VaR (5%),Historic CVaR (5%)
Mean Return,32.76536791890241,33.868770704724575,0.7300256453165864,-64.08088423278616,0.7335441392360744,11.587382627994186,0.052227486137081815,0.09802901260683317
