,Annualized Return,Annualized Vol,Sharpe Ratio,Max Drawdown,Skewness,Kurtosis,Cornish-Fisher VaR (5%),Historic CVaR (5%)
Mean Return,23.522045240024013,33.39194144911899,0.49265284465811965,-50.44353793003415,-0.17474092268142666,5.7000208952274605,0.07262131429642088,0.10992144385412682
