,Annualized Return,Annualized Vol,Sharpe Ratio,Max Drawdown,Skewness,Kurtosis,Cornish-Fisher VaR (5%),Historic CVaR (5%)
Mean Return,18.76717583369423,31.10439444083393,0.3716622350784673,-70.46190160265246,-0.6010347744521688,5.826780450844597,0.0711996563369873,0.1000047184018419
