,Annualized Return,Annualized Vol,Sharpe Ratio,Max Drawdown,Skewness,Kurtosis,Cornish-Fisher VaR (5%),Historic CVaR (5%)
Mean Return,10.294092886163364,31.45302639030603,0.11377078967995703,-71.067502844228,-0.6588926659080974,5.45772112107319,0.07442770126742741,0.10508119891194012
