,Annualized Return,Annualized Vol,Sharpe Ratio,Max Drawdown,Skewness,Kurtosis,Cornish-Fisher VaR (5%),Historic CVaR (5%)
Mean Return,21.389647454870442,40.03026062066487,0.35128377555488,-73.35332465619409,-0.047236867540931954,4.88626278383406,0.08535233220535354,0.12401097578315519
