,Annualized Return,Annualized Vol,Sharpe Ratio,Max Drawdown,Skewness,Kurtosis,Cornish-Fisher VaR (5%),Historic CVaR (5%)
Mean Return,19.28978806157422,40.451337157756974,0.29619027339419135,-78.5797945793567,0.03287329745604446,4.1636056329001105,0.08537301484686864,0.1187047188401599
