,Annualized Return,Annualized Vol,Sharpe Ratio,Max Drawdown,Skewness,Kurtosis,Cornish-Fisher VaR (5%),Historic CVaR (5%)
Mean Return,22.04881187533301,30.973490405203936,0.488961791095884,-66.69068548368426,-0.7441044293269775,5.611699156860127,0.07489679334031644,0.10453358634009693
