,Annualized Return,Annualized Vol,Sharpe Ratio,Max Drawdown,Skewness,Kurtosis,Cornish-Fisher VaR (5%),Historic CVaR (5%)
Mean Return,25.042097765017335,34.83643075220088,0.5157517809234368,-62.92528460798776,-0.3028080805342803,4.185360298261733,0.07971635980179861,0.11185478171321936
