,Annualized Return,Annualized Vol,Sharpe Ratio,Max Drawdown,Skewness,Kurtosis,Cornish-Fisher VaR (5%),Historic CVaR (5%)
Mean Return,34.43159294976823,29.112401869696942,0.9012527986634397,-51.629668211201704,-0.6045079570360307,5.7521380694327835,0.06422514972433012,0.09132441599858092
