,Annualized Return,Annualized Vol,Sharpe Ratio,Max Drawdown,Skewness,Kurtosis,Cornish-Fisher VaR (5%),Historic CVaR (5%)
Mean Return,18.130912460638648,32.88660004235122,0.3374448017670468,-70.00065193691022,-0.42708218074697,4.979587420059974,0.07487919875376636,0.10970330302347776
