,Annualized Return,Annualized Vol,Sharpe Ratio,Max Drawdown,Skewness,Kurtosis,Cornish-Fisher VaR (5%),Historic CVaR (5%)
Mean Return,20.109393997923153,19.62863087607351,0.6509480242172526,-36.76791381619163,-0.9019633577429117,5.965315805983959,0.045756395435260576,0.06405244854898905
