,Annualized Return,Annualized Vol,Sharpe Ratio,Max Drawdown,Skewness,Kurtosis,Cornish-Fisher VaR (5%),Historic CVaR (5%)
Mean Return,21.66257858224516,18.858791364092795,0.7644664853860053,-28.217253967380934,-0.656627577343475,4.453542702948027,0.043120709192625464,0.06130358528201098
