,Annualized Return,Annualized Vol,Sharpe Ratio,Max Drawdown,Skewness,Kurtosis,Cornish-Fisher VaR (5%),Historic CVaR (5%)
Mean Return,18.804351671896647,32.33618213055927,0.3578712412669925,-63.65454760017282,-0.601898343343148,6.518170515803394,0.0735302230288996,0.10253957561726983
