,Annualized Return,Annualized Vol,Sharpe Ratio,Max Drawdown,Skewness,Kurtosis,Cornish-Fisher VaR (5%),Historic CVaR (5%)
Mean Return,18.934124004059917,20.629539944511333,0.5681722574914294,-45.198532614696525,-0.777371605200406,6.770821401710834,0.04706435408186964,0.06929165311814835
