,Annualized Return,Annualized Vol,Sharpe Ratio,Max Drawdown,Skewness,Kurtosis,Cornish-Fisher VaR (5%),Historic CVaR (5%)
Mean Return,27.086305371157238,25.03746667046905,0.7739256342677391,-56.885858826973944,-0.31332842708962844,4.987079558872601,0.05345403350221006,0.07662851682449145
