,Annualized Return,Annualized Vol,Sharpe Ratio,Max Drawdown,Skewness,Kurtosis,Cornish-Fisher VaR (5%),Historic CVaR (5%)
Mean Return,14.000056695670104,20.081078431999575,0.3528506355332259,-39.74809754357148,-1.021776321583746,8.078511049403042,0.047492092396774516,0.06822652290348398
