,Annualized Return,Annualized Vol,Sharpe Ratio,Max Drawdown,Skewness,Kurtosis,Cornish-Fisher VaR (5%),Historic CVaR (5%)
Mean Return,19.44401350088576,20.9700193355083,0.5786926298721847,-42.359185254831836,-1.3023911111248683,9.830296146293291,0.04976423809288423,0.06922731724265456
