,Annualized Return,Annualized Vol,Sharpe Ratio,Max Drawdown,Skewness,Kurtosis,Cornish-Fisher VaR (5%),Historic CVaR (5%)
Mean Return,21.15626920522473,21.089352496781448,0.6540395172407941,-38.58135687108541,-1.184658949753047,8.868645993011242,0.04951246020072926,0.06876776279631325
