,Annualized Return,Annualized Vol,Sharpe Ratio,Max Drawdown,Skewness,Kurtosis,Cornish-Fisher VaR (5%),Historic CVaR (5%)
Mean Return,18.367593441609277,23.362726046048053,0.4959095956241025,-34.21677850872838,-0.9880851695754184,6.259991311515724,0.05735124548366281,0.08308948515115243
