,Annualized Return,Annualized Vol,Skewness,Kurtosis,Cornish-Fisher VaR (5%),Historic CVaR (5%),Sharpe Ratio,Max Drawdown
Mean Return,0.12974305530507313,0.23356070284438615,-0.7230639965889546,6.1269026982750505,0.05459758933125408,0.0773958100085782,0.26203047264504387,-0.40490396756795105
