,Annualized Return,Annualized Vol,Sharpe Ratio,Max Drawdown,Skewness,Kurtosis,Cornish-Fisher VaR (5%),Historic CVaR (5%)
Mean Return,18.247826918265165,19.657415077306105,0.563447684891652,-48.780244093721095,-1.2792494478512015,10.053275209923239,0.046349108610789586,0.06812546423426041
