,Annualized Return,Annualized Vol,Sharpe Ratio,Max Drawdown,Skewness,Kurtosis,Cornish-Fisher VaR (5%),Historic CVaR (5%)
Mean Return,15.753762055792198,24.721489744409215,0.3717004400614895,-42.89568468626779,-0.7856300171207193,6.123054797171478,0.06022432627150842,0.0842552515587316
