,Annualized Return,Annualized Vol,Sharpe Ratio,Max Drawdown,Skewness,Kurtosis,Cornish-Fisher VaR (5%),Historic CVaR (5%)
Mean Return,32.556152457644785,29.311123030486158,0.8416888740643108,-45.70202168142196,-0.17984258349786916,5.382712052365945,0.06114997437232203,0.08904591489964839
