,Annualized Return,Annualized Vol,Sharpe Ratio,Max Drawdown,Skewness,Kurtosis,Cornish-Fisher VaR (5%),Historic CVaR (5%)
Mean Return,18.69834351890356,20.66312353249857,0.5565163363648382,-38.794036940757586,-0.8716754814178209,6.094988605614514,0.04825797200935218,0.07013130438673842
