,Annualized Return,Annualized Vol,Sharpe Ratio,Max Drawdown,Skewness,Kurtosis,Cornish-Fisher VaR (5%),Historic CVaR (5%)
Mean Return,26.282290560252953,19.69128373319499,0.947968231456825,-32.2378088572455,-0.901778264800529,6.117354272747488,0.04528195424261325,0.06426771679653574
