,Annualized Return,Annualized Vol,Skewness,Kurtosis,Cornish-Fisher VaR (5%),Historic CVaR (5%),Sharpe Ratio,Max Drawdown
Mean Return,0.2103824955270328,0.20210712510503498,-1.4124536674997084,10.176232756087616,0.04811558648834152,0.06793072931792371,0.674326861054302,-0.2985921012251089
