,Annualized Return,Annualized Vol,Sharpe Ratio,Max Drawdown,Skewness,Kurtosis,Cornish-Fisher VaR (5%),Historic CVaR (5%)
Mean Return,22.935083632256624,21.177869738355053,0.7289142442073339,-38.87663438078074,-0.8269506867379431,5.936209863658292,0.0486403676677641,0.07076717390948442
