,Annualized Return,Annualized Vol,Sharpe Ratio,Max Drawdown,Skewness,Kurtosis,Cornish-Fisher VaR (5%),Historic CVaR (5%)
Mean Return,13.338277758337313,21.905301056587355,0.2933408815553806,-45.74949248038769,-0.963636649585818,7.066537718069076,0.05230747019427523,0.0750951196541402
