,Annualized Return,Annualized Vol,Sharpe Ratio,Max Drawdown,Skewness,Kurtosis,Cornish-Fisher VaR (5%),Historic CVaR (5%)
Mean Return,1.9664881660418354,26.90537694950749,-0.15792058657415353,-58.441396288743974,-1.214382305125397,6.964394710093833,0.0690371260804141,0.09578332222451649
