,Annualized Return,Annualized Vol,Sharpe Ratio,Max Drawdown,Skewness,Kurtosis,Cornish-Fisher VaR (5%),Historic CVaR (5%)
Mean Return,17.226869624548556,25.394709124115227,0.3963646653305729,-43.44382852251057,-0.9041359469448722,9.946098806857991,0.05774480223004815,0.07905143451361955
