,Annualized Return,Annualized Vol,Sharpe Ratio,Max Drawdown,Skewness,Kurtosis,Cornish-Fisher VaR (5%),Historic CVaR (5%)
Mean Return,22.765270491358347,20.649228112288522,0.7404283232760983,-41.856744114986725,-1.2317778247238478,7.901304936674966,0.049039090408455666,0.06861032463360747
