,Annualized Return,Annualized Vol,Sharpe Ratio,Max Drawdown,Skewness,Kurtosis,Cornish-Fisher VaR (5%),Historic CVaR (5%)
Mean Return,3.513687341573535,33.24668152423082,-0.08375958859783109,-76.31961805135006,-0.48487231977021766,8.501772020147332,0.07505311530904096,0.10781710665707687
