,Annualized Return,Annualized Vol,Sharpe Ratio,Max Drawdown,Skewness,Kurtosis,Cornish-Fisher VaR (5%),Historic CVaR (5%)
Mean Return,18.947941472217877,25.004659544417095,0.48888112016348295,-45.29760602695997,-0.5743170369069533,5.453448836075016,0.05889160816154619,0.08394168318744114
