,Annualized Return,Annualized Vol,Sharpe Ratio,Max Drawdown,Skewness,Kurtosis,Cornish-Fisher VaR (5%),Historic CVaR (5%)
Mean Return,19.323381060412558,20.811888994504706,0.57832609368068,-40.98677727516878,-0.8532246780953574,5.57023347206821,0.04870013136439525,0.06879288563567257
