,Annualized Return,Annualized Vol,Sharpe Ratio,Max Drawdown,Skewness,Kurtosis,Cornish-Fisher VaR (5%),Historic CVaR (5%)
Mean Return,3.249897958361192,22.448623613331197,-0.13624361155367173,-66.64807735830533,-0.9604098844078208,7.260460487451055,0.05530089259150575,0.0794269519440018
