,Annualized Return,Annualized Vol,Skewness,Kurtosis,Cornish-Fisher VaR (5%),Historic CVaR (5%),Sharpe Ratio,Max Drawdown
Mean Return,0.14236364910927857,0.20321894950565939,-0.3864314584160535,4.969582330209058,0.045211726059479034,0.06536553858184221,0.3577712311375058,-0.3520950805167763
