,Annualized Return,Annualized Vol,Sharpe Ratio,Max Drawdown,Skewness,Kurtosis,Cornish-Fisher VaR (5%),Historic CVaR (5%)
Mean Return,30.20204192835372,21.61650455121532,1.0313482937684848,-35.74330000553799,-0.7236827999787246,5.1793519679022255,0.048266727687548486,0.06881012372286613
