,Annualized Return,Annualized Vol,Skewness,Kurtosis,Cornish-Fisher VaR (5%),Historic CVaR (5%),Sharpe Ratio,Max Drawdown
Mean Return,0.13106410806000657,0.22957789133935852,-0.7649392715437815,6.2424217398994175,0.053879361867634465,0.07737347493379472,0.2719931292453567,-0.3798873832746296
