,Annualized Return,Annualized Vol,Sharpe Ratio,Max Drawdown,Skewness,Kurtosis,Cornish-Fisher VaR (5%),Historic CVaR (5%)
Mean Return,18.737615751001613,22.8778128755306,0.5075210745874609,-31.755799017995116,-0.42490657636438284,4.736588535213321,0.051392820831317215,0.07286116542493903
