,Annualized Return,Annualized Vol,Sharpe Ratio,Max Drawdown,Skewness,Kurtosis,Cornish-Fisher VaR (5%),Historic CVaR (5%)
Mean Return,22.316911653562244,20.242968840273136,0.7344705731514083,-29.891106201690015,-0.9888428005294808,6.659874380775581,0.04712820390220455,0.06568176982242291
