,Annualized Return,Annualized Vol,Sharpe Ratio,Max Drawdown,Skewness,Kurtosis,Cornish-Fisher VaR (5%),Historic CVaR (5%)
Mean Return,12.274798471991843,20.455431134750256,0.26527396377581186,-54.30144949066496,-1.1361903524458503,8.747189966528135,0.049131765806818606,0.07089968757077995
