,Annualized Return,Annualized Vol,Skewness,Kurtosis,Cornish-Fisher VaR (5%),Historic CVaR (5%),Sharpe Ratio,Max Drawdown
Mean Return,0.1802114441475131,0.19895061620619017,-1.047289988649749,6.682899125555095,0.04863224792563482,0.06819844691553667,0.5657427713093758,-0.3010007482688246
