,Annualized Return,Annualized Vol,Sharpe Ratio,Max Drawdown,Skewness,Kurtosis,Cornish-Fisher VaR (5%),Historic CVaR (5%)
Mean Return,10.065171089074298,24.105201456233953,0.14019133834845504,-67.44602585129897,-0.8288212328866251,6.3710766195927535,0.05765811891618412,0.08334563719059693
