,Annualized Return,Annualized Vol,Sharpe Ratio,Max Drawdown,Skewness,Kurtosis,Cornish-Fisher VaR (5%),Historic CVaR (5%)
Mean Return,24.796508767426296,23.222918320702917,0.7436560980804615,-35.23681009454471,-0.5190501389321878,4.886367739562979,0.05145546288766642,0.07650578237067468
