,Annualized Return,Annualized Vol,Sharpe Ratio,Max Drawdown,Skewness,Kurtosis,Cornish-Fisher VaR (5%),Historic CVaR (5%)
Mean Return,24.200691605919864,20.746406897381902,0.8247011999634344,-30.534614042917852,-0.7096501807102091,4.999229104265945,0.048302466840368506,0.06685487483608556
