,Annualized Return,Annualized Vol,Skewness,Kurtosis,Cornish-Fisher VaR (5%),Historic CVaR (5%),Sharpe Ratio,Max Drawdown
Mean Return,0.13750756524274776,0.19310089153801535,-1.0037124445754413,6.764224476840756,0.046649215506885985,0.06629296649680537,0.36047265484678953,-0.36008365354271527
