,Annualized Return,Annualized Vol,Sharpe Ratio,Max Drawdown,Skewness,Kurtosis,Cornish-Fisher VaR (5%),Historic CVaR (5%)
Mean Return,26.39606286222369,23.339384522600383,0.8211718891646553,-36.903965601202366,-0.7873811506792613,5.794917887658323,0.05458724480614065,0.07920469727778144
