,Annualized Return,Annualized Vol,Sharpe Ratio,Max Drawdown,Skewness,Kurtosis,Cornish-Fisher VaR (5%),Historic CVaR (5%)
Mean Return,19.922627114645675,21.576199924395453,0.5839531768894659,-44.87970446121056,-1.0032854085183271,7.748299624111229,0.05030465060229731,0.06860747012733176
