,Annualized Return,Annualized Vol,Sharpe Ratio,Max Drawdown,Skewness,Kurtosis,Cornish-Fisher VaR (5%),Historic CVaR (5%)
Mean Return,18.90611217833915,19.456514817199874,0.601089668170602,-45.23922221250348,-1.124481454440003,9.036499064812206,0.045295484607797955,0.06734145854518528
