,Annualized Return,Annualized Vol,Sharpe Ratio,Max Drawdown,Skewness,Kurtosis,Cornish-Fisher VaR (5%),Historic CVaR (5%)
Mean Return,16.261441372200515,22.780139723983524,0.40416467157219116,-43.06186759330489,-0.7120315850877506,6.141776041327484,0.05256300984260504,0.07532195214551225
