,Annualized Return,Annualized Vol,Sharpe Ratio,Max Drawdown,Skewness,Kurtosis,Cornish-Fisher VaR (5%),Historic CVaR (5%)
Mean Return,18.97812449264029,21.761307334370006,0.5389491559452676,-37.53341830509998,-0.7781274786437703,5.838187946946393,0.05036200130035937,0.07025301828948163
