,Annualized Return,Annualized Vol,Sharpe Ratio,Max Drawdown,Skewness,Kurtosis,Cornish-Fisher VaR (5%),Historic CVaR (5%)
Mean Return,20.6490548447656,20.190363393096998,0.6587142584343405,-34.24268971591962,-1.2337173971136248,8.571748952320283,0.04784031607525412,0.06727191866233832
