,Annualized Return,Annualized Vol,Sharpe Ratio,Max Drawdown,Skewness,Kurtosis,Cornish-Fisher VaR (5%),Historic CVaR (5%)
Mean Return,22.210555743671144,18.945807999556937,0.8074867182273232,-30.082758956167833,-1.1092586603799328,9.28307318493694,0.044889961192781894,0.060564821655203785
