,Annualized Return,Annualized Vol,Sharpe Ratio,Max Drawdown,Skewness,Kurtosis,Cornish-Fisher VaR (5%),Historic CVaR (5%)
Mean Return,23.064276201094103,21.17235947875477,0.7389642047250866,-30.93029397316777,-0.8255264732661303,5.791819800536393,0.04911702273995557,0.06945419921708476
