,Annualized Return,Annualized Vol,Sharpe Ratio,Max Drawdown,Skewness,Kurtosis,Cornish-Fisher VaR (5%),Historic CVaR (5%)
Mean Return,30.33803121843126,21.089947085537595,1.0634372558662548,-41.75071559755759,-1.011610110018316,7.153667154285159,0.04788478282942624,0.0674743572825105
