,Annualized Return,Annualized Vol,Sharpe Ratio,Max Drawdown,Skewness,Kurtosis,Cornish-Fisher VaR (5%),Historic CVaR (5%)
Mean Return,17.46402002953964,27.0264441650466,0.38746805933379375,-45.03898197356886,-0.4709093183678278,6.63613508626938,0.060399081517191956,0.08340252403726202
