,Annualized Return,Annualized Vol,Sharpe Ratio,Max Drawdown,Skewness,Kurtosis,Cornish-Fisher VaR (5%),Historic CVaR (5%)
Mean Return,19.63865335494681,22.60793133702611,0.5454829247857532,-46.83820055261269,-0.784891914014352,6.6185592910669575,0.05190144537546723,0.07085967026647837
