,Annualized Return,Annualized Vol,Sharpe Ratio,Max Drawdown,Skewness,Kurtosis,Cornish-Fisher VaR (5%),Historic CVaR (5%)
Mean Return,23.147558842352957,20.007705187005534,0.8153720876791151,-31.10311775490987,-0.8552042588485739,6.439523811189326,0.047779316351947536,0.07076853681861166
