,Annualized Return,Annualized Vol,Sharpe Ratio,Max Drawdown,Skewness,Kurtosis,Cornish-Fisher VaR (5%),Historic CVaR (5%)
Mean Return,13.007618980573344,21.10806284912881,0.29123228991832456,-58.42041323381243,-0.9656370462845099,7.396131870235616,0.05020707013618329,0.07349489016641562
