,Annualized Return,Annualized Vol,Sharpe Ratio,Max Drawdown,Skewness,Kurtosis,Cornish-Fisher VaR (5%),Historic CVaR (5%)
Mean Return,16.511325896969574,19.27555065107638,0.49643185465449896,-29.232246791704654,-0.8420257148065972,6.105655438175162,0.04536062308702117,0.06256536651632846
