,Annualized Return,Annualized Vol,Skewness,Kurtosis,Cornish-Fisher VaR (5%),Historic CVaR (5%),Sharpe Ratio,Max Drawdown
Mean Return,0.19098377534207223,0.18842915458778586,-1.1839383287670158,10.083018686026247,0.04520810703643306,0.06085222898738066,0.6557429305408462,-0.29660232902261824
