,Annualized Return,Annualized Vol,Sharpe Ratio,Max Drawdown,Skewness,Kurtosis,Cornish-Fisher VaR (5%),Historic CVaR (5%)
Mean Return,21.153078121910518,18.49789913071381,0.744628496966905,-32.31834780351384,-1.2125725833648855,7.965389937603447,0.04365822844785,0.06270533530263717
