,Annualized Return,Annualized Vol,Sharpe Ratio,Max Drawdown,Skewness,Kurtosis,Cornish-Fisher VaR (5%),Historic CVaR (5%)
Mean Return,26.120746947404783,20.140029597702643,0.919645136348531,-32.059808907268,-0.7810376972435977,5.600679746666457,0.04585821068302268,0.0644953507780623
