,Annualized Return,Annualized Vol,Sharpe Ratio,Max Drawdown,Skewness,Kurtosis,Cornish-Fisher VaR (5%),Historic CVaR (5%)
Mean Return,26.737218607007552,27.88371274066549,0.6815931393278009,-52.592760543406655,-0.30454147200240056,5.064217478009336,0.05989443234091643,0.08536734344190412
