,Annualized Return,Annualized Vol,Sharpe Ratio,Max Drawdown,Skewness,Kurtosis,Cornish-Fisher VaR (5%),Historic CVaR (5%)
Mean Return,14.596972711971201,20.05573640428569,0.37941992425441745,-39.81719284664285,-1.5616648412360277,12.616890732658305,0.048326287579078156,0.0666215924918727
