,Annualized Return,Annualized Vol,Sharpe Ratio,Max Drawdown,Skewness,Kurtosis,Cornish-Fisher VaR (5%),Historic CVaR (5%)
Mean Return,21.355756797743773,27.364220527529014,0.5095853737282812,-59.157935940072925,-0.5631207895914774,4.865567676641539,0.06230908086719272,0.08820911070245721
