,Annualized Return,Annualized Vol,Sharpe Ratio,Max Drawdown,Skewness,Kurtosis,Cornish-Fisher VaR (5%),Historic CVaR (5%)
Mean Return,2.2715518731346362,28.766748305237645,-0.1383581375441262,-68.32521147411853,-0.5972314171638088,6.095193661890206,0.06829260631355742,0.09383248628110684
