,Annualized Return,Annualized Vol,Sharpe Ratio,Max Drawdown,Skewness,Kurtosis,Cornish-Fisher VaR (5%),Historic CVaR (5%)
Mean Return,25.991494037885765,22.057442480928795,0.831461923388475,-36.85222724919839,-0.9631174796994356,7.288703794278439,0.050502599902552105,0.06957756358166553
