,Annualized Return,Annualized Vol,Sharpe Ratio,Max Drawdown,Skewness,Kurtosis,Cornish-Fisher VaR (5%),Historic CVaR (5%)
Mean Return,18.663056269087775,20.561437651451985,0.55600609913592,-40.37808198625159,-1.3549986547344086,10.96391063507242,0.04853682576333321,0.06635869850109169
