,Annualized Return,Annualized Vol,Sharpe Ratio,Max Drawdown,Skewness,Kurtosis,Cornish-Fisher VaR (5%),Historic CVaR (5%)
Mean Return,22.123933741756986,19.57560190411154,0.7494116062160824,-36.76791381619163,-0.9196957288336686,6.180580087241644,0.04530373355902113,0.06274252346204681
