,Annualized Return,Annualized Vol,Sharpe Ratio,Max Drawdown,Skewness,Kurtosis,Cornish-Fisher VaR (5%),Historic CVaR (5%)
Mean Return,13.08783598934462,26.554041454682093,0.23428099224675378,-53.18273262434433,-0.5201486561660709,5.932833000146282,0.06050565835522863,0.08574461206176462
