,Annualized Return,Annualized Vol,Sharpe Ratio,Max Drawdown,Skewness,Kurtosis,Cornish-Fisher VaR (5%),Historic CVaR (5%)
Mean Return,19.67136527978395,26.562137933764145,0.4646385389811889,-47.85115937492481,-0.8373916775752176,6.186906634913564,0.06228468266242844,0.09069227054314524
