,Annualized Return,Annualized Vol,Sharpe Ratio,Max Drawdown,Skewness,Kurtosis,Cornish-Fisher VaR (5%),Historic CVaR (5%)
Mean Return,28.46890963192812,22.931789071726953,0.899494794012032,-31.5148872165681,-0.5948960978546831,5.79424266272133,0.05031211772768716,0.07101799983370674
