,Annualized Return,Annualized Vol,Sharpe Ratio,Max Drawdown,Skewness,Kurtosis,Cornish-Fisher VaR (5%),Historic CVaR (5%)
Mean Return,23.027656556598707,19.902312246185378,0.7806229904021722,-33.24383731060664,-1.260963774635849,8.582677784864783,0.04690726454905433,0.06649272938801722
