,Annualized Return,Annualized Vol,Sharpe Ratio,Max Drawdown,Skewness,Kurtosis,Cornish-Fisher VaR (5%),Historic CVaR (5%)
Mean Return,19.371351458089016,20.075435615413053,0.6026455189201028,-39.43840430604907,-1.3850841091004833,10.97188310917034,0.047399794783855406,0.0649330926520134
