,Annualized Return,Annualized Vol,Sharpe Ratio,Max Drawdown,Skewness,Kurtosis,Cornish-Fisher VaR (5%),Historic CVaR (5%)
Mean Return,22.327699377417364,19.71869007199835,0.7584500638704386,-32.680761054320136,-0.8810179881921839,6.423286380088599,0.0456436248213088,0.06366920827700143
