,Annualized Return,Annualized Vol,Sharpe Ratio,Max Drawdown,Skewness,Kurtosis,Cornish-Fisher VaR (5%),Historic CVaR (5%)
Mean Return,17.457289103653984,21.705766546606903,0.47893720168217946,-30.486893389410596,-0.5261037367917174,4.689136744882944,0.04967406489265266,0.07016525078985951
