,Annualized Return,Annualized Vol,Sharpe Ratio,Max Drawdown,Skewness,Kurtosis,Cornish-Fisher VaR (5%),Historic CVaR (5%)
Mean Return,17.93904161020532,18.698643380772527,0.575023108046459,-29.190333763530713,-0.9218563933449413,6.283051025901667,0.043733657804534434,0.06234633775956524
