,Annualized Return,Annualized Vol,Sharpe Ratio,Max Drawdown,Skewness,Kurtosis,Cornish-Fisher VaR (5%),Historic CVaR (5%)
Mean Return,19.025147106279007,22.59244457183715,0.5219235154469777,-45.88917393405759,-1.1187239739306403,11.51869014783633,0.051431363800215936,0.07323647601941555
