,Annualized Return,Annualized Vol,Sharpe Ratio,Max Drawdown,Skewness,Kurtosis,Cornish-Fisher VaR (5%),Historic CVaR (5%)
Mean Return,25.27425636353722,24.792147315914374,0.7128320243819348,-40.914299983571034,-0.9453778370502781,6.9548640179319765,0.05745451147251974,0.08142899979765587
