,Annualized Return,Annualized Vol,Sharpe Ratio,Max Drawdown,Skewness,Kurtosis,Cornish-Fisher VaR (5%),Historic CVaR (5%)
Mean Return,20.43247945166673,19.66513506158595,0.6659607024267165,-33.50848303392997,-1.2276113235177415,8.409312544171128,0.04659656026227463,0.0660752870233751
