,Annualized Return,Annualized Vol,Skewness,Kurtosis,Cornish-Fisher VaR (5%),Historic CVaR (5%),Sharpe Ratio,Max Drawdown
Mean Return,0.10503144948432075,0.2734900238256326,-0.5396414005046127,5.90691338575903,0.06301625614873806,0.08914473169000083,0.13875035870044525,-0.531827326243443
