,Annualized Return,Annualized Vol,Sharpe Ratio,Max Drawdown,Skewness,Kurtosis,Cornish-Fisher VaR (5%),Historic CVaR (5%)
Mean Return,23.316024361079002,19.657526847814587,0.8319089200268094,-30.397386755415916,-0.786002286749168,6.490972168985707,0.04586299541438638,0.06417785625938408
