,Annualized Return,Annualized Vol,Sharpe Ratio,Max Drawdown,Skewness,Kurtosis,Cornish-Fisher VaR (5%),Historic CVaR (5%)
Mean Return,27.977850138952952,20.548785074782568,0.9807815970540936,-35.55422680948105,-1.2650251580898304,9.511197877184914,0.047308096922999816,0.06664588873717564
