,Annualized Return,Annualized Vol,Sharpe Ratio,Max Drawdown,Skewness,Kurtosis,Cornish-Fisher VaR (5%),Historic CVaR (5%)
Mean Return,23.5840049780343,20.41562308115396,0.786612069456947,-29.688157153800198,-1.0390838236281066,8.203341416969726,0.046826143163464645,0.06420607964637305
