,Annualized Return,Annualized Vol,Skewness,Kurtosis,Cornish-Fisher VaR (5%),Historic CVaR (5%),Sharpe Ratio,Max Drawdown
Mean Return,0.16463125651986288,0.2872103871743763,-0.7645819672382562,5.856566444981513,0.06761621743140174,0.09708616383049948,0.32469637289479214,-0.5264247867155146
