,Annualized Return,Annualized Vol,Sharpe Ratio,Max Drawdown,Skewness,Kurtosis,Cornish-Fisher VaR (5%),Historic CVaR (5%)
Mean Return,19.059318481210653,21.622526310597035,0.5452414822790025,-40.986777275168805,-0.7026809735621627,5.0774722919399,0.04991011043532279,0.07006992892613069
