,Annualized Return,Annualized Vol,Sharpe Ratio,Max Drawdown,Skewness,Kurtosis,Cornish-Fisher VaR (5%),Historic CVaR (5%)
Mean Return,21.840968871901055,18.717207419982724,0.7987006964962425,-29.660232902261846,-1.108985496126427,9.68360432786316,0.04414578193802801,0.05904796951628435
