,Annualized Return,Annualized Vol,Skewness,Kurtosis,Cornish-Fisher VaR (5%),Historic CVaR (5%),Sharpe Ratio,Max Drawdown
Mean Return,0.19347870478862372,0.20322141626098802,-1.013375327211065,6.19003021975167,0.049557643521317196,0.07001355056861196,0.615464752226192,-0.2966736632096106
