,Annualized Return,Annualized Vol,Sharpe Ratio,Max Drawdown,Skewness,Kurtosis,Cornish-Fisher VaR (5%),Historic CVaR (5%)
Mean Return,26.595857741057483,23.039212614455035,0.8206855786067406,-39.77288030275543,-0.8768926735958813,6.88280885579902,0.05240923654680929,0.07226700455587153
