,Annualized Return,Annualized Vol,Sharpe Ratio,Max Drawdown,Skewness,Kurtosis,Cornish-Fisher VaR (5%),Historic CVaR (5%)
Mean Return,11.94141502225543,20.65651420479558,0.2475160215248809,-49.8747520422722,-1.0948737536529063,7.60633489012013,0.050062849774490006,0.07154631914764772
