,Annualized Return,Annualized Vol,Sharpe Ratio,Max Drawdown,Skewness,Kurtosis,Cornish-Fisher VaR (5%),Historic CVaR (5%)
Mean Return,35.10254306138829,29.705777800039492,0.9038670468200618,-53.62117802921736,-0.37347807987767195,5.032370066338191,0.06362599093438029,0.09354598159221064
