,Annualized Return,Annualized Vol,Sharpe Ratio,Max Drawdown,Skewness,Kurtosis,Cornish-Fisher VaR (5%),Historic CVaR (5%)
Mean Return,18.470483465003618,20.42226007143241,0.5721127539605846,-29.73307201507554,-1.0110436361209512,6.3773180802724285,0.04983910541847464,0.07013401554237313
