,Annualized Return,Annualized Vol,Sharpe Ratio,Max Drawdown,Skewness,Kurtosis,Cornish-Fisher VaR (5%),Historic CVaR (5%)
Mean Return,15.92659822742375,20.408267323825413,0.43411927334657086,-37.72682782200849,-0.7999831158879435,5.9353588611951675,0.0476515401693281,0.06735448023586135
