,Annualized Return,Annualized Vol,Sharpe Ratio,Max Drawdown,Skewness,Kurtosis,Cornish-Fisher VaR (5%),Historic CVaR (5%)
Mean Return,17.75396065732602,20.55020180964274,0.5139004002870381,-44.87069749920654,-1.0789171799914656,7.652037975533407,0.04870015213846568,0.06886785212161757
