,Annualized Return,Annualized Vol,Sharpe Ratio,Max Drawdown,Skewness,Kurtosis,Cornish-Fisher VaR (5%),Historic CVaR (5%)
Mean Return,21.044441217093702,20.433214674679068,0.6690758020096421,-29.782248138806803,-1.1342846101299158,8.417225466876038,0.04780089839287564,0.06596425588270927
