,Annualized Return,Annualized Vol,Sharpe Ratio,Max Drawdown,Skewness,Kurtosis,Cornish-Fisher VaR (5%),Historic CVaR (5%)
Mean Return,21.59150692493592,22.54581626627379,0.6305365551344395,-41.605338355252165,-0.8501869620088678,6.686267694126887,0.051893499158169265,0.07587667397015058
