,Annualized Return,Annualized Vol,Sharpe Ratio,Max Drawdown,Skewness,Kurtosis,Cornish-Fisher VaR (5%),Historic CVaR (5%)
Mean Return,21.110148901240255,20.95450385696263,0.6545607889666073,-42.78602510212238,-1.3191209647758841,10.483579269841167,0.04917857524237711,0.06664790959083203
