,Annualized Return,Annualized Vol,Skewness,Kurtosis,Cornish-Fisher VaR (5%),Historic CVaR (5%),Sharpe Ratio,Max Drawdown
Mean Return,0.2269988623362229,0.20649228112288523,-1.2317778247238478,7.901304936674966,0.049039090408455666,0.06861032463360747,0.7383654608127794,-0.41856744114986727
