,Annualized Return,Annualized Vol,Sharpe Ratio,Max Drawdown,Skewness,Kurtosis,Cornish-Fisher VaR (5%),Historic CVaR (5%)
Mean Return,21.90165108995381,20.14998097828893,0.7240389231210439,-33.46189859835041,-1.1967089440449787,8.119249933233666,0.04798459932144864,0.06824045101293588
