,Annualized Return,Annualized Vol,Sharpe Ratio,Max Drawdown,Skewness,Kurtosis,Cornish-Fisher VaR (5%),Historic CVaR (5%)
Mean Return,23.623736715956767,21.114222118850083,0.7635584641578168,-41.192843711386466,-0.8393644626474365,8.647575565168559,0.04684238443942857,0.06728722033361642
