,Annualized Return,Annualized Vol,Sharpe Ratio,Max Drawdown,Skewness,Kurtosis,Cornish-Fisher VaR (5%),Historic CVaR (5%)
Mean Return,13.309946969433039,20.664014326224727,0.30969014760811747,-40.9875034421832,-1.003658958738051,7.7939220211561375,0.049100218715239306,0.07042289253298814
