,Annualized Return,Annualized Vol,Sharpe Ratio,Max Drawdown,Skewness,Kurtosis,Cornish-Fisher VaR (5%),Historic CVaR (5%)
Mean Return,27.689749611389036,20.7201228623281,0.9595991994329651,-29.23653905178237,-1.1782607242226366,8.959649444075119,0.04750842596822524,0.06701084736233981
