,Annualized Return,Annualized Vol,Sharpe Ratio,Max Drawdown,Skewness,Kurtosis,Cornish-Fisher VaR (5%),Historic CVaR (5%)
Mean Return,17.25452253006401,20.068224739416436,0.5053590478812606,-40.987503442183176,-1.0019093739180844,7.854519711999671,0.04691536393270704,0.06786433233085958
