,Annualized Return,Annualized Vol,Sharpe Ratio,Max Drawdown,Skewness,Kurtosis,Cornish-Fisher VaR (5%),Historic CVaR (5%)
Mean Return,23.026232083277165,21.545948480917254,0.723834136333427,-35.081738256581275,-0.6784997442415951,5.719864934504634,0.048488019878500974,0.06925347734881628
