,Annualized Return,Annualized Vol,Sharpe Ratio,Max Drawdown,Skewness,Kurtosis,Cornish-Fisher VaR (5%),Historic CVaR (5%)
Mean Return,28.502653677312306,28.868230263190526,0.7329020064243548,-33.724492132690045,-0.18040288211225294,5.617143149663866,0.06165041222511273,0.0920105669110872
