,Annualized Return,Annualized Vol,Sharpe Ratio,Max Drawdown,Skewness,Kurtosis,Cornish-Fisher VaR (5%),Historic CVaR (5%)
Mean Return,29.286412715916033,21.56096856532094,0.9922988225559717,-30.469761235098066,-0.7420580771967488,6.37174019912513,0.047712374545287664,0.0672228535762636
