,Annualized Return,Annualized Vol,Sharpe Ratio,Max Drawdown,Skewness,Kurtosis,Cornish-Fisher VaR (5%),Historic CVaR (5%)
Mean Return,11.98150795990971,20.264811685075564,0.25416620676767204,-40.63878710488224,-1.0134598974500306,7.088558072769338,0.04880854872184879,0.06824036405300644
