,Annualized Return,Annualized Vol,Sharpe Ratio,Max Drawdown,Skewness,Kurtosis,Cornish-Fisher VaR (5%),Historic CVaR (5%)
Mean Return,17.153366824394787,21.165535901174376,0.47815074596660273,-40.46003383409923,-1.1673103893135772,7.933744054875721,0.05125708434181215,0.07048103091858507
