,Annualized Return,Annualized Vol,Sharpe Ratio,Max Drawdown,Skewness,Kurtosis,Cornish-Fisher VaR (5%),Historic CVaR (5%)
Mean Return,26.627299292789573,20.13404360817098,0.9378621495520539,-34.76470848502278,-0.8873463855874044,7.300023579384332,0.04516849871827637,0.06372760594399882
