,Annualized Return,Annualized Vol,Sharpe Ratio,Max Drawdown,Skewness,Kurtosis,Cornish-Fisher VaR (5%),Historic CVaR (5%)
Mean Return,14.78807930513597,19.7331867193455,0.39473182332547396,-38.00977370249946,-1.505515082743449,12.36527170335383,0.047272716820012765,0.06450204272302956
