,Annualized Return,Annualized Vol,Sharpe Ratio,Max Drawdown,Skewness,Kurtosis,Cornish-Fisher VaR (5%),Historic CVaR (5%)
Mean Return,14.48307267547806,21.583422149749417,0.3475862826422667,-38.847311440844024,-0.9457814966969527,7.371850481747797,0.051000315421845334,0.07321830579521742
