,Annualized Return,Annualized Vol,Sharpe Ratio,Max Drawdown,Skewness,Kurtosis,Cornish-Fisher VaR (5%),Historic CVaR (5%)
Mean Return,22.99149731807233,22.60768398692419,0.6867977101668183,-50.21227810325913,-0.6422062922551894,7.505923688540854,0.0496517017307016,0.07081620406003854
