,Annualized Return,Annualized Vol,Sharpe Ratio,Max Drawdown,Skewness,Kurtosis,Cornish-Fisher VaR (5%),Historic CVaR (5%)
Mean Return,22.813168021678855,20.68944997870586,0.7411641333383329,-43.28011683550147,-1.3440505792886954,8.966699210228507,0.04927560467332377,0.06898960963907799
