,Annualized Return,Annualized Vol,Sharpe Ratio,Max Drawdown,Skewness,Kurtosis,Cornish-Fisher VaR (5%),Historic CVaR (5%)
Mean Return,22.743052969510934,24.118325778630307,0.6330152347944686,-34.21677850872838,-0.9689228894366616,6.1866290418203285,0.05688512301581427,0.08308948515115243
