,Annualized Return,Annualized Vol,Sharpe Ratio,Max Drawdown,Skewness,Kurtosis,Cornish-Fisher VaR (5%),Historic CVaR (5%)
Mean Return,23.116705492887313,23.610009344691658,0.6626007240074521,-38.58428349934152,-0.931223519210199,6.577738831161638,0.05500571361037319,0.0795110282381509
