,Annualized Return,Annualized Vol,Sharpe Ratio,Max Drawdown,Skewness,Kurtosis,Cornish-Fisher VaR (5%),Historic CVaR (5%)
Mean Return,24.937483677960582,28.197452799813522,0.6133372568078397,-40.444041809621844,-0.056202953257313955,4.337986515822409,0.05877753185959842,0.08417335344399282
