,Annualized Return,Annualized Vol,Sharpe Ratio,Max Drawdown,Skewness,Kurtosis,Cornish-Fisher VaR (5%),Historic CVaR (5%)
Mean Return,20.457562126288487,19.75933301697669,0.6639762864090053,-36.415699935801,-1.4425321705677414,11.647285977514553,0.046418342558223254,0.06459545176852485
