,Annualized Return,Annualized Vol,Sharpe Ratio,Max Drawdown,Skewness,Kurtosis,Cornish-Fisher VaR (5%),Historic CVaR (5%)
Mean Return,21.10724045742065,19.42896626464633,0.7067127343266606,-29.31069639694287,-1.177302898142089,10.698664058129301,0.044319684038885455,0.059405301263526916
