,Annualized Return,Annualized Vol,Sharpe Ratio,Max Drawdown,Skewness,Kurtosis,Cornish-Fisher VaR (5%),Historic CVaR (5%)
Mean Return,28.895690949162713,20.941287002915352,1.0035927830327687,-35.48183674473684,-1.2044048481421115,9.008109937688705,0.0480332650040438,0.06859729060322199
