,Annualized Return,Annualized Vol,Sharpe Ratio,Max Drawdown,Skewness,Kurtosis,Cornish-Fisher VaR (5%),Historic CVaR (5%)
Mean Return,12.889425089064876,20.756175770315142,0.2892651415980949,-49.05215477864302,-1.202950943899927,8.525905762604461,0.05036485076224678,0.07149681120920906
