,Annualized Return,Annualized Vol,Sharpe Ratio,Max Drawdown,Skewness,Kurtosis,Cornish-Fisher VaR (5%),Historic CVaR (5%)
Mean Return,15.538179845369715,28.445416641499964,0.30226635810397057,-43.884695365815155,-0.16364518509496526,4.638705611532047,0.062338284163060434,0.08838112486911741
