,Annualized Return,Annualized Vol,Sharpe Ratio,Max Drawdown,Skewness,Kurtosis,Cornish-Fisher VaR (5%),Historic CVaR (5%)
Mean Return,20.849992661444627,20.773517434456235,0.6518076633407468,-38.33554631403348,-1.066045667093642,7.623925985032081,0.04864947395263154,0.0696940372955406
