,Annualized Return,Annualized Vol,Sharpe Ratio,Max Drawdown,Skewness,Kurtosis,Cornish-Fisher VaR (5%),Historic CVaR (5%)
Mean Return,28.501211403714887,27.306074938686002,0.7573508604941961,-30.698439884027678,-0.4774580891054539,4.789344422865558,0.060250840823143,0.08641433045434123
