,Annualized Return,Annualized Vol,Sharpe Ratio,Max Drawdown,Skewness,Kurtosis,Cornish-Fisher VaR (5%),Historic CVaR (5%)
Mean Return,26.451373940052104,26.576743797397405,0.7263292045772862,-34.499455708145845,-0.6166564170838985,5.384602802239739,0.06199349217631992,0.09093666991203901
