,Annualized Return,Annualized Vol,Sharpe Ratio,Max Drawdown,Skewness,Kurtosis,Cornish-Fisher VaR (5%),Historic CVaR (5%)
Mean Return,27.090864731470532,25.549296081060273,0.7585038556742304,-42.18672687950774,-0.7600847404082102,6.164448637223285,0.05796154735162376,0.08257700365352574
