,Annualized Return,Annualized Vol,Sharpe Ratio,Max Drawdown,Skewness,Kurtosis,Cornish-Fisher VaR (5%),Historic CVaR (5%)
Mean Return,16.46312565198629,28.72103871743763,0.32469637289479214,-52.642478671551466,-0.7645819672382562,5.856566444981513,0.06761621743140174,0.09708616383049948
