,Annualized Return,Annualized Vol,Sharpe Ratio,Max Drawdown,Skewness,Kurtosis,Cornish-Fisher VaR (5%),Historic CVaR (5%)
Mean Return,14.912022011892434,20.104309525149443,0.39323731158478603,-42.92389916989865,-1.3497162439791914,9.413536402650783,0.04884646828311699,0.06950563974459312
