,Annualized Return,Annualized Vol,Sharpe Ratio,Max Drawdown,Skewness,Kurtosis,Cornish-Fisher VaR (5%),Historic CVaR (5%)
Mean Return,22.286108511380398,21.462751894872053,0.6924579001000875,-36.079961527139304,-0.9168856907079036,7.073626617438224,0.04941430826262965,0.07120282131215148
