,Annualized Return,Annualized Vol,Sharpe Ratio,Max Drawdown,Skewness,Kurtosis,Cornish-Fisher VaR (5%),Historic CVaR (5%)
Mean Return,14.879573179195749,21.80652680485358,0.3835674383516999,-38.39344444085815,-1.1404077427910284,8.350287101912423,0.05434062314404308,0.07704182471345547
