,Annualized Return,Annualized Vol,Sharpe Ratio,Max Drawdown,Skewness,Kurtosis,Cornish-Fisher VaR (5%),Historic CVaR (5%)
Mean Return,22.340065022924406,22.052419770233158,0.6751659378532291,-37.4742587574642,-1.0919026885725747,8.682331164416617,0.05116465463849625,0.07132918000213176
