,Annualized Return,Annualized Vol,Sharpe Ratio,Max Drawdown,Skewness,Kurtosis,Cornish-Fisher VaR (5%),Historic CVaR (5%)
Mean Return,21.001687098222366,19.6132589397304,0.7218603022782512,-29.20679219191445,-0.9762082197767811,7.391292547524724,0.04697265800615119,0.06561505057758854
