,Annualized Return,Annualized Vol,Sharpe Ratio,Max Drawdown,Skewness,Kurtosis,Cornish-Fisher VaR (5%),Historic CVaR (5%)
Mean Return,20.29626236300446,19.260266573699894,0.7004258293778051,-29.64459014932917,-0.7127493736087669,6.38827182853893,0.04491912240909851,0.06206867555939459
