,Annualized Return,Annualized Vol,Sharpe Ratio,Max Drawdown,Skewness,Kurtosis,Cornish-Fisher VaR (5%),Historic CVaR (5%)
Mean Return,22.179525232547782,20.56921640783606,0.7165378347995909,-32.059808907268014,-0.7493553689702249,5.774117659303957,0.04675944284885874,0.06557718994150144
