,Annualized Return,Annualized Vol,Sharpe Ratio,Max Drawdown,Skewness,Kurtosis,Cornish-Fisher VaR (5%),Historic CVaR (5%)
Mean Return,30.53162888954151,24.223695383178846,0.9310744153556737,-36.29552036614443,-0.48318727118170124,5.378242120882728,0.052382343092399336,0.07593371230166834
