,Annualized Return,Annualized Vol,Sharpe Ratio,Max Drawdown,Skewness,Kurtosis,Cornish-Fisher VaR (5%),Historic CVaR (5%)
Mean Return,14.397005213134161,22.366820364464882,0.33177995605758515,-44.777385206978906,-1.3982439060583423,10.7635816080692,0.054180928624967414,0.07515614947211018
