,Annualized Return,Annualized Vol,Sharpe Ratio,Max Drawdown,Skewness,Kurtosis,Cornish-Fisher VaR (5%),Historic CVaR (5%)
Mean Return,18.52604367011017,21.7727536947667,0.5431914063573317,-39.52726580903516,-1.022595895524565,7.784670258068818,0.053057631671476486,0.0743524689183532
