,Annualized Return,Annualized Vol,Sharpe Ratio,Max Drawdown,Skewness,Kurtosis,Cornish-Fisher VaR (5%),Historic CVaR (5%)
Mean Return,20.535754258721205,18.85396390754025,0.7006715562663962,-31.946537872342155,-1.0104782665446324,8.003774311670291,0.043364730639977915,0.06108189099704546
