,Annualized Return,Annualized Vol,Sharpe Ratio,Max Drawdown,Skewness,Kurtosis,Cornish-Fisher VaR (5%),Historic CVaR (5%)
Mean Return,14.197514580664095,21.15139792683063,0.34199917407198255,-41.77522626537137,-0.9433219922612962,7.114662911783969,0.05011857181617831,0.07157653724454899
