,Annualized Return,Annualized Vol,Sharpe Ratio,Max Drawdown,Skewness,Kurtosis,Cornish-Fisher VaR (5%),Historic CVaR (5%)
Mean Return,16.657758897582966,23.309687851423938,0.41034905556353773,-50.47135475850876,-1.1220084320376178,11.47277908452346,0.053597920927105525,0.07532153567490277
