,Annualized Return,Annualized Vol,Sharpe Ratio,Max Drawdown,Skewness,Kurtosis,Cornish-Fisher VaR (5%),Historic CVaR (5%)
Mean Return,19.499268253973078,23.198196697633357,0.5273890155500407,-48.82144979896971,-0.8359222920098142,7.349629017272692,0.05328010075438068,0.07295798810532368
