,Annualized Return,Annualized Vol,Sharpe Ratio,Max Drawdown,Skewness,Kurtosis,Cornish-Fisher VaR (5%),Historic CVaR (5%)
Mean Return,12.25072101198299,21.05001660166577,0.2566960589999044,-40.870406725239164,-1.3718090464287074,9.457732875000481,0.05182918088642012,0.07142661516599849
