,Annualized Return,Annualized Vol,Sharpe Ratio,Max Drawdown,Skewness,Kurtosis,Cornish-Fisher VaR (5%),Historic CVaR (5%)
Mean Return,13.46734209586642,20.67044021199463,0.3242600419163189,-37.517201980125044,-0.7713883330036698,6.0540809954457195,0.04886650753869083,0.06700959019129273
