,Annualized Return,Annualized Vol,Sharpe Ratio,Max Drawdown,Skewness,Kurtosis,Cornish-Fisher VaR (5%),Historic CVaR (5%)
Mean Return,25.523976731726925,21.862297866415734,0.8433891615720583,-32.75447521764473,-0.7071368049553999,5.6206743659134135,0.050992135619531004,0.07213753524345615
