,Annualized Return,Annualized Vol,Sharpe Ratio,Max Drawdown,Skewness,Kurtosis,Cornish-Fisher VaR (5%),Historic CVaR (5%)
Mean Return,15.195405089535186,24.90888598929551,0.3287806004781503,-50.766326973300565,-0.7465653134986687,7.539702710257206,0.057200231117018656,0.08120978552312182
