,Annualized Return,Annualized Vol,Skewness,Kurtosis,Cornish-Fisher VaR (5%),Historic CVaR (5%),Sharpe Ratio,Max Drawdown
Mean Return,0.20142663871518973,0.19909431514267859,-1.5372278695536084,11.72767263893057,0.04741532286627023,0.06615423831631068,0.6422545902580526,-0.30538301799801826
