,Annualized Return,Annualized Vol,Sharpe Ratio,Max Drawdown,Skewness,Kurtosis,Cornish-Fisher VaR (5%),Historic CVaR (5%)
Mean Return,13.936737419008537,20.255814577640205,0.34502834714683595,-37.41563424332098,-1.0524469206813873,8.141908544060144,0.048123489324404314,0.06920581422629764
