,Annualized Return,Annualized Vol,Sharpe Ratio,Max Drawdown,Skewness,Kurtosis,Cornish-Fisher VaR (5%),Historic CVaR (5%)
Mean Return,8.800114498690315,20.603275854801286,0.10568109074257424,-57.10696387487063,-1.1237125984358836,8.936694401050591,0.04990575047665003,0.07228152620136064
