,Annualized Return,Annualized Vol,Sharpe Ratio,Max Drawdown,Skewness,Kurtosis,Cornish-Fisher VaR (5%),Historic CVaR (5%)
Mean Return,8.440294080958077,28.340234562611215,0.06363404077162452,-64.64379600130908,-0.6804364950300487,6.54786266419541,0.06666478002750868,0.09455911170406213
