,Annualized Return,Annualized Vol,Sharpe Ratio,Max Drawdown,Skewness,Kurtosis,Cornish-Fisher VaR (5%),Historic CVaR (5%)
Mean Return,26.576974221588088,19.912781923563394,0.9460965909451029,-29.56883878488051,-1.1180933250526524,8.626228343101959,0.04544714372965347,0.06245156282312626
