,Annualized Return,Annualized Vol,Sharpe Ratio,Max Drawdown,Skewness,Kurtosis,Cornish-Fisher VaR (5%),Historic CVaR (5%)
Mean Return,27.168205416749736,20.135125225512407,0.9632468806412685,-29.96387678908523,-1.197199437830088,9.332020985575365,0.046044273228118285,0.06273782491069534
