,Annualized Return,Annualized Vol,Sharpe Ratio,Max Drawdown,Skewness,Kurtosis,Cornish-Fisher VaR (5%),Historic CVaR (5%)
Mean Return,21.651371799050455,30.151115323793448,0.4727566386317044,-72.23442203777594,-0.5317521592337219,5.914380048516677,0.06766523193827176,0.09696389417059452
