,Annualized Return,Annualized Vol,Sharpe Ratio,Max Drawdown,Skewness,Kurtosis,Cornish-Fisher VaR (5%),Historic CVaR (5%)
Mean Return,20.62670156840454,22.91012001661296,0.5795581891275001,-44.56658666094296,-1.3888399592856562,10.884682975556165,0.054386289064136256,0.0743235539528399
