,Annualized Return,Annualized Vol,Sharpe Ratio,Max Drawdown,Skewness,Kurtosis,Cornish-Fisher VaR (5%),Historic CVaR (5%)
Mean Return,29.04005353981627,21.417816348192037,0.9898985716017568,-37.62237708134555,-0.8214040313859514,5.869978177918729,0.048279487011683817,0.06842976180749771
