,Annualized Return,Annualized Vol,Sharpe Ratio,Max Drawdown,Skewness,Kurtosis,Cornish-Fisher VaR (5%),Historic CVaR (5%)
Mean Return,26.957788872112843,21.410351135537656,0.896555377315405,-35.689708335131876,-0.7064081306755967,6.23356192074083,0.047517843968303025,0.06701975729378194
