,Annualized Return,Annualized Vol,Sharpe Ratio,Max Drawdown,Skewness,Kurtosis,Cornish-Fisher VaR (5%),Historic CVaR (5%)
Mean Return,21.057527861731295,19.38870361678035,0.7286582354453557,-29.891106201690015,-0.9808041246663955,6.693322810018901,0.04634139429977249,0.06509767595931076
