,Annualized Return,Annualized Vol,Sharpe Ratio,Max Drawdown,Skewness,Kurtosis,Cornish-Fisher VaR (5%),Historic CVaR (5%)
Mean Return,25.738923610596043,24.955184789454925,0.7236046131637397,-46.32123825337928,-0.6418681706278596,5.730740282375575,0.05600425487495817,0.08162382662456756
