,Annualized Return,Annualized Vol,Sharpe Ratio,Max Drawdown,Skewness,Kurtosis,Cornish-Fisher VaR (5%),Historic CVaR (5%)
Mean Return,20.25540941535273,23.36344215848685,0.5520255573318298,-43.32562585092523,-0.5808642647774918,5.195048623429751,0.05287124872749524,0.07417782230204091
