,Annualized Return,Annualized Vol,Sharpe Ratio,Max Drawdown,Skewness,Kurtosis,Cornish-Fisher VaR (5%),Historic CVaR (5%)
Mean Return,19.770399194441634,21.798085964624843,0.5729790444031881,-42.543259991539145,-1.0978670222532367,8.363654847635075,0.051183843652981814,0.07086088747849663
