,Annualized Return,Annualized Vol,Sharpe Ratio,Max Drawdown,Skewness,Kurtosis,Cornish-Fisher VaR (5%),Historic CVaR (5%)
Mean Return,10.88158605101719,20.18567420419904,0.20393454908988987,-53.15506437457387,-1.165962763421646,9.580967434192612,0.048430328858664065,0.07029084172740067
