,Annualized Return,Annualized Vol,Sharpe Ratio,Max Drawdown,Skewness,Kurtosis,Cornish-Fisher VaR (5%),Historic CVaR (5%)
Mean Return,13.321216384181088,22.2153008558988,0.2885222682930024,-44.76353697965275,-0.793242415729764,6.894473118891357,0.051869244600689556,0.0745651881003305
