,Annualized Return,Annualized Vol,Sharpe Ratio,Max Drawdown,Skewness,Kurtosis,Cornish-Fisher VaR (5%),Historic CVaR (5%)
Mean Return,2.4099665172701235,23.967101556132604,-0.1598760282036022,-67.1900978425712,-0.8763284812472455,6.707052857498872,0.05887721519720718,0.08327248710266882
