,Annualized Return,Annualized Vol,Sharpe Ratio,Max Drawdown,Skewness,Kurtosis,Cornish-Fisher VaR (5%),Historic CVaR (5%)
Mean Return,29.18711990262832,21.499142519820854,0.9927783566986134,-40.59097985298135,-0.8182371060829786,5.8599645240895875,0.048422790033515774,0.06887573478396138
