,Annualized Return,Annualized Vol,Sharpe Ratio,Max Drawdown,Skewness,Kurtosis,Cornish-Fisher VaR (5%),Historic CVaR (5%)
Mean Return,19.852847431479837,20.939644292790838,0.6010170006748606,-37.8988839976474,-0.8982809584982147,6.446394935994974,0.04874253813790996,0.07158586598962874
