,Annualized Return,Annualized Vol,Sharpe Ratio,Max Drawdown,Skewness,Kurtosis,Cornish-Fisher VaR (5%),Historic CVaR (5%)
Mean Return,23.704870498216792,20.551665545544655,0.7881794462792429,-38.32511911873505,-0.9719821839858901,9.581915290387604,0.04589072765800428,0.06586890781836434
