,Annualized Return,Annualized Vol,Sharpe Ratio,Max Drawdown,Skewness,Kurtosis,Cornish-Fisher VaR (5%),Historic CVaR (5%)
Mean Return,16.970770812093217,21.185155899518698,0.46689817891114743,-41.77522626537139,-0.9132472455084505,6.651775204805773,0.04978076579172758,0.07052419087796237
