,Annualized Return,Annualized Vol,Sharpe Ratio,Max Drawdown,Skewness,Kurtosis,Cornish-Fisher VaR (5%),Historic CVaR (5%)
Mean Return,18.76040535336516,21.190650139738164,0.5523808328633381,-42.73109330680403,-1.0049276014994981,6.9719723279038615,0.05043496547144579,0.07196957335202592
