,Annualized Return,Annualized Vol,Sharpe Ratio,Max Drawdown,Skewness,Kurtosis,Cornish-Fisher VaR (5%),Historic CVaR (5%)
Mean Return,22.383639976902092,20.15404855564454,0.7672534807660649,-30.546421151535547,-0.8903905315195817,6.658843082072343,0.047937763219774436,0.06800758744100714
