,Annualized Return,Annualized Vol,Skewness,Kurtosis,Cornish-Fisher VaR (5%),Historic CVaR (5%),Sharpe Ratio,Max Drawdown
Mean Return,0.10850159645268986,0.20114216001352095,-1.1996397373045498,9.433173286229168,0.0485611038182379,0.07091887590349133,0.20409031816160061,-0.5180057129682366
