,Annualized Return,Annualized Vol,Sharpe Ratio,Max Drawdown,Skewness,Kurtosis,Cornish-Fisher VaR (5%),Historic CVaR (5%)
Mean Return,27.531948239196534,22.83240622954974,0.8658960217604571,-36.502096329987566,-1.0179331642114995,7.125234796209188,0.05272070155033781,0.07612553802732107
