,Annualized Return,Annualized Vol,Sharpe Ratio,Max Drawdown,Skewness,Kurtosis,Cornish-Fisher VaR (5%),Historic CVaR (5%)
Mean Return,17.594548925474363,19.853242529691535,0.5244968544976051,-39.55827884691458,-1.4261378728571694,11.57346640898967,0.04707348517806887,0.06424826354581084
