,Annualized Return,Annualized Vol,Sharpe Ratio,Max Drawdown,Skewness,Kurtosis,Cornish-Fisher VaR (5%),Historic CVaR (5%)
Mean Return,20.775351296321976,19.921728060779557,0.6752930046669864,-40.10257095145418,-0.8324990022802482,7.12582032027965,0.045238928142769814,0.06645956713542875
