,Annualized Return,Annualized Vol,Sharpe Ratio,Max Drawdown,Skewness,Kurtosis,Cornish-Fisher VaR (5%),Historic CVaR (5%)
Mean Return,4.168086006252292,23.701613058224076,-0.09263970214526815,-65.67840013007064,-0.9417260268535024,7.342097951259972,0.058015385465417076,0.0822755960085656
