,Annualized Return,Annualized Vol,Sharpe Ratio,Max Drawdown,Skewness,Kurtosis,Cornish-Fisher VaR (5%),Historic CVaR (5%)
Mean Return,29.225336669333114,20.78108121938626,1.0314834098671541,-30.070606976180024,-0.7046585550074939,5.3345899593375625,0.0465724003035852,0.06621969500070839
