,Annualized Return,Annualized Vol,Sharpe Ratio,Max Drawdown,Skewness,Kurtosis,Cornish-Fisher VaR (5%),Historic CVaR (5%)
Mean Return,12.826574392615298,23.752198727959637,0.25161104547660434,-49.798279243302446,-0.7371076052472237,6.790756370679298,0.055268796102366236,0.07953272908371323
