,Annualized Return,Annualized Vol,Sharpe Ratio,Max Drawdown,Skewness,Kurtosis,Cornish-Fisher VaR (5%),Historic CVaR (5%)
Mean Return,23.850812420608804,19.404778922512886,0.8443123390624208,-32.5057460131095,-0.8912505357373836,6.241338181088161,0.044795786528773605,0.06309445034394588
