,Annualized Return,Annualized Vol,Sharpe Ratio,Max Drawdown,Skewness,Kurtosis,Cornish-Fisher VaR (5%),Historic CVaR (5%)
Mean Return,22.822345070226202,19.87241688437049,0.7720859928772619,-32.106623462193,-0.8929597679121976,6.130100213295606,0.04575985720055356,0.06426228618498706
