,Annualized Return,Annualized Vol,Sharpe Ratio,Max Drawdown,Skewness,Kurtosis,Cornish-Fisher VaR (5%),Historic CVaR (5%)
Mean Return,26.359798193305007,28.562637461685142,0.6541356275657233,-52.932218816805374,-0.6574309127548167,6.224607392445755,0.06425622888417014,0.08934702267122106
