,Annualized Return,Annualized Vol,Sharpe Ratio,Max Drawdown,Skewness,Kurtosis,Cornish-Fisher VaR (5%),Historic CVaR (5%)
Mean Return,20.279950299470805,22.41251019721229,0.578407596674025,-39.8170695937219,-0.8593148804830737,6.666709103931746,0.05188497955586367,0.07200670550084348
