,Annualized Return,Annualized Vol,Sharpe Ratio,Max Drawdown,Skewness,Kurtosis,Cornish-Fisher VaR (5%),Historic CVaR (5%)
Mean Return,23.68808332771333,23.12877546634928,0.6996416225653596,-54.0471869346451,-0.5597437771137348,6.315170813523016,0.05084685295950722,0.07207906300788026
