,Annualized Return,Annualized Vol,Sharpe Ratio,Max Drawdown,Skewness,Kurtosis,Cornish-Fisher VaR (5%),Historic CVaR (5%)
Mean Return,17.7632135439584,22.22948670802185,0.4762032586748436,-42.140838993845676,-1.152903221667828,11.558423595961301,0.051003236137086704,0.07288818132126322
