,Annualized Return,Annualized Vol,Sharpe Ratio,Max Drawdown,Skewness,Kurtosis,Cornish-Fisher VaR (5%),Historic CVaR (5%)
Mean Return,22.164992037899278,20.729816485813522,0.7111453870446688,-36.8834660495914,-1.178778052638017,8.865962033761226,0.048413577037959926,0.06752052735571477
