,Annualized Return,Annualized Vol,Sharpe Ratio,Max Drawdown,Skewness,Kurtosis,Cornish-Fisher VaR (5%),Historic CVaR (5%)
Mean Return,15.719328122323507,20.64133371279246,0.4216015536276446,-36.90879190220277,-1.0839607968490053,8.264926358108681,0.04891311392036849,0.07011583979977312
