,Annualized Return,Annualized Vol,Sharpe Ratio,Max Drawdown,Skewness,Kurtosis,Cornish-Fisher VaR (5%),Historic CVaR (5%)
Mean Return,20.571315406184155,18.627156115817815,0.7100943154726556,-31.997734213166932,-1.211176891262918,8.17370262854603,0.043966899912875584,0.0617463816036957
