,Annualized Return,Annualized Vol,Sharpe Ratio,Max Drawdown,Skewness,Kurtosis,Cornish-Fisher VaR (5%),Historic CVaR (5%)
Mean Return,16.6342924033267,22.505612356981278,0.42467899877171367,-41.41523546142011,-0.7459265504699466,6.251932175679257,0.05204026768005576,0.07548305163217081
