,Annualized Return,Annualized Vol,Sharpe Ratio,Max Drawdown,Skewness,Kurtosis,Cornish-Fisher VaR (5%),Historic CVaR (5%)
Mean Return,16.373297430729284,22.958855804377116,0.4062511269813229,-57.64063995244404,-0.6607049990921585,6.502934771544822,0.052334061021786164,0.0769349436455
