,Annualized Return,Annualized Vol,Sharpe Ratio,Max Drawdown,Skewness,Kurtosis,Cornish-Fisher VaR (5%),Historic CVaR (5%)
Mean Return,19.42440352945731,20.423946292676728,0.5964711567482684,-39.42389737768855,-1.0232738336049725,8.11393675931014,0.04743946840025287,0.06867833093107395
