,Annualized Return,Annualized Vol,Sharpe Ratio,Max Drawdown,Skewness,Kurtosis,Cornish-Fisher VaR (5%),Historic CVaR (5%)
Mean Return,21.76470854364634,22.333474898236165,0.6713154127999559,-31.63093797728058,-0.33095171956818253,3.6776695713341225,0.051388756678389234,0.07087279399310574
