,Annualized Return,Annualized Vol,Sharpe Ratio,Max Drawdown,Skewness,Kurtosis,Cornish-Fisher VaR (5%),Historic CVaR (5%)
Mean Return,4.570361957182767,26.940641743122097,-0.06868860322001043,-65.89280226314163,-0.8407688528078912,6.734793498428067,0.06541428058334692,0.0910747263603444
