,Annualized Return,Annualized Vol,Sharpe Ratio,Max Drawdown,Skewness,Kurtosis,Cornish-Fisher VaR (5%),Historic CVaR (5%)
Mean Return,15.907699254526108,20.961843116965216,0.4234871869651491,-41.77522626537137,-0.9248990936797226,6.990408205713481,0.049293791121899515,0.06894437206846768
