,Annualized Return,Annualized Vol,Sharpe Ratio,Max Drawdown,Skewness,Kurtosis,Cornish-Fisher VaR (5%),Historic CVaR (5%)
Mean Return,16.18254867430009,22.477039280962703,0.40410124210662024,-46.82651011724012,-0.9193859468478931,6.686249882938733,0.053158907533845806,0.07545309788548503
