,Annualized Return,Annualized Vol,Sharpe Ratio,Max Drawdown,Skewness,Kurtosis,Cornish-Fisher VaR (5%),Historic CVaR (5%)
Mean Return,24.522769193595263,22.873666331183234,0.7457796435312379,-43.40139931604871,-0.7257704192546326,6.7341632034471965,0.05168158445783494,0.07156489277883346
