,Annualized Return,Annualized Vol,Sharpe Ratio,Max Drawdown,Skewness,Kurtosis,Cornish-Fisher VaR (5%),Historic CVaR (5%)
Mean Return,20.45655730483631,21.613251895053104,0.6055389175422833,-42.831184130039716,-0.9762762321737827,7.281205846765447,0.05040633763554427,0.06925611859190572
