,Annualized Return,Annualized Vol,Sharpe Ratio,Max Drawdown,Skewness,Kurtosis,Cornish-Fisher VaR (5%),Historic CVaR (5%)
Mean Return,17.990004874366484,20.8353183276099,0.5240615197443486,-32.01461393416463,-0.595543083514219,4.630460455006677,0.0480467421574861,0.06861454299201696
