,Annualized Return,Annualized Vol,Sharpe Ratio,Max Drawdown,Skewness,Kurtosis,Cornish-Fisher VaR (5%),Historic CVaR (5%)
Mean Return,25.954443391737424,20.668029542913292,0.888451524330602,-30.07060697618002,-0.7465682356983487,5.371989508289952,0.047076513652215934,0.0670867260317256
