,Annualized Return,Annualized Vol,Sharpe Ratio,Max Drawdown,Skewness,Kurtosis,Cornish-Fisher VaR (5%),Historic CVaR (5%)
Mean Return,13.740729147696085,21.932337166733767,0.3102306745254787,-40.2327230081487,-0.9112995578322388,7.028281624906139,0.05193440094614854,0.07384753732508316
