,Annualized Return,Annualized Vol,Sharpe Ratio,Max Drawdown,Skewness,Kurtosis,Cornish-Fisher VaR (5%),Historic CVaR (5%)
Mean Return,25.189328248817677,24.245191122267553,0.7260433328136053,-50.20512676903892,-0.5213645364057552,6.093671139088016,0.05302517158884667,0.07816283733991122
