,Annualized Return,Annualized Vol,Sharpe Ratio,Max Drawdown,Skewness,Kurtosis,Cornish-Fisher VaR (5%),Historic CVaR (5%)
Mean Return,22.09667632956247,21.332215272835025,0.6897029562520502,-41.253360924553434,-0.9010003979566692,6.635325494726122,0.0492303917060687,0.07019757262109116
