,Annualized Return,Annualized Vol,Sharpe Ratio,Max Drawdown,Skewness,Kurtosis,Cornish-Fisher VaR (5%),Historic CVaR (5%)
Mean Return,20.889950000311575,20.580206608695455,0.6566659245856945,-40.189286110929814,-0.9248160332941538,6.327554813416853,0.04796638974518736,0.06932539705447088
