,Annualized Return,Annualized Vol,Sharpe Ratio,Max Drawdown,Skewness,Kurtosis,Cornish-Fisher VaR (5%),Historic CVaR (5%)
Mean Return,22.237437463090526,22.486840376307352,0.658953874834567,-52.09806172755083,-0.6753628391797054,7.503862590272247,0.04975571639031359,0.07016268511604093
