,Annualized Return,Annualized Vol,Sharpe Ratio,Max Drawdown,Skewness,Kurtosis,Cornish-Fisher VaR (5%),Historic CVaR (5%)
Mean Return,24.492370950310406,24.0051578937624,0.7237521372193889,-34.98341006389035,-0.6600402453586717,5.651117975402342,0.055549867456652344,0.0803439130511959
