,Annualized Return,Annualized Vol,Sharpe Ratio,Max Drawdown,Skewness,Kurtosis,Cornish-Fisher VaR (5%),Historic CVaR (5%)
Mean Return,17.95756314805843,18.902355314397195,0.5760648299201266,-37.47754040886004,-0.6607197599010217,4.738465482344532,0.043721609476872106,0.06266817302284372
