,Annualized Return,Annualized Vol,Sharpe Ratio,Max Drawdown,Skewness,Kurtosis,Cornish-Fisher VaR (5%),Historic CVaR (5%)
Mean Return,17.101762066687677,23.66036679459197,0.4261190627698191,-32.874508863752595,-0.3782227692943477,4.5891862749001575,0.05319937613311646,0.07604347923627355
