,Annualized Return,Annualized Vol,Sharpe Ratio,Max Drawdown,Skewness,Kurtosis,Cornish-Fisher VaR (5%),Historic CVaR (5%)
Mean Return,23.50930378439955,21.11027585356979,0.7788381498088445,-31.113712527704717,-0.8845792258441331,5.748504533788786,0.050206728015141776,0.07099108775761348
