,Annualized Return,Annualized Vol,Sharpe Ratio,Max Drawdown,Skewness,Kurtosis,Cornish-Fisher VaR (5%),Historic CVaR (5%)
Mean Return,21.802160112172043,19.370300276100505,0.7477435266563445,-33.294950613622696,-1.2628353259287468,8.612670689970459,0.04616747388397088,0.06737824586239932
