,Annualized Return,Annualized Vol,Sharpe Ratio,Max Drawdown,Skewness,Kurtosis,Cornish-Fisher VaR (5%),Historic CVaR (5%)
Mean Return,20.48573368621238,19.078629675693275,0.7165517467915249,-29.078035526978358,-0.9550292814624491,7.729693466518509,0.045352007738942525,0.06224187268623787
