,Annualized Return,Annualized Vol,Sharpe Ratio,Max Drawdown,Skewness,Kurtosis,Cornish-Fisher VaR (5%),Historic CVaR (5%)
Mean Return,23.506140979726098,20.6375739823641,0.7746023148578497,-29.515711499286763,-0.9658026589976199,6.3368599068575815,0.0479512447459046,0.06677761265299298
