,Annualized Return,Annualized Vol,Sharpe Ratio,Max Drawdown,Skewness,Kurtosis,Cornish-Fisher VaR (5%),Historic CVaR (5%)
Mean Return,27.954664706979493,19.00728215821303,1.0681394359704623,-30.810841670694533,-0.9996778281463812,6.2493162974337855,0.043857387903544466,0.06425886549937189
