,Annualized Return,Annualized Vol,Sharpe Ratio,Max Drawdown,Skewness,Kurtosis,Cornish-Fisher VaR (5%),Historic CVaR (5%)
Mean Return,18.91857785662645,26.09080418582793,0.4674498658778845,-48.87969124214624,-0.6799090681600747,5.802527761529376,0.06234961221011645,0.0904477460344191
