,Annualized Return,Annualized Vol,Sharpe Ratio,Max Drawdown,Skewness,Kurtosis,Cornish-Fisher VaR (5%),Historic CVaR (5%)
Mean Return,23.1235548192156,20.05243294814726,0.802542405978722,-30.074181013592383,-0.7268243779301028,5.182869738760854,0.046751912056571185,0.06504918140136566
