,Annualized Return,Annualized Vol,Sharpe Ratio,Max Drawdown,Skewness,Kurtosis,Cornish-Fisher VaR (5%),Historic CVaR (5%)
Mean Return,27.559294059441687,22.016236841735694,0.9208796214119892,-30.974691494359067,-0.6340042541755028,4.650861958557681,0.05055928576082343,0.07079050945064991
