,Annualized Return,Annualized Vol,Sharpe Ratio,Max Drawdown,Skewness,Kurtosis,Cornish-Fisher VaR (5%),Historic CVaR (5%)
Mean Return,2.1809860386071467,24.50292099743837,-0.15081461954407682,-55.28776131930414,-0.7186231133872089,6.3125862713404,0.0609131931201306,0.08158559928827176
