,Annualized Return,Annualized Vol,Sharpe Ratio,Max Drawdown,Skewness,Kurtosis,Cornish-Fisher VaR (5%),Historic CVaR (5%)
Mean Return,20.350385768558567,26.926657934961302,0.48340919127226256,-49.55692309198142,-0.8811961274999823,6.437072276918866,0.06326450257307056,0.08993082668580749
