,Annualized Return,Annualized Vol,Sharpe Ratio,Max Drawdown,Skewness,Kurtosis,Cornish-Fisher VaR (5%),Historic CVaR (5%)
Mean Return,17.50884891665583,19.392051191445887,0.5353228618289494,-48.23494289780767,-1.2450956083068743,9.63101051170877,0.04581821049814463,0.06750321296016255
