,Annualized Return,Annualized Vol,Skewness,Kurtosis,Cornish-Fisher VaR (5%),Historic CVaR (5%),Sharpe Ratio,Max Drawdown
Mean Return,0.13552017634619573,0.19210424554688277,-1.0891111700889824,7.027936771008755,0.04684874728720631,0.06657424814942986,0.35268790145961393,-0.33443184693395167
