,Annualized Return,Annualized Vol,Sharpe Ratio,Max Drawdown,Skewness,Kurtosis,Cornish-Fisher VaR (5%),Historic CVaR (5%)
Mean Return,20.7876088455482,19.311364654608866,0.6963328909846249,-33.881442399655164,-1.0687225380994456,8.28996151631944,0.0446822086832465,0.06255486519594872
