,Annualized Return,Annualized Vol,Sharpe Ratio,Max Drawdown,Skewness,Kurtosis,Cornish-Fisher VaR (5%),Historic CVaR (5%)
Mean Return,18.810857808238545,20.710082405995124,0.5579301664100869,-43.67422530756175,-0.9976634809586372,7.083160200475519,0.04868833341934181,0.06962579223685202
