,Annualized Return,Annualized Vol,Sharpe Ratio,Max Drawdown,Skewness,Kurtosis,Cornish-Fisher VaR (5%),Historic CVaR (5%)
Mean Return,30.566421421970503,22.514957406810332,1.0079727852960436,-32.72176517244924,-0.609811019781459,5.488961034740875,0.04923872570390724,0.07052387646527404
