,Annualized Return,Annualized Vol,Sharpe Ratio,Max Drawdown,Skewness,Kurtosis,Cornish-Fisher VaR (5%),Historic CVaR (5%)
Mean Return,17.249515707209717,21.75170450486956,0.4841466643215622,-32.575271625030695,-1.0919442970911906,6.5296409148632355,0.054010409561592594,0.07777622196816159
