,Annualized Return,Annualized Vol,Sharpe Ratio,Max Drawdown,Skewness,Kurtosis,Cornish-Fisher VaR (5%),Historic CVaR (5%)
Mean Return,24.502962660050454,26.663037370628235,0.6346258471415939,-47.85115937492481,-0.831663168295713,6.099011990854695,0.061762489536756136,0.08979572139755491
