,Annualized Return,Annualized Vol,Sharpe Ratio,Max Drawdown,Skewness,Kurtosis,Cornish-Fisher VaR (5%),Historic CVaR (5%)
Mean Return,23.08269220493755,19.893387762772168,0.781803807454122,-35.1727144628407,-1.2755682384273697,10.220194779158524,0.046085087083528146,0.06373225040696526
