,Annualized Return,Annualized Vol,Sharpe Ratio,Max Drawdown,Skewness,Kurtosis,Cornish-Fisher VaR (5%),Historic CVaR (5%)
Mean Return,10.98367809504941,29.053262061385933,0.14731081079394043,-66.38558968947719,-0.8298381053433274,6.655257788612236,0.07001380546443385,0.09821562043942272
