,Annualized Return,Annualized Vol,Skewness,Kurtosis,Cornish-Fisher VaR (5%),Historic CVaR (5%),Sharpe Ratio,Max Drawdown
Mean Return,0.21802160112172042,0.19370300276100505,-1.2628353259287468,8.612670689970459,0.04616747388397088,0.06737824586239932,0.7477435266563445,-0.332949506136227
