,Annualized Return,Annualized Vol,Sharpe Ratio,Max Drawdown,Skewness,Kurtosis,Cornish-Fisher VaR (5%),Historic CVaR (5%)
Mean Return,27.333279559981328,22.73308351975468,0.8826920779857822,-31.49973489002792,-0.5812760581473352,4.552339146226777,0.052005111231780095,0.07288475649269725
