,Annualized Return,Annualized Vol,Sharpe Ratio,Max Drawdown,Skewness,Kurtosis,Cornish-Fisher VaR (5%),Historic CVaR (5%)
Mean Return,25.454999005672228,28.74047577053323,0.6207807177670045,-64.05261319753147,-0.1946753723957603,4.522478346250617,0.06126991140822298,0.08728286110157818
