,Annualized Return,Annualized Vol,Sharpe Ratio,Max Drawdown,Skewness,Kurtosis,Cornish-Fisher VaR (5%),Historic CVaR (5%)
Mean Return,14.308826842948385,23.15352496201643,0.3240224600029675,-39.19870005070659,-0.5792559745813296,6.434132856604606,0.05297559978307977,0.07283356215774514
