,Annualized Return,Annualized Vol,Sharpe Ratio,Max Drawdown,Skewness,Kurtosis,Cornish-Fisher VaR (5%),Historic CVaR (5%)
Mean Return,15.217476127600316,20.029089937206805,0.4090533511512613,-42.92389916989865,-1.332423853977246,9.280112926509949,0.04856912361617427,0.0701021448040599
