,Annualized Return,Annualized Vol,Sharpe Ratio,Max Drawdown,Skewness,Kurtosis,Cornish-Fisher VaR (5%),Historic CVaR (5%)
Mean Return,22.538997318532196,20.537789053517834,0.7340875164901952,-36.16044937923204,-1.3453226805741698,9.954084494967438,0.04837632833427884,0.0674419791799697
