,Annualized Return,Annualized Vol,Sharpe Ratio,Max Drawdown,Skewness,Kurtosis,Cornish-Fisher VaR (5%),Historic CVaR (5%)
Mean Return,20.393754086880044,20.12044868754612,0.6496513231108992,-34.7976317442329,-0.9130798959434253,6.712474113761465,0.046592170422213725,0.06550039392977708
