,Annualized Return,Annualized Vol,Sharpe Ratio,Max Drawdown,Skewness,Kurtosis,Cornish-Fisher VaR (5%),Historic CVaR (5%)
Mean Return,24.572618771769818,19.730567593099437,0.8649114349515005,-32.38993242361305,-0.8545497349773326,6.23599729224066,0.0452429654763974,0.06257001841128458
