,Annualized Return,Annualized Vol,Sharpe Ratio,Max Drawdown,Skewness,Kurtosis,Cornish-Fisher VaR (5%),Historic CVaR (5%)
Mean Return,24.320497076674098,20.682932950505446,0.8133664174189887,-32.281099064246,-0.7272338317544647,4.914891039071594,0.04702025832589356,0.06870855538444834
