,Annualized Return,Annualized Vol,Skewness,Kurtosis,Cornish-Fisher VaR (5%),Historic CVaR (5%),Sharpe Ratio,Max Drawdown
Mean Return,0.0917450744218189,0.30818457534625054,-1.0294505791409931,7.976820252136087,0.0749228644220966,0.10435491414585507,0.08192538069851871,-0.74072728019044
