,Annualized Return,Annualized Vol,Skewness,Kurtosis,Cornish-Fisher VaR (5%),Historic CVaR (5%),Sharpe Ratio,Max Drawdown
Mean Return,0.13132904944077484,0.20799992527252137,-1.5143085319757024,10.591039194837652,0.05131955863164119,0.07087112307499908,0.3004950945272812,-0.379342218300798
