,Annualized Return,Annualized Vol,Sharpe Ratio,Max Drawdown,Skewness,Kurtosis,Cornish-Fisher VaR (5%),Historic CVaR (5%)
Mean Return,11.266384528298001,26.393597463351266,0.1708067986791345,-64.67356278696553,-0.5701683659876662,6.635266560897783,0.060432153964373174,0.08872658597869772
