,Annualized Return,Annualized Vol,Sharpe Ratio,Max Drawdown,Skewness,Kurtosis,Cornish-Fisher VaR (5%),Historic CVaR (5%)
Mean Return,20.775375565899722,19.701414113636194,0.6861265937524101,-33.50848303392997,-1.2676243418047985,8.551540483970612,0.04724666554219596,0.06897937405467053
