,Annualized Return,Annualized Vol,Sharpe Ratio,Max Drawdown,Skewness,Kurtosis,Cornish-Fisher VaR (5%),Historic CVaR (5%)
Mean Return,26.048328262840826,20.53416255730836,0.8931522224050601,-36.40175132999687,-1.3136679297924974,10.044657700166189,0.047582908406605694,0.06718620625796073
