,Annualized Return,Annualized Vol,Sharpe Ratio,Max Drawdown,Skewness,Kurtosis,Cornish-Fisher VaR (5%),Historic CVaR (5%)
Mean Return,19.569812373910402,20.5117685845629,0.6075979281032036,-31.56356079938753,-0.5502329635666047,4.946905573458285,0.046438428842806884,0.06554521298760824
