,Annualized Return,Annualized Vol,Sharpe Ratio,Max Drawdown,Skewness,Kurtosis,Cornish-Fisher VaR (5%),Historic CVaR (5%)
Mean Return,21.548268159755168,22.765144074877345,0.6224246485970207,-52.09809239607126,-0.6362868258702864,7.4050971046212855,0.05026606022821904,0.07113515279203671
