,Annualized Return,Annualized Vol,Sharpe Ratio,Max Drawdown,Skewness,Kurtosis,Cornish-Fisher VaR (5%),Historic CVaR (5%)
Mean Return,24.109694205238654,20.531643988677768,0.8087455139476931,-44.94941936261064,-0.7727779323865599,7.066836043962225,0.045785039483237026,0.0672211103712139
