,Annualized Return,Annualized Vol,Sharpe Ratio,Max Drawdown,Skewness,Kurtosis,Cornish-Fisher VaR (5%),Historic CVaR (5%)
Mean Return,23.128926685447727,20.075449295663457,0.7786302962759242,-35.45873887570399,-1.333852362591102,10.24215896023745,0.046879632719977776,0.06467976880756181
