,Annualized Return,Annualized Vol,Sharpe Ratio,Max Drawdown,Skewness,Kurtosis,Cornish-Fisher VaR (5%),Historic CVaR (5%)
Mean Return,19.806342143180842,21.25776954034656,0.5868772534641435,-42.624495545351884,-1.14085496534574,8.471809324527756,0.050104604497116116,0.06954061933611266
