,Annualized Return,Annualized Vol,Sharpe Ratio,Max Drawdown,Skewness,Kurtosis,Cornish-Fisher VaR (5%),Historic CVaR (5%)
Mean Return,19.88757213015253,19.791688651198267,0.6358115477002552,-30.952354095036664,-1.6048612982751334,12.690522199679695,0.04702365741989265,0.06477072946776839
