,Annualized Return,Annualized Vol,Sharpe Ratio,Max Drawdown,Skewness,Kurtosis,Cornish-Fisher VaR (5%),Historic CVaR (5%)
Mean Return,7.0508663341254385,27.176217134222842,0.018319411044618143,-65.89280226314163,-0.7316202065950679,6.479902639023695,0.06468934895301748,0.0901667325096908
