,Annualized Return,Annualized Vol,Sharpe Ratio,Max Drawdown,Skewness,Kurtosis,Cornish-Fisher VaR (5%),Historic CVaR (5%)
Mean Return,20.12949092659353,21.498623451352653,0.5958872380264929,-37.978332147269896,-1.2373654089676758,11.893050280893394,0.04925511169728011,0.07080508119472216
