,Annualized Return,Annualized Vol,Sharpe Ratio,Max Drawdown,Skewness,Kurtosis,Cornish-Fisher VaR (5%),Historic CVaR (5%)
Mean Return,14.937823004875227,21.611840447395796,0.36690831253136036,-40.82512732655741,-1.3538845933000634,10.6870824711269,0.051928362084783804,0.07185716807464274
