,Annualized Return,Annualized Vol,Sharpe Ratio,Max Drawdown,Skewness,Kurtosis,Cornish-Fisher VaR (5%),Historic CVaR (5%)
Mean Return,19.132783915009277,20.719871148214803,0.5747114397562683,-40.007492865742776,-0.978608604023265,7.802272397683926,0.04808259882688763,0.06936969291198694
