,Annualized Return,Annualized Vol,Sharpe Ratio,Max Drawdown,Skewness,Kurtosis,Cornish-Fisher VaR (5%),Historic CVaR (5%)
Mean Return,20.72636483265118,21.570734750134918,0.6495492849392411,-31.46430719770687,-0.39772038788606767,3.7717403461733734,0.05019811863920104,0.06929336757627189
