,Annualized Return,Annualized Vol,Sharpe Ratio,Max Drawdown,Skewness,Kurtosis,Cornish-Fisher VaR (5%),Historic CVaR (5%)
Mean Return,14.122881653196263,28.456027806737666,0.2557226527594162,-43.884695365815155,-0.15320203453090836,4.566199938125815,0.06254472692293715,0.0886181951201546
