,Annualized Return,Annualized Vol,Sharpe Ratio,Max Drawdown,Skewness,Kurtosis,Cornish-Fisher VaR (5%),Historic CVaR (5%)
Mean Return,14.803576350294456,23.646261987138,0.3307696072539586,-49.821210748203136,-1.0682262855100837,10.781170360157072,0.054746094418047064,0.0773944558357685
