,Annualized Return,Annualized Vol,Sharpe Ratio,Max Drawdown,Skewness,Kurtosis,Cornish-Fisher VaR (5%),Historic CVaR (5%)
Mean Return,12.912514197891834,22.781467742197048,0.2644783119004737,-39.19870005070658,-0.7364631992270643,6.7826423344794895,0.05292681723924036,0.07276949487136213
