,Annualized Return,Annualized Vol,Sharpe Ratio,Max Drawdown,Skewness,Kurtosis,Cornish-Fisher VaR (5%),Historic CVaR (5%)
Mean Return,12.83113589550824,31.44388423871573,0.18958080657629026,-78.18111808976596,-0.8591270194678317,7.415709780515372,0.07448437713328218,0.10652829436034059
