,Annualized Return,Annualized Vol,Skewness,Kurtosis,Cornish-Fisher VaR (5%),Historic CVaR (5%),Sharpe Ratio,Max Drawdown
Mean Return,0.21523903293658875,0.21701886891344113,-1.2411217148969025,8.00950209360585,0.051904763148606835,0.07283111346239379,0.651577570076345,-0.47630195363518946
