,Annualized Return,Annualized Vol,Sharpe Ratio,Max Drawdown,Skewness,Kurtosis,Cornish-Fisher VaR (5%),Historic CVaR (5%)
Mean Return,15.091498858646712,19.78194956849305,0.40817971163436256,-35.32384441919775,-1.3669588635875598,9.91148903606481,0.04783497280605676,0.06656656666931197
