,Annualized Return,Annualized Vol,Sharpe Ratio,Max Drawdown,Skewness,Kurtosis,Cornish-Fisher VaR (5%),Historic CVaR (5%)
Mean Return,20.670329250297037,21.098693073545434,0.6312939292048119,-30.07060697618,-0.7397227543531357,5.616562539027562,0.04831209348349386,0.06682252503782374
