,Annualized Return,Annualized Vol,Sharpe Ratio,Max Drawdown,Skewness,Kurtosis,Cornish-Fisher VaR (5%),Historic CVaR (5%)
Mean Return,23.530612214615765,19.68272547566507,0.8142371856358872,-32.085758643462555,-1.388448481016653,10.663003336368217,0.045937370354154516,0.06453293450990141
