,Annualized Return,Annualized Vol,Sharpe Ratio,Max Drawdown,Skewness,Kurtosis,Cornish-Fisher VaR (5%),Historic CVaR (5%)
Mean Return,23.942406201547172,20.803703489281837,0.796700987212389,-29.491996116383135,-0.5496725245369543,4.435979571591586,0.04674646753059316,0.06616867183876894
