,Annualized Return,Annualized Vol,Sharpe Ratio,Max Drawdown,Skewness,Kurtosis,Cornish-Fisher VaR (5%),Historic CVaR (5%)
Mean Return,14.550651284600601,21.338650979956746,0.35455391910598083,-40.007492865742776,-0.9907785228250062,7.701501219685469,0.05051880974564783,0.07193529011012677
