,Annualized Return,Annualized Vol,Sharpe Ratio,Max Drawdown,Skewness,Kurtosis,Cornish-Fisher VaR (5%),Historic CVaR (5%)
Mean Return,14.715953987096686,20.73320471973849,0.37066436331063723,-46.17006068480835,-0.9763479568329785,7.404048447210099,0.04908309383948971,0.06982692373159896
