,Annualized Return,Annualized Vol,Sharpe Ratio,Max Drawdown,Skewness,Kurtosis,Cornish-Fisher VaR (5%),Historic CVaR (5%)
Mean Return,24.424470510586538,24.68175096283805,0.6855008996260615,-34.5112030955688,-0.37304374513960803,4.974279580445075,0.05358690775483217,0.07957024061308299
