,Annualized Return,Annualized Vol,Sharpe Ratio,Max Drawdown,Skewness,Kurtosis,Cornish-Fisher VaR (5%),Historic CVaR (5%)
Mean Return,12.864940930375823,23.10814821573354,0.2587994521156475,-41.41523546142011,-0.7699083385110261,6.248673806328667,0.0543352404913738,0.07837673372607501
