,Annualized Return,Annualized Vol,Sharpe Ratio,Max Drawdown,Skewness,Kurtosis,Cornish-Fisher VaR (5%),Historic CVaR (5%)
Mean Return,10.88170718657311,20.114216001352094,0.2046655523831889,-51.80057129682366,-1.1996397373045498,9.433173286229168,0.0485611038182379,0.07091887590349133
