,Annualized Return,Annualized Vol,Sharpe Ratio,Max Drawdown,Skewness,Kurtosis,Cornish-Fisher VaR (5%),Historic CVaR (5%)
Mean Return,13.752981263426634,20.210647207977402,0.33724980032920904,-36.32860229094062,-1.4350204506305795,10.167063259098915,0.049443281947834455,0.06838183547217891
