,Annualized Return,Annualized Vol,Sharpe Ratio,Max Drawdown,Skewness,Kurtosis,Cornish-Fisher VaR (5%),Historic CVaR (5%)
Mean Return,17.88520169716552,20.745044998764918,0.5150190592018499,-46.17006068480831,-0.9108137419367379,7.014449240371353,0.04834484198421753,0.06814107037136623
