,Annualized Return,Annualized Vol,Sharpe Ratio,Max Drawdown,Skewness,Kurtosis,Cornish-Fisher VaR (5%),Historic CVaR (5%)
Mean Return,24.625629995962473,20.199261555723858,0.8435289227594424,-32.28475193754305,-0.8549273123926249,6.016972815158661,0.04608639829977645,0.06456813768670791
