,Annualized Return,Annualized Vol,Sharpe Ratio,Max Drawdown,Skewness,Kurtosis,Cornish-Fisher VaR (5%),Historic CVaR (5%)
Mean Return,32.3478930159284,24.807295779818357,0.9996989397266809,-32.758919971269236,-0.46199472429318883,4.408304120164194,0.05534004203761424,0.07894685877435202
