,Annualized Return,Annualized Vol,Sharpe Ratio,Max Drawdown,Skewness,Kurtosis,Cornish-Fisher VaR (5%),Historic CVaR (5%)
Mean Return,9.836179597635697,27.711369252376294,0.11413714823618058,-57.4638096291813,-0.258132418526778,5.808260978536079,0.061169080064627755,0.09367564466222188
