,Annualized Return,Annualized Vol,Sharpe Ratio,Max Drawdown,Skewness,Kurtosis,Cornish-Fisher VaR (5%),Historic CVaR (5%)
Mean Return,16.738311524506,23.841186248695255,0.40426015629200907,-51.124194477108986,-0.8756406154387056,7.247742099267817,0.05568679572196711,0.07622046844472122
