,Annualized Return,Annualized Vol,Sharpe Ratio,Max Drawdown,Skewness,Kurtosis,Cornish-Fisher VaR (5%),Historic CVaR (5%)
Mean Return,20.70276885336526,27.53246364248344,0.48739290699081556,-50.90252742204547,-0.7213637423750571,6.870771568735761,0.06342822149350369,0.08723299129464633
