,Annualized Return,Annualized Vol,Skewness,Kurtosis,Cornish-Fisher VaR (5%),Historic CVaR (5%),Sharpe Ratio,Max Drawdown
Mean Return,0.14803576350294456,0.23646261987138,-1.0682262855100837,10.781170360157072,0.054746094418047064,0.0773944558357685,0.3307696072539586,-0.4982121074820314
