,Annualized Return,Annualized Vol,Sharpe Ratio,Max Drawdown,Skewness,Kurtosis,Cornish-Fisher VaR (5%),Historic CVaR (5%)
Mean Return,28.331270544264896,22.563975695121652,0.9079190152994009,-36.54495784525979,-0.645530240310875,5.991780053256456,0.049752849887733264,0.07135830705380056
