,Annualized Return,Annualized Vol,Sharpe Ratio,Max Drawdown,Skewness,Kurtosis,Cornish-Fisher VaR (5%),Historic CVaR (5%)
Mean Return,19.889124140792912,18.991712809737237,0.664486874186219,-42.04314622246797,-1.2712363632653494,10.066424448112185,0.04435845941647077,0.06574271488617166
