,Annualized Return,Annualized Vol,Sharpe Ratio,Max Drawdown,Skewness,Kurtosis,Cornish-Fisher VaR (5%),Historic CVaR (5%)
Mean Return,18.570966995002514,18.428445994427467,0.6249526596414787,-28.021506788876817,-0.8916528684018382,5.7520652827925,0.04340921054666675,0.06163013104618033
