,Annualized Return,Annualized Vol,Sharpe Ratio,Max Drawdown,Skewness,Kurtosis,Cornish-Fisher VaR (5%),Historic CVaR (5%)
Mean Return,32.45675311870855,23.14109308150765,1.0527449037553582,-36.81789148519764,-0.6436144268265054,5.936143067683675,0.05054509264678858,0.07267070882166107
