,Annualized Return,Annualized Vol,Sharpe Ratio,Max Drawdown,Skewness,Kurtosis,Cornish-Fisher VaR (5%),Historic CVaR (5%)
Mean Return,17.478978712594383,19.574173650660757,0.5271886125792207,-33.35822514188996,-1.5822185805373359,13.104513704525658,0.046492261713565436,0.06394237993790963
