,Annualized Return,Annualized Vol,Sharpe Ratio,Max Drawdown,Skewness,Kurtosis,Cornish-Fisher VaR (5%),Historic CVaR (5%)
Mean Return,26.743966091838068,30.081518320506934,0.6333841755128958,-68.79807158590964,-0.22935744458337995,4.581328396401456,0.06444518838295032,0.091893855116129
