,Annualized Return,Annualized Vol,Sharpe Ratio,Max Drawdown,Skewness,Kurtosis,Cornish-Fisher VaR (5%),Historic CVaR (5%)
Mean Return,31.980782942246556,27.677782008731487,0.8640993343546279,-47.8511593749248,-0.49842803370434585,5.881883805491583,0.06001583487729515,0.08737833334024823
