,Annualized Return,Annualized Vol,Sharpe Ratio,Max Drawdown,Skewness,Kurtosis,Cornish-Fisher VaR (5%),Historic CVaR (5%)
Mean Return,19.848798288951386,23.49777090490183,0.5344251584951093,-43.562436499081564,-0.8069089292336618,6.472481420121734,0.05431043496520574,0.07519604796704318
