,Annualized Return,Annualized Vol,Sharpe Ratio,Max Drawdown,Skewness,Kurtosis,Cornish-Fisher VaR (5%),Historic CVaR (5%)
Mean Return,12.780613649029092,29.6438056000285,0.200942593973404,-70.16334015315515,-0.4485018891048745,5.724062761244773,0.06717569836870933,0.09243236224659428
