,Annualized Return,Annualized Vol,Sharpe Ratio,Max Drawdown,Skewness,Kurtosis,Cornish-Fisher VaR (5%),Historic CVaR (5%)
Mean Return,23.86712833068849,20.932735897727476,0.8023142724107084,-31.142078597089608,-0.6952043655159716,5.011778806345842,0.048708990776156286,0.06698141227440531
