,Annualized Return,Annualized Vol,Sharpe Ratio,Max Drawdown,Skewness,Kurtosis,Cornish-Fisher VaR (5%),Historic CVaR (5%)
Mean Return,28.34499132726238,20.10415950735499,1.0253735400039463,-32.28106528533786,-0.7199607615490519,4.9888784104376915,0.045357989697822516,0.06615787212219561
