,Annualized Return,Annualized Vol,Sharpe Ratio,Max Drawdown,Skewness,Kurtosis,Cornish-Fisher VaR (5%),Historic CVaR (5%)
Mean Return,2.1749510755749935,26.084484754530855,-0.1553665942759229,-56.35088773167997,-1.2626714296103516,7.975512204540547,0.06657825146636728,0.09104796718133966
