,Annualized Return,Annualized Vol,Sharpe Ratio,Max Drawdown,Skewness,Kurtosis,Cornish-Fisher VaR (5%),Historic CVaR (5%)
Mean Return,31.85169423522676,24.24417045679583,0.983517768193202,-45.16674242397276,-0.5732117681394755,5.626084253031338,0.052831890667315244,0.07477896197679612
