,Annualized Return,Annualized Vol,Sharpe Ratio,Max Drawdown,Skewness,Kurtosis,Cornish-Fisher VaR (5%),Historic CVaR (5%)
Mean Return,23.3539052027802,26.437279332041253,0.598517441050929,-52.59276054340665,-0.6097383612490413,4.836051037444812,0.0602510333769156,0.08424601997680123
