,Annualized Return,Annualized Vol,Sharpe Ratio,Max Drawdown,Skewness,Kurtosis,Cornish-Fisher VaR (5%),Historic CVaR (5%)
Mean Return,22.977059201428386,20.130705807713156,0.7959077378375728,-32.449780869328436,-1.0036898632084772,7.8851376786601195,0.04787264238879128,0.06623860359612184
