,Annualized Return,Annualized Vol,Sharpe Ratio,Max Drawdown,Skewness,Kurtosis,Cornish-Fisher VaR (5%),Historic CVaR (5%)
Mean Return,25.052032477860585,21.361698009721117,0.8388375636350562,-29.577076313467394,-0.7411786370943324,5.079610189843745,0.049888733904018656,0.07037152994041514
