,Annualized Return,Annualized Vol,Sharpe Ratio,Max Drawdown,Skewness,Kurtosis,Cornish-Fisher VaR (5%),Historic CVaR (5%)
Mean Return,28.3672328432228,28.145426200149497,0.7302752587031215,-32.97526732107053,-0.594719823463324,5.1680771120677536,0.06315505641720147,0.09106374801433499
