,Annualized Return,Annualized Vol,Sharpe Ratio,Max Drawdown,Skewness,Kurtosis,Cornish-Fisher VaR (5%),Historic CVaR (5%)
Mean Return,19.283347816433594,20.50494441486596,0.5859822198165977,-34.37032761693278,-1.20292663386827,8.26398370048177,0.048823280604101904,0.06861572112629274
