,Annualized Return,Annualized Vol,Sharpe Ratio,Max Drawdown,Skewness,Kurtosis,Cornish-Fisher VaR (5%),Historic CVaR (5%)
Mean Return,15.324070113729181,20.89702614202821,0.3968508079009263,-37.517201980125044,-0.7954027381043961,6.109020865419243,0.048816105922929134,0.06830560388177034
