,Annualized Return,Annualized Vol,Sharpe Ratio,Max Drawdown,Skewness,Kurtosis,Cornish-Fisher VaR (5%),Historic CVaR (5%)
Mean Return,14.397588562647524,20.532357946456695,0.3597190812419184,-44.87069749920656,-1.1651017456721797,8.083813725133396,0.04955769935424554,0.07074649813868365
