,Annualized Return,Annualized Vol,Sharpe Ratio,Max Drawdown,Skewness,Kurtosis,Cornish-Fisher VaR (5%),Historic CVaR (5%)
Mean Return,18.71252298467736,20.40258021372883,0.5642807355435894,-39.4238973776885,-1.0245799294652338,8.109016995172764,0.0475144262412766,0.0686321362649018
