,Annualized Return,Annualized Vol,Sharpe Ratio,Max Drawdown,Skewness,Kurtosis,Cornish-Fisher VaR (5%),Historic CVaR (5%)
Mean Return,13.222848741524707,21.569490039863652,0.2982327718295301,-44.661028924619664,-0.5937869131380623,6.498707932842889,0.04949451605907897,0.06994210360656442
