,Annualized Return,Annualized Vol,Sharpe Ratio,Max Drawdown,Skewness,Kurtosis,Cornish-Fisher VaR (5%),Historic CVaR (5%)
Mean Return,25.321982191879755,21.890864187399682,0.8082310804388239,-31.113712527704717,-0.8945181591952416,5.7856110811568175,0.050600455492203864,0.07076784476683057
