,Annualized Return,Annualized Vol,Skewness,Kurtosis,Cornish-Fisher VaR (5%),Historic CVaR (5%),Sharpe Ratio,Max Drawdown
Mean Return,0.09436565368548022,0.20501239632224827,-1.0182459289132226,8.3085052953467,0.04917498379829533,0.07126281047011469,0.13452829469513972,-0.563693415124163
