,Annualized Return,Annualized Vol,Sharpe Ratio,Max Drawdown,Skewness,Kurtosis,Cornish-Fisher VaR (5%),Historic CVaR (5%)
Mean Return,34.25347072043159,27.382979834189157,0.9514277298520999,-37.25147420431883,-0.3984392559870974,6.5933905987498225,0.05744209466694623,0.08706143646714778
