,Annualized Return,Annualized Vol,Sharpe Ratio,Max Drawdown,Skewness,Kurtosis,Cornish-Fisher VaR (5%),Historic CVaR (5%)
Mean Return,20.75276106496866,20.625014018015126,0.6524716435336991,-34.538357808843315,-0.7721233427945174,6.334301307039938,0.04695754895572413,0.06719510736362706
