,Annualized Return,Annualized Vol,Sharpe Ratio,Max Drawdown,Skewness,Kurtosis,Cornish-Fisher VaR (5%),Historic CVaR (5%)
Mean Return,26.91759223176824,28.780038405163605,0.6656555466641851,-40.444041809621844,0.0056628583905281174,4.344130513022303,0.05906255123156055,0.08463908892168405
