,Annualized Return,Annualized Vol,Sharpe Ratio,Max Drawdown,Skewness,Kurtosis,Cornish-Fisher VaR (5%),Historic CVaR (5%)
Mean Return,23.96908126299857,22.007575735815323,0.7449691945673436,-46.57037843723095,-0.7958083441006517,6.124682612222619,0.05017011773497253,0.07280873758181175
