,Annualized Return,Annualized Vol,Sharpe Ratio,Max Drawdown,Skewness,Kurtosis,Cornish-Fisher VaR (5%),Historic CVaR (5%)
Mean Return,21.829685343461858,23.87624966291489,0.602823837894656,-47.926733646082056,-0.5539999340387155,4.996633295163052,0.053739748401346536,0.07427809829203971
