,Annualized Return,Annualized Vol,Sharpe Ratio,Max Drawdown,Skewness,Kurtosis,Cornish-Fisher VaR (5%),Historic CVaR (5%)
Mean Return,26.251313580262135,21.249969823780326,0.8726049629824126,-30.0655541074251,-0.7535804174654464,6.299722330973304,0.047547553140622006,0.06528057419052583
