,Annualized Return,Annualized Vol,Sharpe Ratio,Max Drawdown,Skewness,Kurtosis,Cornish-Fisher VaR (5%),Historic CVaR (5%)
Mean Return,14.536436886498528,20.564841698150474,0.3672545923201218,-46.71817863300687,-1.244642608410907,8.91208969136195,0.04966450483221699,0.07071458473298091
