,Annualized Return,Annualized Vol,Sharpe Ratio,Max Drawdown,Skewness,Kurtosis,Cornish-Fisher VaR (5%),Historic CVaR (5%)
Mean Return,15.437567085050418,20.190474242494815,0.41422530458355716,-43.03303867686269,-1.1517125242049686,8.008311994377268,0.04847565138967716,0.06899959849978214
