,Annualized Return,Annualized Vol,Sharpe Ratio,Max Drawdown,Skewness,Kurtosis,Cornish-Fisher VaR (5%),Historic CVaR (5%)
Mean Return,32.742529901508654,22.787781981418284,1.0810322218573276,-30.19017289611644,-0.7166597330986165,5.987452440681164,0.05020177997173889,0.0719505353726012
