,Annualized Return,Annualized Vol,Sharpe Ratio,Max Drawdown,Skewness,Kurtosis,Cornish-Fisher VaR (5%),Historic CVaR (5%)
Mean Return,18.282107066094145,20.65407727339329,0.5354451246297091,-37.229134224111746,-1.0689197916166242,9.140633719183406,0.04795060933755371,0.065936778402611
