,Annualized Return,Annualized Vol,Sharpe Ratio,Max Drawdown,Skewness,Kurtosis,Cornish-Fisher VaR (5%),Historic CVaR (5%)
Mean Return,14.321628513119645,22.461253089238564,0.32567845480392116,-46.82651011724012,-0.9709396633475508,6.892679438419818,0.053701846705845456,0.07573116349304229
