,Annualized Return,Annualized Vol,Sharpe Ratio,Max Drawdown,Skewness,Kurtosis,Cornish-Fisher VaR (5%),Historic CVaR (5%)
Mean Return,19.57311677188116,20.40557475752055,0.6039790318999027,-38.32291074517794,-1.0579477162419786,7.599751634556214,0.047897831084941785,0.06720660891590564
