,Annualized Return,Annualized Vol,Sharpe Ratio,Max Drawdown,Skewness,Kurtosis,Cornish-Fisher VaR (5%),Historic CVaR (5%)
Mean Return,28.004909759795904,20.942027931048962,0.9636777440265134,-29.236539051782373,-1.1007439506780905,8.433656517734816,0.04778345601008605,0.06678073126366516
