,Annualized Return,Annualized Vol,Sharpe Ratio,Max Drawdown,Skewness,Kurtosis,Cornish-Fisher VaR (5%),Historic CVaR (5%)
Mean Return,22.583730101997745,24.712360934666073,0.6104362282742559,-43.51438699991594,-0.36193437060478145,4.506897659645674,0.054207846057967884,0.0761150310172156
