,Annualized Return,Annualized Vol,Sharpe Ratio,Max Drawdown,Skewness,Kurtosis,Cornish-Fisher VaR (5%),Historic CVaR (5%)
Mean Return,19.208444384255372,20.28077156906985,0.5889881755244473,-39.11698158332258,-1.4392879031249284,11.618273859009145,0.04792371639020228,0.0659141307333204
