,Annualized Return,Annualized Vol,Sharpe Ratio,Max Drawdown,Skewness,Kurtosis,Cornish-Fisher VaR (5%),Historic CVaR (5%)
Mean Return,25.491846666616922,21.056410791293505,0.8467221870768512,-30.47584591805443,-0.7791436780514637,6.489463799269003,0.047272394679061226,0.06521120161127014
