,Annualized Return,Annualized Vol,Sharpe Ratio,Max Drawdown,Skewness,Kurtosis,Cornish-Fisher VaR (5%),Historic CVaR (5%)
Mean Return,31.195705217993886,20.270276204756794,1.1489406134958098,-32.05980890726803,-0.7484847427582249,5.508363759982968,0.04523972221295493,0.06419206702017123
