,Annualized Return,Annualized Vol,Sharpe Ratio,Max Drawdown,Skewness,Kurtosis,Cornish-Fisher VaR (5%),Historic CVaR (5%)
Mean Return,18.01395478482577,19.647401859808568,0.5525413446060856,-37.41563424332098,-1.0541077091763018,8.243322497981945,0.045885122274673625,0.06665593247700372
