,Annualized Return,Annualized Vol,Skewness,Kurtosis,Cornish-Fisher VaR (5%),Historic CVaR (5%),Sharpe Ratio,Max Drawdown
Mean Return,0.17356391931989656,0.1961670302997026,-1.0276523226045102,6.9237443264576175,0.04775533819320298,0.0665974367055918,0.5417915950568941,-0.30727859356116105
