,Annualized Return,Annualized Vol,Sharpe Ratio,Max Drawdown,Skewness,Kurtosis,Cornish-Fisher VaR (5%),Historic CVaR (5%)
Mean Return,28.067100878675767,19.115013605247135,1.0670071572058968,-30.584419401783318,-1.0583144774479762,6.838834426016376,0.04417578039487223,0.06504745411924585
