,Annualized Return,Annualized Vol,Sharpe Ratio,Max Drawdown,Skewness,Kurtosis,Cornish-Fisher VaR (5%),Historic CVaR (5%)
Mean Return,25.11895805389519,20.657251946453222,0.8472755290775058,-32.0061098053386,-0.8189368766098054,5.689259047636383,0.04707112490294381,0.06659654764320586
