,Annualized Return,Annualized Vol,Skewness,Kurtosis,Cornish-Fisher VaR (5%),Historic CVaR (5%),Sharpe Ratio,Max Drawdown
Mean Return,0.17907109603105154,0.21808501370563815,-1.0676449753465367,6.438151976990372,0.0539202809426156,0.07777622196816159,0.5111440818109968,-0.32575271625030694
