,Annualized Return,Annualized Vol,Sharpe Ratio,Max Drawdown,Skewness,Kurtosis,Cornish-Fisher VaR (5%),Historic CVaR (5%)
Mean Return,22.414108572349466,19.503025878164625,0.7760602620232097,-28.36684926043122,-0.6454476411323068,4.490666959966019,0.044482939892868584,0.06310828911188639
