,Annualized Return,Annualized Vol,Sharpe Ratio,Max Drawdown,Skewness,Kurtosis,Cornish-Fisher VaR (5%),Historic CVaR (5%)
Mean Return,22.029282287357475,26.192014358826388,0.5742593973985485,-30.698439884027678,-0.544588146268635,4.840369953432237,0.06085562435723651,0.08641433045434123
