,Annualized Return,Annualized Vol,Sharpe Ratio,Max Drawdown,Skewness,Kurtosis,Cornish-Fisher VaR (5%),Historic CVaR (5%)
Mean Return,28.15061235971832,20.119244230366988,1.0153971200881193,-32.059808907268,-0.7673177253455995,5.543185944808604,0.045433098185990034,0.0644953507780623
