,Annualized Return,Annualized Vol,Sharpe Ratio,Max Drawdown,Skewness,Kurtosis,Cornish-Fisher VaR (5%),Historic CVaR (5%)
Mean Return,20.453248369467623,22.930157274030734,0.5719440086927685,-37.93595256594598,-0.8920606766766912,6.376239789851357,0.05355136322935093,0.07460191171262268
