,Annualized Return,Annualized Vol,Sharpe Ratio,Max Drawdown,Skewness,Kurtosis,Cornish-Fisher VaR (5%),Historic CVaR (5%)
Mean Return,23.185111002540417,20.30782843002713,0.7810454789525135,-29.99154857373474,-0.595055107780776,4.4613938553746575,0.04598634894613951,0.06504327960361463
