,Annualized Return,Annualized Vol,Sharpe Ratio,Max Drawdown,Skewness,Kurtosis,Cornish-Fisher VaR (5%),Historic CVaR (5%)
Mean Return,23.578628876152408,19.64137162698143,0.8233768148129286,-31.884116227823206,-0.9283136177992012,6.003672342472907,0.04581351470090145,0.06638910230088639
