,Annualized Return,Annualized Vol,Sharpe Ratio,Max Drawdown,Skewness,Kurtosis,Cornish-Fisher VaR (5%),Historic CVaR (5%)
Mean Return,17.2295486088178,24.476221065360747,0.41442223569990344,-55.775014401261956,-0.7828379211530692,6.5285742649443295,0.056836112614506815,0.0808300601332211
