,Annualized Return,Annualized Vol,Sharpe Ratio,Max Drawdown,Skewness,Kurtosis,Cornish-Fisher VaR (5%),Historic CVaR (5%)
Mean Return,16.518601926256537,21.04186191783389,0.45545547999120356,-37.51720198012502,-0.6839696879329028,5.9003109897005865,0.04868888083123534,0.06765343208979646
