,Annualized Return,Annualized Vol,Sharpe Ratio,Max Drawdown,Skewness,Kurtosis,Cornish-Fisher VaR (5%),Historic CVaR (5%)
Mean Return,22.51469269252686,22.322349958473996,0.6754922374833564,-48.00311158148685,-0.7225193390791144,8.503225099602362,0.04907494855866094,0.07057372635098316
