,Annualized Return,Annualized Vol,Sharpe Ratio,Max Drawdown,Skewness,Kurtosis,Cornish-Fisher VaR (5%),Historic CVaR (5%)
Mean Return,22.942025866792704,22.2155599309803,0.6984418952355799,-38.08856408934581,-0.6007765577856187,5.335378095184316,0.049735830682885625,0.07083888686713331
