,Annualized Return,Annualized Vol,Sharpe Ratio,Max Drawdown,Skewness,Kurtosis,Cornish-Fisher VaR (5%),Historic CVaR (5%)
Mean Return,18.850755061851387,20.912236455990325,0.553668833649163,-42.359185254831836,-1.2837963775709236,9.678915777045582,0.049677488524142194,0.06837159730303062
