,Annualized Return,Annualized Vol,Sharpe Ratio,Max Drawdown,Skewness,Kurtosis,Cornish-Fisher VaR (5%),Historic CVaR (5%)
Mean Return,10.143992095061737,21.699691896905005,0.16467350667981143,-39.565967233451204,-0.7292222774648008,6.4201195640821,0.051435799306352704,0.06981600815379158
