,Annualized Return,Annualized Vol,Sharpe Ratio,Max Drawdown,Skewness,Kurtosis,Cornish-Fisher VaR (5%),Historic CVaR (5%)
Mean Return,25.202534212031892,20.09664473924521,0.8981627445062988,-30.074181679567786,-0.749591246319431,5.254782828371452,0.04664473469497455,0.06501494483274678
