,Annualized Return,Annualized Vol,Sharpe Ratio,Max Drawdown,Skewness,Kurtosis,Cornish-Fisher VaR (5%),Historic CVaR (5%)
Mean Return,15.397767890792569,25.63854548456733,0.3452774605711475,-49.55692309198142,-0.9376321487073637,6.6219538447677815,0.0636494008229404,0.08993082668580749
