,Annualized Return,Annualized Vol,Sharpe Ratio,Max Drawdown,Skewness,Kurtosis,Cornish-Fisher VaR (5%),Historic CVaR (5%)
Mean Return,21.051815362322166,21.386624019024634,0.6482178818902901,-38.91542664698626,-0.8446009047554538,6.233574424134785,0.04980078812022293,0.07097714629265604
