,Annualized Return,Annualized Vol,Sharpe Ratio,Max Drawdown,Skewness,Kurtosis,Cornish-Fisher VaR (5%),Historic CVaR (5%)
Mean Return,18.901007583523377,23.039525726576517,0.5045347762868,-43.96314583156052,-0.6977014628296208,5.746867052039583,0.052927595271845214,0.0740376375207735
