,Annualized Return,Annualized Vol,Skewness,Kurtosis,Cornish-Fisher VaR (5%),Historic CVaR (5%),Sharpe Ratio,Max Drawdown
Mean Return,0.003207282257946087,0.29416861557507507,-0.6244792451727487,6.198929330537086,0.07040047102890497,0.09659280374263131,-0.19652981344464016,-0.7199114716813033
