,Annualized Return,Annualized Vol,Sharpe Ratio,Max Drawdown,Skewness,Kurtosis,Cornish-Fisher VaR (5%),Historic CVaR (5%)
Mean Return,23.106902165395795,23.64122361271747,0.6878445846097799,-30.687667017415876,-0.18344798232820358,3.793858914194991,0.05290185972788762,0.07332095297153529
