,Annualized Return,Annualized Vol,Sharpe Ratio,Max Drawdown,Skewness,Kurtosis,Cornish-Fisher VaR (5%),Historic CVaR (5%)
Mean Return,23.685959577052927,20.543524492075587,0.8094785838724925,-28.29513175876001,-0.7495417271179633,5.163566439302401,0.04805893716713448,0.06732339399097559
