,Annualized Return,Annualized Vol,Sharpe Ratio,Max Drawdown,Skewness,Kurtosis,Cornish-Fisher VaR (5%),Historic CVaR (5%)
Mean Return,28.535744594826795,25.492058216954263,0.8110521451928205,-37.25147420431882,-0.8818062891172094,6.378949200593782,0.058551656465884616,0.08492399775237609
