,Annualized Return,Annualized Vol,Sharpe Ratio,Max Drawdown,Skewness,Kurtosis,Cornish-Fisher VaR (5%),Historic CVaR (5%)
Mean Return,17.67365106019836,26.91967552363557,0.392721376440768,-50.90252742204547,-0.8917958691168274,7.137316557246871,0.06386674160852383,0.08678772098762325
