,Annualized Return,Annualized Vol,Sharpe Ratio,Max Drawdown,Skewness,Kurtosis,Cornish-Fisher VaR (5%),Historic CVaR (5%)
Mean Return,17.167385078303177,20.495575314811514,0.49740953360616585,-37.72682782200851,-0.7253481685796368,5.765958998869347,0.04763119409725723,0.06671507060050129
