,Annualized Return,Annualized Vol,Sharpe Ratio,Max Drawdown,Skewness,Kurtosis,Cornish-Fisher VaR (5%),Historic CVaR (5%)
Mean Return,23.86929085141769,20.080714280200297,0.8130924623865233,-39.22004525165906,-1.3690467814370175,9.407102599980215,0.04747116218364019,0.06684700500784693
