,Annualized Return,Annualized Vol,Sharpe Ratio,Max Drawdown,Skewness,Kurtosis,Cornish-Fisher VaR (5%),Historic CVaR (5%)
Mean Return,20.14742492765127,24.46604305975067,0.5242620385060511,-57.770494251350115,-1.2327299854973226,8.136326787875094,0.059001941982830736,0.08357933465974351
