,Annualized Return,Annualized Vol,Sharpe Ratio,Max Drawdown,Skewness,Kurtosis,Cornish-Fisher VaR (5%),Historic CVaR (5%)
Mean Return,6.30248916760483,27.816871893553042,-0.006851975923415446,-62.677981713318786,-0.8159888213237799,6.3585059670241515,0.06726894005832239,0.09226492888945266
