,Annualized Return,Annualized Vol,Sharpe Ratio,Max Drawdown,Skewness,Kurtosis,Cornish-Fisher VaR (5%),Historic CVaR (5%)
Mean Return,25.77464124737727,20.113225333542577,0.8989847634463377,-35.27387814499093,-0.9246797279823487,7.541637805533391,0.04537147311608299,0.06369783471870852
