,Annualized Return,Annualized Vol,Sharpe Ratio,Max Drawdown,Skewness,Kurtosis,Cornish-Fisher VaR (5%),Historic CVaR (5%)
Mean Return,17.28308814712061,22.980190434213252,0.4409931908038093,-46.730041264478785,-1.1038412755875022,11.162108816807612,0.05277073607810119,0.07524016266106663
