,Annualized Return,Annualized Vol,Sharpe Ratio,Max Drawdown,Skewness,Kurtosis,Cornish-Fisher VaR (5%),Historic CVaR (5%)
Index Return,10.87280609214325,17.720826600093268,0.23186978656046467,-32.350613988954585,-1.2104244351651616,13.066809194921971,0.040851484514463625,0.05271436621120282
