,Annualized Return,Annualized Vol,Skewness,Kurtosis,Cornish-Fisher VaR (5%),Historic CVaR (5%),Sharpe Ratio,Max Drawdown
Mean Return,0.2009015810960988,0.2446604305975067,-1.2327299854973226,8.136326787875094,0.059001941982830736,0.08357933465974351,0.522816725582264,-0.5777049425135011
