,Annualized Return,Annualized Vol,Sharpe Ratio,Max Drawdown,Skewness,Kurtosis,Cornish-Fisher VaR (5%),Historic CVaR (5%)
Mean Return,32.83749592965777,20.42991776073958,1.212622522226391,-32.52733565920103,-0.9321797468384815,6.617388080170892,0.045640933580860445,0.0656915134579837
