,Annualized Return,Annualized Vol,Skewness,Kurtosis,Cornish-Fisher VaR (5%),Historic CVaR (5%),Sharpe Ratio,Max Drawdown
Mean Return,0.18470483465003618,0.20422260071432413,-1.0110436361209512,6.3773180802724285,0.04983910541847464,0.07013401554237313,0.5721127539605846,-0.2973307201507554
