,Annualized Return,Annualized Vol,Sharpe Ratio,Max Drawdown,Skewness,Kurtosis,Cornish-Fisher VaR (5%),Historic CVaR (5%)
Mean Return,24.689680676364347,19.65236819111035,0.8738322064008467,-32.106623462193,-0.8773723280694191,6.070504529976278,0.04528304492561725,0.06426228618498706
