,Annualized Return,Annualized Vol,Sharpe Ratio,Max Drawdown,Skewness,Kurtosis,Cornish-Fisher VaR (5%),Historic CVaR (5%)
Mean Return,6.679064442137395,23.49474736593679,0.007015576102188381,-58.47407794112806,-0.9602934751825786,6.832309169432556,0.05753683316201554,0.0801494143474399
