,Annualized Return,Annualized Vol,Sharpe Ratio,Max Drawdown,Skewness,Kurtosis,Cornish-Fisher VaR (5%),Historic CVaR (5%)
Mean Return,16.36841894688097,30.60446130535432,0.3024175934254059,-67.74152688728185,-0.021958535345828905,4.876304828453654,0.06457385117966813,0.09294922532904502
