,Annualized Return,Annualized Vol,Sharpe Ratio,Max Drawdown,Skewness,Kurtosis,Cornish-Fisher VaR (5%),Historic CVaR (5%)
Mean Return,17.505952380834632,29.334394307174094,0.3530964724070301,-57.96134196064154,-0.5690589228466615,6.229013240893475,0.06655661003695629,0.09211393434790117
