,Annualized Return,Annualized Vol,Sharpe Ratio,Max Drawdown,Skewness,Kurtosis,Cornish-Fisher VaR (5%),Historic CVaR (5%)
Mean Return,22.931764172207792,20.477515397660266,0.7551232129990808,-36.03348219128959,-1.1724263232623513,8.939711070487485,0.04757602462387424,0.06655095532349785
