,Annualized Return,Annualized Vol,Sharpe Ratio,Max Drawdown,Skewness,Kurtosis,Cornish-Fisher VaR (5%),Historic CVaR (5%)
Mean Return,18.0663925461894,19.321402954425064,0.5688668065330423,-35.7871263618062,-0.6352932175536931,4.657255821503003,0.04460228679612186,0.06399252974350142
