,Annualized Return,Annualized Vol,Sharpe Ratio,Max Drawdown,Skewness,Kurtosis,Cornish-Fisher VaR (5%),Historic CVaR (5%)
Mean Return,18.38800159543068,20.77769003991531,0.537048614085367,-37.21245670341551,-1.1023991956284465,9.733460081948385,0.04812697881571495,0.06620538753452361
