,Annualized Return,Annualized Vol,Sharpe Ratio,Max Drawdown,Skewness,Kurtosis,Cornish-Fisher VaR (5%),Historic CVaR (5%)
Mean Return,12.084759450621373,22.162225328645935,0.24191795657780585,-44.58688738966223,-0.510910591837889,6.322407820676722,0.05054049844680673,0.07240180467219685
