,Annualized Return,Annualized Vol,Sharpe Ratio,Max Drawdown,Skewness,Kurtosis,Cornish-Fisher VaR (5%),Historic CVaR (5%)
Mean Return,21.70051218535527,18.725110329668738,0.7630774621876851,-31.998157274792533,-1.2492514459832438,8.773561199811402,0.04395616522944503,0.061059247765082834
