,Annualized Return,Annualized Vol,Sharpe Ratio,Max Drawdown,Skewness,Kurtosis,Cornish-Fisher VaR (5%),Historic CVaR (5%)
Mean Return,31.674278905513464,26.646374768093338,0.8866648197595026,-37.25147420431882,-0.6193710927206206,6.672260060710076,0.05823387004980236,0.08852109854679531
