,Annualized Return,Annualized Vol,Sharpe Ratio,Max Drawdown,Skewness,Kurtosis,Cornish-Fisher VaR (5%),Historic CVaR (5%)
Mean Return,24.814166164987217,22.004892766341374,0.8038373424782239,-30.97469149435908,-0.6216773476696695,4.64808306059533,0.05087974555253667,0.07090768469498132
