,Annualized Return,Annualized Vol,Sharpe Ratio,Max Drawdown,Skewness,Kurtosis,Cornish-Fisher VaR (5%),Historic CVaR (5%)
Mean Return,16.74292999599487,20.768357774435366,0.4618254906390282,-46.17006068480835,-0.9511975502071965,7.238941422544817,0.04875257803872948,0.06839756709074592
