,Annualized Return,Annualized Vol,Sharpe Ratio,Max Drawdown,Skewness,Kurtosis,Cornish-Fisher VaR (5%),Historic CVaR (5%)
Mean Return,20.950832780265216,23.366855521155244,0.5825839147222304,-44.758052843044,-0.8119307911431768,6.710910872546973,0.05367521171625114,0.07746868608898116
