,Annualized Return,Annualized Vol,Sharpe Ratio,Max Drawdown,Skewness,Kurtosis,Cornish-Fisher VaR (5%),Historic CVaR (5%)
Mean Return,22.15531167154481,20.52184559173881,0.7162557895092581,-38.53403944483009,-0.9892219770450513,7.432090557026507,0.047425853042754054,0.06898076846459487
