,Annualized Return,Annualized Vol,Sharpe Ratio,Max Drawdown,Skewness,Kurtosis,Cornish-Fisher VaR (5%),Historic CVaR (5%)
Mean Return,23.74343634842322,20.324743171356477,0.7958651104056159,-36.90035407862904,-1.3131527489028196,10.235123268425713,0.047302011705976914,0.06528843540969805
