,Annualized Return,Annualized Vol,Sharpe Ratio,Max Drawdown,Skewness,Kurtosis,Cornish-Fisher VaR (5%),Historic CVaR (5%)
Mean Return,27.546425107661232,20.343088237750536,0.9713152353166439,-29.397345018536864,-0.8659023492584184,7.087774937384047,0.04550239650647543,0.063440079418077
