,Annualized Return,Annualized Vol,Sharpe Ratio,Max Drawdown,Skewness,Kurtosis,Cornish-Fisher VaR (5%),Historic CVaR (5%)
Mean Return,4.204476048942185,22.0071956600106,-0.0981955967273022,-65.62813154156115,-0.9669051848433032,7.5170048352293355,0.05392531051825515,0.07775983727803201
