,Annualized Return,Annualized Vol,Sharpe Ratio,Max Drawdown,Skewness,Kurtosis,Cornish-Fisher VaR (5%),Historic CVaR (5%)
Mean Return,33.76241021628332,21.459999073401853,1.1949341374305926,-35.74325312384381,-0.7574992594852392,5.473846500404197,0.04743875620984455,0.06823300489525216
