,Annualized Return,Annualized Vol,Sharpe Ratio,Max Drawdown,Skewness,Kurtosis,Cornish-Fisher VaR (5%),Historic CVaR (5%)
Mean Return,11.949281065529881,21.806856128816186,0.23624975374798318,-61.130524060204095,-0.9166785887425903,7.020152062590615,0.051976056112456,0.07560201758557487
