,Annualized Return,Annualized Vol,Sharpe Ratio,Max Drawdown,Skewness,Kurtosis,Cornish-Fisher VaR (5%),Historic CVaR (5%)
Mean Return,24.112202051028085,21.014133936691245,0.787831920810142,-35.33222708184178,-1.1915419227264221,8.572828140502589,0.04908665905575733,0.06910675736617788
