,Annualized Return,Annualized Vol,Skewness,Kurtosis,Cornish-Fisher VaR (5%),Historic CVaR (5%),Sharpe Ratio,Max Drawdown
Mean Return,0.22476001323919093,0.19444805395015666,-1.4110862607331751,9.820831754497354,0.0460954046803629,0.0651938676428668,0.7732900292991276,-0.3334030448423673
