,Annualized Return,Annualized Vol,Sharpe Ratio,Max Drawdown,Skewness,Kurtosis,Cornish-Fisher VaR (5%),Historic CVaR (5%)
Mean Return,21.78599174451321,21.09280508717829,0.6835926261291003,-37.90011940367262,-0.8967684484529649,6.779718529893977,0.04859134167040106,0.07075038294839754
