,Annualized Return,Annualized Vol,Sharpe Ratio,Max Drawdown,Skewness,Kurtosis,Cornish-Fisher VaR (5%),Historic CVaR (5%)
Mean Return,4.77040828548807,23.69693000539078,-0.06750201479243317,-72.01582360079746,-1.00374115380792,7.052710490983483,0.058593857848047916,0.08309088379470612
