,Annualized Return,Annualized Vol,Sharpe Ratio,Max Drawdown,Skewness,Kurtosis,Cornish-Fisher VaR (5%),Historic CVaR (5%)
Mean Return,3.3878882073758776,31.668423868862526,-0.09257931519765085,-73.1530724693701,-0.5237031350591673,7.263359336452537,0.0730429383619714,0.1059373243514162
