,Annualized Return,Annualized Vol,Sharpe Ratio,Max Drawdown,Skewness,Kurtosis,Cornish-Fisher VaR (5%),Historic CVaR (5%)
Mean Return,19.309545657784398,24.117606413646147,0.49987398909362235,-51.124194477108986,-0.7968099241095051,7.126418195206331,0.05535630420446293,0.07620017671011046
