,Annualized Return,Annualized Vol,Sharpe Ratio,Max Drawdown,Skewness,Kurtosis,Cornish-Fisher VaR (5%),Historic CVaR (5%)
Mean Return,20.796799879853967,22.44021131813423,0.5988319090147649,-32.575271625030695,-1.0752976330581754,6.445416094999829,0.05364789513732519,0.07777622196816159
