,Annualized Return,Annualized Vol,Sharpe Ratio,Max Drawdown,Skewness,Kurtosis,Cornish-Fisher VaR (5%),Historic CVaR (5%)
Mean Return,25.045135493723826,20.226538073349015,0.8602731924572952,-36.294925311801904,-1.1775027792030515,9.150327410277676,0.04656772508725713,0.06539773576473303
