,Annualized Return,Annualized Vol,Sharpe Ratio,Max Drawdown,Skewness,Kurtosis,Cornish-Fisher VaR (5%),Historic CVaR (5%)
Mean Return,16.63940607749579,20.348713208361026,0.46651171373413375,-41.99863199456885,-1.2196081721892396,8.453131078246313,0.048880385820056466,0.07028230009638538
