,Annualized Return,Annualized Vol,Sharpe Ratio,Max Drawdown,Skewness,Kurtosis,Cornish-Fisher VaR (5%),Historic CVaR (5%)
Mean Return,19.950257855371255,19.418422301435672,0.6549904956203042,-35.27631241149471,-0.9047684083069917,6.3657983602254875,0.04547054483605586,0.06368717658902359
