,Annualized Return,Annualized Vol,Sharpe Ratio,Max Drawdown,Skewness,Kurtosis,Cornish-Fisher VaR (5%),Historic CVaR (5%)
Mean Return,18.559844037627805,19.807126057664988,0.5783585877699368,-34.72440963145553,-0.5858096228049567,4.564337000831474,0.045407952543185505,0.06548748051571915
