,Annualized Return,Annualized Vol,Sharpe Ratio,Max Drawdown,Skewness,Kurtosis,Cornish-Fisher VaR (5%),Historic CVaR (5%)
Mean Return,30.60647575793518,21.257271462010078,1.0644275321951537,-29.918037142318095,-0.9679163655413149,7.675592216792314,0.04767238413294049,0.06666365212058771
