,Annualized Return,Annualized Vol,Sharpe Ratio,Max Drawdown,Skewness,Kurtosis,Cornish-Fisher VaR (5%),Historic CVaR (5%)
Mean Return,20.716424264443532,20.081890173328464,0.664621450346873,-39.11730758868299,-0.838297213002671,5.674683518965276,0.04650366350966422,0.0646554061123046
