,Annualized Return,Annualized Vol,Sharpe Ratio,Max Drawdown,Skewness,Kurtosis,Cornish-Fisher VaR (5%),Historic CVaR (5%)
Mean Return,3.3844516239753597,27.293943043079416,-0.10867635578279679,-64.64379600130908,-0.9867683390388106,7.089044399359179,0.06759520149004886,0.0946217181455695
