,Annualized Return,Annualized Vol,Sharpe Ratio,Max Drawdown,Skewness,Kurtosis,Cornish-Fisher VaR (5%),Historic CVaR (5%)
Mean Return,20.861077067791612,21.30418967861369,0.6321333495418506,-42.348982181049976,-1.139925705457301,8.532929478936065,0.050009216702939036,0.06947718892901798
