,Annualized Return,Annualized Vol,Sharpe Ratio,Max Drawdown,Skewness,Kurtosis,Cornish-Fisher VaR (5%),Historic CVaR (5%)
Mean Return,24.936674246303305,21.298369369545185,0.8171876380018847,-30.93029397316777,-0.7745942930705717,5.649481914287538,0.04884031318713854,0.06950488761400239
