,Annualized Return,Annualized Vol,Sharpe Ratio,Max Drawdown,Skewness,Kurtosis,Cornish-Fisher VaR (5%),Historic CVaR (5%)
Mean Return,22.369297421964696,23.273696299007128,0.6401963339865866,-44.561906679752546,-0.6267048837104329,5.193119507117056,0.05269901434074476,0.07239629061254597
