,Annualized Return,Annualized Vol,Sharpe Ratio,Max Drawdown,Skewness,Kurtosis,Cornish-Fisher VaR (5%),Historic CVaR (5%)
Mean Return,17.289712817561064,19.71927221082364,0.5135298259608775,-39.758614158628255,-1.4496204810888724,11.552354869821523,0.046946625482040545,0.0642320873227364
