,Annualized Return,Annualized Vol,Sharpe Ratio,Max Drawdown,Skewness,Kurtosis,Cornish-Fisher VaR (5%),Historic CVaR (5%)
Mean Return,16.631559122834606,19.622223232900573,0.48529318159785123,-35.65587686309819,-1.6058776960891963,13.113302533993782,0.046891892262112794,0.06490704257106257
