,Annualized Return,Annualized Vol,Sharpe Ratio,Max Drawdown,Skewness,Kurtosis,Cornish-Fisher VaR (5%),Historic CVaR (5%)
Mean Return,16.058465493070283,27.64548893221791,0.32486826628420906,-53.62117802921736,-0.8551615653841884,6.213220982146951,0.06565949098054881,0.09546554093598436
