,Annualized Return,Annualized Vol,Sharpe Ratio,Max Drawdown,Skewness,Kurtosis,Cornish-Fisher VaR (5%),Historic CVaR (5%)
Mean Return,14.537760604565598,20.30194795237162,0.37207344805267734,-37.37493864637718,-1.52663521554987,10.856914086245693,0.04974015058362287,0.06848933817313062
