,Annualized Return,Annualized Vol,Sharpe Ratio,Max Drawdown,Skewness,Kurtosis,Cornish-Fisher VaR (5%),Historic CVaR (5%)
Mean Return,-4.347707132637746,26.561928534494445,-0.38347065163874655,-72.15758379077535,-0.5650638426717992,4.893015141547096,0.06495521201965682,0.08797397515617804
