,Annualized Return,Annualized Vol,Sharpe Ratio,Max Drawdown,Skewness,Kurtosis,Cornish-Fisher VaR (5%),Historic CVaR (5%)
Mean Return,26.47746686823591,21.054984092271276,0.9144310303735517,-31.142078597089608,-0.6946601002708115,4.99747348332805,0.04859169212387062,0.06698131558564005
