,Annualized Return,Annualized Vol,Sharpe Ratio,Max Drawdown,Skewness,Kurtosis,Cornish-Fisher VaR (5%),Historic CVaR (5%)
Mean Return,13.108093584374792,19.709382789092853,0.3150734756913681,-46.22061704842045,-1.2540544670863891,9.977055958778898,0.04722246347932843,0.06919888463380304
