,Annualized Return,Annualized Vol,Skewness,Kurtosis,Cornish-Fisher VaR (5%),Historic CVaR (5%),Sharpe Ratio,Max Drawdown
Mean Return,0.19539383455145232,0.20024700259982528,-0.9580367276446355,6.045429673329371,0.048445538053236384,0.06849290998023205,0.6336379495870351,-0.28950845426081423
