,Annualized Return,Annualized Vol,Sharpe Ratio,Max Drawdown,Skewness,Kurtosis,Cornish-Fisher VaR (5%),Historic CVaR (5%)
Mean Return,7.37928041345528,25.90677558898573,0.031738571595360136,-56.35088773167997,-1.1841384543894702,7.678332185192838,0.06472697899212582,0.08845668475188978
