,Annualized Return,Annualized Vol,Sharpe Ratio,Max Drawdown,Skewness,Kurtosis,Cornish-Fisher VaR (5%),Historic CVaR (5%)
Mean Return,22.23221879209689,18.426889971530226,0.8025631865735992,-33.024514480885394,-1.0394563721996517,7.0682729117518495,0.04270509580418494,0.06013257590493272
