,Annualized Return,Annualized Vol,Sharpe Ratio,Max Drawdown,Skewness,Kurtosis,Cornish-Fisher VaR (5%),Historic CVaR (5%)
Mean Return,23.541785173673514,21.214585761628193,0.7634821879386745,-29.839441694749848,-0.4563548250520244,4.372340585440607,0.04711277743017874,0.06668021691461531
