,Annualized Return,Annualized Vol,Sharpe Ratio,Max Drawdown,Skewness,Kurtosis,Cornish-Fisher VaR (5%),Historic CVaR (5%)
Mean Return,22.63381744707329,24.254366578268275,0.6247376625218882,-44.199100401443566,-0.6812534864625888,5.464205183647877,0.05532527082663119,0.08036035805386336
