,Annualized Return,Annualized Vol,Sharpe Ratio,Max Drawdown,Skewness,Kurtosis,Cornish-Fisher VaR (5%),Historic CVaR (5%)
Mean Return,20.74224450526514,19.612328220677085,0.6826047243902374,-29.660232902261825,-1.1839383287670158,10.083018686026247,0.04520810703643306,0.06085222898738066
