,Annualized Return,Annualized Vol,Sharpe Ratio,Max Drawdown,Skewness,Kurtosis,Cornish-Fisher VaR (5%),Historic CVaR (5%)
Mean Return,27.50433735933806,24.079432847332583,0.839369718865733,-34.98341006389033,-0.6760212671222,5.5825203188999915,0.05543861608834506,0.08083444716820046
