,Annualized Return,Annualized Vol,Sharpe Ratio,Max Drawdown,Skewness,Kurtosis,Cornish-Fisher VaR (5%),Historic CVaR (5%)
Mean Return,25.325135282809796,28.22319776262068,0.6293806353097037,-50.90252742204547,-0.5885717614398858,6.718745539450745,0.06313000379128345,0.08738218408643303
