,Annualized Return,Annualized Vol,Sharpe Ratio,Max Drawdown,Skewness,Kurtosis,Cornish-Fisher VaR (5%),Historic CVaR (5%)
Mean Return,16.427749481968522,19.717522630076544,0.4713651679056109,-40.54754564711192,-1.3203435406842179,9.309150997076907,0.04749824606593939,0.06840779668089703
