,Annualized Return,Annualized Vol,Sharpe Ratio,Max Drawdown,Skewness,Kurtosis,Cornish-Fisher VaR (5%),Historic CVaR (5%)
Mean Return,16.240643744318305,21.82154827999877,0.42103428330820336,-44.758052843044,-0.981900752686251,7.919338393284457,0.05122455877479843,0.07231259178295087
