,Annualized Return,Annualized Vol,Sharpe Ratio,Max Drawdown,Skewness,Kurtosis,Cornish-Fisher VaR (5%),Historic CVaR (5%)
Mean Return,24.305130430232303,20.294527067751268,0.8229626164162511,-36.90035407862904,-1.3656260687760464,10.73399055836703,0.04719838901192156,0.06568761456296983
