,Annualized Return,Annualized Vol,Sharpe Ratio,Max Drawdown,Skewness,Kurtosis,Cornish-Fisher VaR (5%),Historic CVaR (5%)
Mean Return,20.142663871518973,19.909431514267858,0.6422545902580526,-30.538301799801825,-1.5372278695536084,11.72767263893057,0.04741532286627023,0.06615423831631068
