,Annualized Return,Annualized Vol,Sharpe Ratio,Max Drawdown,Skewness,Kurtosis,Cornish-Fisher VaR (5%),Historic CVaR (5%)
Mean Return,30.166482726928034,29.11384567068202,0.7707383088154058,-31.322948391316174,-0.14619654364525078,6.525151360721023,0.059711185215936505,0.0833532159052671
