,Annualized Return,Annualized Vol,Sharpe Ratio,Max Drawdown,Skewness,Kurtosis,Cornish-Fisher VaR (5%),Historic CVaR (5%)
Mean Return,11.194406231171182,26.45545156184693,0.1666493901719803,-50.194987154512894,-0.5473902152369243,6.003684428626711,0.06081142417316167,0.08570566041518202
