,Annualized Return,Annualized Vol,Sharpe Ratio,Max Drawdown,Skewness,Kurtosis,Cornish-Fisher VaR (5%),Historic CVaR (5%)
Mean Return,15.276466639887731,23.971815260413525,0.3455087117799446,-51.476531443188186,-0.9315071625259282,6.497028306377103,0.057201268833500275,0.08023347115883278
