,Annualized Return,Annualized Vol,Sharpe Ratio,Max Drawdown,Skewness,Kurtosis,Cornish-Fisher VaR (5%),Historic CVaR (5%)
Mean Return,18.713881179986647,32.182814812280114,0.3569590731116194,-63.654547600172805,-0.6329331085551173,6.832034521394509,0.07325842839850485,0.1028527103678666
