,Annualized Return,Annualized Vol,Sharpe Ratio,Max Drawdown,Skewness,Kurtosis,Cornish-Fisher VaR (5%),Historic CVaR (5%)
Mean Return,-1.055339649394882,26.429089431419477,-0.2688936249320011,-75.06085106295409,-0.7192824516058008,5.401644663581729,0.06507561062086725,0.09006526721902655
