,Annualized Return,Annualized Vol,Sharpe Ratio,Max Drawdown,Skewness,Kurtosis,Cornish-Fisher VaR (5%),Historic CVaR (5%)
Mean Return,23.124578802430907,30.93312055002223,0.5067809764245372,-64.7986821548592,-0.27194492998779496,4.8391870886517445,0.0671728043979959,0.09343591914348434
