,Annualized Return,Annualized Vol,Sharpe Ratio,Max Drawdown,Skewness,Kurtosis,Cornish-Fisher VaR (5%),Historic CVaR (5%)
Mean Return,20.42166932268472,20.08984296827511,0.6602948178731395,-29.257153530139586,-0.615869706593066,5.121522477729246,0.0456628547789506,0.06390297359123182
