,Annualized Return,Annualized Vol,Sharpe Ratio,Max Drawdown,Skewness,Kurtosis,Cornish-Fisher VaR (5%),Historic CVaR (5%)
Mean Return,18.12971092033382,20.676633516270133,0.5302885264308317,-40.007492865742776,-0.9852719305237259,7.80542483734576,0.04818527680076526,0.06935205450970763
