,Annualized Return,Annualized Vol,Skewness,Kurtosis,Cornish-Fisher VaR (5%),Historic CVaR (5%),Sharpe Ratio,Max Drawdown
Mean Return,0.14622354218467426,0.20564841698150474,-1.244642608410907,8.91208969136195,0.04966450483221699,0.07071458473298091,0.36935880876208577,-0.46718178633006874
