,Annualized Return,Annualized Vol,Sharpe Ratio,Max Drawdown,Skewness,Kurtosis,Cornish-Fisher VaR (5%),Historic CVaR (5%)
Mean Return,21.13589679578549,19.420273915245094,0.735974809408858,-29.99268386602749,-1.1163433386508534,8.84556021334148,0.046578627786239016,0.06347005912521508
