,Annualized Return,Annualized Vol,Sharpe Ratio,Max Drawdown,Skewness,Kurtosis,Cornish-Fisher VaR (5%),Historic CVaR (5%)
Mean Return,16.146493865871857,24.9656382921991,0.3654827187616862,-59.005295878882244,-0.7674084354611044,6.377043125444211,0.05817248481942511,0.08166051184827058
