,Annualized Return,Annualized Vol,Sharpe Ratio,Max Drawdown,Skewness,Kurtosis,Cornish-Fisher VaR (5%),Historic CVaR (5%)
Mean Return,24.986744009588293,20.10372099963648,0.8632422566360168,-28.770015098414387,-0.8484134664280726,6.9638813292042485,0.04525502406906057,0.06162684104052414
