,Annualized Return,Annualized Vol,Sharpe Ratio,Max Drawdown,Skewness,Kurtosis,Cornish-Fisher VaR (5%),Historic CVaR (5%)
Mean Return,0.7608821963434709,25.58732295628634,-0.20988286136973175,-75.06085106295409,-0.7145950749369817,5.499306767485015,0.06257879093819538,0.08733670302614539
