,Annualized Return,Annualized Vol,Sharpe Ratio,Max Drawdown,Skewness,Kurtosis,Cornish-Fisher VaR (5%),Historic CVaR (5%)
Mean Return,0.6775589715901642,28.746585657542095,-0.1779429106362116,-67.23292357339406,0.028987301075675088,4.757147993642688,0.06469860254740491,0.08974284995790241
