,Annualized Return,Annualized Vol,Sharpe Ratio,Max Drawdown,Skewness,Kurtosis,Cornish-Fisher VaR (5%),Historic CVaR (5%)
Mean Return,17.573400173083886,19.00238552093115,0.574099395926077,-28.956082679473795,-1.227284744140877,9.625118277817851,0.04642456532277653,0.0639734042265902
