,Annualized Return,Annualized Vol,Sharpe Ratio,Max Drawdown,Skewness,Kurtosis,Cornish-Fisher VaR (5%),Historic CVaR (5%)
Mean Return,30.07361959565886,28.13516254304831,0.7862774693403912,-38.849543267382714,-0.17270606028229066,5.275850081331322,0.058420591415775915,0.08697763544346868
