,Annualized Return,Annualized Vol,Sharpe Ratio,Max Drawdown,Skewness,Kurtosis,Cornish-Fisher VaR (5%),Historic CVaR (5%)
Mean Return,30.236342186554577,20.67187807123729,1.0829486576480578,-32.006109805338625,-0.7436758983102769,5.5345653309469585,0.0463246675412779,0.06595268638441809
