,Annualized Return,Annualized Vol,Sharpe Ratio,Max Drawdown,Skewness,Kurtosis,Cornish-Fisher VaR (5%),Historic CVaR (5%)
Mean Return,10.255006250962806,28.51610235734654,0.1247890748874868,-68.46330181794285,-0.7946436680274062,6.283795261454979,0.06810940408217413,0.09190597895370825
