,Annualized Return,Annualized Vol,Sharpe Ratio,Max Drawdown,Skewness,Kurtosis,Cornish-Fisher VaR (5%),Historic CVaR (5%)
Mean Return,30.53423162820039,21.816440333296434,1.033921888382551,-35.8615370972871,-1.0850906283982789,8.359337934867657,0.049509053989585425,0.07193332319966234
