,Annualized Return,Annualized Vol,Sharpe Ratio,Max Drawdown,Skewness,Kurtosis,Cornish-Fisher VaR (5%),Historic CVaR (5%)
Mean Return,22.37503270944705,26.105543796543667,0.591887383570104,-48.87969124214624,-0.6246588167224415,5.711218185530769,0.06133006035966894,0.08878039128888687
