,Annualized Return,Annualized Vol,Sharpe Ratio,Max Drawdown,Skewness,Kurtosis,Cornish-Fisher VaR (5%),Historic CVaR (5%)
Mean Return,22.659294095777295,20.39291203267252,0.7460104163460867,-31.619206835107498,-0.9941223426777077,7.760382885795567,0.04686980803947627,0.06681346069485776
