,Annualized Return,Annualized Vol,Skewness,Kurtosis,Cornish-Fisher VaR (5%),Historic CVaR (5%),Sharpe Ratio,Max Drawdown
Mean Return,0.18941003354569785,0.22540701992719803,-1.1379627464719453,11.675922336736065,0.05136670482391676,0.07397395512212268,0.519611865186763,-0.4386252199877208
