,Annualized Return,Annualized Vol,Sharpe Ratio,Max Drawdown,Skewness,Kurtosis,Cornish-Fisher VaR (5%),Historic CVaR (5%)
Mean Return,9.19946616604519,30.818457534625054,0.08214140598424169,-74.07272801904399,-1.0294505791409931,7.976820252136087,0.0749228644220966,0.10435491414585507
