,Annualized Return,Annualized Vol,Sharpe Ratio,Max Drawdown,Skewness,Kurtosis,Cornish-Fisher VaR (5%),Historic CVaR (5%)
Mean Return,25.10929866699152,22.93135233710196,0.7628226054414422,-33.12523640132839,-0.8550463225856851,5.892035038313472,0.05283834186318009,0.07511202702626411
