,Annualized Return,Annualized Vol,Sharpe Ratio,Max Drawdown,Skewness,Kurtosis,Cornish-Fisher VaR (5%),Historic CVaR (5%)
Mean Return,22.282432585460032,20.346570813892136,0.7291345419346633,-33.46189859835041,-1.1967089440449787,8.119249933233666,0.04798459932144864,0.06824045101293588
