,Annualized Return,Annualized Vol,Sharpe Ratio,Max Drawdown,Skewness,Kurtosis,Cornish-Fisher VaR (5%),Historic CVaR (5%)
Mean Return,16.29286900870508,22.00837013983015,0.41968886038344355,-44.996024428031255,-1.053633894868022,8.025212497200503,0.052147338486877096,0.07346870193003212
