,Annualized Return,Annualized Vol,Sharpe Ratio,Max Drawdown,Skewness,Kurtosis,Cornish-Fisher VaR (5%),Historic CVaR (5%)
Mean Return,19.82149918240934,24.556932461138963,0.5145002778575616,-44.81214639965741,-0.6891998465825223,6.270785135064813,0.05653139531676742,0.08168317326845767
