,Annualized Return,Annualized Vol,Sharpe Ratio,Max Drawdown,Skewness,Kurtosis,Cornish-Fisher VaR (5%),Historic CVaR (5%)
Mean Return,28.31564946334959,21.02679039540032,0.9741134684642088,-30.06555410742509,-0.8166357650978595,6.703179221804984,0.04692268875165299,0.06551546820385319
