,Annualized Return,Annualized Vol,Sharpe Ratio,Max Drawdown,Skewness,Kurtosis,Cornish-Fisher VaR (5%),Historic CVaR (5%)
Mean Return,16.72870454713442,21.646138966880137,0.4490649283833453,-43.401399316048696,-1.1307177210942971,7.908923745092715,0.052300154596811005,0.07224965059253215
