,Annualized Return,Annualized Vol,Sharpe Ratio,Max Drawdown,Skewness,Kurtosis,Cornish-Fisher VaR (5%),Historic CVaR (5%)
Mean Return,22.992700844939407,19.01944473141289,0.8210837248274664,-31.465245473350873,-1.1669880489925086,7.95913552548887,0.044818796609455355,0.06318858823883386
