,Annualized Return,Annualized Vol,Sharpe Ratio,Max Drawdown,Skewness,Kurtosis,Cornish-Fisher VaR (5%),Historic CVaR (5%)
Mean Return,35.952644924018486,24.174122753638887,1.1459404666342747,-45.16668011381568,-0.6247548718470591,5.9157491736231265,0.0523240646885995,0.07511431278834618
