,Annualized Return,Annualized Vol,Sharpe Ratio,Max Drawdown,Skewness,Kurtosis,Cornish-Fisher VaR (5%),Historic CVaR (5%)
Mean Return,16.946448051172336,19.32604519807162,0.5080547403097082,-34.705895935387446,-1.453674668739316,11.70186877550865,0.04593296755084993,0.06353724303127165
