,Annualized Return,Annualized Vol,Sharpe Ratio,Max Drawdown,Skewness,Kurtosis,Cornish-Fisher VaR (5%),Historic CVaR (5%)
Mean Return,21.615231896337562,19.970909432160152,0.7340266736588822,-27.847562731565194,-0.8227101044893251,5.657233511925613,0.04720694488140874,0.06555672191317011
