,Annualized Return,Annualized Vol,Skewness,Kurtosis,Cornish-Fisher VaR (5%),Historic CVaR (5%),Sharpe Ratio,Max Drawdown
Mean Return,0.12946798590077369,0.19825185115951982,-1.09540869776796,7.373503872644417,0.048369931914072635,0.06804850229938891,0.31300240638199023,-0.3887675904889174
