,Annualized Return,Annualized Vol,Skewness,Kurtosis,Cornish-Fisher VaR (5%),Historic CVaR (5%),Sharpe Ratio,Max Drawdown
Mean Return,0.22293321287828372,0.1994622892482749,-1.3947473892533058,9.473931082094625,0.0474928540139964,0.06690639422659064,0.7452304442063772,-0.38039138035774833
