,Annualized Return,Annualized Vol,Sharpe Ratio,Max Drawdown,Skewness,Kurtosis,Cornish-Fisher VaR (5%),Historic CVaR (5%)
Mean Return,11.27256683877167,21.73263107362234,0.20631277482226362,-52.081979182518076,-0.9596161392069962,7.015791989232282,0.05223848889709505,0.07360185393667602
