,Annualized Return,Annualized Vol,Sharpe Ratio,Max Drawdown,Skewness,Kurtosis,Cornish-Fisher VaR (5%),Historic CVaR (5%)
Mean Return,27.429307387579115,20.526282048548936,0.9568909104450768,-35.944634786005714,-1.0899330139477637,8.265246628438375,0.04685908029101464,0.06682643415008897
