,Annualized Return,Annualized Vol,Sharpe Ratio,Max Drawdown,Skewness,Kurtosis,Cornish-Fisher VaR (5%),Historic CVaR (5%)
Mean Return,27.461296330341444,20.211109251031857,0.9815219168508393,-32.956249669624235,-0.9629903540302176,6.454844824227212,0.046619020289795525,0.0683917403212005
