,Annualized Return,Annualized Vol,Sharpe Ratio,Max Drawdown,Skewness,Kurtosis,Cornish-Fisher VaR (5%),Historic CVaR (5%)
Mean Return,18.670598677931906,21.220591885479507,0.5637678073315404,-37.4742587574642,-1.0654713151970443,8.526671028826499,0.05147245620464333,0.07160286807874176
