,Annualized Return,Annualized Vol,Sharpe Ratio,Max Drawdown,Skewness,Kurtosis,Cornish-Fisher VaR (5%),Historic CVaR (5%)
Mean Return,21.597170119889398,27.451424882651704,0.5155116674884158,-45.210449968506886,-0.7320086275467103,5.733824069360707,0.06348332522161078,0.0911840660524746
