,Annualized Return,Annualized Vol,Sharpe Ratio,Max Drawdown,Skewness,Kurtosis,Cornish-Fisher VaR (5%),Historic CVaR (5%)
Mean Return,14.538665812629127,27.615979130505714,0.2776824952657886,-44.212034733240856,-0.19415891137171418,4.351655768920324,0.06117961865100354,0.08672143306775279
