,Annualized Return,Annualized Vol,Sharpe Ratio,Max Drawdown,Skewness,Kurtosis,Cornish-Fisher VaR (5%),Historic CVaR (5%)
Mean Return,20.65529246012443,18.987361947935327,0.6998680544350321,-35.914425151936236,-1.091498959713012,6.934394691992351,0.04478051815327976,0.06340866666706588
