,Annualized Return,Annualized Vol,Sharpe Ratio,Max Drawdown,Skewness,Kurtosis,Cornish-Fisher VaR (5%),Historic CVaR (5%)
Mean Return,12.111127000622158,29.483024232055943,0.18036130024841474,-68.46330181794285,-0.6095088481780145,5.783982467772453,0.06859886440795401,0.0939939961190603
