,Annualized Return,Annualized Vol,Sharpe Ratio,Max Drawdown,Skewness,Kurtosis,Cornish-Fisher VaR (5%),Historic CVaR (5%)
Mean Return,10.048584656731464,20.60842377515035,0.16265787839826468,-36.32860229094062,-1.4647054132729331,10.23154205097072,0.05123885174167231,0.0711261911564791
