,Annualized Return,Annualized Vol,Sharpe Ratio,Max Drawdown,Skewness,Kurtosis,Cornish-Fisher VaR (5%),Historic CVaR (5%)
Mean Return,29.462648547497892,20.201083796278148,1.0721595604124896,-32.284751937543064,-0.8147139624411901,5.864549755599379,0.045601355060789044,0.06463856631522708
