,Annualized Return,Annualized Vol,Sharpe Ratio,Max Drawdown,Skewness,Kurtosis,Cornish-Fisher VaR (5%),Historic CVaR (5%)
Mean Return,19.718772182859823,19.666699548687532,0.6408500526576039,-29.484861944565044,-0.701453741602841,5.237934507549446,0.04529360822237806,0.06359278756412695
