,Annualized Return,Annualized Vol,Sharpe Ratio,Max Drawdown,Skewness,Kurtosis,Cornish-Fisher VaR (5%),Historic CVaR (5%)
Mean Return,25.34507645647317,19.991656165065756,0.8844385400900701,-29.65388247357033,-1.2236493939290407,9.57005896633472,0.046005433619811326,0.06295452397216
