,Annualized Return,Annualized Vol,Sharpe Ratio,Max Drawdown,Skewness,Kurtosis,Cornish-Fisher VaR (5%),Historic CVaR (5%)
Mean Return,26.314398404372817,20.586942376729223,0.9105633154443212,-33.46189859835039,-1.055008826462823,7.234508978442536,0.047937007341153214,0.06946570318347552
