,Annualized Return,Annualized Vol,Sharpe Ratio,Max Drawdown,Skewness,Kurtosis,Cornish-Fisher VaR (5%),Historic CVaR (5%)
Mean Return,22.5256502140045,20.486665339056888,0.7365352732891367,-31.619194711372312,-1.0958290068565144,7.908720763273448,0.04774059498497854,0.06837609728884662
