,Annualized Return,Annualized Vol,Sharpe Ratio,Max Drawdown,Skewness,Kurtosis,Cornish-Fisher VaR (5%),Historic CVaR (5%)
Mean Return,9.164464566743336,29.23574813560286,0.08656127004758815,-61.290162747360085,-0.2158909406332049,5.894224820410814,0.0641683555540717,0.09939472309675557
