,Annualized Return,Annualized Vol,Sharpe Ratio,Max Drawdown,Skewness,Kurtosis,Cornish-Fisher VaR (5%),Historic CVaR (5%)
Mean Return,18.53649252345313,21.361913500886796,0.5311773030137773,-40.232723008148696,-0.8772586449977555,7.08253368780887,0.04944395759659277,0.0712535746531546
