,Annualized Return,Annualized Vol,Sharpe Ratio,Max Drawdown,Skewness,Kurtosis,Cornish-Fisher VaR (5%),Historic CVaR (5%)
Mean Return,23.040732671568477,19.61481215802533,0.8199152334229475,-29.688157153800216,-1.0048978213496844,7.9438707718924775,0.04651066093031175,0.06433489331442224
