,Annualized Return,Annualized Vol,Sharpe Ratio,Max Drawdown,Skewness,Kurtosis,Cornish-Fisher VaR (5%),Historic CVaR (5%)
Mean Return,22.678515914061272,19.183935400722792,0.7954047204056428,-37.92762881412813,-0.9410959919249637,7.647643776918274,0.04357060617913128,0.06512202408411934
