,Annualized Return,Annualized Vol,Skewness,Kurtosis,Cornish-Fisher VaR (5%),Historic CVaR (5%),Sharpe Ratio,Max Drawdown
Mean Return,0.1371491463535599,0.20210647207977403,-1.4350204506305795,10.167063259098915,0.049443281947834455,0.06838183547217891,0.33634470705271186,-0.36328602290940626
