,Annualized Return,Annualized Vol,Sharpe Ratio,Max Drawdown,Skewness,Kurtosis,Cornish-Fisher VaR (5%),Historic CVaR (5%)
Mean Return,21.10026106144589,19.71329137990927,0.719751339174629,-29.709057547204708,-0.8600175328201839,5.991834942748061,0.04671111569776689,0.06587895205562123
