,Annualized Return,Annualized Vol,Sharpe Ratio,Max Drawdown,Skewness,Kurtosis,Cornish-Fisher VaR (5%),Historic CVaR (5%)
Mean Return,21.2986670408023,19.350763360567075,0.7461531633073399,-29.757115235187964,-0.9528382553676629,7.405902869872718,0.04607562013874206,0.06397051947453727
