,Annualized Return,Annualized Vol,Sharpe Ratio,Max Drawdown,Skewness,Kurtosis,Cornish-Fisher VaR (5%),Historic CVaR (5%)
Mean Return,28.550036164138646,21.616948368100378,0.9811617854844998,-31.32618250235527,-0.6680037912655721,4.836377451593018,0.049557621319063,0.06892848222258836
