,Annualized Return,Annualized Vol,Sharpe Ratio,Max Drawdown,Skewness,Kurtosis,Cornish-Fisher VaR (5%),Historic CVaR (5%)
Mean Return,17.467398634713447,25.33850088846339,0.4114144325793693,-52.32620925345387,-0.6236544422871265,6.468624943399214,0.05804033333210963,0.07884543004265364
