,Annualized Return,Annualized Vol,Skewness,Kurtosis,Cornish-Fisher VaR (5%),Historic CVaR (5%),Sharpe Ratio,Max Drawdown
Mean Return,0.2229275573696261,0.21380481177211422,-1.264397584148014,9.368222174038106,0.050347371184124655,0.07125352622320827,0.6925671071375212,-0.3606364175602504
