,Annualized Return,Annualized Vol,Skewness,Kurtosis,Cornish-Fisher VaR (5%),Historic CVaR (5%),Sharpe Ratio,Max Drawdown
Mean Return,0.19059193941253016,0.19035818383100722,-1.202348196433457,9.73854793343097,0.04602255147485971,0.06279888055970023,0.6471507618233414,-0.3008275895616785
