,Annualized Return,Annualized Vol,Skewness,Kurtosis,Cornish-Fisher VaR (5%),Historic CVaR (5%),Sharpe Ratio,Max Drawdown
Mean Return,0.1778311856317627,0.22407583465027475,-0.9809414044171196,6.983308054770923,0.05301652942652497,0.07655269557354866,0.4716484290513262,-0.3373023755299593
