,Annualized Return,Annualized Vol,Sharpe Ratio,Max Drawdown,Skewness,Kurtosis,Cornish-Fisher VaR (5%),Historic CVaR (5%)
Mean Return,27.662784655365492,29.58432768427972,0.6768402616137837,-52.68044346422245,-0.3812756765487986,6.299511980108646,0.06403896932636113,0.09462599028072603
