,Annualized Return,Annualized Vol,Sharpe Ratio,Max Drawdown,Skewness,Kurtosis,Cornish-Fisher VaR (5%),Historic CVaR (5%)
Mean Return,20.015761760528616,19.750595944225154,0.6470903185358313,-35.546447840201715,-0.8879063897594226,6.2183339191947775,0.046257311275621424,0.06509640781623385
