,Annualized Return,Annualized Vol,Sharpe Ratio,Max Drawdown,Skewness,Kurtosis,Cornish-Fisher VaR (5%),Historic CVaR (5%)
Mean Return,24.45631847602101,22.22421303685378,0.7680450480818506,-38.67943670327802,-0.7346542375012906,5.646512791508698,0.050830199622089796,0.07079047814999707
