,Annualized Return,Annualized Vol,Sharpe Ratio,Max Drawdown,Skewness,Kurtosis,Cornish-Fisher VaR (5%),Historic CVaR (5%)
Mean Return,31.670976108271166,28.766721053535772,0.8290693692417777,-41.213723444378,-0.07237928771802554,5.2271430311036156,0.05896653650655183,0.08494133646087967
