,Annualized Return,Annualized Vol,Sharpe Ratio,Max Drawdown,Skewness,Kurtosis,Cornish-Fisher VaR (5%),Historic CVaR (5%)
Mean Return,20.18197982642098,20.943698923208125,0.6176784436990886,-30.07060697618,-0.7525962731612822,5.701109009793817,0.048516533562416427,0.06797961322823665
