,Annualized Return,Annualized Vol,Sharpe Ratio,Max Drawdown,Skewness,Kurtosis,Cornish-Fisher VaR (5%),Historic CVaR (5%)
Mean Return,12.77821311206675,29.19643390841045,0.2019638683652185,-66.38558968947719,-0.8193799696630116,6.614143290452754,0.0693162610881368,0.09653857144894515
