,Annualized Return,Annualized Vol,Sharpe Ratio,Max Drawdown,Skewness,Kurtosis,Cornish-Fisher VaR (5%),Historic CVaR (5%)
Mean Return,20.69097060429723,22.061008461463047,0.6079693640966359,-33.911142961084934,-0.8786534354321894,6.084313404676224,0.05193873474027511,0.07219856354818228
