,Annualized Return,Annualized Vol,Sharpe Ratio,Max Drawdown,Skewness,Kurtosis,Cornish-Fisher VaR (5%),Historic CVaR (5%)
Mean Return,24.103660414778382,20.942264442801047,0.7913829412803685,-38.29383723356167,-0.7910329392472727,8.482547448638918,0.046097404300812314,0.06645447014304377
