,Annualized Return,Annualized Vol,Sharpe Ratio,Max Drawdown,Skewness,Kurtosis,Cornish-Fisher VaR (5%),Historic CVaR (5%)
Mean Return,19.797371121777573,22.201563949566356,0.5614514628352545,-44.69076091970667,-0.9082112927639273,6.854449602497881,0.05170860596151975,0.07162437628233836
