,Annualized Return,Annualized Vol,Sharpe Ratio,Max Drawdown,Skewness,Kurtosis,Cornish-Fisher VaR (5%),Historic CVaR (5%)
Mean Return,27.872266427237257,20.02148844958681,1.0041069159678822,-32.26402936065016,-0.9857619379482672,6.703171818629985,0.04568812418049847,0.06538807500353984
