,Annualized Return,Annualized Vol,Sharpe Ratio,Max Drawdown,Skewness,Kurtosis,Cornish-Fisher VaR (5%),Historic CVaR (5%)
Mean Return,10.850038877789615,20.18567420419904,0.20336136978703676,-53.15506437457387,-1.165962763421646,9.580967434192612,0.048430328858664065,0.07029084172740067
