,Annualized Return,Annualized Vol,Sharpe Ratio,Max Drawdown,Skewness,Kurtosis,Cornish-Fisher VaR (5%),Historic CVaR (5%)
Mean Return,24.86572374768665,21.40204634177338,0.8083134050027079,-42.35315856577943,-1.019100313050969,10.654707373187296,0.047440276721408554,0.07029418958056369
