,Annualized Return,Annualized Vol,Sharpe Ratio,Max Drawdown,Skewness,Kurtosis,Cornish-Fisher VaR (5%),Historic CVaR (5%)
Mean Return,26.383577432204895,19.990951262460634,0.9387494498646943,-32.28475193754305,-0.8389040216638334,5.943993100473934,0.04566784164803195,0.06456813768670791
