,Annualized Return,Annualized Vol,Sharpe Ratio,Max Drawdown,Skewness,Kurtosis,Cornish-Fisher VaR (5%),Historic CVaR (5%)
Mean Return,18.05249418574093,22.836581584770972,0.47628767509084424,-47.247362112062284,-1.2088656051547004,12.618087173209377,0.052159251270577994,0.07396371964213606
