,Annualized Return,Annualized Vol,Skewness,Kurtosis,Cornish-Fisher VaR (5%),Historic CVaR (5%),Sharpe Ratio,Max Drawdown
Mean Return,0.1938939304406948,0.20233934113631075,-1.487294937166516,11.135828797289419,0.048376366397412475,0.06755605304999283,0.5969589595774736,-0.36675801492472837
