,Annualized Return,Annualized Vol,Sharpe Ratio,Max Drawdown,Skewness,Kurtosis,Cornish-Fisher VaR (5%),Historic CVaR (5%)
Mean Return,19.27070032921594,25.193281574078654,0.4776063157329261,-49.798279243302446,-0.5696704756506771,5.777505072068715,0.056860558626910196,0.0821233031261845
