,Annualized Return,Annualized Vol,Skewness,Kurtosis,Cornish-Fisher VaR (5%),Historic CVaR (5%),Sharpe Ratio,Max Drawdown
Mean Return,0.1823373175936085,0.22964970909368942,-1.005053295588045,6.340994861167135,0.056435492825094316,0.08173339973204535,0.49881150830603677,-0.34564731746406036
