,Annualized Return,Annualized Vol,Sharpe Ratio,Max Drawdown,Skewness,Kurtosis,Cornish-Fisher VaR (5%),Historic CVaR (5%)
Mean Return,25.32269144813315,22.26567295935119,0.8250350228094412,-34.4027577051252,-0.7025528995658676,5.715648135963128,0.05245518541157135,0.07618194892589654
