,Annualized Return,Annualized Vol,Sharpe Ratio,Max Drawdown,Skewness,Kurtosis,Cornish-Fisher VaR (5%),Historic CVaR (5%)
Mean Return,12.985842555025574,20.07802262954618,0.30355938485192624,-48.75547345690977,-1.225572190519325,9.357156621512845,0.04832332941757867,0.0705448014099639
