,Annualized Return,Annualized Vol,Sharpe Ratio,Max Drawdown,Skewness,Kurtosis,Cornish-Fisher VaR (5%),Historic CVaR (5%)
Mean Return,17.090098004959554,19.735711761524957,0.5060426958522405,-41.01131171777841,-1.0224308146876024,7.960851093164726,0.04620003325772623,0.0668622971459406
