,Annualized Return,Annualized Vol,Sharpe Ratio,Max Drawdown,Skewness,Kurtosis,Cornish-Fisher VaR (5%),Historic CVaR (5%)
Mean Return,24.503579017148503,19.561738830654956,0.8993061876363985,-30.63661903928046,-0.7998004082124869,5.4114109969295185,0.04658989397688271,0.06294028802052051
