,Annualized Return,Annualized Vol,Sharpe Ratio,Max Drawdown,Skewness,Kurtosis,Cornish-Fisher VaR (5%),Historic CVaR (5%)
Mean Return,29.19830974266271,22.61138276199766,0.9471499409413439,-35.23681009454471,-0.5305179359231763,4.981095695991653,0.049878649914988075,0.07439541788488363
