,Annualized Return,Annualized Vol,Sharpe Ratio,Max Drawdown,Skewness,Kurtosis,Cornish-Fisher VaR (5%),Historic CVaR (5%)
Mean Return,20.637232031523745,21.926037722692783,0.606570041680388,-37.578250767461284,-0.8649942759620166,6.752313808684899,0.05062569496741809,0.07073039298074424
