,Annualized Return,Annualized Vol,Sharpe Ratio,Max Drawdown,Skewness,Kurtosis,Cornish-Fisher VaR (5%),Historic CVaR (5%)
Mean Return,24.039683063471706,21.191406300636856,0.7859095147921747,-31.09457982650366,-0.44012527925485895,4.233705484993974,0.04694172364763158,0.06630371592675523
