,Annualized Return,Annualized Vol,Sharpe Ratio,Max Drawdown,Skewness,Kurtosis,Cornish-Fisher VaR (5%),Historic CVaR (5%)
Mean Return,27.285163175488304,23.98794235642622,0.8144956595235721,-36.903965601202366,-0.7955714038958603,5.894473419484369,0.05461238875900443,0.0785661243291417
