,Annualized Return,Annualized Vol,Sharpe Ratio,Max Drawdown,Skewness,Kurtosis,Cornish-Fisher VaR (5%),Historic CVaR (5%)
Mean Return,22.147379492638365,19.41748885300301,0.7601036648843502,-35.25465350140243,-1.0200104791078488,7.385662879470414,0.04489620966812585,0.0652784800153072
