,Annualized Return,Annualized Vol,Sharpe Ratio,Max Drawdown,Skewness,Kurtosis,Cornish-Fisher VaR (5%),Historic CVaR (5%)
Mean Return,14.543527056972083,18.211260404773242,0.4151200200149842,-29.078308956248026,-1.0597470904370576,6.419634214249223,0.04386976700415775,0.0619312088845703
