,Annualized Return,Annualized Vol,Sharpe Ratio,Max Drawdown,Skewness,Kurtosis,Cornish-Fisher VaR (5%),Historic CVaR (5%)
Mean Return,20.63170839024362,19.940195101315442,0.6661665435622708,-35.546447840201715,-0.8642656344640832,6.092448203116323,0.04609745930478691,0.06409533070147645
