,Annualized Return,Annualized Vol,Sharpe Ratio,Max Drawdown,Skewness,Kurtosis,Cornish-Fisher VaR (5%),Historic CVaR (5%)
Mean Return,17.530964820684748,23.674569168323938,0.4400276546459538,-45.1432945730762,-0.8471269099946246,5.8671432319603225,0.055811622693161256,0.07951425748984715
