,Annualized Return,Annualized Vol,Sharpe Ratio,Max Drawdown,Skewness,Kurtosis,Cornish-Fisher VaR (5%),Historic CVaR (5%)
Mean Return,4.5498750661769005,24.0385127231147,-0.07567397741873402,-50.887640458887596,-1.350079007017542,9.287730181134018,0.060732118721880494,0.0829564287916395
