,Annualized Return,Annualized Vol,Sharpe Ratio,Max Drawdown,Skewness,Kurtosis,Cornish-Fisher VaR (5%),Historic CVaR (5%)
Mean Return,27.170629253362975,20.35570600160101,0.9528115193956586,-29.010624636455283,-1.2351344536834366,9.447273008117676,0.04678132208631784,0.06531018364602753
