,Annualized Return,Annualized Vol,Sharpe Ratio,Max Drawdown,Skewness,Kurtosis,Cornish-Fisher VaR (5%),Historic CVaR (5%)
Mean Return,18.40949116226942,29.546760941040507,0.37977177421253755,-57.4638096291813,-0.10710016927702483,4.995589188025858,0.06280390813574262,0.09318053007290401
