,Annualized Return,Annualized Vol,Sharpe Ratio,Max Drawdown,Skewness,Kurtosis,Cornish-Fisher VaR (5%),Historic CVaR (5%)
Mean Return,20.780928918614872,18.693515376840292,0.7466605746896146,-29.660232902261836,-1.1434006196876425,10.046384659664078,0.044285048975455404,0.0588003649587401
