,Annualized Return,Annualized Vol,Sharpe Ratio,Max Drawdown,Skewness,Kurtosis,Cornish-Fisher VaR (5%),Historic CVaR (5%)
Mean Return,19.38939304406948,20.233934113631076,0.5969589595774736,-36.675801492472836,-1.487294937166516,11.135828797289419,0.048376366397412475,0.06755605304999283
