,Annualized Return,Annualized Vol,Sharpe Ratio,Max Drawdown,Skewness,Kurtosis,Cornish-Fisher VaR (5%),Historic CVaR (5%)
Mean Return,26.30877556822737,29.5143836637741,0.630233025984683,-59.157935940072925,-0.21957248739192198,5.3399305010883085,0.062499112668071274,0.09135223694024092
