,Annualized Return,Annualized Vol,Skewness,Kurtosis,Cornish-Fisher VaR (5%),Historic CVaR (5%),Sharpe Ratio,Max Drawdown
Mean Return,0.210959946210606,0.19893627583511106,-1.2676243418047985,8.551540483970612,0.04724666554219596,0.06897937405467053,0.6896675314415543,-0.3350848303392997
