,Annualized Return,Annualized Vol,Sharpe Ratio,Max Drawdown,Skewness,Kurtosis,Cornish-Fisher VaR (5%),Historic CVaR (5%)
Mean Return,20.003378708950148,19.736319642690418,0.6753127240717428,-28.563221249831805,-0.4555668884185322,3.9924006898903777,0.046074309388654165,0.06391913971122441
