,Annualized Return,Annualized Vol,Sharpe Ratio,Max Drawdown,Skewness,Kurtosis,Cornish-Fisher VaR (5%),Historic CVaR (5%)
Mean Return,29.931026827004324,23.674776581819295,0.9293144384088434,-32.1770243694664,-0.5156344082615799,5.514358989131184,0.05136437874216028,0.07171444417486156
