,Annualized Return,Annualized Vol,Sharpe Ratio,Max Drawdown,Skewness,Kurtosis,Cornish-Fisher VaR (5%),Historic CVaR (5%)
Mean Return,22.182975535705918,20.807574750366197,0.7110017056171215,-38.74370663180004,-0.9777689935829522,7.0183981687922286,0.04824882007392062,0.06861397529350952
