,Annualized Return,Annualized Vol,Sharpe Ratio,Max Drawdown,Skewness,Kurtosis,Cornish-Fisher VaR (5%),Historic CVaR (5%)
Mean Return,22.543658236397167,24.029029749461618,0.6275666743471576,-43.32659244633223,-0.9568005529527199,6.845221858170662,0.05615668432474089,0.07999837179671852
