,Annualized Return,Annualized Vol,Sharpe Ratio,Max Drawdown,Skewness,Kurtosis,Cornish-Fisher VaR (5%),Historic CVaR (5%)
Mean Return,22.359281542535527,20.593691111712257,0.7238917069705277,-28.950845426081422,-0.9685643713646647,6.059575391882872,0.048198586684092756,0.06849290998023205
