,Annualized Return,Annualized Vol,Skewness,Kurtosis,Cornish-Fisher VaR (5%),Historic CVaR (5%),Sharpe Ratio,Max Drawdown
Mean Return,0.20417951003443124,0.2086971460682802,-1.2931818753259188,9.174500778341063,0.04966913172169569,0.07094123031004697,0.625088193546282,-0.29996950427313784
