,Annualized Return,Annualized Vol,Sharpe Ratio,Max Drawdown,Skewness,Kurtosis,Cornish-Fisher VaR (5%),Historic CVaR (5%)
Mean Return,16.852645910960938,20.850470311017368,0.466661793924671,-37.19285152130909,-0.9802879393303874,8.346647620740573,0.048478805345923665,0.06999415101338931
