,Annualized Return,Annualized Vol,Sharpe Ratio,Max Drawdown,Skewness,Kurtosis,Cornish-Fisher VaR (5%),Historic CVaR (5%)
Mean Return,-1.5759053135219525,27.05296107485361,-0.2807888728715405,-72.55546937605224,-0.8234634314812694,6.4721669771724395,0.06687950708203066,0.09113611975456207
