,Annualized Return,Annualized Vol,Sharpe Ratio,Max Drawdown,Skewness,Kurtosis,Cornish-Fisher VaR (5%),Historic CVaR (5%)
Mean Return,14.067819398355308,20.263659610030572,0.35097514544051023,-45.86224952781521,-1.2697152362172792,8.857761225165072,0.04918384729096986,0.07076432291469671
