,Annualized Return,Annualized Vol,Sharpe Ratio,Max Drawdown,Skewness,Kurtosis,Cornish-Fisher VaR (5%),Historic CVaR (5%)
Mean Return,7.878223867107259,22.4290396007209,0.05762279222635349,-43.7976845351589,-1.1594422204662809,8.925964298866534,0.05487220020454362,0.07550112494591553
