,Annualized Return,Annualized Vol,Sharpe Ratio,Max Drawdown,Skewness,Kurtosis,Cornish-Fisher VaR (5%),Historic CVaR (5%)
Mean Return,8.50349141154776,21.434172514672063,0.08860027201256788,-40.870406725239164,-1.407791376904702,9.56356247501591,0.05363261439667688,0.0743731088647748
