,Annualized Return,Annualized Vol,Sharpe Ratio,Max Drawdown,Skewness,Kurtosis,Cornish-Fisher VaR (5%),Historic CVaR (5%)
Mean Return,17.37576365122324,19.144154750860416,0.5339720225818511,-29.45388459450574,-0.9054221088816983,6.264643920740997,0.04483628182446575,0.06324502990705382
