,Annualized Return,Annualized Vol,Skewness,Kurtosis,Cornish-Fisher VaR (5%),Historic CVaR (5%),Sharpe Ratio,Max Drawdown
Mean Return,0.13774181960730503,0.20334440378896299,-1.2878991563071251,8.991979363911016,0.049468458860686695,0.07033519981468624,0.33434547520458124,-0.4586224952781521
