,Annualized Return,Annualized Vol,Sharpe Ratio,Max Drawdown,Skewness,Kurtosis,Cornish-Fisher VaR (5%),Historic CVaR (5%)
Mean Return,13.643133347458525,21.225649011482147,0.3145546107159149,-47.87185348784306,-1.0456809860383436,7.544391011949322,0.05089906130297284,0.07248115929484863
