,Annualized Return,Annualized Vol,Sharpe Ratio,Max Drawdown,Skewness,Kurtosis,Cornish-Fisher VaR (5%),Historic CVaR (5%)
Mean Return,26.230779714802033,19.1047255281544,0.9771122054002147,-30.689915226980315,-1.076224639158441,6.847820585829278,0.04454495119440631,0.06570669673886685
