,Annualized Return,Annualized Vol,Sharpe Ratio,Max Drawdown,Skewness,Kurtosis,Cornish-Fisher VaR (5%),Historic CVaR (5%)
Mean Return,17.78311856317627,22.407583465027475,0.4716484290513262,-33.73023755299593,-0.9809414044171196,6.983308054770923,0.05301652942652497,0.07655269557354866
