,Annualized Return,Annualized Vol,Sharpe Ratio,Max Drawdown,Skewness,Kurtosis,Cornish-Fisher VaR (5%),Historic CVaR (5%)
Mean Return,24.17600645841709,21.44968605452833,0.7758268128551462,-43.21913884412792,-0.7235494506659993,7.811755634029904,0.047183402481386756,0.06772366454694655
