,Annualized Return,Annualized Vol,Sharpe Ratio,Max Drawdown,Skewness,Kurtosis,Cornish-Fisher VaR (5%),Historic CVaR (5%)
Mean Return,28.58137052927765,21.191011963127607,0.977762750399128,-35.84629507522574,-1.223895217880786,9.218289544934773,0.04871622724374279,0.06881762983810302
