,Annualized Return,Annualized Vol,Sharpe Ratio,Max Drawdown,Skewness,Kurtosis,Cornish-Fisher VaR (5%),Historic CVaR (5%)
Mean Return,13.106410806000657,22.95778913393585,0.2719931292453567,-37.98873832746296,-0.7649392715437815,6.2424217398994175,0.053879361867634465,0.07737347493379472
