,Annualized Return,Annualized Vol,Sharpe Ratio,Max Drawdown,Skewness,Kurtosis,Cornish-Fisher VaR (5%),Historic CVaR (5%)
Mean Return,24.351345846928485,20.512412985676313,0.8169170417226698,-30.22502014530665,-0.8569299257932496,6.918584000581184,0.04643884897696801,0.06346828641684074
