,Annualized Return,Annualized Vol,Sharpe Ratio,Max Drawdown,Skewness,Kurtosis,Cornish-Fisher VaR (5%),Historic CVaR (5%)
Mean Return,20.61187887549312,19.621345996953583,0.6760461553677195,-35.27631241149471,-0.8794413461442708,6.223883080759033,0.045343454858888396,0.0628195864229538
