,Annualized Return,Annualized Vol,Sharpe Ratio,Max Drawdown,Skewness,Kurtosis,Cornish-Fisher VaR (5%),Historic CVaR (5%)
Mean Return,27.701135328739014,28.23692165801453,0.7051210854759629,-52.592760543406655,-0.3115259767272813,5.064731053077878,0.06062561033928752,0.08655692779255095
