,Annualized Return,Annualized Vol,Sharpe Ratio,Max Drawdown,Skewness,Kurtosis,Cornish-Fisher VaR (5%),Historic CVaR (5%)
Mean Return,11.995918953952312,24.23061699317336,0.21307696238434334,-51.476531443188186,-0.9408637176787492,6.540649752951453,0.0584555747852396,0.08313780520602293
