,Annualized Return,Annualized Vol,Sharpe Ratio,Max Drawdown,Skewness,Kurtosis,Cornish-Fisher VaR (5%),Historic CVaR (5%)
Mean Return,20.531820941429444,21.399618726551996,0.6249396046334389,-41.26312785549608,-0.9361093506144531,6.634811998611145,0.050362027673432945,0.07204871896344926
