,Annualized Return,Annualized Vol,Sharpe Ratio,Max Drawdown,Skewness,Kurtosis,Cornish-Fisher VaR (5%),Historic CVaR (5%)
Mean Return,17.48898853633152,20.637244423651246,0.500476478400857,-38.32291074517794,-1.067643270237921,7.677650256990742,0.04885096204071984,0.07014322978049245
