,Annualized Return,Annualized Vol,Sharpe Ratio,Max Drawdown,Skewness,Kurtosis,Cornish-Fisher VaR (5%),Historic CVaR (5%)
Mean Return,29.880567243099044,22.629014132614035,0.9697291233149704,-29.596094114537756,-0.7479892553229358,6.39493373352501,0.05023085247370776,0.07167864106510899
