,Annualized Return,Annualized Vol,Sharpe Ratio,Max Drawdown,Skewness,Kurtosis,Cornish-Fisher VaR (5%),Historic CVaR (5%)
Mean Return,34.14915634290496,24.054415528673488,1.078897930524516,-36.295520366144416,-0.5045586749967973,5.547013837581436,0.05153307966303056,0.07534808905732392
