,Annualized Return,Annualized Vol,Sharpe Ratio,Max Drawdown,Skewness,Kurtosis,Cornish-Fisher VaR (5%),Historic CVaR (5%)
Mean Return,23.982199494135802,24.499582522790096,0.6975147717198132,-31.352581369999083,-0.1813286335772792,3.657266230248007,0.0548871515968579,0.07500403257746277
