,Annualized Return,Annualized Vol,Sharpe Ratio,Max Drawdown,Skewness,Kurtosis,Cornish-Fisher VaR (5%),Historic CVaR (5%)
Mean Return,26.085283519439194,30.511559618877644,0.6028884825590337,-52.45725060519247,-0.25592978187998233,4.908692550106864,0.06557590225057817,0.09278565754953368
