,Annualized Return,Annualized Vol,Sharpe Ratio,Max Drawdown,Skewness,Kurtosis,Cornish-Fisher VaR (5%),Historic CVaR (5%)
Mean Return,13.530322676234663,21.823038570191564,0.3044193601365267,-39.91070792138578,-0.9462468450387398,7.238424993436695,0.05182258371360492,0.07296804229556701
