,Annualized Return,Annualized Vol,Sharpe Ratio,Max Drawdown,Skewness,Kurtosis,Cornish-Fisher VaR (5%),Historic CVaR (5%)
Mean Return,20.230442096519894,20.495951958302832,0.6350725648353138,-36.12780808353097,-1.1984639595026831,8.124834383554154,0.04914708563905924,0.06971583257134005
