,Annualized Return,Annualized Vol,Sharpe Ratio,Max Drawdown,Skewness,Kurtosis,Cornish-Fisher VaR (5%),Historic CVaR (5%)
Mean Return,22.177456282304277,20.101619277627904,0.7357237573409747,-33.691834431472074,-0.9723627787379384,7.651026671340388,0.04610215802609671,0.06628221804268317
