,Annualized Return,Annualized Vol,Sharpe Ratio,Max Drawdown,Skewness,Kurtosis,Cornish-Fisher VaR (5%),Historic CVaR (5%)
Mean Return,24.254304209768506,20.279148180862187,0.8212706529634893,-34.764689910767615,-0.8198910432847816,6.840632161448974,0.04567145077700761,0.0639415861602981
