,Annualized Return,Annualized Vol,Sharpe Ratio,Max Drawdown,Skewness,Kurtosis,Cornish-Fisher VaR (5%),Historic CVaR (5%)
Mean Return,10.726497072191044,21.781092281412164,0.1822832774670064,-52.081979182518076,-0.9790494982232656,7.139509065302687,0.052520458918592125,0.07344177594871037
