,Annualized Return,Annualized Vol,Sharpe Ratio,Max Drawdown,Skewness,Kurtosis,Cornish-Fisher VaR (5%),Historic CVaR (5%)
Mean Return,27.102840910267357,21.814897503937704,0.886695063579526,-30.469761235098076,-0.6846686733665814,6.001742332930389,0.04843569883833569,0.0672264105117604
