,Annualized Return,Annualized Vol,Sharpe Ratio,Max Drawdown,Skewness,Kurtosis,Cornish-Fisher VaR (5%),Historic CVaR (5%)
Mean Return,4.798146974128525,22.389463094232422,-0.07083450250949322,-65.13306411134023,-1.0714949852643592,7.521307949494797,0.05554928763384614,0.0792503709508975
