,Annualized Return,Annualized Vol,Sharpe Ratio,Max Drawdown,Skewness,Kurtosis,Cornish-Fisher VaR (5%),Historic CVaR (5%)
Mean Return,6.23809418365604,21.7709929321368,-0.010651273837747834,-62.04922616922924,-1.0771590714688566,7.757751582878382,0.05363782168908679,0.07705514445594681
