,Annualized Return,Annualized Vol,Sharpe Ratio,Max Drawdown,Skewness,Kurtosis,Cornish-Fisher VaR (5%),Historic CVaR (5%)
Mean Return,20.34347781050847,19.709188849079577,0.6867286610954765,-29.988840523972577,-0.6780170572466341,6.105603300474353,0.04594562704794646,0.06325645420233206
