,Annualized Return,Annualized Vol,Sharpe Ratio,Max Drawdown,Skewness,Kurtosis,Cornish-Fisher VaR (5%),Historic CVaR (5%)
Mean Return,22.3822669057963,20.086632344087867,0.7440980497363223,-34.767500341413715,-1.2178786137278728,9.268474430568642,0.04680404050863093,0.06538671289373621
