,Annualized Return,Annualized Vol,Sharpe Ratio,Max Drawdown,Skewness,Kurtosis,Cornish-Fisher VaR (5%),Historic CVaR (5%)
Mean Return,18.05220048834586,20.101008924649815,0.5418558765442557,-40.987503442183204,-0.9981300697034464,7.855248694075698,0.04683866717972621,0.06808265931628266
