,Annualized Return,Annualized Vol,Sharpe Ratio,Max Drawdown,Skewness,Kurtosis,Cornish-Fisher VaR (5%),Historic CVaR (5%)
Mean Return,11.25796523924043,21.109857952555227,0.2117566866485845,-43.21161143187556,-1.0995335783412994,7.886443127238675,0.05118368742791721,0.07216014474390658
