,Annualized Return,Annualized Vol,Sharpe Ratio,Max Drawdown,Skewness,Kurtosis,Cornish-Fisher VaR (5%),Historic CVaR (5%)
Mean Return,26.75933226870224,23.397149381978817,0.8169516615921412,-37.935952565945975,-0.6720518234257593,5.970535183656373,0.0526818574944577,0.07353710688416469
