,Annualized Return,Annualized Vol,Skewness,Kurtosis,Cornish-Fisher VaR (5%),Historic CVaR (5%),Sharpe Ratio,Max Drawdown
Mean Return,0.23306502691242237,0.23319554974854886,-1.2370212629999646,7.989217439519085,0.05571624636959882,0.07867235321303795,0.678239521224326,-0.5122545234111335
