,Annualized Return,Annualized Vol,Sharpe Ratio,Max Drawdown,Skewness,Kurtosis,Cornish-Fisher VaR (5%),Historic CVaR (5%)
Mean Return,14.960576935003056,25.673644583141137,0.3096431655562597,-54.219325315632695,-0.9475752397387137,7.4370827430857025,0.06094651921229808,0.08383704416694937
