,Annualized Return,Annualized Vol,Sharpe Ratio,Max Drawdown,Skewness,Kurtosis,Cornish-Fisher VaR (5%),Historic CVaR (5%)
Mean Return,-4.359451699008254,26.561928534494445,-0.38447393361077953,-72.15758379077535,-0.5650638426717992,4.893015141547096,0.06495521201965682,0.08797397515617804
