,Annualized Return,Annualized Vol,Sharpe Ratio,Max Drawdown,Skewness,Kurtosis,Cornish-Fisher VaR (5%),Historic CVaR (5%)
Mean Return,24.408052992002972,20.5330758794645,0.8198444660319951,-34.862244946454524,-1.210985990850891,8.910204717782063,0.04777005776091276,0.0674023932694878
