,Annualized Return,Annualized Vol,Sharpe Ratio,Max Drawdown,Skewness,Kurtosis,Cornish-Fisher VaR (5%),Historic CVaR (5%)
Mean Return,15.422055822858628,25.467080376512545,0.33152119861932905,-62.3815339675098,-0.7460165655371509,6.191181826127672,0.05944781179619522,0.08260537465907875
