,Annualized Return,Annualized Vol,Skewness,Kurtosis,Cornish-Fisher VaR (5%),Historic CVaR (5%),Sharpe Ratio,Max Drawdown
Mean Return,0.1584046209772505,0.23173791219275552,-1.1341504390850075,11.661416766100116,0.053379104440807366,0.07650208825255249,0.3795934063840244,-0.4699788661131642
