,Annualized Return,Annualized Vol,Sharpe Ratio,Max Drawdown,Skewness,Kurtosis,Cornish-Fisher VaR (5%),Historic CVaR (5%)
Mean Return,6.246612644237315,22.32897903546029,0.006350944313011212,-52.317506494586155,-0.7828572504426208,6.048816349464547,0.05541501523620605,0.07482704633767702
