,Annualized Return,Annualized Vol,Sharpe Ratio,Max Drawdown,Skewness,Kurtosis,Cornish-Fisher VaR (5%),Historic CVaR (5%)
Mean Return,23.121313770178787,20.528813871821836,0.759833199220678,-40.1893338203893,-0.9936918392894863,6.684530995501377,0.04777166802923359,0.07000445958769302
