,Annualized Return,Annualized Vol,Sharpe Ratio,Max Drawdown,Skewness,Kurtosis,Cornish-Fisher VaR (5%),Historic CVaR (5%)
Mean Return,19.771026628879774,21.074569519065786,0.5903149242082286,-42.71658317237102,-1.301559753651812,9.668949422904053,0.05006137152620656,0.06918646437017005
