,Annualized Return,Annualized Vol,Sharpe Ratio,Max Drawdown,Skewness,Kurtosis,Cornish-Fisher VaR (5%),Historic CVaR (5%)
Mean Return,13.438951416039746,25.303154475251553,0.2589281571479733,-60.56129774069853,-0.5729169640922683,6.241717972086359,0.057807159902235915,0.08515078540550261
