,Annualized Return,Annualized Vol,Sharpe Ratio,Max Drawdown,Skewness,Kurtosis,Cornish-Fisher VaR (5%),Historic CVaR (5%)
Mean Return,7.4142830387939895,23.44709687317352,0.036505610920094606,-47.09228992966685,-1.2144787577272176,9.823042853292911,0.057327301881381666,0.07833940319921733
