,Annualized Return,Annualized Vol,Sharpe Ratio,Max Drawdown,Skewness,Kurtosis,Cornish-Fisher VaR (5%),Historic CVaR (5%)
Mean Return,38.0869750076132,29.57761754086671,1.029104794691849,-35.198379952834564,-0.07617881489245315,5.16230615844449,0.0621710097336379,0.08737082128918658
