,Annualized Return,Annualized Vol,Sharpe Ratio,Max Drawdown,Skewness,Kurtosis,Cornish-Fisher VaR (5%),Historic CVaR (5%)
Mean Return,24.45925644667113,21.48138227968914,0.7858816968727106,-30.287814144284848,-0.9041442505420141,5.73439355328814,0.04981708454464714,0.06936481380801754
