,Annualized Return,Annualized Vol,Sharpe Ratio,Max Drawdown,Skewness,Kurtosis,Cornish-Fisher VaR (5%),Historic CVaR (5%)
Mean Return,4.478124683464935,31.4564907434531,-0.06007829516202316,-73.1530724693701,-0.5108959151465545,7.482771479567029,0.07201202495190753,0.10549071732217798
