,Annualized Return,Annualized Vol,Sharpe Ratio,Max Drawdown,Skewness,Kurtosis,Cornish-Fisher VaR (5%),Historic CVaR (5%)
Mean Return,24.353015101828944,20.6504585692178,0.8163649237085228,-30.07060697618002,-0.7712401215287615,5.4584895465464625,0.04741053277922703,0.0670867260317256
