,Annualized Return,Annualized Vol,Sharpe Ratio,Max Drawdown,Skewness,Kurtosis,Cornish-Fisher VaR (5%),Historic CVaR (5%)
Mean Return,23.49194837620281,19.899975464310398,0.81101344257383,-28.46349791824805,-0.5809315003252646,4.458306953846883,0.04484708738497307,0.06394737335653605
