,Annualized Return,Annualized Vol,Sharpe Ratio,Max Drawdown,Skewness,Kurtosis,Cornish-Fisher VaR (5%),Historic CVaR (5%)
Mean Return,8.653213262348135,22.658558842086034,0.08919184520905271,-52.84195750347417,-0.946793095918507,6.674421706871301,0.055105832725181506,0.07787389385554323
