,Annualized Return,Annualized Vol,Sharpe Ratio,Max Drawdown,Skewness,Kurtosis,Cornish-Fisher VaR (5%),Historic CVaR (5%)
Mean Return,21.75413748192707,21.831617246487056,0.6809624537897918,-39.52726580903514,-0.9474287518746267,7.567831827327666,0.052212463237834364,0.07292098984174258
