,Annualized Return,Annualized Vol,Sharpe Ratio,Max Drawdown,Skewness,Kurtosis,Cornish-Fisher VaR (5%),Historic CVaR (5%)
Mean Return,21.793502390904674,19.88787436376022,0.7210332203663556,-35.1727144628407,-1.308023008854543,10.450163402390066,0.04635483764628533,0.06337112300603731
