,Annualized Return,Annualized Vol,Sharpe Ratio,Max Drawdown,Skewness,Kurtosis,Cornish-Fisher VaR (5%),Historic CVaR (5%)
Mean Return,23.232220775519718,20.754699238328605,0.757241911486358,-38.29698332019402,-0.8688662414237194,6.065308094316312,0.0477802532248473,0.06968457283524739
