,Annualized Return,Annualized Vol,Sharpe Ratio,Max Drawdown,Skewness,Kurtosis,Cornish-Fisher VaR (5%),Historic CVaR (5%)
Mean Return,19.028047201801645,21.96493874713789,0.5369671411509336,-42.450700992737765,-1.198423738462543,11.670940998083347,0.05041230361786391,0.0720401149214071
