,Annualized Return,Annualized Vol,Sharpe Ratio,Max Drawdown,Skewness,Kurtosis,Cornish-Fisher VaR (5%),Historic CVaR (5%)
Mean Return,16.354399718713843,19.84974995680145,0.46827614351987346,-54.30144949066496,-1.1338592477261142,8.840045710449962,0.04686252464094785,0.06797568574060636
