,Annualized Return,Annualized Vol,Sharpe Ratio,Max Drawdown,Skewness,Kurtosis,Cornish-Fisher VaR (5%),Historic CVaR (5%)
Mean Return,17.44038038150628,20.785475647466743,0.49470637505700643,-38.33554631403342,-1.0811363076708502,8.109385702020049,0.04907277754000021,0.07044559258186155
