,Annualized Return,Annualized Vol,Sharpe Ratio,Max Drawdown,Skewness,Kurtosis,Cornish-Fisher VaR (5%),Historic CVaR (5%)
Mean Return,22.786296378285954,25.084699015564738,0.6314774159288581,-45.29760602695997,-0.5270824988052292,5.343375882324297,0.058068798303112276,0.08255804660301427
