,Annualized Return,Annualized Vol,Sharpe Ratio,Max Drawdown,Skewness,Kurtosis,Cornish-Fisher VaR (5%),Historic CVaR (5%)
Mean Return,23.328208094374126,21.351305635831302,0.7419738134206724,-35.38765160071205,-0.919250044580757,7.120755653815224,0.048964911218594455,0.07076031794921597
