,Annualized Return,Annualized Vol,Sharpe Ratio,Max Drawdown,Skewness,Kurtosis,Cornish-Fisher VaR (5%),Historic CVaR (5%)
Mean Return,18.926187652254445,20.26260312793473,0.5756778616248787,-39.11730758868299,-0.8373505350109792,5.457685110130157,0.04735763615453184,0.0665381638782105
