,Annualized Return,Annualized Vol,Sharpe Ratio,Max Drawdown,Skewness,Kurtosis,Cornish-Fisher VaR (5%),Historic CVaR (5%)
Mean Return,12.031975879899415,24.799416311022384,0.21415689363971566,-51.71750796009656,-0.38354092326062406,5.306352606696356,0.05629567493371549,0.07919186560715161
