,Annualized Return,Annualized Vol,Sharpe Ratio,Max Drawdown,Skewness,Kurtosis,Cornish-Fisher VaR (5%),Historic CVaR (5%)
Mean Return,21.467947360391083,19.163305383401408,0.7622160281618405,-28.9560826794738,-1.1080784112671258,9.069524061885168,0.04567756629536811,0.06161239218129657
