,Annualized Return,Annualized Vol,Sharpe Ratio,Max Drawdown,Skewness,Kurtosis,Cornish-Fisher VaR (5%),Historic CVaR (5%)
Mean Return,19.39106461701048,19.465079675707862,0.6242566641441821,-45.48360631301904,-1.094410680690859,9.051006783095456,0.045033480457056796,0.06685956672867961
