,Annualized Return,Annualized Vol,Sharpe Ratio,Max Drawdown,Skewness,Kurtosis,Cornish-Fisher VaR (5%),Historic CVaR (5%)
Mean Return,22.78383401039854,23.366444544830117,0.6561281199310399,-54.047221120743,-0.5288616872687303,6.324788664889718,0.051278521065526744,0.07278076473758172
