,Annualized Return,Annualized Vol,Sharpe Ratio,Max Drawdown,Skewness,Kurtosis,Cornish-Fisher VaR (5%),Historic CVaR (5%)
Mean Return,12.379917121308392,22.585038140639472,0.2496833361022586,-45.05965481491078,-0.4922201596471011,6.02052030813127,0.051522232960352375,0.07321408751490777
