,Annualized Return,Annualized Vol,Sharpe Ratio,Max Drawdown,Skewness,Kurtosis,Cornish-Fisher VaR (5%),Historic CVaR (5%)
Mean Return,19.766839360018174,21.501671663734317,0.5815374734399857,-37.900100342952086,-0.85226408450948,6.146129031926887,0.04998313117547318,0.0730522133204084
