,Annualized Return,Annualized Vol,Sharpe Ratio,Max Drawdown,Skewness,Kurtosis,Cornish-Fisher VaR (5%),Historic CVaR (5%)
Mean Return,19.672704746228153,21.702640019181757,0.5690944570845892,-44.47388873285918,-0.9584397089218629,7.00882269298334,0.0507855713321191,0.07018304990849704
