,Annualized Return,Annualized Vol,Sharpe Ratio,Max Drawdown,Skewness,Kurtosis,Cornish-Fisher VaR (5%),Historic CVaR (5%)
Mean Return,14.967250933898523,19.659960517660757,0.4047730874355653,-42.983814673168155,-1.250695237417134,9.775807737698894,0.04687382200781623,0.0686226600168368
