,Annualized Return,Annualized Vol,Sharpe Ratio,Max Drawdown,Skewness,Kurtosis,Cornish-Fisher VaR (5%),Historic CVaR (5%)
Mean Return,6.015318947959347,23.487875222045552,-0.018778495263900824,-47.737450525714934,-1.3685921156929366,9.992091389107959,0.05874366320440797,0.0800006302544863
