,Annualized Return,Annualized Vol,Sharpe Ratio,Max Drawdown,Skewness,Kurtosis,Cornish-Fisher VaR (5%),Historic CVaR (5%)
Mean Return,18.68279172508651,19.67669119963362,0.5836868721594463,-37.415634243320994,-1.0517288967508822,8.237718779589333,0.045835440744162674,0.06689043518861577
