,Annualized Return,Annualized Vol,Sharpe Ratio,Max Drawdown,Skewness,Kurtosis,Cornish-Fisher VaR (5%),Historic CVaR (5%)
Mean Return,25.509232208295952,25.55424521598158,0.7020212654387921,-36.845527251885045,-0.32493695236870085,4.976415021387245,0.054977827477618216,0.08122200233630782
