,Annualized Return,Annualized Vol,Sharpe Ratio,Max Drawdown,Skewness,Kurtosis,Cornish-Fisher VaR (5%),Historic CVaR (5%)
Mean Return,29.57672125503057,23.455395835335576,0.9460576351235074,-31.817603148566896,-0.5733558935036392,4.742472980411874,0.05321631228505256,0.07749096449709852
