,Annualized Return,Annualized Vol,Sharpe Ratio,Max Drawdown,Skewness,Kurtosis,Cornish-Fisher VaR (5%),Historic CVaR (5%)
Mean Return,16.165034134369517,26.571629972355286,0.34177809139653403,-50.78087322814967,-1.2667691484480346,10.29512631886956,0.06366894743536396,0.08864203485886588
