,Annualized Return,Annualized Vol,Sharpe Ratio,Max Drawdown,Skewness,Kurtosis,Cornish-Fisher VaR (5%),Historic CVaR (5%)
Mean Return,13.169264480626119,20.799992527252137,0.3013016588523122,-37.9342218300798,-1.5143085319757024,10.591039194837652,0.05131955863164119,0.07087112307499908
