,Annualized Return,Annualized Vol,Sharpe Ratio,Max Drawdown,Skewness,Kurtosis,Cornish-Fisher VaR (5%),Historic CVaR (5%)
Mean Return,19.22346317902688,19.976262141298392,0.6204702504251758,-28.950845426081422,-0.9777941843634173,6.138815735382972,0.04845741962639882,0.06849290998023205
