,Annualized Return,Annualized Vol,Sharpe Ratio,Max Drawdown,Skewness,Kurtosis,Cornish-Fisher VaR (5%),Historic CVaR (5%)
Mean Return,20.91434318972347,19.829989587962014,0.7155575761126052,-28.75545395678547,-0.4472517373464059,3.9779059867307405,0.04609334112960719,0.06406528989657095
