,Annualized Return,Annualized Vol,Sharpe Ratio,Max Drawdown,Skewness,Kurtosis,Cornish-Fisher VaR (5%),Historic CVaR (5%)
Mean Return,19.022488353606292,21.11100416020179,0.5575314878776615,-41.669228948114565,-1.3859073216005808,11.085699513915609,0.049990281563594946,0.06859311489459345
