,Annualized Return,Annualized Vol,Sharpe Ratio,Max Drawdown,Skewness,Kurtosis,Cornish-Fisher VaR (5%),Historic CVaR (5%)
Mean Return,27.635955759078847,19.581640261240807,1.0214797410251049,-31.884105980851512,-0.9811203722684622,6.344421647769968,0.04518838222348475,0.06637643758917265
