,Annualized Return,Annualized Vol,Sharpe Ratio,Max Drawdown,Skewness,Kurtosis,Cornish-Fisher VaR (5%),Historic CVaR (5%)
Mean Return,32.480609809455466,27.670093945200502,0.8899357634164179,-34.48149454324335,-0.271973263800744,6.168227662335385,0.05780433692820461,0.0848931593451548
