,Annualized Return,Annualized Vol,Sharpe Ratio,Max Drawdown,Skewness,Kurtosis,Cornish-Fisher VaR (5%),Historic CVaR (5%)
Mean Return,22.92722742382192,19.335992078755577,0.7986103405000557,-31.84408675069607,-1.3821650703435386,10.426215188900166,0.04525029074554257,0.0638749199774491
