,Annualized Return,Annualized Vol,Sharpe Ratio,Max Drawdown,Skewness,Kurtosis,Cornish-Fisher VaR (5%),Historic CVaR (5%)
Mean Return,21.451586654759968,21.409316940571344,0.6564383563733155,-30.781813341040966,-1.0439663218469206,6.371281388460705,0.05075153413980756,0.07226496755661933
