,Annualized Return,Annualized Vol,Sharpe Ratio,Max Drawdown,Skewness,Kurtosis,Cornish-Fisher VaR (5%),Historic CVaR (5%)
Mean Return,24.427970337871873,22.02531817229649,0.7651277333122847,-36.24030510109545,-1.1492892390923442,8.303905820025287,0.05143372836256857,0.07281665751738353
