,Annualized Return,Annualized Vol,Sharpe Ratio,Max Drawdown,Skewness,Kurtosis,Cornish-Fisher VaR (5%),Historic CVaR (5%)
Mean Return,30.35934732934105,22.047410991656612,1.015731055869324,-35.861537097287076,-0.9884662243260135,7.922602341199194,0.049656723512055356,0.07154556000257581
