,Annualized Return,Annualized Vol,Sharpe Ratio,Max Drawdown,Skewness,Kurtosis,Cornish-Fisher VaR (5%),Historic CVaR (5%)
Mean Return,14.972331029911846,23.75096351353966,0.33520467095879963,-49.42111795980579,-0.7662979667507752,5.764253305727404,0.055835881025990367,0.0781190244027626
