,Annualized Return,Annualized Vol,Sharpe Ratio,Max Drawdown,Skewness,Kurtosis,Cornish-Fisher VaR (5%),Historic CVaR (5%)
Mean Return,30.95088752288342,20.85176249452246,1.105744519396784,-30.654159378519346,-0.7534802930099148,5.308417046718651,0.04637224962598471,0.06781000816437038
