,Annualized Return,Annualized Vol,Sharpe Ratio,Max Drawdown,Skewness,Kurtosis,Cornish-Fisher VaR (5%),Historic CVaR (5%)
Mean Return,18.041732226688055,17.861404117087027,0.6087614594551713,-36.81184984142962,-1.1552402247450133,11.234832519365474,0.04058169049887351,0.05632403856721709
