,Annualized Return,Annualized Vol,Sharpe Ratio,Max Drawdown,Skewness,Kurtosis,Cornish-Fisher VaR (5%),Historic CVaR (5%)
Mean Return,17.859910044825256,23.143130593506093,0.4627756319057396,-54.219978331662574,-0.8067819561374098,5.703313165174586,0.05425664444099588,0.07841068334981695
