,Annualized Return,Annualized Vol,Sharpe Ratio,Max Drawdown,Skewness,Kurtosis,Cornish-Fisher VaR (5%),Historic CVaR (5%)
Mean Return,13.632628313300078,17.51140089836208,0.3819925018467111,-33.54887998328706,-0.980302643798515,9.112494269551188,0.040475993139380204,0.05624524121369739
