,Annualized Return,Annualized Vol,Sharpe Ratio,Max Drawdown,Skewness,Kurtosis,Cornish-Fisher VaR (5%),Historic CVaR (5%)
Mean Return,5.506490313740886,19.316375208404942,-0.04972109605210192,-41.98604764233826,-0.728390629717636,8.018536736551658,0.045191545101420545,0.06176359261108445
