,Annualized Return,Annualized Vol,Sharpe Ratio,Max Drawdown,Skewness,Kurtosis,Cornish-Fisher VaR (5%),Historic CVaR (5%)
Mean Return,24.167004381888347,24.61861912431819,0.6750139289664945,-57.49965976518281,-0.8124023018242204,5.3359960424233295,0.057186414648642464,0.08172429355508942
