,Annualized Return,Annualized Vol,Sharpe Ratio,Max Drawdown,Skewness,Kurtosis,Cornish-Fisher VaR (5%),Historic CVaR (5%)
Mean Return,24.688410459101085,27.44432475772799,0.6401202803052015,-47.17413306028509,-0.5474060942856053,4.622069268497999,0.06370795466905627,0.09425615174759505
