,Annualized Return,Annualized Vol,Sharpe Ratio,Max Drawdown,Skewness,Kurtosis,Cornish-Fisher VaR (5%),Historic CVaR (5%)
Mean Return,13.79730900745766,22.159045682063578,0.3122287707384634,-33.32102830897321,-0.6100211002910539,5.285077453987771,0.05119093681102864,0.07369644844116663
