,Annualized Return,Annualized Vol,Skewness,Kurtosis,Cornish-Fisher VaR (5%),Historic CVaR (5%),Sharpe Ratio,Max Drawdown
Mean Return,0.03881476233910197,0.33129231263355274,-0.8964709413367254,8.461085395772333,0.08034959868698258,0.10680829480601524,-0.07163828612674014,-0.6722795079122225
