,Annualized Return,Annualized Vol,Skewness,Kurtosis,Cornish-Fisher VaR (5%),Historic CVaR (5%),Sharpe Ratio,Max Drawdown
Mean Return,0.1067269063562406,0.17325235156045452,-1.3458084224316693,14.441828014154613,0.040054036355880875,0.053897471679625344,0.22436016009408422,-0.367194726085699
