,Annualized Return,Annualized Vol,Sharpe Ratio,Max Drawdown,Skewness,Kurtosis,Cornish-Fisher VaR (5%),Historic CVaR (5%)
Mean Return,28.97710233660011,25.26463976378439,0.8558747106703758,-39.73549768018752,-0.560626800244609,5.371480496085099,0.0572028777308103,0.08725805740259042
