,Annualized Return,Annualized Vol,Sharpe Ratio,Max Drawdown,Skewness,Kurtosis,Cornish-Fisher VaR (5%),Historic CVaR (5%)
Mean Return,9.633465339863267,19.49644398283859,0.15280442759915186,-39.36332192597953,-0.9705850732801578,13.59146664616999,0.04345812113390266,0.06305368105488625
