,Annualized Return,Annualized Vol,Sharpe Ratio,Max Drawdown,Skewness,Kurtosis,Cornish-Fisher VaR (5%),Historic CVaR (5%)
Mean Return,19.481985290254713,20.553425959231554,0.599523877984332,-34.49904099003122,-0.9400152257996823,7.99082067899212,0.047681687636942346,0.06536476202243972
