,Annualized Return,Annualized Vol,Sharpe Ratio,Max Drawdown,Skewness,Kurtosis,Cornish-Fisher VaR (5%),Historic CVaR (5%)
Mean Return,2.2820437584445186,23.59987508929976,-0.1681661806944138,-57.265057477138036,-1.3741687330897072,8.632772042553219,0.06065861099227348,0.08718159520281872
