,Annualized Return,Annualized Vol,Skewness,Kurtosis,Cornish-Fisher VaR (5%),Historic CVaR (5%),Sharpe Ratio,Max Drawdown
Mean Return,0.17050839645060023,0.24281610877125767,-1.0202785774427863,5.811734381688452,0.05890801263763044,0.08312804412196977,0.4068766484252268,-0.39939903221614337
