,Annualized Return,Annualized Vol,Sharpe Ratio,Max Drawdown,Skewness,Kurtosis,Cornish-Fisher VaR (5%),Historic CVaR (5%)
Mean Return,11.187962026520971,17.672815898861305,0.2583180931648933,-30.305060665881566,-0.3489326459378761,4.787581759969491,0.039758464099684254,0.0545700488740644
