,Annualized Return,Annualized Vol,Sharpe Ratio,Max Drawdown,Skewness,Kurtosis,Cornish-Fisher VaR (5%),Historic CVaR (5%)
Mean Return,14.4859800244461,16.09098088155236,0.46785471326319633,-30.506235116685605,-1.3667962750044684,12.817935843116366,0.03726902061147547,0.05144740300941026
