,Annualized Return,Annualized Vol,Skewness,Kurtosis,Cornish-Fisher VaR (5%),Historic CVaR (5%),Sharpe Ratio,Max Drawdown
Mean Return,0.09049472711781337,0.19120026829357906,-0.9421785823480449,12.741951479559152,0.042962802000692524,0.06181236508039434,0.1270936626322895,-0.37830866830834675
