,Annualized Return,Annualized Vol,Sharpe Ratio,Max Drawdown,Skewness,Kurtosis,Cornish-Fisher VaR (5%),Historic CVaR (5%)
Mean Return,16.6885374946149,16.94618263400794,0.5660978865233633,-31.8883235564127,-0.9861142847786087,9.944912767583574,0.03821044871198163,0.052606909075214994
