,Annualized Return,Annualized Vol,Sharpe Ratio,Max Drawdown,Skewness,Kurtosis,Cornish-Fisher VaR (5%),Historic CVaR (5%)
Mean Return,13.477866563553519,16.781325755844538,0.4206816755790012,-28.76719944423416,-1.194906473001094,12.971694944420163,0.03955845801706639,0.052769325566764176
