,Annualized Return,Annualized Vol,Sharpe Ratio,Max Drawdown,Skewness,Kurtosis,Cornish-Fisher VaR (5%),Historic CVaR (5%)
Mean Return,11.081681538954125,15.274002033380304,0.32091708522152085,-31.39995635794769,-0.929261050731934,7.889743541532431,0.03746207588205178,0.04909413520284192
