,Annualized Return,Annualized Vol,Sharpe Ratio,Max Drawdown,Skewness,Kurtosis,Cornish-Fisher VaR (5%),Historic CVaR (5%)
Mean Return,8.686926318742838,24.118992128500086,0.0850836126644402,-59.655853826830615,-1.2903526238102456,8.228481267413803,0.06044814111601502,0.08525819561307099
