,Annualized Return,Annualized Vol,Sharpe Ratio,Max Drawdown,Skewness,Kurtosis,Cornish-Fisher VaR (5%),Historic CVaR (5%)
Mean Return,27.93506506565695,24.766890091085536,0.8167015659417449,-27.586828082972946,-0.8062314131939746,4.906037147665581,0.057744659424724655,0.08425936261398886
