,Annualized Return,Annualized Vol,Sharpe Ratio,Max Drawdown,Skewness,Kurtosis,Cornish-Fisher VaR (5%),Historic CVaR (5%)
Mean Return,14.075043417815557,16.467386882270667,0.43028953753767357,-37.712230216706075,-1.136658752496671,13.199186715996532,0.03686497694465679,0.04896258413245476
