,Annualized Return,Annualized Vol,Sharpe Ratio,Max Drawdown,Skewness,Kurtosis,Cornish-Fisher VaR (5%),Historic CVaR (5%)
Mean Return,5.774752244692927,19.056732532770063,-0.035894553514859026,-37.963234768000795,-0.5094912378708536,5.162673685353285,0.04452075054208005,0.06003267842818556
