,Annualized Return,Annualized Vol,Skewness,Kurtosis,Cornish-Fisher VaR (5%),Historic CVaR (5%),Sharpe Ratio,Max Drawdown
Mean Return,0.2015851883776958,0.27767027995012483,-0.5915460806221138,5.39462444881972,0.06507820881940683,0.09833682255797851,0.47819951992874205,-0.47848283688805765
