,Annualized Return,Annualized Vol,Sharpe Ratio,Max Drawdown,Skewness,Kurtosis,Cornish-Fisher VaR (5%),Historic CVaR (5%)
Mean Return,25.09924157078025,29.09223548261605,0.6049755868114373,-46.202616771828616,-0.5418077188318545,4.700080442163996,0.06637422206565304,0.09508082071197492
