,Annualized Return,Annualized Vol,Sharpe Ratio,Max Drawdown,Skewness,Kurtosis,Cornish-Fisher VaR (5%),Historic CVaR (5%)
Mean Return,19.07640692741328,21.152008979091587,0.5604560557940864,-46.31129982924321,-1.1627213078291556,8.121963112611468,0.050281821357574925,0.07012204944734791
