,Annualized Return,Annualized Vol,Sharpe Ratio,Max Drawdown,Skewness,Kurtosis,Cornish-Fisher VaR (5%),Historic CVaR (5%)
Mean Return,21.6202255442554,26.755121433876788,0.5306953128584769,-49.886308806917505,-0.5721049247703719,4.371126721349324,0.06129284620915579,0.08627518507610343
