,Annualized Return,Annualized Vol,Sharpe Ratio,Max Drawdown,Skewness,Kurtosis,Cornish-Fisher VaR (5%),Historic CVaR (5%)
Mean Return,7.037105920140574,20.528513993280882,0.0435017432191606,-36.2391390353358,-0.662966923282068,5.234198324369248,0.05029961014727398,0.07248883119874523
