,Annualized Return,Annualized Vol,Skewness,Kurtosis,Cornish-Fisher VaR (5%),Historic CVaR (5%),Sharpe Ratio,Max Drawdown
Mean Return,0.12643662175339565,0.24141004671643002,-0.8559200872780105,6.096177799899467,0.0577256432729872,0.08257849823376777,0.2375682896019841,-0.4477865244417264
