,Annualized Return,Annualized Vol,Sharpe Ratio,Max Drawdown,Skewness,Kurtosis,Cornish-Fisher VaR (5%),Historic CVaR (5%)
Mean Return,10.920615765855569,30.720715911722017,0.13566590091358485,-54.97115812303638,-0.8300782801155709,6.641141132155508,0.07340898291744873,0.10594866803906611
