,Annualized Return,Annualized Vol,Sharpe Ratio,Max Drawdown,Skewness,Kurtosis,Cornish-Fisher VaR (5%),Historic CVaR (5%)
Mean Return,12.567556291478589,18.122709316232065,0.3146402476501327,-35.41742976446968,-1.193339943241303,11.84232879168516,0.04204357194233279,0.06092048260025564
