,Annualized Return,Annualized Vol,Sharpe Ratio,Max Drawdown,Skewness,Kurtosis,Cornish-Fisher VaR (5%),Historic CVaR (5%)
Mean Return,17.624623726987387,30.956981690448877,0.3370997687066118,-50.81718982636849,-0.26934206915957865,4.495659979287766,0.06841289600970007,0.09645258407589982
