,Annualized Return,Annualized Vol,Sharpe Ratio,Max Drawdown,Skewness,Kurtosis,Cornish-Fisher VaR (5%),Historic CVaR (5%)
Mean Return,12.648868211362219,14.960299656073145,0.39713634603050935,-29.60594810498992,-0.5875532471354566,5.987810721478825,0.03395398439355385,0.04685368283423979
