,Annualized Return,Annualized Vol,Sharpe Ratio,Max Drawdown,Skewness,Kurtosis,Cornish-Fisher VaR (5%),Historic CVaR (5%)
Mean Return,28.5265402274965,35.21855494226844,0.5867536088644948,-50.158369633916756,0.07976669086827619,3.6467325247573568,0.07252115236430262,0.10007635891682734
