,Annualized Return,Annualized Vol,Sharpe Ratio,Max Drawdown,Skewness,Kurtosis,Cornish-Fisher VaR (5%),Historic CVaR (5%)
Mean Return,12.10293961732849,15.70256771593979,0.34597840495154,-28.37746443529327,-0.5231166980225544,5.450194076241857,0.03569267923138155,0.05033546755791168
