,Annualized Return,Annualized Vol,Skewness,Kurtosis,Cornish-Fisher VaR (5%),Historic CVaR (5%),Sharpe Ratio,Max Drawdown
Mean Return,0.18072564390123902,0.2594454589316658,-0.8621071510236552,5.284485552196548,0.06191123513261008,0.08659431211213119,0.41783404693024495,-0.37422044078704725
