,Annualized Return,Annualized Vol,Sharpe Ratio,Max Drawdown,Skewness,Kurtosis,Cornish-Fisher VaR (5%),Historic CVaR (5%)
Mean Return,28.405066723378347,23.664390090636626,0.8691009202760949,-32.83731099641147,-0.6623170870824414,4.652716957056164,0.05339686873158029,0.07501364007786168
