,Annualized Return,Annualized Vol,Sharpe Ratio,Max Drawdown,Skewness,Kurtosis,Cornish-Fisher VaR (5%),Historic CVaR (5%)
Mean Return,23.67459979860367,23.999312630293055,0.6921804226306647,-40.63262254657815,-0.7580069407511161,5.319485183695319,0.05678422430744976,0.08400707549959555
