,Annualized Return,Annualized Vol,Sharpe Ratio,Max Drawdown,Skewness,Kurtosis,Cornish-Fisher VaR (5%),Historic CVaR (5%)
Mean Return,10.284178463427484,23.41678584759696,0.15177115004932432,-58.1214131494067,-0.9875224715277938,7.655325093038745,0.05637666591392994,0.07936667980650669
