,Annualized Return,Annualized Vol,Sharpe Ratio,Max Drawdown,Skewness,Kurtosis,Cornish-Fisher VaR (5%),Historic CVaR (5%)
Mean Return,11.634793422876832,17.128635184729543,0.2808903356421043,-40.63323394418093,-1.0226892762587783,9.394404944959605,0.03999794615212783,0.054028224481784654
