,Annualized Return,Annualized Vol,Sharpe Ratio,Max Drawdown,Skewness,Kurtosis,Cornish-Fisher VaR (5%),Historic CVaR (5%)
Mean Return,10.954468946037599,16.660757811747335,0.2512465608204319,-30.23503508814196,-1.0032352517832759,12.190251559659506,0.03754738741980221,0.05157701651121913
