,Annualized Return,Annualized Vol,Sharpe Ratio,Max Drawdown,Skewness,Kurtosis,Cornish-Fisher VaR (5%),Historic CVaR (5%)
Mean Return,12.156173665782033,33.30246547760384,0.15900172476784394,-70.26385034065412,-0.41880591107042,4.947805330030723,0.07612014793409655,0.10635315067611416
