,Annualized Return,Annualized Vol,Skewness,Kurtosis,Cornish-Fisher VaR (5%),Historic CVaR (5%),Sharpe Ratio,Max Drawdown
Mean Return,0.09520259987122892,0.21034125764465564,-1.0654090472504236,7.935248009272761,0.05101825436043366,0.07089232390045769,0.13655302711065972,-0.5085496525439269
