,Annualized Return,Annualized Vol,Sharpe Ratio,Max Drawdown,Skewness,Kurtosis,Cornish-Fisher VaR (5%),Historic CVaR (5%)
Mean Return,12.844943202759618,16.379441775816726,0.36214444004396434,-36.35527317242474,-0.9700059571567325,11.399902855441425,0.03676464184140631,0.0485784522302016
