,Annualized Return,Annualized Vol,Sharpe Ratio,Max Drawdown,Skewness,Kurtosis,Cornish-Fisher VaR (5%),Historic CVaR (5%)
Mean Return,6.739163057504904,20.630373500905257,0.015054997458948586,-33.524793908178665,-0.5643302455527618,7.186201420615918,0.04778512276788701,0.06590985557751777
