,Annualized Return,Annualized Vol,Sharpe Ratio,Max Drawdown,Skewness,Kurtosis,Cornish-Fisher VaR (5%),Historic CVaR (5%)
Mean Return,11.701494202189068,16.84864899562696,0.2901245897521941,-35.8833208984255,-1.3426082199333988,10.67265166525417,0.040474622910198294,0.054782498549485956
