,Annualized Return,Annualized Vol,Sharpe Ratio,Max Drawdown,Skewness,Kurtosis,Cornish-Fisher VaR (5%),Historic CVaR (5%)
Mean Return,5.679093861861251,17.389310740558436,-0.02230420641775492,-33.13828436906016,-0.9672078949776794,7.521691815473001,0.04348087029400117,0.05957056712527082
