,Annualized Return,Annualized Vol,Sharpe Ratio,Max Drawdown,Skewness,Kurtosis,Cornish-Fisher VaR (5%),Historic CVaR (5%)
Mean Return,17.471652671019243,26.733304953264902,0.38628097836925607,-57.54861025128955,-0.7723250509313612,5.851421586040515,0.06268269570832787,0.09056522710941953
