,Annualized Return,Annualized Vol,Sharpe Ratio,Max Drawdown,Skewness,Kurtosis,Cornish-Fisher VaR (5%),Historic CVaR (5%)
Mean Return,12.575888783482947,16.270133595526502,0.35535741204607024,-31.429832912674076,-1.0182422629298051,7.596341245979865,0.03888754304757713,0.054547193377729966
