,Annualized Return,Annualized Vol,Sharpe Ratio,Max Drawdown,Skewness,Kurtosis,Cornish-Fisher VaR (5%),Historic CVaR (5%)
Mean Return,12.489917611533574,22.048152754784702,0.2552623099502746,-54.4418042931043,-1.1975811779475132,8.030318812377534,0.053950505159726006,0.07782471881230961
