,Annualized Return,Annualized Vol,Sharpe Ratio,Max Drawdown,Skewness,Kurtosis,Cornish-Fisher VaR (5%),Historic CVaR (5%)
Mean Return,12.854790516323234,17.26816400625403,0.34911576601519384,-31.41636113157782,-0.884555880090175,8.44579589070551,0.039751979978538576,0.055650882194466546
