,Annualized Return,Annualized Vol,Sharpe Ratio,Max Drawdown,Skewness,Kurtosis,Cornish-Fisher VaR (5%),Historic CVaR (5%)
Mean Return,10.013934253451474,16.594406936289175,0.22763540537183127,-27.89117859721956,-1.1058282257267567,11.84502325810573,0.03978179681243715,0.05366744996957057
