,Annualized Return,Annualized Vol,Sharpe Ratio,Max Drawdown,Skewness,Kurtosis,Cornish-Fisher VaR (5%),Historic CVaR (5%)
Mean Return,8.379792614934733,20.47647942355826,0.10557449841549221,-36.2391390353358,-0.5993982216728903,4.937205872689087,0.04961284072540148,0.07014534555550228
