,Annualized Return,Annualized Vol,Sharpe Ratio,Max Drawdown,Skewness,Kurtosis,Cornish-Fisher VaR (5%),Historic CVaR (5%)
Mean Return,8.828936073248572,18.654815303186204,0.11724814786146483,-35.49879676148935,-0.8152437457141598,12.405233362162358,0.041286014572948046,0.05974352140586911
