,Annualized Return,Annualized Vol,Sharpe Ratio,Max Drawdown,Skewness,Kurtosis,Cornish-Fisher VaR (5%),Historic CVaR (5%)
Mean Return,8.994151589197031,22.226840954489944,0.10534997618361583,-52.85121533449847,-0.9625249515455925,7.641251707659564,0.05349083365128547,0.07440529634717681
