,Annualized Return,Annualized Vol,Sharpe Ratio,Max Drawdown,Skewness,Kurtosis,Cornish-Fisher VaR (5%),Historic CVaR (5%)
Mean Return,22.955495656744105,20.795076574214733,0.7444060727076639,-31.995237662570663,-0.6252114472512348,6.8437479706267474,0.0456613329293886,0.06430173007135605
