,Annualized Return,Annualized Vol,Sharpe Ratio,Max Drawdown,Skewness,Kurtosis,Cornish-Fisher VaR (5%),Historic CVaR (5%)
Mean Return,11.20627559047831,17.09240351474787,0.2569247223309914,-35.262502463368385,-0.6263573661460264,8.393397251642796,0.03810336167131665,0.05096962261491943
