,Annualized Return,Annualized Vol,Sharpe Ratio,Max Drawdown,Skewness,Kurtosis,Cornish-Fisher VaR (5%),Historic CVaR (5%)
Mean Return,25.89283139628722,25.497967283225805,0.7329958339497501,-45.2022576523649,-0.48877109798949786,5.354807156425969,0.05760528760842818,0.08700196549806008
