,Annualized Return,Annualized Vol,Sharpe Ratio,Max Drawdown,Skewness,Kurtosis,Cornish-Fisher VaR (5%),Historic CVaR (5%)
Mean Return,12.768337938347418,17.717216482636843,0.3304909107590381,-37.4835243358226,-1.3129927179289542,10.79079483093149,0.042255925085056184,0.05806351833851222
