,Annualized Return,Annualized Vol,Sharpe Ratio,Max Drawdown,Skewness,Kurtosis,Cornish-Fisher VaR (5%),Historic CVaR (5%)
Mean Return,11.882741526908113,16.543174179508018,0.3057867031017358,-29.396221785555248,-1.1168348025293524,13.251109364443183,0.037254853289397545,0.05049744771846213
