,Annualized Return,Annualized Vol,Sharpe Ratio,Max Drawdown,Skewness,Kurtosis,Cornish-Fisher VaR (5%),Historic CVaR (5%)
Mean Return,23.46777062888843,24.4880898447585,0.6519238717034364,-57.64314269933425,-0.9646569287572073,6.075667345422907,0.05774189248958923,0.08418702067486183
