,Annualized Return,Annualized Vol,Sharpe Ratio,Max Drawdown,Skewness,Kurtosis,Cornish-Fisher VaR (5%),Historic CVaR (5%)
Mean Return,14.560156116422407,18.776618048014655,0.4025916452381275,-36.05731549213312,-0.8910598338853515,10.598600234540415,0.04203547221960405,0.055466597003714195
