,Annualized Return,Annualized Vol,Sharpe Ratio,Max Drawdown,Skewness,Kurtosis,Cornish-Fisher VaR (5%),Historic CVaR (5%)
Mean Return,15.493067556922524,16.26884113437349,0.5203138440083293,-31.960270030687006,-1.0258253324259148,9.724261161797905,0.037109131059530655,0.052492780016647554
