,Annualized Return,Annualized Vol,Sharpe Ratio,Max Drawdown,Skewness,Kurtosis,Cornish-Fisher VaR (5%),Historic CVaR (5%)
Mean Return,11.575293837942402,17.74207394390587,0.26978383079539364,-33.56338266710058,-1.0834443286908617,13.619234224527267,0.039755035139925766,0.055849649284159364
