,Annualized Return,Annualized Vol,Sharpe Ratio,Max Drawdown,Skewness,Kurtosis,Cornish-Fisher VaR (5%),Historic CVaR (5%)
Mean Return,14.980164105054584,16.484350903970412,0.48552669958134576,-31.853387127759735,-1.1348039369988576,12.287513379930797,0.03712243524072231,0.054419521176313435
