,Annualized Return,Annualized Vol,Sharpe Ratio,Max Drawdown,Skewness,Kurtosis,Cornish-Fisher VaR (5%),Historic CVaR (5%)
Mean Return,11.027554837522846,16.87557713996549,0.2521161031793792,-36.34670428230935,-1.3398521164382895,10.662633907609823,0.04064851845988298,0.05468439798085419
