,Annualized Return,Annualized Vol,Sharpe Ratio,Max Drawdown,Skewness,Kurtosis,Cornish-Fisher VaR (5%),Historic CVaR (5%)
Mean Return,12.166372540519156,17.584471096447942,0.3046512744295652,-34.06074147129643,-0.8702968057022806,12.717828029007238,0.038441699117723875,0.055859117813617326
