,Annualized Return,Annualized Vol,Sharpe Ratio,Max Drawdown,Skewness,Kurtosis,Cornish-Fisher VaR (5%),Historic CVaR (5%)
Mean Return,15.930832916811877,19.86522796814799,0.45512067272914153,-31.958956104699677,-0.47267408280978584,7.550523472430416,0.043457716362807715,0.06292711827872956
