,Annualized Return,Annualized Vol,Sharpe Ratio,Max Drawdown,Skewness,Kurtosis,Cornish-Fisher VaR (5%),Historic CVaR (5%)
Mean Return,6.500351588128117,16.68139463007857,0.023772711586827915,-30.2799895569104,-0.8503197068309437,7.079700943275861,0.04104671444529673,0.05524707678024147
