,Annualized Return,Annualized Vol,Sharpe Ratio,Max Drawdown,Skewness,Kurtosis,Cornish-Fisher VaR (5%),Historic CVaR (5%)
Mean Return,17.358479122551664,17.48492263303931,0.5851264962491854,-36.49894067324021,-1.1854007505336814,11.349054702292847,0.03989725825983628,0.05568295717229047
