,Annualized Return,Annualized Vol,Sharpe Ratio,Max Drawdown,Skewness,Kurtosis,Cornish-Fisher VaR (5%),Historic CVaR (5%)
Mean Return,9.743921353328954,16.431839467081165,0.19397826652197234,-28.80955718467967,-0.577360653696963,5.345613523466743,0.038239337604918766,0.05390528759762627
