,Annualized Return,Annualized Vol,Sharpe Ratio,Max Drawdown,Skewness,Kurtosis,Cornish-Fisher VaR (5%),Historic CVaR (5%)
Mean Return,8.802365240598098,16.612529330959877,0.1553082313340786,-33.18593229739743,-1.0480845334895252,8.323089473669187,0.040995979469459466,0.05611620324811762
