,Annualized Return,Annualized Vol,Sharpe Ratio,Max Drawdown,Skewness,Kurtosis,Cornish-Fisher VaR (5%),Historic CVaR (5%)
Mean Return,8.89933578003852,16.42088212456748,0.1620937905290622,-31.876489001805737,-0.9453283858678316,8.028308223004117,0.04004749907368996,0.0543572161610093
