,Annualized Return,Annualized Vol,Sharpe Ratio,Max Drawdown,Skewness,Kurtosis,Cornish-Fisher VaR (5%),Historic CVaR (5%)
Mean Return,11.735298416104722,16.674556060390497,0.29301745653200906,-28.819848748751557,-1.0708687182364724,12.275405518486854,0.037798936838706505,0.051396817704421026
