,Annualized Return,Annualized Vol,Sharpe Ratio,Max Drawdown,Skewness,Kurtosis,Cornish-Fisher VaR (5%),Historic CVaR (5%)
Mean Return,19.872141056097668,17.802400411543026,0.7079938348564789,-36.59286772561361,-1.4147381505012093,13.198948713650065,0.04065239686169674,0.05763820246702108
