,Annualized Return,Annualized Vol,Sharpe Ratio,Max Drawdown,Skewness,Kurtosis,Cornish-Fisher VaR (5%),Historic CVaR (5%)
Mean Return,14.522048250438434,16.517624357597573,0.45450231009848385,-30.220558710905294,-1.0282449479059683,12.98169082354017,0.03639106825327804,0.04943025597045826
