,Annualized Return,Annualized Vol,Sharpe Ratio,Max Drawdown,Skewness,Kurtosis,Cornish-Fisher VaR (5%),Historic CVaR (5%)
Mean Return,16.886328851634545,29.396355409151482,0.3331159631366534,-43.03385367170037,-0.1190681569349989,4.169560260842817,0.06352749163710171,0.08636077984145106
