,Annualized Return,Annualized Vol,Sharpe Ratio,Max Drawdown,Skewness,Kurtosis,Cornish-Fisher VaR (5%),Historic CVaR (5%)
Mean Return,15.81133179226022,23.326297840798077,0.37654675064194265,-56.910124346216996,-0.7337486095698672,5.978155336539464,0.05424247070147641,0.07571562433135606
