,Annualized Return,Annualized Vol,Sharpe Ratio,Max Drawdown,Skewness,Kurtosis,Cornish-Fisher VaR (5%),Historic CVaR (5%)
Mean Return,10.584066874746378,17.5571952935099,0.21965034305673956,-33.051745073032784,-1.2179078341309943,11.930006203239174,0.0411040304167068,0.059113499510955764
