,Annualized Return,Annualized Vol,Sharpe Ratio,Max Drawdown,Skewness,Kurtosis,Cornish-Fisher VaR (5%),Historic CVaR (5%)
Mean Return,16.709766101865164,16.93261009384362,0.5681920480776266,-36.919390182444985,-1.2193055175545178,11.15317884691905,0.03893869330989029,0.05404918760045527
