,Annualized Return,Annualized Vol,Sharpe Ratio,Max Drawdown,Skewness,Kurtosis,Cornish-Fisher VaR (5%),Historic CVaR (5%)
Mean Return,16.833977896746767,17.08438658000348,0.5723665082696222,-30.89243697549804,-0.8984276348712639,7.204003365669853,0.03970180282349382,0.05763612866714418
