,Annualized Return,Annualized Vol,Sharpe Ratio,Max Drawdown,Skewness,Kurtosis,Cornish-Fisher VaR (5%),Historic CVaR (5%)
Mean Return,27.512926947283333,22.04088953534348,0.9212955162994005,-33.45704552760237,-1.022855687466962,7.156768968242082,0.05263992622864705,0.07450023051850255
