,Annualized Return,Annualized Vol,Sharpe Ratio,Max Drawdown,Skewness,Kurtosis,Cornish-Fisher VaR (5%),Historic CVaR (5%)
Mean Return,14.535810127444005,18.01715076018646,0.4176633199113358,-27.601915760217388,-0.6586085969652333,8.002820169185725,0.04008752627334009,0.05540911249231334
