,Annualized Return,Annualized Vol,Sharpe Ratio,Max Drawdown,Skewness,Kurtosis,Cornish-Fisher VaR (5%),Historic CVaR (5%)
Mean Return,13.317376860664321,17.29369084593872,0.3723686568661009,-35.49871396690557,-0.7918652179939012,10.733446669317347,0.03807728301308428,0.05618095490387558
