,Annualized Return,Annualized Vol,Sharpe Ratio,Max Drawdown,Skewness,Kurtosis,Cornish-Fisher VaR (5%),Historic CVaR (5%)
Mean Return,12.629342541673694,17.819551666435974,0.32423024187560623,-33.687917664936066,-0.9861126508159032,11.593443718839788,0.04017506331550551,0.05648715716024918
