,Annualized Return,Annualized Vol,Sharpe Ratio,Max Drawdown,Skewness,Kurtosis,Cornish-Fisher VaR (5%),Historic CVaR (5%)
Mean Return,24.748812133013367,25.464023072421565,0.6921705810910819,-40.6053406938286,-0.5976818304369493,5.1951872258283025,0.05888477648830935,0.08790654244050962
