,Annualized Return,Annualized Vol,Sharpe Ratio,Max Drawdown,Skewness,Kurtosis,Cornish-Fisher VaR (5%),Historic CVaR (5%)
Mean Return,19.153024842851906,23.05370388025538,0.5173250050518309,-50.97684516101963,-0.8005341438958574,5.4720824750459895,0.053923804710975874,0.07792571268181266
