,Annualized Return,Annualized Vol,Skewness,Kurtosis,Cornish-Fisher VaR (5%),Historic CVaR (5%),Sharpe Ratio,Max Drawdown
Mean Return,0.12758120349685886,0.18510243211000804,-0.9009901208474855,11.53654494720841,0.04127336915815808,0.0576170741509671,0.3186648198151067,-0.38401378053609286
