,Annualized Return,Annualized Vol,Skewness,Kurtosis,Cornish-Fisher VaR (5%),Historic CVaR (5%),Sharpe Ratio,Max Drawdown
Mean Return,0.32350747959262516,0.3225800036932566,-0.818184420312583,9.229051391701365,0.07194734203089792,0.1021837832698885,0.7557281677123686,-0.401716156601337
