,Annualized Return,Annualized Vol,Sharpe Ratio,Max Drawdown,Skewness,Kurtosis,Cornish-Fisher VaR (5%),Historic CVaR (5%)
Mean Return,12.681517205446923,19.097081765590083,0.3062016558943552,-42.73037115696804,-0.9333831256983424,9.354370916438162,0.04404421589751525,0.05971926679459893
