,Annualized Return,Annualized Vol,Sharpe Ratio,Max Drawdown,Skewness,Kurtosis,Cornish-Fisher VaR (5%),Historic CVaR (5%)
Mean Return,12.337255091107547,17.72393699792258,0.3095085043492256,-37.483524335822615,-1.3058804501943417,10.763519059361515,0.04230673359313865,0.05802631344822841
