,Annualized Return,Annualized Vol,Sharpe Ratio,Max Drawdown,Skewness,Kurtosis,Cornish-Fisher VaR (5%),Historic CVaR (5%)
Mean Return,7.188827321253677,17.427529154647146,0.0592712266670824,-32.15487482518877,-0.9997500491734976,8.309140198215353,0.04309361567083198,0.05856177948537206
