,Annualized Return,Annualized Vol,Sharpe Ratio,Max Drawdown,Skewness,Kurtosis,Cornish-Fisher VaR (5%),Historic CVaR (5%)
Mean Return,13.14465032591503,16.58921803441124,0.3806284051392849,-29.903801512077315,-0.8424335609523623,6.827751283809128,0.038938472507227616,0.05432470345046694
