,Annualized Return,Annualized Vol,Sharpe Ratio,Max Drawdown,Skewness,Kurtosis,Cornish-Fisher VaR (5%),Historic CVaR (5%)
Mean Return,15.423285813920895,20.672349256569287,0.4046159093289601,-40.12656219333779,-0.4713868985390976,5.969307243514287,0.045951086742336535,0.06225213093405809
