,Annualized Return,Annualized Vol,Sharpe Ratio,Max Drawdown,Skewness,Kurtosis,Cornish-Fisher VaR (5%),Historic CVaR (5%)
Mean Return,12.57359687987809,19.171107768576984,0.2993920188938622,-42.11334839549994,-1.1857659601116293,12.211601908872645,0.04433713757915922,0.05996556221493076
