,Annualized Return,Annualized Vol,Sharpe Ratio,Max Drawdown,Skewness,Kurtosis,Cornish-Fisher VaR (5%),Historic CVaR (5%)
Mean Return,13.683618466072666,17.35879276602105,0.3899509380794706,-33.27806091428824,-1.2609013853176414,11.54161275382161,0.04052780622900454,0.05767330974072373
