,Annualized Return,Annualized Vol,Sharpe Ratio,Max Drawdown,Skewness,Kurtosis,Cornish-Fisher VaR (5%),Historic CVaR (5%)
Mean Return,17.046148062335508,16.94157930129165,0.5871046229687332,-31.04973470970633,-1.2047884035447587,11.892697922490584,0.03845559495858236,0.05647220732225851
