,Annualized Return,Annualized Vol,Sharpe Ratio,Max Drawdown,Skewness,Kurtosis,Cornish-Fisher VaR (5%),Historic CVaR (5%)
Mean Return,12.745278873791621,17.73929173892847,0.32920529354397565,-31.991376047385312,-0.7843075445281013,9.2338434781311,0.03991669062629207,0.053979043322818415
