,Annualized Return,Annualized Vol,Sharpe Ratio,Max Drawdown,Skewness,Kurtosis,Cornish-Fisher VaR (5%),Historic CVaR (5%)
Mean Return,12.152957090371629,18.596052848187323,0.2840898432938076,-30.742756151840332,-0.722863109666126,8.734637368031185,0.04189569306209049,0.05688902713500505
