,Annualized Return,Annualized Vol,Sharpe Ratio,Max Drawdown,Skewness,Kurtosis,Cornish-Fisher VaR (5%),Historic CVaR (5%)
Mean Return,14.08721777605766,23.701341485899057,0.30079707262970196,-46.826453870340444,-0.7192574306820146,8.29703705525978,0.053802261453952706,0.07424140118004159
