,Annualized Return,Annualized Vol,Sharpe Ratio,Max Drawdown,Skewness,Kurtosis,Cornish-Fisher VaR (5%),Historic CVaR (5%)
Mean Return,12.642927013007155,20.027327493047377,0.28823718751069205,-43.22170204521715,-0.0593759975933053,4.572649092696851,0.04254556053385151,0.05809175258680803
