,Annualized Return,Annualized Vol,Sharpe Ratio,Max Drawdown,Skewness,Kurtosis,Cornish-Fisher VaR (5%),Historic CVaR (5%)
Mean Return,17.2677697736215,16.849364081826856,0.601677615829261,-32.2836686356764,-1.0987759526317469,10.575821575705207,0.03822779042592905,0.052841308809794624
