,Annualized Return,Annualized Vol,Sharpe Ratio,Max Drawdown,Skewness,Kurtosis,Cornish-Fisher VaR (5%),Historic CVaR (5%)
Mean Return,12.048004639042919,17.26911404528337,0.3019200522023984,-35.22565315593788,-1.0818757165146176,11.6967493220395,0.039492635747744545,0.05232666134133022
