,Annualized Return,Annualized Vol,Sharpe Ratio,Max Drawdown,Skewness,Kurtosis,Cornish-Fisher VaR (5%),Historic CVaR (5%)
Mean Return,7.84771233879662,16.76812384982638,0.08196882124482598,-34.62842515473237,-0.24800263363196254,4.172149447532379,0.03789566683969898,0.0528423224205208
