,Annualized Return,Annualized Vol,Sharpe Ratio,Max Drawdown,Skewness,Kurtosis,Cornish-Fisher VaR (5%),Historic CVaR (5%)
Mean Return,8.962646307670475,26.36362694723694,0.08638530079636385,-48.50503827672917,-0.7237993853563744,5.372279704096283,0.06314071395102891,0.08857071391996271
