,Annualized Return,Annualized Vol,Sharpe Ratio,Max Drawdown,Skewness,Kurtosis,Cornish-Fisher VaR (5%),Historic CVaR (5%)
Mean Return,23.32135331099241,23.228660679813625,0.6817823238988896,-50.532367834204805,-0.8131072907888318,6.12416342406645,0.053368377949327174,0.07489289507081466
