,Annualized Return,Annualized Vol,Sharpe Ratio,Max Drawdown,Skewness,Kurtosis,Cornish-Fisher VaR (5%),Historic CVaR (5%)
Mean Return,14.781784187084135,16.689458616358397,0.4692799681104199,-30.54258276320644,-0.8785789550336157,8.705468520702713,0.03786787301514564,0.05247196143906577
