,Annualized Return,Annualized Vol,Sharpe Ratio,Max Drawdown,Skewness,Kurtosis,Cornish-Fisher VaR (5%),Historic CVaR (5%)
Mean Return,16.25838652997902,25.754097616145298,0.35678807321089273,-54.2699877066769,-1.0301136911010043,6.722100884683102,0.06215624898282966,0.09004922039082508
