,Annualized Return,Annualized Vol,Sharpe Ratio,Max Drawdown,Skewness,Kurtosis,Cornish-Fisher VaR (5%),Historic CVaR (5%)
Mean Return,18.37925051438194,24.261024273995805,0.460176709855779,-33.533727669879866,-0.8033096176626358,5.5351729120531825,0.056983307945184615,0.08300008501038496
