,Annualized Return,Annualized Vol,Sharpe Ratio,Max Drawdown,Skewness,Kurtosis,Cornish-Fisher VaR (5%),Historic CVaR (5%)
Mean Return,9.986870098539558,16.222444390578282,0.2104917095969995,-28.161762705490894,-0.5866921170620746,5.4683189699687755,0.03768894112785,0.05377011306296821
