,Annualized Return,Annualized Vol,Sharpe Ratio,Max Drawdown,Skewness,Kurtosis,Cornish-Fisher VaR (5%),Historic CVaR (5%)
Mean Return,16.384145736894283,16.777825763592922,0.5551853169902489,-36.732446678221734,-1.1759290311520192,10.507110296208392,0.038674173189278065,0.05314836469199316
