,Annualized Return,Annualized Vol,Sharpe Ratio,Max Drawdown,Skewness,Kurtosis,Cornish-Fisher VaR (5%),Historic CVaR (5%)
Mean Return,12.76367035808088,26.60717345613995,0.2223546872989985,-59.27836075090636,-0.598578012371064,4.965308667925505,0.062165253434219296,0.08944348158094499
