,Annualized Return,Annualized Vol,Sharpe Ratio,Max Drawdown,Skewness,Kurtosis,Cornish-Fisher VaR (5%),Historic CVaR (5%)
Mean Return,13.687735111044553,17.953950252070992,0.3780656421046509,-34.19591726065453,-0.8386011372296758,9.500970535170257,0.040461989828598624,0.059904207683934896
