,Annualized Return,Annualized Vol,Sharpe Ratio,Max Drawdown,Skewness,Kurtosis,Cornish-Fisher VaR (5%),Historic CVaR (5%)
Mean Return,16.997831590235645,25.776236436221357,0.3827160903521537,-55.66370407219408,-0.9915757011615691,6.731390192513281,0.06175780463250746,0.09053368629456872
