,Annualized Return,Annualized Vol,Skewness,Kurtosis,Cornish-Fisher VaR (5%),Historic CVaR (5%),Sharpe Ratio,Max Drawdown
Mean Return,0.09404192709193304,0.31342777021907026,-0.3025283455390698,4.62271311218042,0.07162282661452415,0.09816644264871063,0.08977341165402469,-0.6722795079122225
