,Annualized Return,Annualized Vol,Sharpe Ratio,Max Drawdown,Skewness,Kurtosis,Cornish-Fisher VaR (5%),Historic CVaR (5%)
Mean Return,28.398975156707884,27.709482363669448,0.7606285385771777,-41.36149037350219,-0.374452599802899,4.566181007494212,0.06195131175204384,0.09178523728047075
