,Annualized Return,Annualized Vol,Sharpe Ratio,Max Drawdown,Skewness,Kurtosis,Cornish-Fisher VaR (5%),Historic CVaR (5%)
Mean Return,10.160746088889638,20.69710953172344,0.16614624775674058,-50.037554225042626,-1.1098551749696473,8.086822799634678,0.05029906209754973,0.06989271630384095
