,Annualized Return,Annualized Vol,Sharpe Ratio,Max Drawdown,Skewness,Kurtosis,Cornish-Fisher VaR (5%),Historic CVaR (5%)
Mean Return,22.129691803166818,25.109067929548296,0.6108123544466224,-32.47007054289328,-0.476931225213194,3.903239968983079,0.05942292152753776,0.08254655683004555
