,Annualized Return,Annualized Vol,Sharpe Ratio,Max Drawdown,Skewness,Kurtosis,Cornish-Fisher VaR (5%),Historic CVaR (5%)
Mean Return,12.73377831618463,17.924325049429413,0.32864044365029205,-35.49879676148935,-0.8619095688838897,12.854465550753872,0.03900298732596835,0.05708496810880278
