,Annualized Return,Annualized Vol,Sharpe Ratio,Max Drawdown,Skewness,Kurtosis,Cornish-Fisher VaR (5%),Historic CVaR (5%)
Mean Return,12.488636373592854,17.317877930598883,0.3268453935728447,-34.742299963580066,-0.7855059415718059,11.809289360617163,0.03769964691307895,0.05418301431570946
