,Annualized Return,Annualized Vol,Sharpe Ratio,Max Drawdown,Skewness,Kurtosis,Cornish-Fisher VaR (5%),Historic CVaR (5%)
Mean Return,11.93532155827517,15.693413390195987,0.33469477837178296,-28.33800884583766,-0.6735851954712669,5.861824727302409,0.036381273275941706,0.05304687318549277
