,Annualized Return,Annualized Vol,Skewness,Kurtosis,Cornish-Fisher VaR (5%),Historic CVaR (5%),Sharpe Ratio,Max Drawdown
Mean Return,0.1236881797933318,0.1922307289268367,-0.872306159302763,9.827363272522106,0.04372171287950457,0.06305788582503354,0.2888100123661473,-0.33667819317311276
