,Annualized Return,Annualized Vol,Sharpe Ratio,Max Drawdown,Skewness,Kurtosis,Cornish-Fisher VaR (5%),Historic CVaR (5%)
Mean Return,8.247700556746128,16.937311753603698,0.10337331664342801,-32.46929808117489,-0.21901495901093104,4.162496212999228,0.03803316197202546,0.05374457358717248
