,Annualized Return,Annualized Vol,Sharpe Ratio,Max Drawdown,Skewness,Kurtosis,Cornish-Fisher VaR (5%),Historic CVaR (5%)
Mean Return,13.396488727338895,17.93288127926138,0.3640663487931905,-31.012769600947763,-0.8275334055689143,7.7608586703004,0.041256071897109246,0.058944936050167325
