,Annualized Return,Annualized Vol,Sharpe Ratio,Max Drawdown,Skewness,Kurtosis,Cornish-Fisher VaR (5%),Historic CVaR (5%)
Mean Return,15.338840348046068,22.323643229116623,0.37356544216843207,-56.11656780459591,-1.1053121824766619,7.781951813274887,0.05362946182328994,0.07806944021380843
