,Annualized Return,Annualized Vol,Sharpe Ratio,Max Drawdown,Skewness,Kurtosis,Cornish-Fisher VaR (5%),Historic CVaR (5%)
Mean Return,12.382212339177446,16.61759681383526,0.36254865704686756,-28.951208302983584,-1.416714160096084,14.782911338115982,0.039724744409879886,0.05225949936163352
