,Annualized Return,Annualized Vol,Sharpe Ratio,Max Drawdown,Skewness,Kurtosis,Cornish-Fisher VaR (5%),Historic CVaR (5%)
Mean Return,13.559621066851824,17.978598278293163,0.3700146514403612,-33.85921451269946,-1.0206583820975828,11.593432277701716,0.040604264944395875,0.05686713053286215
