,Annualized Return,Annualized Vol,Sharpe Ratio,Max Drawdown,Skewness,Kurtosis,Cornish-Fisher VaR (5%),Historic CVaR (5%)
Mean Return,22.588717931399316,23.123923361748755,0.6532198059529696,-43.01776380589371,-0.751955884015716,5.512548884085178,0.0531289642579357,0.07719421041982957
