,Annualized Return,Annualized Vol,Sharpe Ratio,Max Drawdown,Skewness,Kurtosis,Cornish-Fisher VaR (5%),Historic CVaR (5%)
Mean Return,12.829978013757536,17.65827214862807,0.3387196442420205,-32.88620683944676,-0.714432255371811,11.895682895433382,0.0379333374521938,0.05586096521247897
