,Annualized Return,Annualized Vol,Sharpe Ratio,Max Drawdown,Skewness,Kurtosis,Cornish-Fisher VaR (5%),Historic CVaR (5%)
Mean Return,8.093234996126352,16.93297207813204,0.11118115002298215,-33.11259978134898,-1.0951933443119535,8.530147061869066,0.04212504349240507,0.057136402257093946
