,Annualized Return,Annualized Vol,Sharpe Ratio,Max Drawdown,Skewness,Kurtosis,Cornish-Fisher VaR (5%),Historic CVaR (5%)
Mean Return,19.701115148681826,17.733891604020926,0.7052755754631329,-30.0260696183763,-1.246118591853548,10.47889498562772,0.04127953534555821,0.05762075919701662
