,Annualized Return,Annualized Vol,Sharpe Ratio,Max Drawdown,Skewness,Kurtosis,Cornish-Fisher VaR (5%),Historic CVaR (5%)
Mean Return,23.342334205159876,23.642732833068766,0.6922930288335468,-37.12884151597036,-0.906052430024818,6.235783050786935,0.057135873625377705,0.0816178495424091
