,Annualized Return,Annualized Vol,Sharpe Ratio,Max Drawdown,Skewness,Kurtosis,Cornish-Fisher VaR (5%),Historic CVaR (5%)
Mean Return,14.823887883669308,16.284760816650852,0.4818863540123564,-29.081416645472036,-1.4061421734694353,12.947137923730365,0.03783354304616727,0.05240853213001175
