,Annualized Return,Annualized Vol,Sharpe Ratio,Max Drawdown,Skewness,Kurtosis,Cornish-Fisher VaR (5%),Historic CVaR (5%)
Mean Return,13.78826483644746,23.646816848051905,0.2905966855825148,-44.09655719007463,-1.2441392456372715,14.062561846766425,0.05416081861652303,0.07472872378219766
