,Annualized Return,Annualized Vol,Sharpe Ratio,Max Drawdown,Skewness,Kurtosis,Cornish-Fisher VaR (5%),Historic CVaR (5%)
Mean Return,16.621150152682063,17.296540483074185,0.5537679434785429,-30.0858711016521,-0.7912845522526871,7.017370831413861,0.03970129862206581,0.05789103965796904
