,Annualized Return,Annualized Vol,Sharpe Ratio,Max Drawdown,Skewness,Kurtosis,Cornish-Fisher VaR (5%),Historic CVaR (5%)
Mean Return,21.02884625017376,18.350440845902654,0.7504788525486813,-30.026069618376283,-1.0924728015541585,8.822092267597453,0.042524334924112936,0.05928256314593408
