,Annualized Return,Annualized Vol,Sharpe Ratio,Max Drawdown,Skewness,Kurtosis,Cornish-Fisher VaR (5%),Historic CVaR (5%)
Mean Return,27.56517348537311,25.490880989569987,0.7796465551452573,-34.668032324950914,-0.684987934480131,4.171905776322614,0.05845760253266802,0.08422926216530195
