,Annualized Return,Annualized Vol,Sharpe Ratio,Max Drawdown,Skewness,Kurtosis,Cornish-Fisher VaR (5%),Historic CVaR (5%)
Mean Return,19.61682949725749,22.659479242813,0.5673697243812411,-37.86955150884055,-0.9181523485721553,6.659203296435906,0.05504553794466011,0.07571039442949926
