,Annualized Return,Annualized Vol,Sharpe Ratio,Max Drawdown,Skewness,Kurtosis,Cornish-Fisher VaR (5%),Historic CVaR (5%)
Mean Return,11.525909552085768,21.315973757031255,0.22323190500648207,-50.63262505292225,-1.0508161401002356,7.629305146911852,0.05144509817803689,0.07036643929163111
