,Annualized Return,Annualized Vol,Sharpe Ratio,Max Drawdown,Skewness,Kurtosis,Cornish-Fisher VaR (5%),Historic CVaR (5%)
Mean Return,17.257843061357867,26.203670697866865,0.38438466189683773,-43.75499057008075,-0.7828491716667088,5.614012673037846,0.061713923792891125,0.09065117377980657
