,Annualized Return,Annualized Vol,Sharpe Ratio,Max Drawdown,Skewness,Kurtosis,Cornish-Fisher VaR (5%),Historic CVaR (5%)
Mean Return,27.49245682530066,24.901683478744083,0.7953545934538268,-32.35172527915721,-0.7640582932202176,4.3207018649628335,0.05761906502046191,0.08339583757509857
