,Annualized Return,Annualized Vol,Sharpe Ratio,Max Drawdown,Skewness,Kurtosis,Cornish-Fisher VaR (5%),Historic CVaR (5%)
Mean Return,31.36840806998411,33.18633169639848,0.710212090800542,-31.56356242244111,0.09628606208752472,5.101889015144777,0.06663092523848232,0.09636035855063985
