,Annualized Return,Annualized Vol,Skewness,Kurtosis,Cornish-Fisher VaR (5%),Historic CVaR (5%),Sharpe Ratio,Max Drawdown
Mean Return,0.10675284060201196,0.2240999409396711,-0.4568653193318236,4.8370560202551465,0.05134768810392643,0.07270033665072029,0.17595538308986894,-0.3800723889532794
