,Annualized Return,Annualized Vol,Sharpe Ratio,Max Drawdown,Skewness,Kurtosis,Cornish-Fisher VaR (5%),Historic CVaR (5%)
Mean Return,13.438978157771642,17.368491791194458,0.3736145805093573,-38.971716922761054,-1.326013737577049,14.811649275238933,0.039396534531161626,0.05246377462379476
