,Annualized Return,Annualized Vol,Sharpe Ratio,Max Drawdown,Skewness,Kurtosis,Cornish-Fisher VaR (5%),Historic CVaR (5%)
Mean Return,10.262286603616634,18.317181895882943,0.2192311676706363,-33.098915817739424,-0.7590590670988072,11.174791793071075,0.042097763143379895,0.05784288106658633
