,Annualized Return,Annualized Vol,Sharpe Ratio,Max Drawdown,Skewness,Kurtosis,Cornish-Fisher VaR (5%),Historic CVaR (5%)
Mean Return,16.96640544739154,19.69620512954012,0.49945795140140503,-28.33093905046103,-0.7471052339957039,7.917724074811441,0.0442741194199139,0.05766969547238486
