,Annualized Return,Annualized Vol,Sharpe Ratio,Max Drawdown,Skewness,Kurtosis,Cornish-Fisher VaR (5%),Historic CVaR (5%)
Mean Return,27.537615952140392,23.641117127609206,0.8571876223474091,-40.075104518481744,-0.7931311118703699,5.638707006739644,0.055306953680537486,0.08321533264137972
