,Annualized Return,Annualized Vol,Sharpe Ratio,Max Drawdown,Skewness,Kurtosis,Cornish-Fisher VaR (5%),Historic CVaR (5%)
Mean Return,22.88357103841996,23.793657010808925,0.6464956557568688,-44.179022961268515,-0.7675628054665062,5.282779776317748,0.055005128855051606,0.0806020052170442
