,Annualized Return,Annualized Vol,Sharpe Ratio,Max Drawdown,Skewness,Kurtosis,Cornish-Fisher VaR (5%),Historic CVaR (5%)
Mean Return,6.681177726198784,22.800395945972067,0.006030745707296159,-45.555290371316985,-0.44709593914662343,6.389847093027851,0.05193893592568478,0.07051668446597505
