,Annualized Return,Annualized Vol,Sharpe Ratio,Max Drawdown,Skewness,Kurtosis,Cornish-Fisher VaR (5%),Historic CVaR (5%)
Mean Return,28.63379276947755,32.17427635901581,0.6612237393125224,-50.119778212409074,-0.2182161042245094,4.599170206827668,0.07060224806279963,0.10089368720040982
