,Annualized Return,Annualized Vol,Sharpe Ratio,Max Drawdown,Skewness,Kurtosis,Cornish-Fisher VaR (5%),Historic CVaR (5%)
Mean Return,14.912387768956403,15.501384538328388,0.5171721620389843,-28.87451976044498,-1.0339028941864365,8.2341810328701,0.036363172489445116,0.049046530561414274
