,Annualized Return,Annualized Vol,Sharpe Ratio,Max Drawdown,Skewness,Kurtosis,Cornish-Fisher VaR (5%),Historic CVaR (5%)
Mean Return,11.789478606737669,18.643216033645487,0.2704110382944376,-31.24520808827163,-0.7741450577270922,6.734041335580429,0.04384794469226761,0.061574117012402584
