,Annualized Return,Annualized Vol,Sharpe Ratio,Max Drawdown,Skewness,Kurtosis,Cornish-Fisher VaR (5%),Historic CVaR (5%)
Mean Return,18.416642712154907,15.594995246841975,0.7259264519495074,-28.396337193254112,-1.193489197300337,9.916740266182577,0.03609247957158588,0.0491480865465218
