,Annualized Return,Annualized Vol,Skewness,Kurtosis,Cornish-Fisher VaR (5%),Historic CVaR (5%),Sharpe Ratio,Max Drawdown
Mean Return,0.1523551460093031,0.2834756155601638,-0.6320794342382524,4.935387675321728,0.06630598743062917,0.08991479150580346,0.28832076845041915,-0.40885273552695583
