,Annualized Return,Annualized Vol,Skewness,Kurtosis,Cornish-Fisher VaR (5%),Historic CVaR (5%),Sharpe Ratio,Max Drawdown
Mean Return,0.1413466906757559,0.17695945011225245,-1.1156623872445832,11.415328561626374,0.04051131867095313,0.05473292937357262,0.4035239614190496,-0.25485474050233586
