,Annualized Return,Annualized Vol,Sharpe Ratio,Max Drawdown,Skewness,Kurtosis,Cornish-Fisher VaR (5%),Historic CVaR (5%)
Mean Return,29.792734593502203,22.355559419778743,0.9779018873427814,-31.334452115513727,-0.7849043278106237,5.634200193616544,0.05034955623707844,0.07133788230434739
