,Annualized Return,Annualized Vol,Sharpe Ratio,Max Drawdown,Skewness,Kurtosis,Cornish-Fisher VaR (5%),Historic CVaR (5%)
Mean Return,18.44389676610545,17.902177094538104,0.6271271122457867,-31.608202872230557,-1.7204261572085755,16.49481493025305,0.04119923558320143,0.056754159999160135
