,Annualized Return,Annualized Vol,Sharpe Ratio,Max Drawdown,Skewness,Kurtosis,Cornish-Fisher VaR (5%),Historic CVaR (5%)
Mean Return,12.37109659274691,17.54233568280694,0.3155743297033294,-32.03702469579794,-1.1869844236402018,11.59762112443878,0.040744866244552445,0.05938472087474808
