,Annualized Return,Annualized Vol,Sharpe Ratio,Max Drawdown,Skewness,Kurtosis,Cornish-Fisher VaR (5%),Historic CVaR (5%)
Mean Return,11.47368940095086,16.483798020876833,0.31298718190533914,-28.23480842496077,-1.2412881423031275,13.20333822050916,0.03934691998447115,0.05206393018815272
