,Annualized Return,Annualized Vol,Sharpe Ratio,Max Drawdown,Skewness,Kurtosis,Cornish-Fisher VaR (5%),Historic CVaR (5%)
Mean Return,12.531590282349292,16.314986282733166,0.37738135479997426,-28.85806628339025,-1.231891898243625,14.229980081128545,0.03818514622493788,0.049501723353500185
