,Annualized Return,Annualized Vol,Sharpe Ratio,Max Drawdown,Skewness,Kurtosis,Cornish-Fisher VaR (5%),Historic CVaR (5%)
Mean Return,16.864552943885514,31.955170884849473,0.30373597209813596,-54.136661125576644,-0.28117900913224997,3.960136325077355,0.07144655159828053,0.09683992485095871
