,Annualized Return,Annualized Vol,Sharpe Ratio,Max Drawdown,Skewness,Kurtosis,Cornish-Fisher VaR (5%),Historic CVaR (5%)
Mean Return,12.99991344848046,18.955014760563827,0.3259089560781807,-31.24520808827163,-0.6545074539221227,6.459388159235677,0.04373618060171105,0.06066835188771123
