,Annualized Return,Annualized Vol,Sharpe Ratio,Max Drawdown,Skewness,Kurtosis,Cornish-Fisher VaR (5%),Historic CVaR (5%)
Mean Return,22.40680141590927,27.050781306598072,0.5723623547911687,-49.51382191408224,-0.4272035539198129,4.534995064774973,0.06256730863772857,0.08978651253881861
