,Annualized Return,Annualized Vol,Sharpe Ratio,Max Drawdown,Skewness,Kurtosis,Cornish-Fisher VaR (5%),Historic CVaR (5%)
Mean Return,16.19996143457594,23.771920681746984,0.3848568752671117,-53.91559969396993,-0.7190639812991988,6.006744530437914,0.055114480583974494,0.07635649500397469
