,Annualized Return,Annualized Vol,Sharpe Ratio,Max Drawdown,Skewness,Kurtosis,Cornish-Fisher VaR (5%),Historic CVaR (5%)
Mean Return,9.19536066240958,15.854202566198705,0.19619146410655253,-32.152977425886434,-0.581646630610311,6.179743101741524,0.03806766467792654,0.0507424778697734
