,Annualized Return,Annualized Vol,Sharpe Ratio,Max Drawdown,Skewness,Kurtosis,Cornish-Fisher VaR (5%),Historic CVaR (5%)
Mean Return,13.533891880402482,17.122957899511633,0.3886068850989559,-31.104776121029154,-0.9785319797817332,10.012419655139865,0.03908435745441367,0.05837502443172491
