,Annualized Return,Annualized Vol,Skewness,Kurtosis,Cornish-Fisher VaR (5%),Historic CVaR (5%),Sharpe Ratio,Max Drawdown
Mean Return,0.1547373162940291,0.34900825610746034,-0.4422016475821066,4.336553165266326,0.08016207064785365,0.11162374690499106,0.24051771620696094,-0.47442824110634796
