,Annualized Return,Annualized Vol,Sharpe Ratio,Max Drawdown,Skewness,Kurtosis,Cornish-Fisher VaR (5%),Historic CVaR (5%)
Mean Return,19.356883768626567,22.527393353403575,0.5364168730979394,-33.27698367828078,-0.9845009863158627,6.399126362410353,0.053437336229223635,0.07478615722967244
