,Annualized Return,Annualized Vol,Sharpe Ratio,Max Drawdown,Skewness,Kurtosis,Cornish-Fisher VaR (5%),Historic CVaR (5%)
Mean Return,17.481502631707045,25.144969171696147,0.41041984666733633,-49.16809214480063,-0.7956795136294689,6.172123825013238,0.05878546079310266,0.08350977473417939
