,Annualized Return,Annualized Vol,Sharpe Ratio,Max Drawdown,Skewness,Kurtosis,Cornish-Fisher VaR (5%),Historic CVaR (5%)
Mean Return,16.250950591004898,24.853049104166157,0.37002843988214335,-58.14525747955156,-0.7831813917212873,5.710750169095705,0.05851258409443985,0.08479191578429283
