,Annualized Return,Annualized Vol,Sharpe Ratio,Max Drawdown,Skewness,Kurtosis,Cornish-Fisher VaR (5%),Historic CVaR (5%)
Mean Return,11.323008290443681,16.112643782487254,0.3118810045968678,-29.13871757177699,-1.0480653388280852,11.321064693159956,0.03825370391920563,0.05220756904190571
