,Annualized Return,Annualized Vol,Sharpe Ratio,Max Drawdown,Skewness,Kurtosis,Cornish-Fisher VaR (5%),Historic CVaR (5%)
Mean Return,11.14734993782076,16.441186041299265,0.2950523186584883,-29.40047683555949,-1.1082522634061216,12.207701391152698,0.03902084640756331,0.05252763218476772
