,Annualized Return,Annualized Vol,Sharpe Ratio,Max Drawdown,Skewness,Kurtosis,Cornish-Fisher VaR (5%),Historic CVaR (5%)
Mean Return,4.639766657773015,20.24170751062032,-0.05915053703194029,-41.00622346411351,0.03776924562448318,4.847641142391749,0.04571227606235192,0.06253841642883984
