,Annualized Return,Annualized Vol,Sharpe Ratio,Max Drawdown,Skewness,Kurtosis,Cornish-Fisher VaR (5%),Historic CVaR (5%)
Mean Return,17.548899965694442,23.17143261354195,0.44891659952989765,-41.20542196450946,-1.2667553229286612,8.01096093661514,0.056476911885329106,0.08115324014266766
