,Annualized Return,Annualized Vol,Sharpe Ratio,Max Drawdown,Skewness,Kurtosis,Cornish-Fisher VaR (5%),Historic CVaR (5%)
Mean Return,26.059865751742638,27.163038940020627,0.675948220533194,-34.87185425575977,-0.3734823969171729,3.919416513043544,0.05994588288582296,0.08204057999932249
