,Annualized Return,Annualized Vol,Sharpe Ratio,Max Drawdown,Skewness,Kurtosis,Cornish-Fisher VaR (5%),Historic CVaR (5%)
Mean Return,9.198977201802672,17.378568051813097,0.14696882722981783,-32.249488782712916,-1.0209476631247487,10.828208078827712,0.040300750597319045,0.05605510771631279
