,Annualized Return,Annualized Vol,Sharpe Ratio,Max Drawdown,Skewness,Kurtosis,Cornish-Fisher VaR (5%),Historic CVaR (5%)
Mean Return,13.164427786761435,17.39632221160869,0.36104608892963636,-33.0517450730328,-1.1547876955264993,11.397986836122056,0.04016818537878298,0.05745759809022335
