,Annualized Return,Annualized Vol,Sharpe Ratio,Max Drawdown,Skewness,Kurtosis,Cornish-Fisher VaR (5%),Historic CVaR (5%)
Mean Return,31.442977487014325,23.650520133138894,0.989929249831315,-35.941467795207046,-0.8872856984130425,5.772656893066268,0.054037885652659955,0.0752756897806136
