,Annualized Return,Annualized Vol,Skewness,Kurtosis,Cornish-Fisher VaR (5%),Historic CVaR (5%),Sharpe Ratio,Max Drawdown
Mean Return,0.18491434880005575,0.23887483606042617,-0.9219283697870564,6.2693979241174596,0.05707489945041725,0.08180056458595142,0.47586111537660825,-0.4609292580038752
