,Annualized Return,Annualized Vol,Sharpe Ratio,Max Drawdown,Skewness,Kurtosis,Cornish-Fisher VaR (5%),Historic CVaR (5%)
Mean Return,24.662012059315728,23.234778378966876,0.7401422168374792,-43.938814838668534,-0.9095325902513731,6.205313337407525,0.05438516039174024,0.07717992845735051
