,Annualized Return,Annualized Vol,Sharpe Ratio,Max Drawdown,Skewness,Kurtosis,Cornish-Fisher VaR (5%),Historic CVaR (5%)
Mean Return,8.886383393704534,16.58471442140087,0.16035108160980485,-32.76162159821139,-1.0615254359384987,8.487887841479688,0.040908060940270406,0.05628212336448537
