,Annualized Return,Annualized Vol,Sharpe Ratio,Max Drawdown,Skewness,Kurtosis,Cornish-Fisher VaR (5%),Historic CVaR (5%)
Mean Return,9.160150980586867,18.977707403990873,0.13030990562773853,-30.476220082182575,-0.4282374343269064,6.750592293197985,0.042336795674080184,0.05795058852101312
