,Annualized Return,Annualized Vol,Sharpe Ratio,Max Drawdown,Skewness,Kurtosis,Cornish-Fisher VaR (5%),Historic CVaR (5%)
Mean Return,7.790310969120351,28.60020037350563,0.042841126770767526,-64.98799871572032,-1.0766122187703613,7.519070487066073,0.07053620540113746,0.10200115845755858
