,Annualized Return,Annualized Vol,Sharpe Ratio,Max Drawdown,Skewness,Kurtosis,Cornish-Fisher VaR (5%),Historic CVaR (5%)
Mean Return,12.218948234867222,16.355552068048816,0.3267013294019893,-35.67734905677237,-0.8844232911269886,10.431695134968814,0.036774165980624364,0.04884679694854926
