,Annualized Return,Annualized Vol,Sharpe Ratio,Max Drawdown,Skewness,Kurtosis,Cornish-Fisher VaR (5%),Historic CVaR (5%)
Mean Return,15.58163721081578,16.606779504525814,0.5140210384742749,-29.382820413647387,-1.2088173871958352,10.006044735247771,0.03879229623780168,0.052504971995748585
