,Annualized Return,Annualized Vol,Sharpe Ratio,Max Drawdown,Skewness,Kurtosis,Cornish-Fisher VaR (5%),Historic CVaR (5%)
Mean Return,15.203024238816676,16.152599380365253,0.5050238923488901,-31.41401564963841,-0.9841913353018987,11.97566212764221,0.035643038218035945,0.04824681200310326
