,Annualized Return,Annualized Vol,Sharpe Ratio,Max Drawdown,Skewness,Kurtosis,Cornish-Fisher VaR (5%),Historic CVaR (5%)
Mean Return,13.30076406668772,22.209975223276242,0.28901746148560464,-44.76669346636701,-0.9419774332514154,13.538218477551238,0.04888981661861074,0.07192304702621997
