,Annualized Return,Annualized Vol,Sharpe Ratio,Max Drawdown,Skewness,Kurtosis,Cornish-Fisher VaR (5%),Historic CVaR (5%)
Mean Return,8.468439991483013,18.24401477618139,0.10325765609598288,-34.06074147129643,-0.8325005465970985,12.421662650010704,0.04050563132723104,0.05815516039279813
