,Annualized Return,Annualized Vol,Sharpe Ratio,Max Drawdown,Skewness,Kurtosis,Cornish-Fisher VaR (5%),Historic CVaR (5%)
Mean Return,11.331435726582907,18.679409767964717,0.2411590134425555,-37.99263259771496,-1.215375242235573,9.57730576098743,0.044939709185636625,0.0628741952475473
