,Annualized Return,Annualized Vol,Sharpe Ratio,Max Drawdown,Skewness,Kurtosis,Cornish-Fisher VaR (5%),Historic CVaR (5%)
Mean Return,16.0447382986457,22.761323594384763,0.39554029034061877,-48.10253153116685,-1.2994767095051063,10.312015205104066,0.054457831531312756,0.07659419751641613
