,Annualized Return,Annualized Vol,Sharpe Ratio,Max Drawdown,Skewness,Kurtosis,Cornish-Fisher VaR (5%),Historic CVaR (5%)
Mean Return,13.962511115152498,17.707900187769372,0.3941140225624,-25.48547405023359,-1.1021649004948884,11.373500453402327,0.04050959618938862,0.054521084000587784
