,Annualized Return,Annualized Vol,Sharpe Ratio,Max Drawdown,Skewness,Kurtosis,Cornish-Fisher VaR (5%),Historic CVaR (5%)
Mean Return,10.010799833155382,16.454878846001602,0.22938761817903233,-29.138972578052424,-1.1017235269798022,11.935366777592316,0.039366839691290886,0.053299185178097036
