,Annualized Return,Annualized Vol,Sharpe Ratio,Max Drawdown,Skewness,Kurtosis,Cornish-Fisher VaR (5%),Historic CVaR (5%)
Mean Return,16.015181175975535,18.201048733999155,0.49056476511699343,-30.35146848847978,-0.5981628248810151,6.623288803756527,0.04057087024563018,0.057431105020923266
