,Annualized Return,Annualized Vol,Sharpe Ratio,Max Drawdown,Skewness,Kurtosis,Cornish-Fisher VaR (5%),Historic CVaR (5%)
Mean Return,20.127285610107613,26.02987966138089,0.49297752726476446,-57.80232072670132,-0.6079151195701681,4.951905375268993,0.05967907561277347,0.08515829350789468
