,Annualized Return,Annualized Vol,Sharpe Ratio,Max Drawdown,Skewness,Kurtosis,Cornish-Fisher VaR (5%),Historic CVaR (5%)
Mean Return,13.41510544798965,16.38729902658221,0.3946712984039271,-37.71220260551108,-1.075784816115285,12.737852613404174,0.03666343714686772,0.04843065233621424
