,Annualized Return,Annualized Vol,Sharpe Ratio,Max Drawdown,Skewness,Kurtosis,Cornish-Fisher VaR (5%),Historic CVaR (5%)
Mean Return,12.033438317367784,17.280523347048906,0.29901334271429203,-37.30661039247785,-1.0833579662854325,12.052607313154972,0.03937006922047965,0.05234669068354877
