,Annualized Return,Annualized Vol,Sharpe Ratio,Max Drawdown,Skewness,Kurtosis,Cornish-Fisher VaR (5%),Historic CVaR (5%)
Mean Return,12.800932919655228,17.534803993720374,0.33954783514074893,-34.06074147129642,-0.8840416528096577,12.869616745850044,0.03822790071859187,0.055859117813617326
