,Annualized Return,Annualized Vol,Sharpe Ratio,Max Drawdown,Skewness,Kurtosis,Cornish-Fisher VaR (5%),Historic CVaR (5%)
Mean Return,16.97397815453401,18.509688452909874,0.5326235262535797,-33.574252267739304,-0.9504277686236436,10.196226267122857,0.04158725269772908,0.058149512374149184
