,Annualized Return,Annualized Vol,Sharpe Ratio,Max Drawdown,Skewness,Kurtosis,Cornish-Fisher VaR (5%),Historic CVaR (5%)
Mean Return,18.879134804719655,18.812696801079635,0.6191268736624977,-35.907164124457516,-0.6654835454431459,7.725097195493581,0.041425500116791664,0.05733522568261412
