,Annualized Return,Annualized Vol,Sharpe Ratio,Max Drawdown,Skewness,Kurtosis,Cornish-Fisher VaR (5%),Historic CVaR (5%)
Mean Return,13.710890385236961,22.63376508408175,0.2993694245414809,-43.86498093932703,-0.6786884188615816,5.251677767492412,0.052935455500944056,0.07592742245540814
