,Annualized Return,Annualized Vol,Sharpe Ratio,Max Drawdown,Skewness,Kurtosis,Cornish-Fisher VaR (5%),Historic CVaR (5%)
Mean Return,11.095977928819313,18.672622011316356,0.22932822949705214,-37.99263259771496,-1.2515496859144908,9.8749954391325,0.04502846077903945,0.06262571427880252
