,Annualized Return,Annualized Vol,Sharpe Ratio,Max Drawdown,Skewness,Kurtosis,Cornish-Fisher VaR (5%),Historic CVaR (5%)
Mean Return,12.933357257683852,19.265677386796046,0.31476577344318846,-36.77960651816759,-1.1599318168768458,11.914158912122891,0.044495318578299664,0.06451843026308253
