,Annualized Return,Annualized Vol,Sharpe Ratio,Max Drawdown,Skewness,Kurtosis,Cornish-Fisher VaR (5%),Historic CVaR (5%)
Mean Return,17.40898829862998,19.599650274559014,0.5243883172751511,-39.46108443946875,-1.1657999020835432,11.850854694118858,0.04464401057543817,0.06264782619243783
