,Annualized Return,Annualized Vol,Sharpe Ratio,Max Drawdown,Skewness,Kurtosis,Cornish-Fisher VaR (5%),Historic CVaR (5%)
Mean Return,12.063968557799964,17.147909350240788,0.30410055142234993,-40.84413756546421,-1.1106762613967591,10.083691042661512,0.04015071965814646,0.053871600388439043
