,Annualized Return,Annualized Vol,Sharpe Ratio,Max Drawdown,Skewness,Kurtosis,Cornish-Fisher VaR (5%),Historic CVaR (5%)
Mean Return,22.661864111745288,24.579044033655787,0.6173253981940262,-43.50943699528959,-0.6886410315523823,5.620211177217871,0.05604395673771353,0.08088672239402488
