,Annualized Return,Annualized Vol,Skewness,Kurtosis,Cornish-Fisher VaR (5%),Historic CVaR (5%),Sharpe Ratio,Max Drawdown
Mean Return,0.1481363540721099,0.170147274150645,-1.2583052720150842,10.134659453943263,0.040524837669249705,0.05725842723575309,0.46478908965246646,-0.2965852043696623
