,Annualized Return,Annualized Vol,Sharpe Ratio,Max Drawdown,Skewness,Kurtosis,Cornish-Fisher VaR (5%),Historic CVaR (5%)
Mean Return,14.676390746977663,16.512354504078573,0.4711157323993334,-29.382820413647387,-1.2747927316212933,10.41918603002054,0.03923794808243333,0.05481918910767692
