,Annualized Return,Annualized Vol,Sharpe Ratio,Max Drawdown,Skewness,Kurtosis,Cornish-Fisher VaR (5%),Historic CVaR (5%)
Mean Return,15.196333782821526,20.842330546671736,0.3908012441962464,-34.16948519456431,-0.5838709928502591,6.574152842275639,0.04688335094309795,0.0629920053562209
