,Annualized Return,Annualized Vol,Sharpe Ratio,Max Drawdown,Skewness,Kurtosis,Cornish-Fisher VaR (5%),Historic CVaR (5%)
Mean Return,7.183279452560187,18.15593004726508,0.05638237310413666,-30.57056354527891,-0.688541888237144,5.675831428196805,0.04428573698870581,0.06115381922127903
