,Annualized Return,Annualized Vol,Sharpe Ratio,Max Drawdown,Skewness,Kurtosis,Cornish-Fisher VaR (5%),Historic CVaR (5%)
Mean Return,12.029109821759043,19.26698389090109,0.27132627172855833,-42.77306508857782,-0.8468141922885826,8.80174699654188,0.04427548242740885,0.05894180100715994
