,Annualized Return,Annualized Vol,Sharpe Ratio,Max Drawdown,Skewness,Kurtosis,Cornish-Fisher VaR (5%),Historic CVaR (5%)
Mean Return,8.455830372616147,16.800635094266003,0.1332692632955023,-33.91769620044825,-1.087100074734724,9.138737319643804,0.04137395298991258,0.05507050624818831
