,Annualized Return,Annualized Vol,Sharpe Ratio,Max Drawdown,Skewness,Kurtosis,Cornish-Fisher VaR (5%),Historic CVaR (5%)
Mean Return,26.737184963445195,23.639211896133066,0.8032768824687895,-32.86408046971433,-0.7757304670951553,5.604780887677345,0.053898811127442825,0.07632831995444209
