,Annualized Return,Annualized Vol,Sharpe Ratio,Max Drawdown,Skewness,Kurtosis,Cornish-Fisher VaR (5%),Historic CVaR (5%)
Mean Return,10.491668706321121,23.21561622837635,0.16312287823077018,-52.71851835822119,-0.3184015567847816,5.1002549989265775,0.05193775598378482,0.072837929504211
