,Annualized Return,Annualized Vol,Sharpe Ratio,Max Drawdown,Skewness,Kurtosis,Cornish-Fisher VaR (5%),Historic CVaR (5%)
Mean Return,18.36574317623576,15.827371832657027,0.7125161231615347,-28.999031469856142,-1.0498215760073568,8.742116147035624,0.03645090673422,0.050719979948393945
