,Annualized Return,Annualized Vol,Sharpe Ratio,Max Drawdown,Skewness,Kurtosis,Cornish-Fisher VaR (5%),Historic CVaR (5%)
Mean Return,13.857287857802113,16.134696584691106,0.43437705809649757,-29.260920991157395,-1.390152077598727,10.6967434210064,0.038908416224004726,0.054094639160141345
