,Annualized Return,Annualized Vol,Sharpe Ratio,Max Drawdown,Skewness,Kurtosis,Cornish-Fisher VaR (5%),Historic CVaR (5%)
Mean Return,12.442300391624617,17.3789640907305,0.3194105601568222,-33.1836964587854,-0.6290835336127143,8.211424043089192,0.038663610126594014,0.05211443211651846
