,Annualized Return,Annualized Vol,Sharpe Ratio,Max Drawdown,Skewness,Kurtosis,Cornish-Fisher VaR (5%),Historic CVaR (5%)
Mean Return,15.572797531836224,23.883180782007805,0.35836548140475294,-55.22587379047216,-0.8611866945435035,6.171573019372919,0.05657328347626256,0.08151747195130107
