,Annualized Return,Annualized Vol,Sharpe Ratio,Max Drawdown,Skewness,Kurtosis,Cornish-Fisher VaR (5%),Historic CVaR (5%)
Mean Return,13.849269995315282,17.212811036707485,0.4004030381041482,-39.09802948777777,-0.9460034631982683,9.449341337273305,0.0393452085180052,0.05362114464350739
