,Annualized Return,Annualized Vol,Sharpe Ratio,Max Drawdown,Skewness,Kurtosis,Cornish-Fisher VaR (5%),Historic CVaR (5%)
Mean Return,14.370407949616792,21.70651845514185,0.3407343996575258,-50.128427200168666,-0.7445528044795913,9.147763261250965,0.04871922534243746,0.06884971694594257
