,Annualized Return,Annualized Vol,Sharpe Ratio,Max Drawdown,Skewness,Kurtosis,Cornish-Fisher VaR (5%),Historic CVaR (5%)
Mean Return,18.397086518095797,24.08590965286465,0.468741321980401,-44.48751668719531,-0.6128059331976058,5.321680441273304,0.05558697827551644,0.07842799257128251
