,Annualized Return,Annualized Vol,Sharpe Ratio,Max Drawdown,Skewness,Kurtosis,Cornish-Fisher VaR (5%),Historic CVaR (5%)
Mean Return,14.44255571585471,16.775234799318223,0.4478588229025576,-30.687593467039786,-0.8332401862719094,9.021477538326643,0.03771855182171847,0.05301744356325069
