,Annualized Return,Annualized Vol,Sharpe Ratio,Max Drawdown,Skewness,Kurtosis,Cornish-Fisher VaR (5%),Historic CVaR (5%)
Mean Return,12.173422953594226,17.49410649691191,0.30477280336365975,-38.971716922761054,-1.3270879409661798,14.791221800017407,0.039915680451916465,0.05246377462379476
