,Annualized Return,Annualized Vol,Sharpe Ratio,Max Drawdown,Skewness,Kurtosis,Cornish-Fisher VaR (5%),Historic CVaR (5%)
Mean Return,10.191608552950381,18.43771094395839,0.1864546345089714,-41.02725893945128,-0.966751804060657,10.218184009564077,0.04266581473680946,0.058063642883899313
