,Annualized Return,Annualized Vol,Sharpe Ratio,Max Drawdown,Skewness,Kurtosis,Cornish-Fisher VaR (5%),Historic CVaR (5%)
Mean Return,18.979846895959106,27.41302125955573,0.44671284947103285,-51.33175776216826,-0.40123960389153823,4.347547735767398,0.06391644364500862,0.09116240742026119
