,Annualized Return,Annualized Vol,Sharpe Ratio,Max Drawdown,Skewness,Kurtosis,Cornish-Fisher VaR (5%),Historic CVaR (5%)
Mean Return,12.194984249882811,17.371747236053903,0.30808851659986236,-37.0499380964627,-1.2433757279516353,13.625340066999488,0.03971078722216414,0.05242840182166527
