,Annualized Return,Annualized Vol,Sharpe Ratio,Max Drawdown,Skewness,Kurtosis,Cornish-Fisher VaR (5%),Historic CVaR (5%)
Mean Return,19.95454401777934,23.86499805097927,0.5361329364344486,-32.55308319195163,-0.836948916864781,5.8360451181508886,0.056337058576355716,0.08184525549458793
