,Annualized Return,Annualized Vol,Sharpe Ratio,Max Drawdown,Skewness,Kurtosis,Cornish-Fisher VaR (5%),Historic CVaR (5%)
Mean Return,18.197256543557707,23.155559866259274,0.47316018849104863,-42.18744518696261,-0.7791622829807281,5.404986694608173,0.05420295433786915,0.0789799608715294
