,Annualized Return,Annualized Vol,Sharpe Ratio,Max Drawdown,Skewness,Kurtosis,Cornish-Fisher VaR (5%),Historic CVaR (5%)
Mean Return,9.808638661394188,17.78239615100377,0.183999060330444,-30.305060665881566,-0.30468680689527505,4.698980428272555,0.04000932839074772,0.05498259433752142
