,Annualized Return,Annualized Vol,Sharpe Ratio,Max Drawdown,Skewness,Kurtosis,Cornish-Fisher VaR (5%),Historic CVaR (5%)
Mean Return,11.624181972925275,17.242279579547624,0.2784594948087648,-39.8481872802722,-0.887886727381592,8.634810810096976,0.03984434858002478,0.05440747429937226
