,Annualized Return,Annualized Vol,Sharpe Ratio,Max Drawdown,Skewness,Kurtosis,Cornish-Fisher VaR (5%),Historic CVaR (5%)
Mean Return,14.670279162923583,18.51994906492459,0.41376466707975185,-35.787093302545735,-0.8275772033304725,10.21812802405483,0.04119846181916529,0.05429136663611355
