,Annualized Return,Annualized Vol,Sharpe Ratio,Max Drawdown,Skewness,Kurtosis,Cornish-Fisher VaR (5%),Historic CVaR (5%)
Mean Return,18.39958177162364,16.900759922782917,0.662558673852229,-32.34523092797153,-1.0068330266778909,9.22379420332207,0.03829492040261338,0.05498339661192922
