,Annualized Return,Annualized Vol,Sharpe Ratio,Max Drawdown,Skewness,Kurtosis,Cornish-Fisher VaR (5%),Historic CVaR (5%)
Mean Return,8.472454334326507,16.96293989026106,0.13208107816932319,-34.0168567599361,-1.1207989639524756,8.956193003370844,0.04207223021250103,0.05633951676611966
