,Annualized Return,Annualized Vol,Sharpe Ratio,Max Drawdown,Skewness,Kurtosis,Cornish-Fisher VaR (5%),Historic CVaR (5%)
Mean Return,13.29507632461413,16.396971057246432,0.3874320468179549,-35.67741852009348,-0.9352965721977805,10.856914030412455,0.036781772471550817,0.04897935196045806
