,Annualized Return,Annualized Vol,Sharpe Ratio,Max Drawdown,Skewness,Kurtosis,Cornish-Fisher VaR (5%),Historic CVaR (5%)
Mean Return,10.4089198345217,17.82923959169677,0.21231140315803612,-36.353965363424685,-0.5767658540819514,8.84976033118958,0.0397555969676161,0.05606690353167615
