,Annualized Return,Annualized Vol,Sharpe Ratio,Max Drawdown,Skewness,Kurtosis,Cornish-Fisher VaR (5%),Historic CVaR (5%)
Mean Return,25.800635441795205,35.027949673943645,0.5198643242341662,-51.58091689893269,-0.007614891607145847,3.786137153758803,0.07352569712163748,0.09955712180844672
