,Annualized Return,Annualized Vol,Skewness,Kurtosis,Cornish-Fisher VaR (5%),Historic CVaR (5%),Sharpe Ratio,Max Drawdown
Mean Return,0.17159504050164265,0.24206794576457125,-0.39121831215879144,7.344245235482074,0.05221129113968034,0.07411511181384364,0.41458101173686007,-0.4912300541247071
