,Annualized Return,Annualized Vol,Sharpe Ratio,Max Drawdown,Skewness,Kurtosis,Cornish-Fisher VaR (5%),Historic CVaR (5%)
Mean Return,13.636883091202478,17.89839055116601,0.3801172857731051,-30.230297077080376,-1.0563975493243505,8.073186465235977,0.042796225407497,0.05950768150104173
