,Annualized Return,Annualized Vol,Sharpe Ratio,Max Drawdown,Skewness,Kurtosis,Cornish-Fisher VaR (5%),Historic CVaR (5%)
Mean Return,12.895748474624181,15.346694809035624,0.40176164375332724,-29.10026681752584,-0.7266553933318524,6.797136877715056,0.0352535709427542,0.049072385977781505
