,Annualized Return,Annualized Vol,Sharpe Ratio,Max Drawdown,Skewness,Kurtosis,Cornish-Fisher VaR (5%),Historic CVaR (5%)
Mean Return,11.53291157015146,15.472746730322479,0.31508858718449106,-28.621363057584126,-0.6579434204489419,6.342794521762,0.035614024566274355,0.050922188309865356
