,Annualized Return,Annualized Vol,Sharpe Ratio,Max Drawdown,Skewness,Kurtosis,Cornish-Fisher VaR (5%),Historic CVaR (5%)
Mean Return,16.291193878592523,18.285887615047695,0.504317318218769,-37.15849625845341,-1.4118262552423921,12.23023092134259,0.04290686971194336,0.05998099993984148
