,Annualized Return,Annualized Vol,Sharpe Ratio,Max Drawdown,Skewness,Kurtosis,Cornish-Fisher VaR (5%),Historic CVaR (5%)
Mean Return,14.859316183862381,19.362933434810724,0.4082936358064441,-35.25265954772383,-0.9397315612690853,9.827843093525706,0.04408379683211344,0.06252682031575045
