,Annualized Return,Annualized Vol,Sharpe Ratio,Max Drawdown,Skewness,Kurtosis,Cornish-Fisher VaR (5%),Historic CVaR (5%)
Mean Return,20.64696393315657,23.240761508578355,0.5736058114705928,-42.13856459556976,-1.3337736253216306,13.490433558905558,0.05309372907219016,0.07509627434696317
