,Annualized Return,Annualized Vol,Sharpe Ratio,Max Drawdown,Skewness,Kurtosis,Cornish-Fisher VaR (5%),Historic CVaR (5%)
Mean Return,10.857811763237857,17.673373494765563,0.23977766155838,-29.685539702570363,-0.5700340221423587,5.199376825933803,0.041070091578147214,0.05814070724823041
