,Annualized Return,Annualized Vol,Sharpe Ratio,Max Drawdown,Skewness,Kurtosis,Cornish-Fisher VaR (5%),Historic CVaR (5%)
Mean Return,13.491566238907371,18.031227044617136,0.36441868334298394,-29.61886466746889,-0.6779590879909531,6.120711689448,0.04134794344789259,0.05745699073851797
