,Annualized Return,Annualized Vol,Sharpe Ratio,Max Drawdown,Skewness,Kurtosis,Cornish-Fisher VaR (5%),Historic CVaR (5%)
Mean Return,7.476059587787276,16.988962679449077,0.07699685442201921,-34.0168567599361,-1.1381493016525952,9.026539656060663,0.042391925765039876,0.05633951676611966
