,Annualized Return,Annualized Vol,Sharpe Ratio,Max Drawdown,Skewness,Kurtosis,Cornish-Fisher VaR (5%),Historic CVaR (5%)
Mean Return,12.315775819408481,17.804291415919593,0.3069798488960792,-29.685539702570363,-0.544872346154462,5.096264673115221,0.04065373078242454,0.056892825033115615
