,Annualized Return,Annualized Vol,Sharpe Ratio,Max Drawdown,Skewness,Kurtosis,Cornish-Fisher VaR (5%),Historic CVaR (5%)
Mean Return,14.701745538016509,18.282453446088084,0.42266047592566186,-37.09931890887506,-1.4018550113573824,11.848727839147399,0.043300966036855744,0.05973349811094933
