,Annualized Return,Annualized Vol,Sharpe Ratio,Max Drawdown,Skewness,Kurtosis,Cornish-Fisher VaR (5%),Historic CVaR (5%)
Mean Return,16.522304218504047,16.83290166166792,0.5606223879652593,-31.96026771719752,-1.1165038820038213,10.829369561785436,0.03829187900743057,0.053279631630095664
