,Annualized Return,Annualized Vol,Sharpe Ratio,Max Drawdown,Skewness,Kurtosis,Cornish-Fisher VaR (5%),Historic CVaR (5%)
Mean Return,21.509880847125086,24.19857651573528,0.5825135815593357,-46.105942317888264,-0.6806294182360677,4.678978737642496,0.05589389134928876,0.08015044720853007
