,Annualized Return,Annualized Vol,Sharpe Ratio,Max Drawdown,Skewness,Kurtosis,Cornish-Fisher VaR (5%),Historic CVaR (5%)
Mean Return,7.028883747730341,18.455435734950186,0.049070424698846205,-31.888352628252786,-0.6204957706203537,5.129982874422873,0.04489080178933234,0.06270565381938877
