,Annualized Return,Annualized Vol,Skewness,Kurtosis,Cornish-Fisher VaR (5%),Historic CVaR (5%),Sharpe Ratio,Max Drawdown
Mean Return,0.09342886803026929,0.22848904939190623,-0.7458686705812965,5.350748755341189,0.054678754443436305,0.0783400990931928,0.118511617706967,-0.4211528355116542
