,Annualized Return,Annualized Vol,Sharpe Ratio,Max Drawdown,Skewness,Kurtosis,Cornish-Fisher VaR (5%),Historic CVaR (5%)
Mean Return,16.063699800225372,16.11103936148085,0.5623753210283279,-30.786885843030472,-0.7916530659264295,6.252895806258336,0.03724748496245803,0.05210043496108815
