,Annualized Return,Annualized Vol,Sharpe Ratio,Max Drawdown,Skewness,Kurtosis,Cornish-Fisher VaR (5%),Historic CVaR (5%)
Mean Return,9.12231010483746,16.150650794617572,0.1587530674307846,-32.57884544559547,-0.34704145980808676,4.933477308750691,0.03649007457850971,0.0519825952834928
