,Annualized Return,Annualized Vol,Sharpe Ratio,Max Drawdown,Skewness,Kurtosis,Cornish-Fisher VaR (5%),Historic CVaR (5%)
Mean Return,15.444116681195851,16.14552071094624,0.5275254472006095,-29.382829604210247,-1.0112391847725983,8.149361412257049,0.0377991574843318,0.05158929732992706
