,Annualized Return,Annualized Vol,Sharpe Ratio,Max Drawdown,Skewness,Kurtosis,Cornish-Fisher VaR (5%),Historic CVaR (5%)
Mean Return,17.18226932817759,16.994389983994445,0.5922723227024953,-35.678706420282744,-1.1506635455378473,10.756143421778951,0.03881393207531247,0.054028507210601845
