,Annualized Return,Annualized Vol,Sharpe Ratio,Max Drawdown,Skewness,Kurtosis,Cornish-Fisher VaR (5%),Historic CVaR (5%)
Mean Return,23.869780258426097,24.586435941325934,0.6688510858055591,-43.519399262666234,-0.8488688002704832,5.117691834063303,0.05815265943517219,0.08476214439454526
