,Annualized Return,Annualized Vol,Sharpe Ratio,Max Drawdown,Skewness,Kurtosis,Cornish-Fisher VaR (5%),Historic CVaR (5%)
Mean Return,12.213546824672928,23.012073784425237,0.23486585339116495,-44.81298365555249,-0.7124120557499819,5.35051408820048,0.054309473338373625,0.07844596070474871
