,Annualized Return,Annualized Vol,Sharpe Ratio,Max Drawdown,Skewness,Kurtosis,Cornish-Fisher VaR (5%),Historic CVaR (5%)
Mean Return,13.524890616595343,17.724365799938287,0.37250097963723716,-34.636676165201884,-0.32081744864257816,5.299562499514863,0.03869603728439336,0.053305851018891
