,Annualized Return,Annualized Vol,Sharpe Ratio,Max Drawdown,Skewness,Kurtosis,Cornish-Fisher VaR (5%),Historic CVaR (5%)
Mean Return,21.88482868408368,24.188458907382454,0.5971156508951703,-51.47736851677382,-0.6672471916604048,5.191078785010486,0.05532901692466518,0.07538126584592492
