,Annualized Return,Annualized Vol,Sharpe Ratio,Max Drawdown,Skewness,Kurtosis,Cornish-Fisher VaR (5%),Historic CVaR (5%)
Mean Return,16.115753888149918,16.464097259588804,0.5509918020257727,-31.104776121029143,-1.1203758048402803,12.116338249208292,0.036882701689374416,0.054609471034804645
