,Annualized Return,Annualized Vol,Sharpe Ratio,Max Drawdown,Skewness,Kurtosis,Cornish-Fisher VaR (5%),Historic CVaR (5%)
Mean Return,5.151244789011722,32.68107552861415,-0.024958911467219135,-54.97053999924384,-0.8937089911719084,8.517521312420538,0.08130520580486612,0.11257348187498387
