,Annualized Return,Annualized Vol,Sharpe Ratio,Max Drawdown,Skewness,Kurtosis,Cornish-Fisher VaR (5%),Historic CVaR (5%)
Mean Return,14.972014062577,20.027339454386638,0.39932233197553446,-31.68873808352331,-0.7218909936955678,7.640444347746659,0.045355570486426695,0.061241765319431686
