,Annualized Return,Annualized Vol,Sharpe Ratio,Max Drawdown,Skewness,Kurtosis,Cornish-Fisher VaR (5%),Historic CVaR (5%)
Mean Return,12.55785009532524,17.06868903247695,0.33153813498793056,-26.970440763926508,-0.9754376210861282,10.997554055799577,0.038650893353860453,0.05235073966450173
