,Annualized Return,Annualized Vol,Skewness,Kurtosis,Cornish-Fisher VaR (5%),Historic CVaR (5%),Sharpe Ratio,Max Drawdown
Mean Return,0.14475381243316132,0.24425041725701852,-1.0473490896935644,7.27866172673992,0.05889267301918182,0.08410927620539593,0.3075786943194938,-0.49041592522304217
