,Annualized Return,Annualized Vol,Sharpe Ratio,Max Drawdown,Skewness,Kurtosis,Cornish-Fisher VaR (5%),Historic CVaR (5%)
Mean Return,13.030057492435688,16.697713800254174,0.3663917314952824,-30.442222832321708,-1.832435498619827,17.969027417223288,0.03900636347047312,0.05261835754349194
