,Annualized Return,Annualized Vol,Sharpe Ratio,Max Drawdown,Skewness,Kurtosis,Cornish-Fisher VaR (5%),Historic CVaR (5%)
Mean Return,14.354593467900067,16.143297676265174,0.4580051748977773,-31.888346288748544,-0.8834165004570371,8.857611398576571,0.036597636778918426,0.05053948322708005
