,Annualized Return,Annualized Vol,Sharpe Ratio,Max Drawdown,Skewness,Kurtosis,Cornish-Fisher VaR (5%),Historic CVaR (5%)
Mean Return,13.811040975622024,16.36844258040555,0.4240656380456777,-31.34259032049249,-0.9320772072852723,7.3816152292789265,0.03853620262557453,0.053537407918552146
