,Annualized Return,Annualized Vol,Sharpe Ratio,Max Drawdown,Skewness,Kurtosis,Cornish-Fisher VaR (5%),Historic CVaR (5%)
Mean Return,16.752189023698506,28.647758635300402,0.33496754630806796,-43.721440463693035,-0.8236272506873107,6.0017018447987045,0.067866738254175,0.10016401378648303
