,Annualized Return,Annualized Vol,Sharpe Ratio,Max Drawdown,Skewness,Kurtosis,Cornish-Fisher VaR (5%),Historic CVaR (5%)
Mean Return,12.659781977671614,15.036549145072229,0.39580493479513873,-29.464282549084526,-0.5889517565010919,5.697611853735727,0.03426688740469633,0.04733983046175958
