,Annualized Return,Annualized Vol,Sharpe Ratio,Max Drawdown,Skewness,Kurtosis,Cornish-Fisher VaR (5%),Historic CVaR (5%)
Mean Return,24.64250000699879,24.146858633007636,0.7339205011254855,-33.24557122333998,-0.6808187298223117,5.063446553952541,0.057628526744327724,0.08116604358176313
