,Annualized Return,Annualized Vol,Sharpe Ratio,Max Drawdown,Skewness,Kurtosis,Cornish-Fisher VaR (5%),Historic CVaR (5%)
Mean Return,11.097039493930772,16.711580921060868,0.28783645589790857,-28.806246861667656,-1.2157480774895777,13.792701067727375,0.03954490493902341,0.05102625833628013
