,Annualized Return,Annualized Vol,Sharpe Ratio,Max Drawdown,Skewness,Kurtosis,Cornish-Fisher VaR (5%),Historic CVaR (5%)
Mean Return,20.339644183943673,24.879977100307933,0.5234202482551006,-63.59794755005912,-0.9982825076919977,6.329711864049269,0.05932688052478653,0.08582724380424472
