,Annualized Return,Annualized Vol,Sharpe Ratio,Max Drawdown,Skewness,Kurtosis,Cornish-Fisher VaR (5%),Historic CVaR (5%)
Mean Return,22.098914814866323,21.86719368739891,0.6785513841337254,-33.734039136559964,-1.0230166374746172,6.370355863942988,0.052095546412809536,0.07554943616833852
