,Annualized Return,Annualized Vol,Sharpe Ratio,Max Drawdown,Skewness,Kurtosis,Cornish-Fisher VaR (5%),Historic CVaR (5%)
Mean Return,12.62368103044993,18.98801402016628,0.30670166807805455,-31.24520808827161,-0.6532709250125879,6.4313049917619,0.043887300232863344,0.061102318443251535
