,Annualized Return,Annualized Vol,Sharpe Ratio,Max Drawdown,Skewness,Kurtosis,Cornish-Fisher VaR (5%),Historic CVaR (5%)
Mean Return,20.392016677041912,21.681532361064722,0.6105097459245785,-31.63816529796466,-0.9042076623796744,5.402001351274036,0.05160333658751284,0.07528690705502049
