,Annualized Return,Annualized Vol,Sharpe Ratio,Max Drawdown,Skewness,Kurtosis,Cornish-Fisher VaR (5%),Historic CVaR (5%)
Mean Return,9.623541082617603,24.17515997913038,0.1236370787431645,-56.57242653073325,-0.7663937654618286,8.029754543539397,0.05625462271599157,0.07827840486007344
