,Annualized Return,Annualized Vol,Sharpe Ratio,Max Drawdown,Skewness,Kurtosis,Cornish-Fisher VaR (5%),Historic CVaR (5%)
Mean Return,17.598331252122247,24.667593255974253,0.42131663427574,-44.47870847273324,-0.7528246260362045,5.323664793678764,0.05783838548984667,0.08540928866814809
