,Annualized Return,Annualized Vol,Sharpe Ratio,Max Drawdown,Skewness,Kurtosis,Cornish-Fisher VaR (5%),Historic CVaR (5%)
Mean Return,14.362227746257572,24.441859078254645,0.30301403703887736,-49.91371254103454,-0.9713161778195454,7.762578177554651,0.05798999714517087,0.08419277465317844
