,Annualized Return,Annualized Vol,Sharpe Ratio,Max Drawdown,Skewness,Kurtosis,Cornish-Fisher VaR (5%),Historic CVaR (5%)
Mean Return,9.388663405377518,29.7396510450645,0.09232736902470866,-45.87918409946707,-0.35438947305026014,4.0705037632140915,0.06831053846990368,0.09164131714680095
