,Annualized Return,Annualized Vol,Sharpe Ratio,Max Drawdown,Skewness,Kurtosis,Cornish-Fisher VaR (5%),Historic CVaR (5%)
Mean Return,10.19933858393629,16.255063141349737,0.2224651333724188,-28.16176270549089,-0.5964301654846013,5.48232564310738,0.03778048561429198,0.05381504381137465
