,Annualized Return,Annualized Vol,Sharpe Ratio,Max Drawdown,Skewness,Kurtosis,Cornish-Fisher VaR (5%),Historic CVaR (5%)
Mean Return,17.152767149771297,16.603210646328616,0.6069098003344012,-30.89243697549804,-0.9259727061857884,6.982967152379656,0.03831796920011242,0.05505659069642825
