,Annualized Return,Annualized Vol,Sharpe Ratio,Max Drawdown,Skewness,Kurtosis,Cornish-Fisher VaR (5%),Historic CVaR (5%)
Mean Return,13.844654720223982,23.103015269851756,0.30146471604248165,-33.550980265153214,-0.6014396750019482,6.394457245560049,0.05319104809228934,0.07716224367723819
