,Annualized Return,Annualized Vol,Sharpe Ratio,Max Drawdown,Skewness,Kurtosis,Cornish-Fisher VaR (5%),Historic CVaR (5%)
Mean Return,9.268054990683305,16.409849316321758,0.18288079682515482,-32.76162159821139,-1.0940579015839067,9.059371620432387,0.040307459284680415,0.054641085674873725
