,Annualized Return,Annualized Vol,Sharpe Ratio,Max Drawdown,Skewness,Kurtosis,Cornish-Fisher VaR (5%),Historic CVaR (5%)
Mean Return,20.280066100493023,17.888064764299042,0.724827078970843,-33.57394435357213,-0.9440974526754821,10.323736389778432,0.03946532789758666,0.0551899314412375
