,Annualized Return,Annualized Vol,Sharpe Ratio,Max Drawdown,Skewness,Kurtosis,Cornish-Fisher VaR (5%),Historic CVaR (5%)
Mean Return,15.356699805051832,19.734087045561758,0.42496433414938867,-32.86680983366934,-0.72540738594231,6.348773228068614,0.04532614777937007,0.0645306018339524
