,Annualized Return,Annualized Vol,Sharpe Ratio,Max Drawdown,Skewness,Kurtosis,Cornish-Fisher VaR (5%),Historic CVaR (5%)
Mean Return,19.533044922779585,16.10238304554098,0.7683016971555834,-28.99912972966411,-1.1218637156498446,9.790972110663786,0.03685116539119692,0.05034769442810433
