,Annualized Return,Annualized Vol,Sharpe Ratio,Max Drawdown,Skewness,Kurtosis,Cornish-Fisher VaR (5%),Historic CVaR (5%)
Mean Return,34.04478156262556,24.215606940819093,1.072302687977864,-28.12335878909376,-0.7877680570434783,4.985306043946113,0.05467555034801718,0.08137771122275911
