,Annualized Return,Annualized Vol,Sharpe Ratio,Max Drawdown,Skewness,Kurtosis,Cornish-Fisher VaR (5%),Historic CVaR (5%)
Mean Return,-1.1191097252984283,28.84477451043918,-0.24672187031694204,-65.80574830471836,-0.5394746835991447,8.483857898935478,0.06661329736636049,0.09467415911021179
