,Annualized Return,Annualized Vol,Skewness,Kurtosis,Cornish-Fisher VaR (5%),Historic CVaR (5%),Sharpe Ratio,Max Drawdown
Mean Return,0.09580104812179702,0.22999132062663108,-0.5946862370735163,4.925885997981225,0.054030110610443764,0.07650766521381926,0.12666407781366923,-0.3708437300312727
