,Annualized Return,Annualized Vol,Skewness,Kurtosis,Cornish-Fisher VaR (5%),Historic CVaR (5%),Sharpe Ratio,Max Drawdown
Mean Return,0.21158077788926266,0.32233986951072136,-0.18668587439525258,5.2595350866292305,0.06964973862799113,0.0984935972201797,0.43203762833249404,-0.3017515711703807
