,Annualized Return,Annualized Vol,Sharpe Ratio,Max Drawdown,Skewness,Kurtosis,Cornish-Fisher VaR (5%),Historic CVaR (5%)
Mean Return,23.63176573632606,31.4192927890415,0.5129748598923026,-47.840869234408565,-0.395498661086438,4.849569416368082,0.06966839737538394,0.10058469370317023
