,Annualized Return,Annualized Vol,Sharpe Ratio,Max Drawdown,Skewness,Kurtosis,Cornish-Fisher VaR (5%),Historic CVaR (5%)
Mean Return,23.639676793804988,23.64019663524172,0.6885330030503788,-30.069469591713542,-0.6485982019107613,4.44712268074889,0.054537137754467044,0.0785769190711553
