,Annualized Return,Annualized Vol,Sharpe Ratio,Max Drawdown,Skewness,Kurtosis,Cornish-Fisher VaR (5%),Historic CVaR (5%)
Mean Return,5.295038635360938,19.961540548990584,-0.0289438098840118,-39.20436918911872,0.08210386622762553,5.017434306730257,0.044471500997244666,0.06146888288353275
