,Annualized Return,Annualized Vol,Sharpe Ratio,Max Drawdown,Skewness,Kurtosis,Cornish-Fisher VaR (5%),Historic CVaR (5%)
Mean Return,21.427596018084373,23.462803800062055,0.5972737502103636,-50.65007976168082,-0.6969357742002085,5.299014917488249,0.053822594891558176,0.07410674404528504
