,Annualized Return,Annualized Vol,Sharpe Ratio,Max Drawdown,Skewness,Kurtosis,Cornish-Fisher VaR (5%),Historic CVaR (5%)
Mean Return,9.837261684859389,18.77863751141483,0.16638317077860215,-37.9925021739618,-1.0144242482226553,7.465490200150774,0.04530653011815241,0.06510282811673561
