,Annualized Return,Annualized Vol,Sharpe Ratio,Max Drawdown,Skewness,Kurtosis,Cornish-Fisher VaR (5%),Historic CVaR (5%)
Mean Return,5.291830027971001,18.869344640232725,-0.05267866578109875,-37.963234768000795,-0.5038886106889238,5.118739924078921,0.044562410706923454,0.058977009106237946
