,Annualized Return,Annualized Vol,Sharpe Ratio,Max Drawdown,Skewness,Kurtosis,Cornish-Fisher VaR (5%),Historic CVaR (5%)
Mean Return,3.5344026730399047,33.04905603299535,-0.07089231926038608,-57.0798872854493,-1.1013276433915193,10.00344703300207,0.08354229316185043,0.11630547473155657
