,Annualized Return,Annualized Vol,Sharpe Ratio,Max Drawdown,Skewness,Kurtosis,Cornish-Fisher VaR (5%),Historic CVaR (5%)
Mean Return,19.68514352320998,19.389789583407577,0.6391810583555326,-37.61415062525327,-1.4539978455421891,14.383372159362315,0.04419816918324011,0.06195437756018551
