,Annualized Return,Annualized Vol,Sharpe Ratio,Max Drawdown,Skewness,Kurtosis,Cornish-Fisher VaR (5%),Historic CVaR (5%)
Mean Return,25.624570942520087,23.82533940873277,0.7545224441884871,-28.518357399323275,-0.7601425528618494,4.659492654739141,0.05499253953290646,0.08009651768600662
