,Annualized Return,Annualized Vol,Sharpe Ratio,Max Drawdown,Skewness,Kurtosis,Cornish-Fisher VaR (5%),Historic CVaR (5%)
Mean Return,14.300527763592896,16.778515172523413,0.4350214705222659,-33.56085091031512,-1.290776374090309,15.783833435350932,0.0371926823658244,0.05014448747328661
