,Annualized Return,Annualized Vol,Sharpe Ratio,Max Drawdown,Skewness,Kurtosis,Cornish-Fisher VaR (5%),Historic CVaR (5%)
Mean Return,15.306071225019103,16.949883783784014,0.49481574802008976,-30.230348119065425,-1.0085839817234872,8.095622743339696,0.039842206238904186,0.0540648243609665
