,Annualized Return,Annualized Vol,Sharpe Ratio,Max Drawdown,Skewness,Kurtosis,Cornish-Fisher VaR (5%),Historic CVaR (5%)
Mean Return,23.711658702750583,24.040114004281513,0.6952874887902893,-40.539453510510576,-0.9226154680078978,6.716069317407254,0.05790051101980258,0.08269932618152098
