,Annualized Return,Annualized Vol,Sharpe Ratio,Max Drawdown,Skewness,Kurtosis,Cornish-Fisher VaR (5%),Historic CVaR (5%)
Mean Return,22.018706322859714,23.159830630409335,0.629822451015729,-29.06224226334752,-0.8486722713610702,4.846914222516924,0.054510013452371976,0.07969798349868328
