,Annualized Return,Annualized Vol,Sharpe Ratio,Max Drawdown,Skewness,Kurtosis,Cornish-Fisher VaR (5%),Historic CVaR (5%)
Mean Return,15.15750432183458,24.57428841956476,0.33024368642421054,-49.95782604944194,-0.9164218979187497,6.422726628981151,0.05864936617112064,0.08567064234305044
