,Annualized Return,Annualized Vol,Sharpe Ratio,Max Drawdown,Skewness,Kurtosis,Cornish-Fisher VaR (5%),Historic CVaR (5%)
Mean Return,18.723739148310713,20.704664149929787,0.5606736289816222,-34.03964007290698,-0.9066596580202496,7.777345392572392,0.04806393637931593,0.06521842778970563
