,Annualized Return,Annualized Vol,Sharpe Ratio,Max Drawdown,Skewness,Kurtosis,Cornish-Fisher VaR (5%),Historic CVaR (5%)
Mean Return,14.859405967110595,22.472548192849345,0.35123174754406067,-44.766693466367,-1.0426647870683998,15.891243284307702,0.04850116798953374,0.07125107071843578
