,Annualized Return,Annualized Vol,Sharpe Ratio,Max Drawdown,Skewness,Kurtosis,Cornish-Fisher VaR (5%),Historic CVaR (5%)
Mean Return,20.0476350451096,18.868167173630795,0.6749240234122621,-32.588655504557146,-1.2654309933432317,11.815673653655484,0.043078077911941036,0.059200746581538365
