,Annualized Return,Annualized Vol,Sharpe Ratio,Max Drawdown,Skewness,Kurtosis,Cornish-Fisher VaR (5%),Historic CVaR (5%)
Mean Return,14.434648216013123,19.38210294212133,0.3839212980162786,-34.36574548033049,-0.6051411474344994,8.048036237836744,0.04290242064551195,0.05613942808923931
