,Annualized Return,Annualized Vol,Sharpe Ratio,Max Drawdown,Skewness,Kurtosis,Cornish-Fisher VaR (5%),Historic CVaR (5%)
Mean Return,18.52662459176615,24.488109117345385,0.46601574967366405,-45.268997228270905,-0.5610858817995072,5.0240878307729036,0.05628103121651391,0.08041672647416905
