,Annualized Return,Annualized Vol,Sharpe Ratio,Max Drawdown,Skewness,Kurtosis,Cornish-Fisher VaR (5%),Historic CVaR (5%)
Mean Return,15.94723843419592,17.123171808308484,0.5248045696709596,-30.23029707708038,-1.2431341650669314,10.031760639372237,0.040569080135297426,0.05477559772511784
