,Annualized Return,Annualized Vol,Sharpe Ratio,Max Drawdown,Skewness,Kurtosis,Cornish-Fisher VaR (5%),Historic CVaR (5%)
Mean Return,8.803878255589858,16.691120384153947,0.13506003184487994,-31.52040814375696,-0.24643457588015563,4.469896178001838,0.037394342370943454,0.053061624374147735
