,Annualized Return,Annualized Vol,Sharpe Ratio,Max Drawdown,Skewness,Kurtosis,Cornish-Fisher VaR (5%),Historic CVaR (5%)
Mean Return,22.54360745225823,25.532890993761338,0.6080744445780745,-46.36927284860589,-0.4917613415697493,5.401918436804483,0.05823483800143567,0.08767361894563445
