,Annualized Return,Annualized Vol,Sharpe Ratio,Max Drawdown,Skewness,Kurtosis,Cornish-Fisher VaR (5%),Historic CVaR (5%)
Mean Return,13.90922967245929,27.31097963774016,0.25870499002269615,-53.63316553894566,-0.46003199730823047,5.0327689270281315,0.06282424606711898,0.08754509798453515
