,Annualized Return,Annualized Vol,Sharpe Ratio,Max Drawdown,Skewness,Kurtosis,Cornish-Fisher VaR (5%),Historic CVaR (5%)
Mean Return,3.2261444959222896,20.140001082426366,-0.13378533210620766,-38.230758188842465,-0.5969008843134658,4.782835362491841,0.049855304435673625,0.06996592977810201
