,Annualized Return,Annualized Vol,Sharpe Ratio,Max Drawdown,Skewness,Kurtosis,Cornish-Fisher VaR (5%),Historic CVaR (5%)
Mean Return,10.757530192907705,17.58126269228662,0.22914804183814236,-32.117118546491014,-0.7572255396491796,10.763591477290632,0.03894818589265356,0.05598619491910658
