,Annualized Return,Annualized Vol,Sharpe Ratio,Max Drawdown,Skewness,Kurtosis,Cornish-Fisher VaR (5%),Historic CVaR (5%)
Mean Return,12.593280047489696,19.081427986546313,0.30177081441796705,-38.76720784909152,-0.8699096935969056,9.542541379858934,0.04351108838372762,0.06390329561600126
