,Annualized Return,Annualized Vol,Sharpe Ratio,Max Drawdown,Skewness,Kurtosis,Cornish-Fisher VaR (5%),Historic CVaR (5%)
Mean Return,12.239129873909626,23.775182575680432,0.22812902035401847,-52.22539582564416,-1.0089383700256886,8.141797119284524,0.05677440731687668,0.08082941365487921
