,Annualized Return,Annualized Vol,Skewness,Kurtosis,Cornish-Fisher VaR (5%),Historic CVaR (5%),Sharpe Ratio,Max Drawdown
Mean Return,0.15374195374952437,0.2945267503924172,-0.5579309867471715,4.649604067415983,0.06838626775324796,0.09267013021366091,0.28191363486900695,-0.40835347889002926
