,Annualized Return,Annualized Vol,Sharpe Ratio,Max Drawdown,Skewness,Kurtosis,Cornish-Fisher VaR (5%),Historic CVaR (5%)
Mean Return,22.388108988809343,21.50061620808829,0.6928667194252955,-29.179363921198348,-0.934019468929007,6.596157307969588,0.049913479694971785,0.06998151036962492
