,Annualized Return,Annualized Vol,Sharpe Ratio,Max Drawdown,Skewness,Kurtosis,Cornish-Fisher VaR (5%),Historic CVaR (5%)
Mean Return,6.429755653579439,16.884586348938534,0.018992116916088417,-32.690250904555256,-1.1097448913681853,8.729914122567758,0.042303704565403756,0.05735827207648364
