,Annualized Return,Annualized Vol,Sharpe Ratio,Max Drawdown,Skewness,Kurtosis,Cornish-Fisher VaR (5%),Historic CVaR (5%)
Mean Return,11.616451730590738,17.892335538075802,0.26698943806976283,-39.422415830174636,-1.0824837170955466,11.324012357882872,0.04126332566030698,0.055166887421589546
