,Annualized Return,Annualized Vol,Sharpe Ratio,Max Drawdown,Skewness,Kurtosis,Cornish-Fisher VaR (5%),Historic CVaR (5%)
Mean Return,6.0799317428825495,20.075945652895285,-0.014442890314020502,-33.90114502271976,-0.19211721380615224,4.325907229815162,0.045401281643668814,0.06344226555499742
