,Annualized Return,Annualized Vol,Sharpe Ratio,Max Drawdown,Skewness,Kurtosis,Cornish-Fisher VaR (5%),Historic CVaR (5%)
Mean Return,27.181563545937347,24.89209960896982,0.7839103400638446,-31.564402964350656,-0.7423688486764348,4.346444741152709,0.05743379577104479,0.08324387379819093
