,Annualized Return,Annualized Vol,Sharpe Ratio,Max Drawdown,Skewness,Kurtosis,Cornish-Fisher VaR (5%),Historic CVaR (5%)
Mean Return,16.388165744074556,17.11976149402966,0.5410758199598652,-26.46818656112233,-0.8787895206805469,10.106847440266085,0.03799024576560598,0.051041549595264725
