,Annualized Return,Annualized Vol,Sharpe Ratio,Max Drawdown,Skewness,Kurtosis,Cornish-Fisher VaR (5%),Historic CVaR (5%)
Mean Return,23.705497781602737,26.813981651079892,0.6018491311927904,-39.181720877793694,-0.4876142084301565,4.95372972807392,0.05983359560926208,0.08360665760275839
