,Annualized Return,Annualized Vol,Sharpe Ratio,Max Drawdown,Skewness,Kurtosis,Cornish-Fisher VaR (5%),Historic CVaR (5%)
Mean Return,21.476886687685504,23.292227565108277,0.6043685727644763,-42.78563264572766,-0.8813359579637177,6.083700018180595,0.05438532793262757,0.07565307557815096
