,Annualized Return,Annualized Vol,Sharpe Ratio,Max Drawdown,Skewness,Kurtosis,Cornish-Fisher VaR (5%),Historic CVaR (5%)
Mean Return,29.35684409938677,23.87827053563889,0.8982994782899366,-36.41089686106898,-0.7103420121071677,4.745972531468281,0.05413199728073243,0.07619189322357378
