,Annualized Return,Annualized Vol,Sharpe Ratio,Max Drawdown,Skewness,Kurtosis,Cornish-Fisher VaR (5%),Historic CVaR (5%)
Mean Return,16.681484478187535,17.22916920869839,0.5536397032841962,-25.967236902995683,-0.9725317867274405,10.426651738537718,0.03860511020630754,0.05168472780299922
