,Annualized Return,Annualized Vol,Sharpe Ratio,Max Drawdown,Skewness,Kurtosis,Cornish-Fisher VaR (5%),Historic CVaR (5%)
Mean Return,8.198608102828665,16.5541100474148,0.13096231896401694,-32.40241136785261,-0.6514049169322785,6.4170729776091475,0.04033514362802641,0.053905559119784785
