,Annualized Return,Annualized Vol,Sharpe Ratio,Max Drawdown,Skewness,Kurtosis,Cornish-Fisher VaR (5%),Historic CVaR (5%)
Mean Return,8.160768956515962,28.59236157910535,0.05503511707668047,-62.47970808581085,-1.089877382046068,7.4439470677973745,0.07063824907936753,0.10209770938556259
