,Annualized Return,Annualized Vol,Sharpe Ratio,Max Drawdown,Skewness,Kurtosis,Cornish-Fisher VaR (5%),Historic CVaR (5%)
Mean Return,12.805442561195136,19.233197006043447,0.30904400387415915,-36.779606518167604,-1.1636687700480346,11.98313703840904,0.044425710674386755,0.06441647589620458
