,Annualized Return,Annualized Vol,Sharpe Ratio,Max Drawdown,Skewness,Kurtosis,Cornish-Fisher VaR (5%),Historic CVaR (5%)
Mean Return,18.297638637198645,18.55318697430967,0.6012517731225973,-28.96189265495559,-0.5334643660029139,6.637922289120012,0.040966592791205875,0.06007672012764724
