,Annualized Return,Annualized Vol,Skewness,Kurtosis,Cornish-Fisher VaR (5%),Historic CVaR (5%),Sharpe Ratio,Max Drawdown
Mean Return,0.11578569408825579,0.18214622004664363,-1.0408163333909846,10.62008369131951,0.04211559188423433,0.05965090831028757,0.2640104640824202,-0.3236095989017421
