,Annualized Return,Annualized Vol,Sharpe Ratio,Max Drawdown,Skewness,Kurtosis,Cornish-Fisher VaR (5%),Historic CVaR (5%)
Mean Return,9.03486202417425,21.525282433328506,0.10993251653905073,-30.287577232779476,-0.31417273655102346,5.358810927988997,0.04812633214785731,0.06740385309956505
