,Annualized Return,Annualized Vol,Sharpe Ratio,Max Drawdown,Skewness,Kurtosis,Cornish-Fisher VaR (5%),Historic CVaR (5%)
Mean Return,11.336254216949747,20.942158456018667,0.2203379458758424,-33.32102830897321,-0.6945815992893948,5.748081958145414,0.04953836973149213,0.07066347844641577
