,Annualized Return,Annualized Vol,Sharpe Ratio,Max Drawdown,Skewness,Kurtosis,Cornish-Fisher VaR (5%),Historic CVaR (5%)
Mean Return,15.685417323868013,25.989643223189006,0.33073715811581195,-38.373939595079854,-0.7976514417004855,5.835707977592024,0.0614258938952925,0.08725017153029782
