,Annualized Return,Annualized Vol,Sharpe Ratio,Max Drawdown,Skewness,Kurtosis,Cornish-Fisher VaR (5%),Historic CVaR (5%)
Mean Return,18.21252350096558,16.498591027164586,0.6740855611176253,-28.99912972966411,-1.1313507945443557,9.141941142240887,0.0384169229556507,0.054110023529562665
