,Annualized Return,Annualized Vol,Skewness,Kurtosis,Cornish-Fisher VaR (5%),Historic CVaR (5%),Sharpe Ratio,Max Drawdown
Mean Return,0.1674456046041144,0.21248267359033532,-1.0504091089260377,7.1859031208269775,0.05068425036182255,0.07099389668323806,0.4513391946557727,-0.31485555776882185
