,Annualized Return,Annualized Vol,Sharpe Ratio,Max Drawdown,Skewness,Kurtosis,Cornish-Fisher VaR (5%),Historic CVaR (5%)
Mean Return,28.371955190092745,21.897877683807284,0.9397557466665339,-33.5690543380807,-0.5947815929184692,6.715678498045197,0.04725165833674821,0.06496381729686718
