,Annualized Return,Annualized Vol,Sharpe Ratio,Max Drawdown,Skewness,Kurtosis,Cornish-Fisher VaR (5%),Historic CVaR (5%)
Mean Return,11.754310712397231,19.486420854260516,0.2566530443403838,-31.147502360552505,-0.6184854432764029,5.645711785216946,0.04499505067326475,0.06267070493004932
