,Annualized Return,Annualized Vol,Sharpe Ratio,Max Drawdown,Skewness,Kurtosis,Cornish-Fisher VaR (5%),Historic CVaR (5%)
Mean Return,8.283225509599855,20.10670369606455,0.1067347145940699,-38.762477374391146,-0.5392252331888573,9.966757055458329,0.04579945861047203,0.06503498513890411
