,Annualized Return,Annualized Vol,Sharpe Ratio,Max Drawdown,Skewness,Kurtosis,Cornish-Fisher VaR (5%),Historic CVaR (5%)
Mean Return,12.755953714237833,17.352697465892874,0.34067637054305544,-32.11711854649101,-0.7983452383931722,12.265588275017587,0.03759058527004898,0.054693969145815764
