,Annualized Return,Annualized Vol,Sharpe Ratio,Max Drawdown,Skewness,Kurtosis,Cornish-Fisher VaR (5%),Historic CVaR (5%)
Mean Return,2.4309047009996476,22.717520753286664,-0.16955278267027735,-48.34795030566746,-0.5878156765982085,7.039786975021586,0.05329471256403364,0.07532184264802436
