,Annualized Return,Annualized Vol,Sharpe Ratio,Max Drawdown,Skewness,Kurtosis,Cornish-Fisher VaR (5%),Historic CVaR (5%)
Mean Return,16.159589604323,17.353104024090594,0.5259907924686407,-32.773860256101045,-0.9259469929587606,10.213935246842553,0.038790064032862906,0.057263120245389036
