,Annualized Return,Annualized Vol,Sharpe Ratio,Max Drawdown,Skewness,Kurtosis,Cornish-Fisher VaR (5%),Historic CVaR (5%)
Mean Return,16.03066087368137,19.223590226449517,0.4676996018292927,-40.051183378592455,-1.0918693432717594,11.887611231926888,0.04344904711302557,0.06318800437513097
