,Annualized Return,Annualized Vol,Sharpe Ratio,Max Drawdown,Skewness,Kurtosis,Cornish-Fisher VaR (5%),Historic CVaR (5%)
Mean Return,18.901625564740954,25.319357563824262,0.4603224084254308,-54.61540046634893,-0.9732866683852743,6.7083486018270895,0.06016802752202395,0.08856812777757986
