,Annualized Return,Annualized Vol,Sharpe Ratio,Max Drawdown,Skewness,Kurtosis,Cornish-Fisher VaR (5%),Historic CVaR (5%)
Mean Return,25.67183693969106,25.08520766022413,0.7193503571581055,-37.210612679181274,0.1913389033737298,12.182363035882343,0.04379677845522052,0.07999107204576396
