,Annualized Return,Annualized Vol,Sharpe Ratio,Max Drawdown,Skewness,Kurtosis,Cornish-Fisher VaR (5%),Historic CVaR (5%)
Mean Return,11.823101098478993,16.668080852996084,0.2980811233340686,-31.577814333875892,-1.2905758597244432,15.314887631892729,0.03756808996958218,0.050677969213249276
