,Annualized Return,Annualized Vol,Sharpe Ratio,Max Drawdown,Skewness,Kurtosis,Cornish-Fisher VaR (5%),Historic CVaR (5%)
Mean Return,13.206240458130946,17.26823150191439,0.36699670619028474,-30.77528843261707,-0.9558967186270212,10.6606180355132,0.039037369006397815,0.054220341617689016
