,Annualized Return,Annualized Vol,Sharpe Ratio,Max Drawdown,Skewness,Kurtosis,Cornish-Fisher VaR (5%),Historic CVaR (5%)
Mean Return,24.962087672687705,22.624160956307044,0.7871951354486587,-38.14874673248375,-0.8951665321152855,6.1087875156806755,0.05368880511242972,0.07942190733123626
