,Annualized Return,Annualized Vol,Sharpe Ratio,Max Drawdown,Skewness,Kurtosis,Cornish-Fisher VaR (5%),Historic CVaR (5%)
Mean Return,18.335737939482822,27.97166063659251,0.39820945583448913,-61.72812165316043,-0.8089256123218859,6.164865850981084,0.06566891565291388,0.09206627926845569
