,Annualized Return,Annualized Vol,Sharpe Ratio,Max Drawdown,Skewness,Kurtosis,Cornish-Fisher VaR (5%),Historic CVaR (5%)
Mean Return,15.054151164964358,16.141130235830854,0.49671381729577424,-30.6554700324651,-0.8498781573514892,10.893767065771616,0.03537931572199116,0.04810197720766431
