,Annualized Return,Annualized Vol,Sharpe Ratio,Max Drawdown,Skewness,Kurtosis,Cornish-Fisher VaR (5%),Historic CVaR (5%)
Mean Return,14.120817725556002,18.33481073826054,0.39160184176752943,-33.6803624212808,-1.2568284235569336,9.558326835998589,0.0438456171647046,0.06246511206859693
