,Annualized Return,Annualized Vol,Sharpe Ratio,Max Drawdown,Skewness,Kurtosis,Cornish-Fisher VaR (5%),Historic CVaR (5%)
Mean Return,9.31780581476891,15.664932452488658,0.19544760921701215,-33.17464263730246,-0.8830401427476412,7.881157693412869,0.03777614603693463,0.05007376602929022
