,Annualized Return,Annualized Vol,Sharpe Ratio,Max Drawdown,Skewness,Kurtosis,Cornish-Fisher VaR (5%),Historic CVaR (5%)
Mean Return,11.04763188248603,17.655218574431867,0.25023525341754177,-29.685539702570363,-0.5779861005198657,5.260182730844913,0.04101250718478619,0.05814070724823041
