,Annualized Return,Annualized Vol,Sharpe Ratio,Max Drawdown,Skewness,Kurtosis,Cornish-Fisher VaR (5%),Historic CVaR (5%)
Mean Return,14.886153928832012,15.405933988941179,0.5223888643795234,-27.835932322582902,-0.5904379694799973,5.92836512931783,0.034668952437281325,0.04996363421595781
