,Annualized Return,Annualized Vol,Sharpe Ratio,Max Drawdown,Skewness,Kurtosis,Cornish-Fisher VaR (5%),Historic CVaR (5%)
Mean Return,21.741574913478566,23.195100000112202,0.6183628267680673,-45.82842129120309,-0.9514221907420425,6.165264538010722,0.054610550388147584,0.07869739641077596
