,Annualized Return,Annualized Vol,Skewness,Kurtosis,Cornish-Fisher VaR (5%),Historic CVaR (5%),Sharpe Ratio,Max Drawdown
Mean Return,0.1751629114193487,0.19735829458445045,-0.753380946615587,7.880448925770237,0.04435846114385639,0.05797122434977255,0.522832781570306,-0.2833093905046101
