,Annualized Return,Annualized Vol,Sharpe Ratio,Max Drawdown,Skewness,Kurtosis,Cornish-Fisher VaR (5%),Historic CVaR (5%)
Mean Return,27.791595265768755,26.10878336686114,0.7695354815182616,-29.31967467441571,-0.8106797200648874,5.139073830408165,0.06098890896339524,0.08931659684158848
