,Annualized Return,Annualized Vol,Sharpe Ratio,Max Drawdown,Skewness,Kurtosis,Cornish-Fisher VaR (5%),Historic CVaR (5%)
Mean Return,30.828517967074976,23.237896597604983,0.9826570545161866,-34.73815945018169,-0.8720261215095763,5.757208390415095,0.0529900544646034,0.07341028294733411
