,Annualized Return,Annualized Vol,Sharpe Ratio,Max Drawdown,Skewness,Kurtosis,Cornish-Fisher VaR (5%),Historic CVaR (5%)
Mean Return,12.850619183246437,18.66139645800777,0.3180265759859919,-31.368206635540353,-0.845696406618766,9.261677491749412,0.042458798910087386,0.057474245496662565
