,Annualized Return,Annualized Vol,Sharpe Ratio,Max Drawdown,Skewness,Kurtosis,Cornish-Fisher VaR (5%),Historic CVaR (5%)
Mean Return,17.652444862631512,17.247899220124086,0.6077829920426093,-31.719280348672324,-1.799938708855785,17.449803519606537,0.0396687124242519,0.05461443999743942
