,Annualized Return,Annualized Vol,Sharpe Ratio,Max Drawdown,Skewness,Kurtosis,Cornish-Fisher VaR (5%),Historic CVaR (5%)
Mean Return,14.960142646681284,16.428581427536493,0.4840322699973814,-28.99912972966412,-1.1395523062997341,9.760908007583582,0.03818736537210268,0.052018963640496706
