,Annualized Return,Annualized Vol,Sharpe Ratio,Max Drawdown,Skewness,Kurtosis,Cornish-Fisher VaR (5%),Historic CVaR (5%)
Mean Return,16.519451978289435,29.093310156462294,0.3409629238267733,-55.68799301977304,-0.4738266022561145,4.378927058587869,0.0692504580532736,0.09839471153104125
