,Annualized Return,Annualized Vol,Skewness,Kurtosis,Cornish-Fisher VaR (5%),Historic CVaR (5%),Sharpe Ratio,Max Drawdown
Mean Return,0.2029440629144903,0.236175502844745,-0.9404160486120998,5.745693424043394,0.05610408086325978,0.07891381571443794,0.5474088195243937,-0.37098332114167654
