,Annualized Return,Annualized Vol,Sharpe Ratio,Max Drawdown,Skewness,Kurtosis,Cornish-Fisher VaR (5%),Historic CVaR (5%)
Mean Return,10.66818671745633,16.06210997968657,0.25084159217964125,-31.11195564386885,-0.33120528037180325,4.84538981255026,0.03594856495477835,0.050486870774235686
