,Annualized Return,Annualized Vol,Sharpe Ratio,Max Drawdown,Skewness,Kurtosis,Cornish-Fisher VaR (5%),Historic CVaR (5%)
Mean Return,20.145274667360713,26.353919489870254,0.4875534766425018,-59.06530044762882,-0.5946590900064532,4.883074124621563,0.06037908425762993,0.08657544158969746
