,Annualized Return,Annualized Vol,Sharpe Ratio,Max Drawdown,Skewness,Kurtosis,Cornish-Fisher VaR (5%),Historic CVaR (5%)
Mean Return,19.209525357844125,21.016642906409626,0.5693287401903002,-38.836050163388165,-1.3338834955664858,14.148865955786494,0.04755742640816604,0.06595635368193037
