,Annualized Return,Annualized Vol,Sharpe Ratio,Max Drawdown,Skewness,Kurtosis,Cornish-Fisher VaR (5%),Historic CVaR (5%)
Mean Return,13.71824635356591,34.002149789461214,0.19836374733663678,-38.55962645823097,-0.5505269808797951,4.412216647367459,0.07963011864781677,0.11283704166443079
