,Annualized Return,Annualized Vol,Skewness,Kurtosis,Cornish-Fisher VaR (5%),Historic CVaR (5%),Sharpe Ratio,Max Drawdown
Mean Return,0.1439897126064591,0.2485213329081246,-0.827146506434755,5.543967932365374,0.05931787190727262,0.0832150328777947,0.29724120853987324,-0.39417653882172526
