,Annualized Return,Annualized Vol,Sharpe Ratio,Max Drawdown,Skewness,Kurtosis,Cornish-Fisher VaR (5%),Historic CVaR (5%)
Mean Return,14.64726871189721,19.20325429335105,0.40130527338294397,-31.012903403879033,-0.801847796738312,9.440190121049683,0.04302353682770543,0.06456637148271566
