,Annualized Return,Annualized Vol,Sharpe Ratio,Max Drawdown,Skewness,Kurtosis,Cornish-Fisher VaR (5%),Historic CVaR (5%)
Mean Return,13.708902008116741,16.819162273156504,0.4062103585841076,-30.982001024088795,-0.8527477831166453,8.549100825073342,0.03828327219637439,0.05319753192387114
