,Annualized Return,Annualized Vol,Sharpe Ratio,Max Drawdown,Skewness,Kurtosis,Cornish-Fisher VaR (5%),Historic CVaR (5%)
Mean Return,18.491434880005574,23.88748360604262,0.47586111537660825,-46.09292580038752,-0.9219283697870564,6.2693979241174596,0.05707489945041725,0.08180056458595142
