,Annualized Return,Annualized Vol,Sharpe Ratio,Max Drawdown,Skewness,Kurtosis,Cornish-Fisher VaR (5%),Historic CVaR (5%)
Mean Return,7.672116782209382,17.328746828524032,0.08634425585060908,-32.15487482518877,-0.9833301466999137,8.414768300399631,0.042597418488594246,0.05856177948537206
