,Annualized Return,Annualized Vol,Sharpe Ratio,Max Drawdown,Skewness,Kurtosis,Cornish-Fisher VaR (5%),Historic CVaR (5%)
Mean Return,13.324217298907005,18.03649834225931,0.35738195939836986,-37.6405750763546,-0.7363795661568638,9.075129185788917,0.04026752845914907,0.05587686091378949
