,Annualized Return,Annualized Vol,Skewness,Kurtosis,Cornish-Fisher VaR (5%),Historic CVaR (5%),Sharpe Ratio,Max Drawdown
Mean Return,0.10610322151146523,0.17241403647219888,-1.1322431394992156,12.444814343288346,0.039614343621471905,0.05347212846410404,0.22205349297291763,-0.3730661039247785
