,Annualized Return,Annualized Vol,Sharpe Ratio,Max Drawdown,Skewness,Kurtosis,Cornish-Fisher VaR (5%),Historic CVaR (5%)
Mean Return,14.76413425249714,15.447619767464854,0.5099407281711409,-28.75564782567503,-1.0280112883271049,8.091057065240713,0.036284939332968495,0.049071617656765015
