,Annualized Return,Annualized Vol,Sharpe Ratio,Max Drawdown,Skewness,Kurtosis,Cornish-Fisher VaR (5%),Historic CVaR (5%)
Mean Return,14.61369056835724,17.161278953744784,0.44523229510039863,-32.970093468735335,-1.1152336406768126,12.793569815464645,0.03846486939087675,0.053633176553686095
