,Annualized Return,Annualized Vol,Sharpe Ratio,Max Drawdown,Skewness,Kurtosis,Cornish-Fisher VaR (5%),Historic CVaR (5%)
Mean Return,14.554395431553502,21.583457581262223,0.35151042508715324,-47.38571220657495,-0.6297593343890009,9.226796003667362,0.04746370563254712,0.06564126057291485
