,Annualized Return,Annualized Vol,Sharpe Ratio,Max Drawdown,Skewness,Kurtosis,Cornish-Fisher VaR (5%),Historic CVaR (5%)
Mean Return,21.683451586505974,24.88552755327575,0.574397201093581,-48.65349201240584,-0.7570209012637374,5.266626129447076,0.057791831527701086,0.08334343047786537
