,Annualized Return,Annualized Vol,Sharpe Ratio,Max Drawdown,Skewness,Kurtosis,Cornish-Fisher VaR (5%),Historic CVaR (5%)
Mean Return,14.466647362234797,28.086400206736073,0.2702193142320294,-47.382370858928304,-0.9493566487287937,6.531380512342759,0.06830613227081393,0.09761833933265854
