,Annualized Return,Annualized Vol,Skewness,Kurtosis,Cornish-Fisher VaR (5%),Historic CVaR (5%),Sharpe Ratio,Max Drawdown
Mean Return,0.15889450946902572,0.2378410064647478,-0.8966936358575933,5.705161151761136,0.05690410409534423,0.0798900340364373,0.36950154773916866,-0.3402745071611856
