,Annualized Return,Annualized Vol,Sharpe Ratio,Max Drawdown,Skewness,Kurtosis,Cornish-Fisher VaR (5%),Historic CVaR (5%)
Mean Return,10.124978296977716,17.01817268102511,0.20014150070989523,-33.22230327206687,-1.122013070106336,12.08984747829776,0.0392615433062137,0.05693623636043648
