,Annualized Return,Annualized Vol,Sharpe Ratio,Max Drawdown,Skewness,Kurtosis,Cornish-Fisher VaR (5%),Historic CVaR (5%)
Mean Return,9.958417480943549,17.538481275965772,0.19315381353138927,-30.305060665881534,-0.5174671721892998,4.942900533233985,0.040693420184881465,0.05667238104814897
