,Annualized Return,Annualized Vol,Sharpe Ratio,Max Drawdown,Skewness,Kurtosis,Cornish-Fisher VaR (5%),Historic CVaR (5%)
Mean Return,11.539164355009124,24.965819863474064,0.1910526002374659,-48.2105026172234,-0.7344998701783485,6.200837840031867,0.05878072222712674,0.07909569335945527
