,Annualized Return,Annualized Vol,Sharpe Ratio,Max Drawdown,Skewness,Kurtosis,Cornish-Fisher VaR (5%),Historic CVaR (5%)
Mean Return,23.891503549423,24.415768652686925,0.6770813052178519,-32.92952444316326,-0.5846139228761665,4.587486092049918,0.05570711540232605,0.07999388441235963
