,Annualized Return,Annualized Vol,Sharpe Ratio,Max Drawdown,Skewness,Kurtosis,Cornish-Fisher VaR (5%),Historic CVaR (5%)
Mean Return,21.390162090901853,24.963795890184254,0.5626990731968728,-44.60790085071201,-0.7979278754024441,5.499641445681689,0.0581880340388699,0.08468003542652211
