,Annualized Return,Annualized Vol,Sharpe Ratio,Max Drawdown,Skewness,Kurtosis,Cornish-Fisher VaR (5%),Historic CVaR (5%)
Mean Return,16.100037933636948,23.198701204632485,0.3880356799685297,-47.431746207446594,-1.0142776017207298,7.071541412371794,0.0554477081636274,0.07876311628134164
