,Annualized Return,Annualized Vol,Sharpe Ratio,Max Drawdown,Skewness,Kurtosis,Cornish-Fisher VaR (5%),Historic CVaR (5%)
Mean Return,14.189039347428212,26.567774226625723,0.2726083231352962,-56.00502303655763,-1.066168640136544,6.9587544830313615,0.06468542901400028,0.09359041871848195
