,Annualized Return,Annualized Vol,Sharpe Ratio,Max Drawdown,Skewness,Kurtosis,Cornish-Fisher VaR (5%),Historic CVaR (5%)
Mean Return,14.023768018837867,17.41613632675705,0.4080244978684674,-31.38097992228328,-0.9045460293516489,10.258746102852959,0.03913742979602469,0.05420701406689891
