,Annualized Return,Annualized Vol,Sharpe Ratio,Max Drawdown,Skewness,Kurtosis,Cornish-Fisher VaR (5%),Historic CVaR (5%)
Mean Return,17.45802136360066,19.015630384567565,0.5450851005321959,-29.85211962353543,-0.5719710594005575,6.789998885287594,0.042386986641291265,0.06231529122837167
