,Annualized Return,Annualized Vol,Sharpe Ratio,Max Drawdown,Skewness,Kurtosis,Cornish-Fisher VaR (5%),Historic CVaR (5%)
Mean Return,13.73015104640003,17.403646170557792,0.3904577584845737,-33.57122648069616,-0.4036917372847705,6.097768637049585,0.038074198774629024,0.05252616502959289
