,Annualized Return,Annualized Vol,Sharpe Ratio,Max Drawdown,Skewness,Kurtosis,Cornish-Fisher VaR (5%),Historic CVaR (5%)
Mean Return,17.545905305970976,18.322324418352547,0.5674867416211238,-31.925342046390455,-0.9848787145235957,10.787516357193452,0.04095435187785879,0.05712809472671588
