,Annualized Return,Annualized Vol,Sharpe Ratio,Max Drawdown,Skewness,Kurtosis,Cornish-Fisher VaR (5%),Historic CVaR (5%)
Mean Return,12.033600387908638,19.468697702672134,0.2690530324747667,-40.048639513701154,-0.8721169219840061,8.525101623883845,0.045089023023415824,0.06102643052908723
