,Annualized Return,Annualized Vol,Sharpe Ratio,Max Drawdown,Skewness,Kurtosis,Cornish-Fisher VaR (5%),Historic CVaR (5%)
Mean Return,28.4868428853146,24.4824559594601,0.8431889686252891,-32.943553771703094,-0.5899508163981347,4.281087246626481,0.054992192106181025,0.07750854774727889
