,Annualized Return,Annualized Vol,Sharpe Ratio,Max Drawdown,Skewness,Kurtosis,Cornish-Fisher VaR (5%),Historic CVaR (5%)
Mean Return,16.968058665106977,22.427243400624715,0.4401583407976919,-54.0592208436551,-1.0172242840491474,7.212415675617484,0.05330646053169616,0.07765540184364393
