,Annualized Return,Annualized Vol,Sharpe Ratio,Max Drawdown,Skewness,Kurtosis,Cornish-Fisher VaR (5%),Historic CVaR (5%)
Mean Return,12.175070918741637,16.77549284269356,0.3158905467493445,-36.294470721202075,-1.2966558822433663,10.419711686609956,0.04009082401602046,0.05342153051933355
