,Annualized Return,Annualized Vol,Sharpe Ratio,Max Drawdown,Skewness,Kurtosis,Cornish-Fisher VaR (5%),Historic CVaR (5%)
Mean Return,22.274396471815304,26.393314284552027,0.5623211327182635,-58.64455481327753,-0.6990643882184793,5.093256079866283,0.06096104175429126,0.08732753779832707
