,Annualized Return,Annualized Vol,Skewness,Kurtosis,Cornish-Fisher VaR (5%),Historic CVaR (5%),Sharpe Ratio,Max Drawdown
Mean Return,0.13614606350595637,0.2026813378474882,-0.7010841612778127,7.7147470575336206,0.04596082809834561,0.06441586535055634,0.3317125934121597,-0.3145235780892921
