,Annualized Return,Annualized Vol,Sharpe Ratio,Max Drawdown,Skewness,Kurtosis,Cornish-Fisher VaR (5%),Historic CVaR (5%)
Mean Return,18.606527366846095,17.954171387908726,0.6398964169775159,-30.794777647267164,-1.1912901966145137,9.910020696317245,0.041970421306682736,0.055816790182690625
