,Annualized Return,Annualized Vol,Sharpe Ratio,Max Drawdown,Skewness,Kurtosis,Cornish-Fisher VaR (5%),Historic CVaR (5%)
Mean Return,5.766125652115028,21.880830853480436,-0.032279007657736725,-46.46631226487462,-0.3844313609875592,4.973326296114653,0.05033824047622221,0.06800219449837212
