,Annualized Return,Annualized Vol,Sharpe Ratio,Max Drawdown,Skewness,Kurtosis,Cornish-Fisher VaR (5%),Historic CVaR (5%)
Mean Return,22.003771456731048,26.449282270522005,0.5575541515915825,-36.45066942644768,-0.5193154042920357,5.045650567849275,0.05997030078129509,0.08654528469223713
