,Annualized Return,Annualized Vol,Skewness,Kurtosis,Cornish-Fisher VaR (5%),Historic CVaR (5%),Sharpe Ratio,Max Drawdown
Mean Return,0.1163414262160849,0.16582730576171137,-1.0749786899641705,13.428046961304213,0.037086645843218025,0.050479170990951505,0.2889080653176615,-0.3022055871090529
