,Annualized Return,Annualized Vol,Sharpe Ratio,Max Drawdown,Skewness,Kurtosis,Cornish-Fisher VaR (5%),Historic CVaR (5%)
Mean Return,16.217728890158046,17.2902310990556,0.5282816604473791,-30.23029707708038,-1.2431341650669314,10.031760639372237,0.040569080135297426,0.05477559772511784
