,Annualized Return,Annualized Vol,Sharpe Ratio,Max Drawdown,Skewness,Kurtosis,Cornish-Fisher VaR (5%),Historic CVaR (5%)
Mean Return,17.60923091514821,17.972889854011463,0.5846389914809187,-29.27014841858136,-0.6329897038341133,6.753879185363198,0.04030407483545513,0.059265242206461385
