,Annualized Return,Annualized Vol,Sharpe Ratio,Max Drawdown,Skewness,Kurtosis,Cornish-Fisher VaR (5%),Historic CVaR (5%)
Mean Return,9.68812036938247,17.937566676965147,0.1655432157267908,-33.183807902683,-0.6228138789361212,8.327397337135677,0.040337044455991435,0.05421109256015761
