,Annualized Return,Annualized Vol,Sharpe Ratio,Max Drawdown,Skewness,Kurtosis,Cornish-Fisher VaR (5%),Historic CVaR (5%)
Mean Return,18.099244995223685,19.95745016214901,0.5470430435876716,-35.91966150447012,-0.7396347446663597,7.803985610767497,0.044723409807694944,0.06153586938702918
