,Annualized Return,Annualized Vol,Sharpe Ratio,Max Drawdown,Skewness,Kurtosis,Cornish-Fisher VaR (5%),Historic CVaR (5%)
Mean Return,9.583948537472153,27.498971791333,0.10656077313783974,-58.57536362196897,-0.49236375464644033,5.092005667395437,0.06368043934036709,0.09044480615626077
