,Annualized Return,Annualized Vol,Sharpe Ratio,Max Drawdown,Skewness,Kurtosis,Cornish-Fisher VaR (5%),Historic CVaR (5%)
Mean Return,16.513818157415482,19.016037562031375,0.4939035621824973,-33.28170716927796,-1.3007744502394507,12.73065419298224,0.043751637888626294,0.0602219418572893
