,Annualized Return,Annualized Vol,Sharpe Ratio,Max Drawdown,Skewness,Kurtosis,Cornish-Fisher VaR (5%),Historic CVaR (5%)
Mean Return,17.6520433208492,22.064535566295852,0.4750315522665241,-31.895092671730158,-0.9180385288523314,5.80779845747159,0.052410966714824314,0.07662314139185132
