,Annualized Return,Annualized Vol,Sharpe Ratio,Max Drawdown,Skewness,Kurtosis,Cornish-Fisher VaR (5%),Historic CVaR (5%)
Mean Return,13.907553143472985,17.276694914713715,0.40432941658451826,-32.10956925277359,-1.3754618778904137,12.536636816891354,0.04046651619720214,0.0563937607310565
