,Annualized Return,Annualized Vol,Sharpe Ratio,Max Drawdown,Skewness,Kurtosis,Cornish-Fisher VaR (5%),Historic CVaR (5%)
Mean Return,11.479770268257106,17.573016382407896,0.2683715334439263,-31.208961971079862,-0.9019258418526434,10.338460513377763,0.03988735714020805,0.056264386584305916
