,Annualized Return,Annualized Vol,Sharpe Ratio,Max Drawdown,Skewness,Kurtosis,Cornish-Fisher VaR (5%),Historic CVaR (5%)
Mean Return,11.2792471292124,17.34012739978458,0.2934277538244879,-28.873157803883014,-0.40870132662651965,5.0480411052195135,0.040797015629030944,0.05418977977140877
