,Annualized Return,Annualized Vol,Sharpe Ratio,Max Drawdown,Skewness,Kurtosis,Cornish-Fisher VaR (5%),Historic CVaR (5%)
Mean Return,10.357495199417821,20.56005740648704,0.17900674017221962,-43.5627344699195,-0.8305592205249415,7.530606482742191,0.0482713963628266,0.06841891008340462
