,Annualized Return,Annualized Vol,Sharpe Ratio,Max Drawdown,Skewness,Kurtosis,Cornish-Fisher VaR (5%),Historic CVaR (5%)
Mean Return,13.71572837546735,19.879088739473964,0.3411187322022678,-35.30177943871062,-1.1730537503800411,10.627030053891392,0.04666456846901133,0.06375157524919227
