,Annualized Return,Annualized Vol,Sharpe Ratio,Max Drawdown,Skewness,Kurtosis,Cornish-Fisher VaR (5%),Historic CVaR (5%)
Mean Return,12.681353442639676,16.135429120021367,0.3977475416504445,-31.633050261645163,-0.8777632328202228,7.465186358509366,0.03927769277127738,0.055513867441051454
