,Annualized Return,Annualized Vol,Sharpe Ratio,Max Drawdown,Skewness,Kurtosis,Cornish-Fisher VaR (5%),Historic CVaR (5%)
Mean Return,16.142098866484634,17.048224936058606,0.537869479609824,-30.230297077080376,-1.2546984222268271,10.183526696648345,0.04033961325972716,0.054559651075102036
