,Annualized Return,Annualized Vol,Sharpe Ratio,Max Drawdown,Skewness,Kurtosis,Cornish-Fisher VaR (5%),Historic CVaR (5%)
Mean Return,11.176304626063537,30.2746371095289,0.14561408043587623,-55.186763392285634,-0.677038507008871,6.364034425381383,0.07087958960228845,0.103794973602873
