,Annualized Return,Annualized Vol,Sharpe Ratio,Max Drawdown,Skewness,Kurtosis,Cornish-Fisher VaR (5%),Historic CVaR (5%)
Mean Return,17.290066988588926,23.984484951003253,0.422789257651717,-44.896566365985564,-0.9606027938671903,6.772108004202476,0.05696040903585901,0.07979712341910448
