,Annualized Return,Annualized Vol,Sharpe Ratio,Max Drawdown,Skewness,Kurtosis,Cornish-Fisher VaR (5%),Historic CVaR (5%)
Mean Return,14.45269818422965,15.925598037303503,0.4759687474500212,-28.87455989629296,-1.285107149974663,10.249848517547546,0.037925940487999826,0.05076688091724857
