,Annualized Return,Annualized Vol,Sharpe Ratio,Max Drawdown,Skewness,Kurtosis,Cornish-Fisher VaR (5%),Historic CVaR (5%)
Mean Return,14.798216872598214,17.54911579380681,0.4452751489736996,-33.432217393618075,-0.968711504909202,11.102789421478546,0.039313023397950585,0.055445249881718416
