,Annualized Return,Annualized Vol,Sharpe Ratio,Max Drawdown,Skewness,Kurtosis,Cornish-Fisher VaR (5%),Historic CVaR (5%)
Mean Return,12.36929329840093,19.823704696229232,0.28015709463254895,-42.773065088577845,-0.7111176142742818,7.229101134664085,0.04548057195363627,0.0618425590838222
