,Annualized Return,Annualized Vol,Sharpe Ratio,Max Drawdown,Skewness,Kurtosis,Cornish-Fisher VaR (5%),Historic CVaR (5%)
Mean Return,13.79102125734768,18.076983866091485,0.38003643954203953,-34.36026050249951,-0.9830058166573818,11.27331908078575,0.0407282756229883,0.0569953701137619
