,Annualized Return,Annualized Vol,Sharpe Ratio,Max Drawdown,Skewness,Kurtosis,Cornish-Fisher VaR (5%),Historic CVaR (5%)
Mean Return,16.882379211993758,16.802381154469426,0.5815326061415477,-33.27795552282954,-1.086139427157401,9.77394767689108,0.03849722841806774,0.05558141913628833
