,Annualized Return,Annualized Vol,Sharpe Ratio,Max Drawdown,Skewness,Kurtosis,Cornish-Fisher VaR (5%),Historic CVaR (5%)
Mean Return,19.978528186667035,30.6722693817923,0.41461470643627446,-57.444713704010596,-0.2584950484590333,4.385050950665105,0.06731638747554652,0.09701314069265614
