,Annualized Return,Annualized Vol,Sharpe Ratio,Max Drawdown,Skewness,Kurtosis,Cornish-Fisher VaR (5%),Historic CVaR (5%)
Mean Return,17.0967274773423,17.687578563645484,0.5613505547211808,-25.60110526188666,-1.0158629857109747,10.545022601565933,0.03983807331205145,0.05298516807136952
