,Annualized Return,Annualized Vol,Sharpe Ratio,Max Drawdown,Skewness,Kurtosis,Cornish-Fisher VaR (5%),Historic CVaR (5%)
Mean Return,17.97104229593305,16.91413864082643,0.6382104731995374,-33.25874707158173,-0.9706347149060153,11.202677016586287,0.03725207788985105,0.052912395384035964
