,Annualized Return,Annualized Vol,Sharpe Ratio,Max Drawdown,Skewness,Kurtosis,Cornish-Fisher VaR (5%),Historic CVaR (5%)
Mean Return,7.043900398585712,17.614303223291586,0.050655239548680134,-33.299983165165195,-0.8453749052569973,6.707608379776114,0.04344140805949732,0.06011675500742677
