,Annualized Return,Annualized Vol,Sharpe Ratio,Max Drawdown,Skewness,Kurtosis,Cornish-Fisher VaR (5%),Historic CVaR (5%)
Mean Return,18.324379679129944,33.512901362017,0.33216536966139176,-69.74557636678709,-0.5024574999767437,4.378481470308448,0.07715454791975057,0.11040803999694467
