,Annualized Return,Annualized Vol,Sharpe Ratio,Max Drawdown,Skewness,Kurtosis,Cornish-Fisher VaR (5%),Historic CVaR (5%)
Mean Return,13.630197495788643,22.63376508408175,0.2976609481951208,-43.86498093932703,-0.6786884188615815,5.251677767492412,0.052935455500944056,0.07592742245540814
