,Annualized Return,Annualized Vol,Sharpe Ratio,Max Drawdown,Skewness,Kurtosis,Cornish-Fisher VaR (5%),Historic CVaR (5%)
Mean Return,9.836427688705562,16.91004862627098,0.2135685610715486,-30.261283198952672,-0.8991516254224649,9.458819954415377,0.04054600165752599,0.05510967908105121
