,Annualized Return,Annualized Vol,Sharpe Ratio,Max Drawdown,Skewness,Kurtosis,Cornish-Fisher VaR (5%),Historic CVaR (5%)
Mean Return,18.828807963944037,28.100104834026705,0.41104735197473613,-39.7811942687866,-0.7906948085262795,5.090413720672116,0.06658637678860972,0.09381117015649261
