,Annualized Return,Annualized Vol,Sharpe Ratio,Max Drawdown,Skewness,Kurtosis,Cornish-Fisher VaR (5%),Historic CVaR (5%)
Mean Return,7.60267762539506,17.89945756758676,0.05976344331073347,-35.83307033392032,-0.7508405299307059,11.652212003554084,0.03974242330046238,0.0564038561123617
