,Annualized Return,Annualized Vol,Skewness,Kurtosis,Cornish-Fisher VaR (5%),Historic CVaR (5%),Sharpe Ratio,Max Drawdown
Mean Return,0.0668796382517447,0.32324330062039713,-1.0327512819121292,9.096329757914894,0.07882947195292574,0.1041255222220299,0.00828262150932976,-0.6416269500180452
