,Annualized Return,Annualized Vol,Sharpe Ratio,Max Drawdown,Skewness,Kurtosis,Cornish-Fisher VaR (5%),Historic CVaR (5%)
Mean Return,8.485170660461417,20.197289770931032,0.09363553938800291,-41.04177208468333,-0.9072274901427763,11.699892164583602,0.04591775631630042,0.06820344841563224
