,Annualized Return,Annualized Vol,Sharpe Ratio,Max Drawdown,Skewness,Kurtosis,Cornish-Fisher VaR (5%),Historic CVaR (5%)
Mean Return,12.165270348009383,15.671814870479157,0.34907119920787355,-28.33800884583766,-0.6781464651811726,5.93582010532198,0.03628004303095679,0.05284692812568097
