,Annualized Return,Annualized Vol,Sharpe Ratio,Max Drawdown,Skewness,Kurtosis,Cornish-Fisher VaR (5%),Historic CVaR (5%)
Mean Return,11.799212065191721,17.44910860769148,0.2845374776385702,-40.96165088133902,-0.8167065660898726,8.196699766188308,0.04009165710436189,0.05452549358731708
