,Annualized Return,Annualized Vol,Sharpe Ratio,Max Drawdown,Skewness,Kurtosis,Cornish-Fisher VaR (5%),Historic CVaR (5%)
Mean Return,20.916925563428524,25.97196750151312,0.5204507778799592,-38.22738699145798,-0.6451217352163559,5.495882366815832,0.05937983715942925,0.08364138016088321
