,Annualized Return,Annualized Vol,Skewness,Kurtosis,Cornish-Fisher VaR (5%),Historic CVaR (5%),Sharpe Ratio,Max Drawdown
Mean Return,0.10535843622711427,0.17694870052826114,-0.9595759406945708,10.268435545849577,0.040752740184261546,0.055374578837353916,0.2124019836166872,-0.32500761915470683
