,Annualized Return,Annualized Vol,Skewness,Kurtosis,Cornish-Fisher VaR (5%),Historic CVaR (5%),Sharpe Ratio,Max Drawdown
Mean Return,0.2902020475064524,0.2872807258008689,-0.7519506881830629,5.293523993558542,0.06659754031431145,0.09770731046888408,0.7395727779920245,-0.29108035425256473
