,Annualized Return,Annualized Vol,Sharpe Ratio,Max Drawdown,Skewness,Kurtosis,Cornish-Fisher VaR (5%),Historic CVaR (5%)
Mean Return,17.871497583745445,22.76889396173713,0.4693887797250864,-31.30145954236371,-0.8652708983530009,5.616456009738436,0.05383721105519585,0.07864175995970947
