,Annualized Return,Annualized Vol,Sharpe Ratio,Max Drawdown,Skewness,Kurtosis,Cornish-Fisher VaR (5%),Historic CVaR (5%)
Mean Return,11.643834545848208,18.582740022182165,0.25833898218686796,-30.742756151840346,-0.8200907477836129,9.508036328297393,0.04218308396494186,0.057054990757712136
