,Annualized Return,Annualized Vol,Sharpe Ratio,Max Drawdown,Skewness,Kurtosis,Cornish-Fisher VaR (5%),Historic CVaR (5%)
Mean Return,21.61514553497017,22.25694666252436,0.6464699395202029,-29.88503138764517,-0.8408325536965873,5.270470679778916,0.052444294900503285,0.07635897609027197
