,Annualized Return,Annualized Vol,Sharpe Ratio,Max Drawdown,Skewness,Kurtosis,Cornish-Fisher VaR (5%),Historic CVaR (5%)
Mean Return,15.500917134587922,19.967457607465793,0.42678884995065003,-32.35077803109513,-0.7228286072664897,6.13644966359616,0.04596631402633272,0.06531742377134638
