,Annualized Return,Annualized Vol,Sharpe Ratio,Max Drawdown,Skewness,Kurtosis,Cornish-Fisher VaR (5%),Historic CVaR (5%)
Mean Return,12.235175857545055,18.181609355146747,0.3230750781992856,-30.59542999361284,-0.8029705088216537,11.190581538585707,0.04169241753854406,0.057107076497843426
