,Annualized Return,Annualized Vol,Sharpe Ratio,Max Drawdown,Skewness,Kurtosis,Cornish-Fisher VaR (5%),Historic CVaR (5%)
Mean Return,8.707097163263455,15.738067669719847,0.15791036841039158,-32.7382018331969,-0.8975305173765313,7.613818297237416,0.038277920234092114,0.05111905324735521
