,Annualized Return,Annualized Vol,Sharpe Ratio,Max Drawdown,Skewness,Kurtosis,Cornish-Fisher VaR (5%),Historic CVaR (5%)
Mean Return,11.699532941900603,26.264870394045523,0.1871540318489273,-54.73703871014206,-0.7774519830456675,5.9230123392530025,0.06250309878605799,0.09033368905405438
