,Annualized Return,Annualized Vol,Sharpe Ratio,Max Drawdown,Skewness,Kurtosis,Cornish-Fisher VaR (5%),Historic CVaR (5%)
Mean Return,3.2346628237357233,23.142505531856735,-0.13278882142417198,-53.99213473583588,-1.3645793899112586,8.592496783884718,0.05926184542580382,0.08554702713209023
