,Annualized Return,Annualized Vol,Sharpe Ratio,Max Drawdown,Skewness,Kurtosis,Cornish-Fisher VaR (5%),Historic CVaR (5%)
Mean Return,15.841463189656624,20.83244713533583,0.4199790365886598,-34.29100970656921,-0.5603733777904104,6.605103653274992,0.04655352114947901,0.06419948101167135
