,Annualized Return,Annualized Vol,Sharpe Ratio,Max Drawdown,Skewness,Kurtosis,Cornish-Fisher VaR (5%),Historic CVaR (5%)
Mean Return,14.426070477157161,20.828522277689004,0.35846781632884506,-47.830414413625284,-0.6936830807424272,9.60210072563762,0.04600827856617642,0.06380367008459797
