,Annualized Return,Annualized Vol,Sharpe Ratio,Max Drawdown,Skewness,Kurtosis,Cornish-Fisher VaR (5%),Historic CVaR (5%)
Mean Return,11.591327654718997,21.667784640643823,0.22864181807169764,-39.0273589203864,-0.18765279374431154,6.9997170245709714,0.04637309396492807,0.06774370906841033
