,Annualized Return,Annualized Vol,Sharpe Ratio,Max Drawdown,Skewness,Kurtosis,Cornish-Fisher VaR (5%),Historic CVaR (5%)
Mean Return,15.264266096373902,19.26845133194386,0.428206978008624,-38.82916826749187,-0.6552092766390963,7.763720916018437,0.0429960992644669,0.05995171240982658
