,Annualized Return,Annualized Vol,Sharpe Ratio,Max Drawdown,Skewness,Kurtosis,Cornish-Fisher VaR (5%),Historic CVaR (5%)
Mean Return,15.727517747280185,16.78579879795185,0.5186753130657645,-32.56606205755742,-1.179537229640373,12.48835115984195,0.037876111392353376,0.05611449327513591
