,Annualized Return,Annualized Vol,Sharpe Ratio,Max Drawdown,Skewness,Kurtosis,Cornish-Fisher VaR (5%),Historic CVaR (5%)
Mean Return,13.187121223393493,17.62123535826622,0.3584926618706911,-32.88620683944674,-0.720292654102515,11.994739890292854,0.03777630279697061,0.05586096521247897
