,Annualized Return,Annualized Vol,Sharpe Ratio,Max Drawdown,Skewness,Kurtosis,Cornish-Fisher VaR (5%),Historic CVaR (5%)
Mean Return,11.534497351855677,15.4898617696776,0.3148365839228929,-28.608427347418314,-0.6664675688609364,6.205794415594146,0.03576300326730566,0.05140249644934251
