,Annualized Return,Annualized Vol,Sharpe Ratio,Max Drawdown,Skewness,Kurtosis,Cornish-Fisher VaR (5%),Historic CVaR (5%)
Mean Return,15.189245310613874,22.727725721883296,0.36094251770770586,-40.84169230796909,-0.7863713871267181,5.501912713351333,0.053609316554466456,0.07848858149364436
