,Annualized Return,Annualized Vol,Sharpe Ratio,Max Drawdown,Skewness,Kurtosis,Cornish-Fisher VaR (5%),Historic CVaR (5%)
Mean Return,14.9713291740998,22.881380021398865,0.3493474561708763,-56.58743743192757,-1.0325215584582914,7.22090395702257,0.05488389356345033,0.07969368810327379
