,Annualized Return,Annualized Vol,Skewness,Kurtosis,Cornish-Fisher VaR (5%),Historic CVaR (5%),Sharpe Ratio,Max Drawdown
Mean Return,0.10982151991289024,0.27171675596412026,-1.150294135301846,7.317957740762699,0.0672410102388454,0.09974406360424128,0.15556428683742146,-0.575428144167575
