,Annualized Return,Annualized Vol,Sharpe Ratio,Max Drawdown,Skewness,Kurtosis,Cornish-Fisher VaR (5%),Historic CVaR (5%)
Mean Return,11.84559071994471,15.442019419153599,0.335250938712975,-29.761889989449987,-0.6537563729842434,6.998551468106607,0.035176054891178275,0.049187239179172816
