,Annualized Return,Annualized Vol,Sharpe Ratio,Max Drawdown,Skewness,Kurtosis,Cornish-Fisher VaR (5%),Historic CVaR (5%)
Mean Return,30.417745131108465,21.755115731516298,1.03190781796158,-30.651526435936027,-0.820921898679196,5.745736829317894,0.04899097861752666,0.0690054249444299
