,Annualized Return,Annualized Vol,Sharpe Ratio,Max Drawdown,Skewness,Kurtosis,Cornish-Fisher VaR (5%),Historic CVaR (5%)
Mean Return,12.219315127172404,19.266630857931162,0.2781432286135648,-39.406145608964195,-1.1832361390826425,9.622904492533786,0.046024978200857714,0.06451747975646117
