,Annualized Return,Annualized Vol,Sharpe Ratio,Max Drawdown,Skewness,Kurtosis,Cornish-Fisher VaR (5%),Historic CVaR (5%)
Mean Return,11.79489249971326,15.984489979823193,0.3207357617206599,-28.691255576650715,-0.49212554950901166,4.908239344790762,0.0365033392992836,0.050732513650322525
