,Annualized Return,Annualized Vol,Sharpe Ratio,Max Drawdown,Skewness,Kurtosis,Cornish-Fisher VaR (5%),Historic CVaR (5%)
Mean Return,14.378362107360477,33.45786555524795,0.22429648850556239,-70.44281806941682,-0.30052436712816527,4.4259644630180235,0.07581306951386657,0.10235749773543656
