,Annualized Return,Annualized Vol,Sharpe Ratio,Max Drawdown,Skewness,Kurtosis,Cornish-Fisher VaR (5%),Historic CVaR (5%)
Mean Return,15.892339373566799,19.92268485003257,0.4484299832705371,-34.4990409900312,-1.1247942225378254,8.834451481505335,0.04751074757916131,0.06405540765888722
