,Annualized Return,Annualized Vol,Sharpe Ratio,Max Drawdown,Skewness,Kurtosis,Cornish-Fisher VaR (5%),Historic CVaR (5%)
Mean Return,14.474449232107212,21.89726306550468,0.34222924966974533,-38.244435546697154,-0.9682463794041996,9.176049948908629,0.050854795993511136,0.06858740392732812
