,Annualized Return,Annualized Vol,Sharpe Ratio,Max Drawdown,Skewness,Kurtosis,Cornish-Fisher VaR (5%),Historic CVaR (5%)
Mean Return,14.66607700689606,25.953090159152698,0.2963238399921092,-54.23108969571964,-0.08932017262550596,8.133018566959667,0.05301522125923217,0.07951545013786797
