,Annualized Return,Annualized Vol,Skewness,Kurtosis,Cornish-Fisher VaR (5%),Historic CVaR (5%),Sharpe Ratio,Max Drawdown
Mean Return,0.17941089028071389,0.24026612745035172,-0.8033096176626358,5.5351729120531825,0.056983307945184615,0.08300008501038496,0.45391643332752113,-0.33533727669879865
