,Annualized Return,Annualized Vol,Sharpe Ratio,Max Drawdown,Skewness,Kurtosis,Cornish-Fisher VaR (5%),Historic CVaR (5%)
Mean Return,14.344213389333449,22.942738813994605,0.3212855635619133,-41.905328039418634,-0.740616715239318,5.6104675736227,0.05385470725182717,0.07748371091142159
