,Annualized Return,Annualized Vol,Skewness,Kurtosis,Cornish-Fisher VaR (5%),Historic CVaR (5%),Sharpe Ratio,Max Drawdown
Mean Return,0.15738330867202754,0.1995791740068406,-0.740723690955873,8.199272354833255,0.0449130151255157,0.05865777338523204,0.4332821481366906,-0.2840064709661065
