,Annualized Return,Annualized Vol,Sharpe Ratio,Max Drawdown,Skewness,Kurtosis,Cornish-Fisher VaR (5%),Historic CVaR (5%)
Mean Return,19.101952761947373,27.578508551759313,0.4347894207716843,-35.20853491138391,-0.5504507654391134,5.1255641535027205,0.0634023611581373,0.09379213193336196
