,Annualized Return,Annualized Vol,Sharpe Ratio,Max Drawdown,Skewness,Kurtosis,Cornish-Fisher VaR (5%),Historic CVaR (5%)
Mean Return,16.5899018466247,16.88839678996925,0.5622410840983457,-33.07515937661799,-0.8662966838197856,10.360030477115082,0.03720964977866219,0.05172643999064381
