,Annualized Return,Annualized Vol,Skewness,Kurtosis,Cornish-Fisher VaR (5%),Historic CVaR (5%),Sharpe Ratio,Max Drawdown
Mean Return,0.11147458840950164,0.2398845892492038,-0.7274459499844984,5.432342411492747,0.056943455292775676,0.08231287865344811,0.1834979704651728,-0.47017573466903023
