,Annualized Return,Annualized Vol,Sharpe Ratio,Max Drawdown,Skewness,Kurtosis,Cornish-Fisher VaR (5%),Historic CVaR (5%)
Mean Return,18.473770198593932,17.70073172819898,0.6367924151071807,-33.015652390539834,-1.0231368873704718,11.674516615154568,0.03910544080239975,0.05474957432942765
