,Annualized Return,Annualized Vol,Sharpe Ratio,Max Drawdown,Skewness,Kurtosis,Cornish-Fisher VaR (5%),Historic CVaR (5%)
Mean Return,10.305267265000895,16.567940081991566,0.2447092636782242,-28.765953918089497,-1.0220035633762024,10.125658136724038,0.0400101715757427,0.05393946821656802
