,Annualized Return,Annualized Vol,Sharpe Ratio,Max Drawdown,Skewness,Kurtosis,Cornish-Fisher VaR (5%),Historic CVaR (5%)
Mean Return,10.644455675293063,16.05066193348893,0.2725617960813293,-29.138605911284447,-0.9958213485736588,10.917891068254868,0.03812320031343185,0.05198916597142298
