,Annualized Return,Annualized Vol,Sharpe Ratio,Max Drawdown,Skewness,Kurtosis,Cornish-Fisher VaR (5%),Historic CVaR (5%)
Mean Return,9.698926293395193,17.456179073081156,0.1785355007656186,-33.06602378106831,-0.15614614211199593,4.076007974203801,0.03859337426440324,0.054915426630872705
