,Annualized Return,Annualized Vol,Sharpe Ratio,Max Drawdown,Skewness,Kurtosis,Cornish-Fisher VaR (5%),Historic CVaR (5%)
Mean Return,12.625976120965987,22.653135856999953,0.2540849785198265,-53.207132354254036,-0.9783389318077942,7.32126555416315,0.054229842916910506,0.07611775154734246
