,Annualized Return,Annualized Vol,Sharpe Ratio,Max Drawdown,Skewness,Kurtosis,Cornish-Fisher VaR (5%),Historic CVaR (5%)
Mean Return,17.43968720277507,16.868143288078404,0.6105908872235742,-32.47776337430206,-1.1925299514942875,11.182887308174072,0.03848689621951517,0.05377314063749506
