,Annualized Return,Annualized Vol,Sharpe Ratio,Max Drawdown,Skewness,Kurtosis,Cornish-Fisher VaR (5%),Historic CVaR (5%)
Mean Return,17.139909676606614,21.85843166974765,0.4590132318722342,-45.24512339990396,-0.8963274612862514,15.739665099834783,0.04574181331855948,0.06962634412232421
