,Annualized Return,Annualized Vol,Sharpe Ratio,Max Drawdown,Skewness,Kurtosis,Cornish-Fisher VaR (5%),Historic CVaR (5%)
Mean Return,13.970878452719692,18.186140236816172,0.387372828477634,-32.49729484895223,-1.1950207200079492,10.682355126976946,0.042572821257814204,0.05950944349308764
