,Annualized Return,Annualized Vol,Sharpe Ratio,Max Drawdown,Skewness,Kurtosis,Cornish-Fisher VaR (5%),Historic CVaR (5%)
Mean Return,24.751628338197087,24.185059114565355,0.737027112251795,-33.396283180008,-0.7228425623996347,5.2787299503702245,0.05793564679595799,0.08147034863600316
