,Annualized Return,Annualized Vol,Sharpe Ratio,Max Drawdown,Skewness,Kurtosis,Cornish-Fisher VaR (5%),Historic CVaR (5%)
Mean Return,12.677811661938954,15.852066636266878,0.3683099662779576,-31.563144524494746,-0.8319679342476536,9.811785769043913,0.035465654879610044,0.05124360629970974
