,Annualized Return,Annualized Vol,Sharpe Ratio,Max Drawdown,Skewness,Kurtosis,Cornish-Fisher VaR (5%),Historic CVaR (5%)
Mean Return,24.604685729116447,27.676233246500097,0.6389878777233873,-45.53971707608092,-0.5358999807454623,4.814347468241926,0.06531085266614942,0.09225312332010475
