,Annualized Return,Annualized Vol,Sharpe Ratio,Max Drawdown,Skewness,Kurtosis,Cornish-Fisher VaR (5%),Historic CVaR (5%)
Mean Return,19.59166077462482,18.910005363097817,0.6517900188075775,-36.83492424900556,-1.4005363267966215,13.721172132846377,0.043061144454784865,0.06043852505078804
