,Annualized Return,Annualized Vol,Sharpe Ratio,Max Drawdown,Skewness,Kurtosis,Cornish-Fisher VaR (5%),Historic CVaR (5%)
Mean Return,11.664197672645127,17.635369010314374,0.27725707433420455,-31.38097992228328,-0.8995783169684066,10.348303152211265,0.03998403755227521,0.05621099310386984
