,Annualized Return,Annualized Vol,Skewness,Kurtosis,Cornish-Fisher VaR (5%),Historic CVaR (5%),Sharpe Ratio,Max Drawdown
Mean Return,0.10102027286545034,0.20697109531723443,-1.1098551749696473,8.086822799634678,0.05029906209754973,0.06989271630384095,0.16521536625454802,-0.5003755422504262
