,Annualized Return,Annualized Vol,Sharpe Ratio,Max Drawdown,Skewness,Kurtosis,Cornish-Fisher VaR (5%),Historic CVaR (5%)
Mean Return,14.075961519063451,16.780697546363594,0.42849509862990487,-28.504681893866675,-0.7066645058023953,6.401626840499885,0.038642235861743576,0.05460577035066908
