,Annualized Return,Annualized Vol,Skewness,Kurtosis,Cornish-Fisher VaR (5%),Historic CVaR (5%),Sharpe Ratio,Max Drawdown
Mean Return,0.11734499547696586,0.18567146425844466,-0.9042635608750275,9.612673393192964,0.042619554283024594,0.05849081486683903,0.2630856071520264,-0.31368206635540336
