,Annualized Return,Annualized Vol,Sharpe Ratio,Max Drawdown,Skewness,Kurtosis,Cornish-Fisher VaR (5%),Historic CVaR (5%)
Mean Return,13.019710032727172,20.845144291043898,0.29391256789603865,-45.87011932181089,0.06275354249268385,4.492958535921081,0.04334042804519998,0.06079667332944487
