,Annualized Return,Annualized Vol,Sharpe Ratio,Max Drawdown,Skewness,Kurtosis,Cornish-Fisher VaR (5%),Historic CVaR (5%)
Mean Return,15.113772472431975,16.34584928214288,0.49531719150222175,-29.155015655091464,-1.7091989017872464,16.063017245927803,0.03805152971405675,0.051862392796386804
