,Annualized Return,Annualized Vol,Skewness,Kurtosis,Cornish-Fisher VaR (5%),Historic CVaR (5%),Sharpe Ratio,Max Drawdown
Mean Return,0.017789544095322185,0.31873531005660977,-0.5188025545347948,5.111145780362121,0.07568240681108258,0.10920492574887744,-0.13894354268032127,-0.7808660214140261
