,Annualized Return,Annualized Vol,Sharpe Ratio,Max Drawdown,Skewness,Kurtosis,Cornish-Fisher VaR (5%),Historic CVaR (5%)
Mean Return,14.41433743861429,16.614245852449088,0.4458793917948478,-33.001385134162376,-1.3431907233083984,16.538998933188317,0.03672137192363448,0.048989851407375495
