,Annualized Return,Annualized Vol,Sharpe Ratio,Max Drawdown,Skewness,Kurtosis,Cornish-Fisher VaR (5%),Historic CVaR (5%)
Mean Return,15.160090509979153,16.23883373369663,0.4998562712388298,-29.394109091229904,-0.8383848968883291,10.258634366831444,0.03581368515104389,0.04879839919798383
