,Annualized Return,Annualized Vol,Sharpe Ratio,Max Drawdown,Skewness,Kurtosis,Cornish-Fisher VaR (5%),Historic CVaR (5%)
Mean Return,18.523392128431905,21.52279732082815,0.5266308370021759,-47.890641034553845,-1.0571104602852468,7.611477758002335,0.050849134853477876,0.07103505381477158
