,Annualized Return,Annualized Vol,Sharpe Ratio,Max Drawdown,Skewness,Kurtosis,Cornish-Fisher VaR (5%),Historic CVaR (5%)
Mean Return,13.456826871521654,26.126493459368355,0.24941477605336004,-55.663704072194065,-0.9883779374847845,6.815267700428548,0.06312896758709828,0.09256729007398436
