,Annualized Return,Annualized Vol,Sharpe Ratio,Max Drawdown,Skewness,Kurtosis,Cornish-Fisher VaR (5%),Historic CVaR (5%)
Mean Return,10.91879636340536,15.57534527737541,0.2758916617681766,-29.743837750890773,-0.6984887744865457,6.694261475783591,0.03604547457281795,0.05183279188420807
