,Annualized Return,Annualized Vol,Sharpe Ratio,Max Drawdown,Skewness,Kurtosis,Cornish-Fisher VaR (5%),Historic CVaR (5%)
Mean Return,12.696736435112488,23.32596263300616,0.24960130297814834,-46.71614598606918,-0.6832820056209121,5.273158203590565,0.05481095581374105,0.0789536037449388
