,Annualized Return,Annualized Vol,Sharpe Ratio,Max Drawdown,Skewness,Kurtosis,Cornish-Fisher VaR (5%),Historic CVaR (5%)
Mean Return,10.639250960936874,16.73851977614726,0.230210722975504,-35.225718369702335,-1.3109050108547737,10.509823255536396,0.04029481835694506,0.05411603127398747
