,Annualized Return,Annualized Vol,Skewness,Kurtosis,Cornish-Fisher VaR (5%),Historic CVaR (5%),Sharpe Ratio,Max Drawdown
Mean Return,0.03092318677246486,0.3270065871307418,-0.7568994757876363,8.320766525173074,0.08032158975925363,0.10972917223969701,-0.08426215413224884,-0.6237738542360846
