,Annualized Return,Annualized Vol,Sharpe Ratio,Max Drawdown,Skewness,Kurtosis,Cornish-Fisher VaR (5%),Historic CVaR (5%)
Mean Return,22.24120669189049,22.55006361205351,0.663935815583103,-33.57502812391719,-0.9474151960600876,6.145967854576752,0.05336089607632101,0.07743949433172541
