,Annualized Return,Annualized Vol,Sharpe Ratio,Max Drawdown,Skewness,Kurtosis,Cornish-Fisher VaR (5%),Historic CVaR (5%)
Mean Return,11.343406360724572,18.278356123474783,0.27542544544107794,-33.098915817739424,-0.7108904419005156,10.345771225646066,0.04192482741361724,0.057031788670782214
