,Annualized Return,Annualized Vol,Sharpe Ratio,Max Drawdown,Skewness,Kurtosis,Cornish-Fisher VaR (5%),Historic CVaR (5%)
Mean Return,32.44392077778087,23.612622506727117,1.035996170452618,-27.661978576265227,-0.8182767547301438,5.140005100759796,0.05413852554655041,0.07901175669621449
