,Annualized Return,Annualized Vol,Sharpe Ratio,Max Drawdown,Skewness,Kurtosis,Cornish-Fisher VaR (5%),Historic CVaR (5%)
Mean Return,14.162962286411496,15.256248897298455,0.4828774128911355,-28.38352758918255,-0.5203088627339885,4.981426405967485,0.03445957934242355,0.047682277369820995
