,Annualized Return,Annualized Vol,Sharpe Ratio,Max Drawdown,Skewness,Kurtosis,Cornish-Fisher VaR (5%),Historic CVaR (5%)
Mean Return,8.238274486042862,16.79939122318851,0.12105663811745838,-32.35448531585611,-1.059708362744717,8.306357326129989,0.041654706368353264,0.0568880946822817
