,Annualized Return,Annualized Vol,Sharpe Ratio,Max Drawdown,Skewness,Kurtosis,Cornish-Fisher VaR (5%),Historic CVaR (5%)
Mean Return,22.74258699871432,21.59370365158401,0.7053080409161958,-30.89908916207673,-0.9610466649962872,6.577111376966079,0.050301068846437653,0.07116337066136552
