,Annualized Return,Annualized Vol,Sharpe Ratio,Max Drawdown,Skewness,Kurtosis,Cornish-Fisher VaR (5%),Historic CVaR (5%)
Mean Return,12.550700034502938,16.296560741095377,0.35318012058125625,-30.107941032663444,-0.876228251197331,7.066468313371838,0.03840056352200051,0.05360926585574908
