,Annualized Return,Annualized Vol,Sharpe Ratio,Max Drawdown,Skewness,Kurtosis,Cornish-Fisher VaR (5%),Historic CVaR (5%)
Mean Return,16.325420557455427,23.682183207254617,0.39064767784020354,-45.33041646712982,-1.2656041057526974,7.951095533048624,0.0580112286136579,0.08310128100617747
