,Annualized Return,Annualized Vol,Sharpe Ratio,Max Drawdown,Skewness,Kurtosis,Cornish-Fisher VaR (5%),Historic CVaR (5%)
Mean Return,19.528181838513746,24.051082397374955,0.5098726118799425,-56.354737347296656,-1.0714831685940658,6.818997803937521,0.05763584667182222,0.0823148231774589
