,Annualized Return,Annualized Vol,Sharpe Ratio,Max Drawdown,Skewness,Kurtosis,Cornish-Fisher VaR (5%),Historic CVaR (5%)
Mean Return,10.772475304426553,15.775126955757049,0.26356343286980644,-30.396448849085544,-0.6685555471150022,6.7959127797343495,0.0363420391678242,0.0522520270999445
