,Annualized Return,Annualized Vol,Sharpe Ratio,Max Drawdown,Skewness,Kurtosis,Cornish-Fisher VaR (5%),Historic CVaR (5%)
Mean Return,24.147236062492805,23.41273463202772,0.7077603940780058,-41.91345052264299,-0.7416422920314303,5.22049880349106,0.053698948294219256,0.07841291559407695
