,Annualized Return,Annualized Vol,Sharpe Ratio,Max Drawdown,Skewness,Kurtosis,Cornish-Fisher VaR (5%),Historic CVaR (5%)
Mean Return,17.398571650050076,15.500489948978998,0.6688162544956253,-28.75556757067382,-1.1123096034622109,8.611008973137277,0.03618334840172714,0.04992141284079098
