,Annualized Return,Annualized Vol,Sharpe Ratio,Max Drawdown,Skewness,Kurtosis,Cornish-Fisher VaR (5%),Historic CVaR (5%)
Mean Return,13.606490358076684,17.60553023762896,0.38332226593492497,-28.866150238374495,-0.6517413291160344,6.028599542528478,0.040569124907740964,0.056933411722304206
