,Annualized Return,Annualized Vol,Sharpe Ratio,Max Drawdown,Skewness,Kurtosis,Cornish-Fisher VaR (5%),Historic CVaR (5%)
Mean Return,7.982020285000213,23.800427591499616,0.0653300084207017,-42.94173515072388,-0.16343578352865357,5.364565223264388,0.05262563812822918,0.0702616692400115
