,Annualized Return,Annualized Vol,Sharpe Ratio,Max Drawdown,Skewness,Kurtosis,Cornish-Fisher VaR (5%),Historic CVaR (5%)
Mean Return,12.9842044424737,17.143328718188492,0.35459204013767887,-40.63323394418093,-1.0628022190160478,9.74844295195657,0.039864037864389315,0.05353732024770191
