,Annualized Return,Annualized Vol,Sharpe Ratio,Max Drawdown,Skewness,Kurtosis,Cornish-Fisher VaR (5%),Historic CVaR (5%)
Mean Return,27.591540538035673,24.517970599901496,0.8072298474125853,-32.52270815046391,-0.621336702261354,5.202968071200759,0.0548455081730723,0.07752730899369988
