,Annualized Return,Annualized Vol,Sharpe Ratio,Max Drawdown,Skewness,Kurtosis,Cornish-Fisher VaR (5%),Historic CVaR (5%)
Mean Return,11.986703286801138,18.86375272955867,0.2770827353068887,-31.3265856739925,-0.772565545733196,6.604036327922051,0.044412370070675375,0.06237190432460402
