,Annualized Return,Annualized Vol,Sharpe Ratio,Max Drawdown,Skewness,Kurtosis,Cornish-Fisher VaR (5%),Historic CVaR (5%)
Mean Return,10.768343096529943,23.715407999085453,0.16904989322890313,-55.15257365156653,-0.9170553919387266,6.471792362357652,0.05724226216870479,0.08109052055447592
