,Annualized Return,Annualized Vol,Skewness,Kurtosis,Cornish-Fisher VaR (5%),Historic CVaR (5%),Sharpe Ratio,Max Drawdown
Mean Return,0.19485826965225916,0.22000647695216533,-0.9985641772496818,6.773955122774158,0.05199166163794295,0.07252031006788807,0.5531197974423328,-0.3411361728533883
