,Annualized Return,Annualized Vol,Sharpe Ratio,Max Drawdown,Skewness,Kurtosis,Cornish-Fisher VaR (5%),Historic CVaR (5%)
Mean Return,9.085270859600492,16.107130400318106,0.15701839822413613,-33.37766058172974,-0.39999261776511874,5.310410081232626,0.03654524363464493,0.05187862173529183
