,Annualized Return,Annualized Vol,Sharpe Ratio,Max Drawdown,Skewness,Kurtosis,Cornish-Fisher VaR (5%),Historic CVaR (5%)
Mean Return,21.357589172210734,24.268388398732966,0.5761219432676916,-47.81796171028187,-0.838786830168281,5.702075213339758,0.056715136346621765,0.08265416408465914
