,Annualized Return,Annualized Vol,Sharpe Ratio,Max Drawdown,Skewness,Kurtosis,Cornish-Fisher VaR (5%),Historic CVaR (5%)
Mean Return,13.208960631625155,15.794071715302497,0.3992465244023004,-28.338008845837653,-0.6395035106822551,5.76549104200044,0.03593610050268784,0.05178842392532093
