,Annualized Return,Annualized Vol,Sharpe Ratio,Max Drawdown,Skewness,Kurtosis,Cornish-Fisher VaR (5%),Historic CVaR (5%)
Mean Return,9.292472682992026,16.843166899979202,0.17953855054607748,-31.98539441250582,-1.0625853263924823,9.257196405350161,0.04112734068848164,0.05503923564179022
