,Annualized Return,Annualized Vol,Sharpe Ratio,Max Drawdown,Skewness,Kurtosis,Cornish-Fisher VaR (5%),Historic CVaR (5%)
Mean Return,28.86891741798754,29.233446258452766,0.7180643449308856,-40.687944465272125,-0.44886821084391515,4.211818415513514,0.06493605691513717,0.09013885338597538
