,Annualized Return,Annualized Vol,Sharpe Ratio,Max Drawdown,Skewness,Kurtosis,Cornish-Fisher VaR (5%),Historic CVaR (5%)
Mean Return,15.215922316667418,16.061931915020168,0.5166452093902683,-29.260920991157395,-1.3259258050012233,10.318535849015767,0.038325202487964276,0.051746510531331294
