,Annualized Return,Annualized Vol,Sharpe Ratio,Max Drawdown,Skewness,Kurtosis,Cornish-Fisher VaR (5%),Historic CVaR (5%)
Mean Return,18.194282507465577,28.362709585663403,0.38824586690308116,-58.0313659264073,-0.6022988872917558,4.7810187313204375,0.06567655418407829,0.09360584890377144
