,Annualized Return,Annualized Vol,Sharpe Ratio,Max Drawdown,Skewness,Kurtosis,Cornish-Fisher VaR (5%),Historic CVaR (5%)
Mean Return,11.706096022175561,22.494372497728406,0.21743402136768886,-55.07637097433654,-1.1108799289201317,7.4400200631476014,0.05493425693340567,0.07913919433162091
