,Annualized Return,Annualized Vol,Sharpe Ratio,Max Drawdown,Skewness,Kurtosis,Cornish-Fisher VaR (5%),Historic CVaR (5%)
Mean Return,12.895635205177292,15.744547721363494,0.42049632302362894,-32.34108537693564,-0.9364011776848642,7.826216531180715,0.03840054811599226,0.05391260726499301
