,Annualized Return,Annualized Vol,Sharpe Ratio,Max Drawdown,Skewness,Kurtosis,Cornish-Fisher VaR (5%),Historic CVaR (5%)
Mean Return,8.792592942378041,17.486556035941753,0.12172074114482329,-39.78527379671574,-0.8982890656257123,9.933325154960402,0.04036388654810004,0.05442405194252357
