,Annualized Return,Annualized Vol,Sharpe Ratio,Max Drawdown,Skewness,Kurtosis,Cornish-Fisher VaR (5%),Historic CVaR (5%)
Mean Return,6.637638641033883,17.694283201047412,0.028977861397023477,-33.299983165165195,-0.8351919320047071,6.648284772000906,0.043685220617201724,0.06011675500742677
