,Annualized Return,Annualized Vol,Sharpe Ratio,Max Drawdown,Skewness,Kurtosis,Cornish-Fisher VaR (5%),Historic CVaR (5%)
Mean Return,8.694580525618845,18.468378659528533,0.133417286025965,-31.66663347037084,-0.6459257827281091,5.35904803505577,0.04465561946194153,0.06212462992618201
