,Annualized Return,Annualized Vol,Sharpe Ratio,Max Drawdown,Skewness,Kurtosis,Cornish-Fisher VaR (5%),Historic CVaR (5%)
Mean Return,18.533187572014675,26.91507957975725,0.42075642401173097,-53.357590281461064,-0.8280029783493981,6.883395629008109,0.06270082998808588,0.0888351705767379
