,Annualized Return,Annualized Vol,Sharpe Ratio,Max Drawdown,Skewness,Kurtosis,Cornish-Fisher VaR (5%),Historic CVaR (5%)
Mean Return,9.68613588826177,22.224226783482543,0.13348027900187487,-45.48080489057193,-0.31040265510637155,6.570304898898905,0.04883616065567863,0.07050970306750626
