,Annualized Return,Annualized Vol,Sharpe Ratio,Max Drawdown,Skewness,Kurtosis,Cornish-Fisher VaR (5%),Historic CVaR (5%)
Mean Return,19.840086041571126,23.579187405343273,0.5317411948090724,-42.74980429092107,-0.9962872246890647,6.9191922729486315,0.0557337139559453,0.0782443859910762
