,Annualized Return,Annualized Vol,Sharpe Ratio,Max Drawdown,Skewness,Kurtosis,Cornish-Fisher VaR (5%),Historic CVaR (5%)
Mean Return,11.929432753632629,17.422318399564958,0.2946996384104136,-32.13138585756872,-0.782827708521311,12.067898276124687,0.037893007691717474,0.054693969145815764
