,Annualized Return,Annualized Vol,Sharpe Ratio,Max Drawdown,Skewness,Kurtosis,Cornish-Fisher VaR (5%),Historic CVaR (5%)
Mean Return,15.11703149515846,20.978714366329967,0.3869615324682895,-39.111626495286394,-1.3468441394005837,10.485347798081635,0.05037441192032184,0.06880821028292362
