,Annualized Return,Annualized Vol,Sharpe Ratio,Max Drawdown,Skewness,Kurtosis,Cornish-Fisher VaR (5%),Historic CVaR (5%)
Mean Return,12.935747499658135,18.65700954179651,0.3223897845446686,-31.368206635540336,-0.8470592776563955,9.27142065769411,0.042437697929344244,0.057474245496662565
