,Annualized Return,Annualized Vol,Sharpe Ratio,Max Drawdown,Skewness,Kurtosis,Cornish-Fisher VaR (5%),Historic CVaR (5%)
Mean Return,12.995727052806672,15.444881049600726,0.4347865049904846,-32.2722568147443,-1.0270326248020027,8.485090933380526,0.03781201735276176,0.05233499542670795
