,Annualized Return,Annualized Vol,Sharpe Ratio,Max Drawdown,Skewness,Kurtosis,Cornish-Fisher VaR (5%),Historic CVaR (5%)
Mean Return,13.993765024685656,16.719814964854873,0.42031095215661873,-35.665877831782545,-1.2442875338443748,9.825519230102996,0.03963188733472577,0.05406476135086664
