,Annualized Return,Annualized Vol,Sharpe Ratio,Max Drawdown,Skewness,Kurtosis,Cornish-Fisher VaR (5%),Historic CVaR (5%)
Mean Return,17.183318662555337,18.164180066950316,0.5510957762009945,-25.60110526188666,-0.995625239950833,9.910103997333106,0.04116730799954252,0.055667231059863743
