,Annualized Return,Annualized Vol,Sharpe Ratio,Max Drawdown,Skewness,Kurtosis,Cornish-Fisher VaR (5%),Historic CVaR (5%)
Mean Return,14.670529061089788,16.637507229676288,0.4596128233462741,-31.577814333875892,-1.2227303512354926,14.674359766300322,0.03694358198995526,0.04968815606455911
