,Annualized Return,Annualized Vol,Skewness,Kurtosis,Cornish-Fisher VaR (5%),Historic CVaR (5%),Sharpe Ratio,Max Drawdown
Mean Return,0.19419367464927118,0.23525667310137816,-0.9180874112412954,5.752367037055124,0.05582874429183721,0.07781813362862171,0.5145886500033678,-0.35269452265461876
