,Annualized Return,Annualized Vol,Sharpe Ratio,Max Drawdown,Skewness,Kurtosis,Cornish-Fisher VaR (5%),Historic CVaR (5%)
Mean Return,12.440861279298264,27.14624337189503,0.20619967189230978,-55.55648988264594,-0.9653550395464362,6.880864268955996,0.06556556671037929,0.09384413249162449
