,Annualized Return,Annualized Vol,Sharpe Ratio,Max Drawdown,Skewness,Kurtosis,Cornish-Fisher VaR (5%),Historic CVaR (5%)
Mean Return,12.28235102667612,17.80045322502441,0.30341585845137753,-32.50076191547068,-0.8983715651344021,9.858579560209552,0.04053441779963915,0.054366717301410544
