,Annualized Return,Annualized Vol,Sharpe Ratio,Max Drawdown,Skewness,Kurtosis,Cornish-Fisher VaR (5%),Historic CVaR (5%)
Mean Return,9.219923686843057,21.034100100374914,0.12143113875760668,-52.43853149871015,-0.936271046625718,7.257748368155933,0.05055239370853147,0.07078642388504129
