,Annualized Return,Annualized Vol,Sharpe Ratio,Max Drawdown,Skewness,Kurtosis,Cornish-Fisher VaR (5%),Historic CVaR (5%)
Mean Return,17.801382029887726,21.719086162322924,0.49060496669773046,-50.332519876133176,-0.9200574534451695,7.011593009060531,0.050803705568189556,0.07069768080836838
