,Annualized Return,Annualized Vol,Sharpe Ratio,Max Drawdown,Skewness,Kurtosis,Cornish-Fisher VaR (5%),Historic CVaR (5%)
Mean Return,30.76507642859656,24.440774341941367,0.9317788481776696,-34.9649540175792,-0.675048210946613,4.42082829550385,0.05521588464963768,0.07927539184763854
