,Annualized Return,Annualized Vol,Sharpe Ratio,Max Drawdown,Skewness,Kurtosis,Cornish-Fisher VaR (5%),Historic CVaR (5%)
Mean Return,7.216154320293611,18.49502448026777,0.05744810816504875,-31.66663347037083,-0.6819287342908935,5.516743501886766,0.0451629779273354,0.06299346059788943
