,Annualized Return,Annualized Vol,Sharpe Ratio,Max Drawdown,Skewness,Kurtosis,Cornish-Fisher VaR (5%),Historic CVaR (5%)
Mean Return,11.7248715007374,16.56266370438563,0.29646555424508875,-30.220558710905294,-1.0812620933539823,13.501757828515363,0.03701400277279471,0.05040987201535899
