,Annualized Return,Annualized Vol,Sharpe Ratio,Max Drawdown,Skewness,Kurtosis,Cornish-Fisher VaR (5%),Historic CVaR (5%)
Mean Return,22.390390229298873,31.708981632674494,0.470397953475994,-49.78865946973612,-0.21610703856304087,4.118767160469747,0.06905831732468026,0.09824191830638945
