,Annualized Return,Annualized Vol,Sharpe Ratio,Max Drawdown,Skewness,Kurtosis,Cornish-Fisher VaR (5%),Historic CVaR (5%)
Mean Return,19.36485197866564,23.561824429761817,0.5139485462098591,-56.950134415724975,-1.1021983323704085,6.900302364668826,0.05662146113355869,0.08140726604139518
