,Annualized Return,Annualized Vol,Skewness,Kurtosis,Cornish-Fisher VaR (5%),Historic CVaR (5%),Sharpe Ratio,Max Drawdown
Mean Return,0.12126210691202854,0.16643878783461027,-1.1934833213877634,14.66736239353903,0.03722885292011684,0.05049765243596403,0.31563116183497,-0.3165664266339444
