,Annualized Return,Annualized Vol,Sharpe Ratio,Max Drawdown,Skewness,Kurtosis,Cornish-Fisher VaR (5%),Historic CVaR (5%)
Mean Return,15.396633409059568,23.026456421496373,0.3638530923932107,-42.392097005298396,-1.2864877953631848,8.164598714169014,0.056514135876319746,0.08089652710680137
