,Annualized Return,Annualized Vol,Sharpe Ratio,Max Drawdown,Skewness,Kurtosis,Cornish-Fisher VaR (5%),Historic CVaR (5%)
Mean Return,22.488413413685528,22.579805626622065,0.6662655992367678,-33.5690543380807,-0.5488774278284132,6.494870304565944,0.0495346824638254,0.0698989995354861
