,Annualized Return,Annualized Vol,Sharpe Ratio,Max Drawdown,Skewness,Kurtosis,Cornish-Fisher VaR (5%),Historic CVaR (5%)
Mean Return,13.26814135383463,15.945846620382756,0.40475792381395825,-28.874393938045902,-1.3772394427139996,10.586414453252281,0.038510646965127994,0.05337621778101765
