,Annualized Return,Annualized Vol,Sharpe Ratio,Max Drawdown,Skewness,Kurtosis,Cornish-Fisher VaR (5%),Historic CVaR (5%)
Mean Return,13.327366450808098,15.812389429514056,0.444508295812783,-31.800371772531317,-0.9512553767578372,7.658163740072468,0.03865824866867361,0.05445828433146994
