,Annualized Return,Annualized Vol,Sharpe Ratio,Max Drawdown,Skewness,Kurtosis,Cornish-Fisher VaR (5%),Historic CVaR (5%)
Mean Return,14.528612911138072,15.814728785522918,0.47856608214486984,-30.253971506893336,-1.370108768717076,12.953097362871073,0.03653861345071749,0.050305216775048484
