,Annualized Return,Annualized Vol,Sharpe Ratio,Max Drawdown,Skewness,Kurtosis,Cornish-Fisher VaR (5%),Historic CVaR (5%)
Mean Return,25.433625343667465,23.889501078838027,0.7499868086022543,-40.696409184933955,-0.8761819156685767,5.054095104522192,0.05642873786420186,0.08218870275329113
