,Annualized Return,Annualized Vol,Sharpe Ratio,Max Drawdown,Skewness,Kurtosis,Cornish-Fisher VaR (5%),Historic CVaR (5%)
Mean Return,9.503775201791797,17.816442149420574,0.15838548083146098,-32.15487482518877,-0.9836059520481588,8.361744805417295,0.04231041568658184,0.05729561867316241
