,Annualized Return,Annualized Vol,Sharpe Ratio,Max Drawdown,Skewness,Kurtosis,Cornish-Fisher VaR (5%),Historic CVaR (5%)
Mean Return,16.838185600606657,19.712869382268934,0.49383160959054934,-35.91966150447012,-0.818890603768914,8.797806661232787,0.04434013623488576,0.060322967317002874
