,Annualized Return,Annualized Vol,Sharpe Ratio,Max Drawdown,Skewness,Kurtosis,Cornish-Fisher VaR (5%),Historic CVaR (5%)
Mean Return,11.691840267464215,18.18826186821228,0.2950219483664931,-30.59542999361284,-0.8075621448705871,11.274286492569516,0.041792925604122344,0.057107076497843426
