,Annualized Return,Annualized Vol,Sharpe Ratio,Max Drawdown,Skewness,Kurtosis,Cornish-Fisher VaR (5%),Historic CVaR (5%)
Mean Return,11.371528909522377,17.334874581965202,0.26316650219260307,-40.84413756546414,-1.1992615120671548,10.588681181710031,0.04099028165659209,0.055788495913712474
