,Annualized Return,Annualized Vol,Sharpe Ratio,Max Drawdown,Skewness,Kurtosis,Cornish-Fisher VaR (5%),Historic CVaR (5%)
Mean Return,8.68320641989091,18.932062746015585,0.1075632687917237,-43.54769789974951,-0.5586905435863025,6.163761531774657,0.04352815538774667,0.059520626910895935
