,Annualized Return,Annualized Vol,Sharpe Ratio,Max Drawdown,Skewness,Kurtosis,Cornish-Fisher VaR (5%),Historic CVaR (5%)
Mean Return,25.514434528464292,23.335690777216847,0.7710534019745671,-39.60856183148599,-0.8987842663688165,5.084712459811847,0.05518293853811116,0.08046701720640553
