,Annualized Return,Annualized Vol,Sharpe Ratio,Max Drawdown,Skewness,Kurtosis,Cornish-Fisher VaR (5%),Historic CVaR (5%)
Mean Return,13.44109107232665,17.81304905771353,0.3701183885661272,-29.618864667468873,-0.678401282420851,6.163459073527054,0.04120548588227784,0.05724248695617107
