,Annualized Return,Annualized Vol,Sharpe Ratio,Max Drawdown,Skewness,Kurtosis,Cornish-Fisher VaR (5%),Historic CVaR (5%)
Mean Return,21.060787326566665,25.383104273077866,0.539144277805996,-44.628238952661796,-0.7123159971051136,6.022285919061237,0.05815034093143144,0.08739805455943571
