,Annualized Return,Annualized Vol,Sharpe Ratio,Max Drawdown,Skewness,Kurtosis,Cornish-Fisher VaR (5%),Historic CVaR (5%)
Mean Return,18.606564091866073,24.146926865668174,0.4719568709931827,-58.09180050707504,-1.0853663031295366,6.809208241735075,0.058146180281574526,0.08335485478686402
