,Annualized Return,Annualized Vol,Sharpe Ratio,Max Drawdown,Skewness,Kurtosis,Cornish-Fisher VaR (5%),Historic CVaR (5%)
Mean Return,12.907827229375602,19.14755897424147,0.318104627988094,-31.3265856739925,-0.6714680385897933,6.3143076130514615,0.04441286874642325,0.06139137079415763
