,Annualized Return,Annualized Vol,Sharpe Ratio,Max Drawdown,Skewness,Kurtosis,Cornish-Fisher VaR (5%),Historic CVaR (5%)
Mean Return,10.871532939909123,17.228500685243596,0.26649809176951955,-30.75779083932588,-1.0863942971703833,12.61623087768615,0.04068523209873728,0.053944318527479274
