,Annualized Return,Annualized Vol,Sharpe Ratio,Max Drawdown,Skewness,Kurtosis,Cornish-Fisher VaR (5%),Historic CVaR (5%)
Mean Return,22.12685556608904,32.48994348788518,0.4525513837637114,-51.706469237843336,-0.47917814920036705,4.5801863551680375,0.07362532422588519,0.10651553306618275
