,Annualized Return,Annualized Vol,Sharpe Ratio,Max Drawdown,Skewness,Kurtosis,Cornish-Fisher VaR (5%),Historic CVaR (5%)
Mean Return,6.36648960592896,17.713394715004068,0.015243276691601575,-30.009593292703553,-0.6518499719055426,5.365907478748679,0.04326369916203074,0.059274228772346095
