,Annualized Return,Annualized Vol,Sharpe Ratio,Max Drawdown,Skewness,Kurtosis,Cornish-Fisher VaR (5%),Historic CVaR (5%)
Mean Return,16.826795950497342,16.932696051837002,0.5746887000674568,-36.9193582389986,-1.2203829807993039,11.155510989929693,0.03892442895854446,0.05401407320738735
