,Annualized Return,Annualized Vol,Sharpe Ratio,Max Drawdown,Skewness,Kurtosis,Cornish-Fisher VaR (5%),Historic CVaR (5%)
Mean Return,22.580342151581267,22.095239985979777,0.6864669096958521,-40.02317440496698,-0.7090811696098485,5.093201218072426,0.050498927935128474,0.07348042912733321
