,Annualized Return,Annualized Vol,Sharpe Ratio,Max Drawdown,Skewness,Kurtosis,Cornish-Fisher VaR (5%),Historic CVaR (5%)
Mean Return,11.559097585959655,18.188649312347636,0.2613737128455685,-32.360959890174215,-1.045226821985454,10.671292494205204,0.042069240998659975,0.05965090831028757
