,Annualized Return,Annualized Vol,Sharpe Ratio,Max Drawdown,Skewness,Kurtosis,Cornish-Fisher VaR (5%),Historic CVaR (5%)
Mean Return,18.220167387206978,22.623069039436935,0.48690584811173865,-36.11236390774691,-0.9727984320268175,6.505490991601064,0.053703219197321406,0.07526358622079311
