,Annualized Return,Annualized Vol,Sharpe Ratio,Max Drawdown,Skewness,Kurtosis,Cornish-Fisher VaR (5%),Historic CVaR (5%)
Mean Return,13.288897573669045,18.895113478523413,0.3376645905921236,-36.37592382048901,-0.1145953620242519,4.290372729941793,0.040476120157736835,0.055953809341372826
