,Annualized Return,Annualized Vol,Sharpe Ratio,Max Drawdown,Skewness,Kurtosis,Cornish-Fisher VaR (5%),Historic CVaR (5%)
Mean Return,23.63417504456158,26.107782620759135,0.6154445190101263,-36.22453930922751,-0.8054931448205045,5.297836872151413,0.06090651375329905,0.08592869584974275
