,Annualized Return,Annualized Vol,Sharpe Ratio,Max Drawdown,Skewness,Kurtosis,Cornish-Fisher VaR (5%),Historic CVaR (5%)
Mean Return,20.962010707904465,22.7177804280491,0.5967239490356298,-35.888689013448946,-0.9436736898845729,6.440953206123885,0.0533298095377947,0.0761863719857749
