,Annualized Return,Annualized Vol,Sharpe Ratio,Max Drawdown,Skewness,Kurtosis,Cornish-Fisher VaR (5%),Historic CVaR (5%)
Mean Return,13.734063820427679,17.47287612314488,0.3872558377899894,-34.34268389722484,-0.9451102498939483,10.377151300763455,0.039537062098395644,0.0531559436553536
