,Annualized Return,Annualized Vol,Sharpe Ratio,Max Drawdown,Skewness,Kurtosis,Cornish-Fisher VaR (5%),Historic CVaR (5%)
Mean Return,13.95716475218114,22.324838383042238,0.31471925993649885,-51.435486918842955,-0.7132571121175962,9.461607971805012,0.0497855821107172,0.0700986618973093
