,Annualized Return,Annualized Vol,Sharpe Ratio,Max Drawdown,Skewness,Kurtosis,Cornish-Fisher VaR (5%),Historic CVaR (5%)
Mean Return,17.159504050164266,24.206794576457124,0.41458101173686007,-49.12300541247071,-0.39121831215879144,7.344245235482074,0.05221129113968034,0.07411511181384364
