,Annualized Return,Annualized Vol,Skewness,Kurtosis,Cornish-Fisher VaR (5%),Historic CVaR (5%),Sharpe Ratio,Max Drawdown
Mean Return,0.20826495420502855,0.28139001591017815,-0.612905180375027,5.475486398176196,0.06603381840625998,0.0999107921449886,0.4942788870454046,-0.47277978498768025
