,Annualized Return,Annualized Vol,Skewness,Kurtosis,Cornish-Fisher VaR (5%),Historic CVaR (5%),Sharpe Ratio,Max Drawdown
Mean Return,0.06637638641033883,0.17694283201047412,-0.8351919320047071,6.648284772000906,0.043685220617201724,0.06011675500742677,0.028977861397023477,-0.3329998316516519
