,Annualized Return,Annualized Vol,Sharpe Ratio,Max Drawdown,Skewness,Kurtosis,Cornish-Fisher VaR (5%),Historic CVaR (5%)
Mean Return,9.56471466478912,17.958806252772167,0.15954325571045147,-43.8553083988531,-0.8706404527261419,8.069943297671056,0.04210903773287677,0.057775609179267266
