,Annualized Return,Annualized Vol,Sharpe Ratio,Max Drawdown,Skewness,Kurtosis,Cornish-Fisher VaR (5%),Historic CVaR (5%)
Mean Return,12.840485695993742,16.982884666800317,0.34974215389555624,-31.50372420374934,-1.9762172250358947,18.977149153973507,0.03998008061233483,0.05376954607782225
