,Annualized Return,Annualized Vol,Sharpe Ratio,Max Drawdown,Skewness,Kurtosis,Cornish-Fisher VaR (5%),Historic CVaR (5%)
Mean Return,25.377287963804495,24.54787262948089,0.7277025725084649,-42.00440662234287,-0.8435134186044778,4.971265297807656,0.05787371187017093,0.08418993939385674
