,Annualized Return,Annualized Vol,Sharpe Ratio,Max Drawdown,Skewness,Kurtosis,Cornish-Fisher VaR (5%),Historic CVaR (5%)
Mean Return,12.646169960565201,17.871723875164083,0.3215031264143235,-31.991376047385312,-0.7939967357116114,9.197368057066033,0.040324561773033854,0.053856884703425804
