,Annualized Return,Annualized Vol,Sharpe Ratio,Max Drawdown,Skewness,Kurtosis,Cornish-Fisher VaR (5%),Historic CVaR (5%)
Mean Return,14.919880124181617,16.17441466182146,0.49132954683467106,-31.210643485424217,-1.129572061360482,12.408390301986756,0.03630587219183006,0.05294289767017773
