,Annualized Return,Annualized Vol,Sharpe Ratio,Max Drawdown,Skewness,Kurtosis,Cornish-Fisher VaR (5%),Historic CVaR (5%)
Mean Return,15.983565578286463,16.28672998420658,0.5480601857841566,-32.28364864919871,-1.0201734883886122,9.489373762936747,0.03714650302060888,0.05231899844206849
