,Annualized Return,Annualized Vol,Sharpe Ratio,Max Drawdown,Skewness,Kurtosis,Cornish-Fisher VaR (5%),Historic CVaR (5%)
Mean Return,12.7723541650149,18.576373055119227,0.31962610035917305,-34.19634751717067,-0.9722189031280705,10.24504767374194,0.04255327116812772,0.06363577782994773
