,Annualized Return,Annualized Vol,Sharpe Ratio,Max Drawdown,Skewness,Kurtosis,Cornish-Fisher VaR (5%),Historic CVaR (5%)
Mean Return,13.033997923079955,16.647947048425287,0.3677103669067245,-30.2531788590324,-1.7886688027249171,17.870815075285684,0.03871097647176407,0.05231359908548915
