,Annualized Return,Annualized Vol,Sharpe Ratio,Max Drawdown,Skewness,Kurtosis,Cornish-Fisher VaR (5%),Historic CVaR (5%)
Mean Return,11.664799994688767,16.6882224140312,0.2888070437941655,-28.819848748751582,-1.066215943245102,12.242427731323895,0.03783267983265575,0.051307091757458366
