,Annualized Return,Annualized Vol,Sharpe Ratio,Max Drawdown,Skewness,Kurtosis,Cornish-Fisher VaR (5%),Historic CVaR (5%)
Mean Return,12.380811232934107,18.742034587521065,0.29400922167792226,-39.406145608964195,-1.2530963201555838,10.218657552040991,0.04481213914401719,0.06164472754468585
