,Annualized Return,Annualized Vol,Sharpe Ratio,Max Drawdown,Skewness,Kurtosis,Cornish-Fisher VaR (5%),Historic CVaR (5%)
Mean Return,18.812511570072445,17.792342662295614,0.651125132295691,-33.57398203015519,-0.8808763938200883,9.941970219317396,0.03927737712079665,0.05411389809487845
