,Annualized Return,Annualized Vol,Sharpe Ratio,Max Drawdown,Skewness,Kurtosis,Cornish-Fisher VaR (5%),Historic CVaR (5%)
Mean Return,34.08353814988034,24.113849973430305,1.0783421194515186,-26.995697388776364,-0.7123357653699547,4.829712652127079,0.05387928202959821,0.07881417349570254
