,Annualized Return,Annualized Vol,Sharpe Ratio,Max Drawdown,Skewness,Kurtosis,Cornish-Fisher VaR (5%),Historic CVaR (5%)
Mean Return,12.726524362169656,16.90772646947522,0.34471948948915127,-36.416981247722624,-1.1445361346336251,8.791017730432197,0.04026261595117446,0.056049008137182096
