,Annualized Return,Annualized Vol,Sharpe Ratio,Max Drawdown,Skewness,Kurtosis,Cornish-Fisher VaR (5%),Historic CVaR (5%)
Mean Return,12.227746321409526,17.474412145259237,0.30614425355575603,-34.34268389722484,-0.979315292864483,10.584396519545743,0.039899130403692765,0.0531559436553536
