,Annualized Return,Annualized Vol,Sharpe Ratio,Max Drawdown,Skewness,Kurtosis,Cornish-Fisher VaR (5%),Historic CVaR (5%)
Mean Return,13.230725631341954,17.355638445724665,0.3654849314497449,-33.051745073032784,-1.1530191929373914,11.459704305687708,0.040017878011257384,0.05704145853274939
