,Annualized Return,Annualized Vol,Sharpe Ratio,Max Drawdown,Skewness,Kurtosis,Cornish-Fisher VaR (5%),Historic CVaR (5%)
Mean Return,16.748836943161404,24.40834970865548,0.3945941323721397,-46.800657577481054,-0.9226701813221996,6.6051010548103735,0.057895442638204855,0.08137379059045236
