,Annualized Return,Annualized Vol,Sharpe Ratio,Max Drawdown,Skewness,Kurtosis,Cornish-Fisher VaR (5%),Historic CVaR (5%)
Mean Return,12.651794277752382,22.634301334639442,0.2553711781338962,-42.11528355116542,-0.7133533631299772,5.359135650182318,0.05332914428518982,0.07671400837672568
