,Annualized Return,Annualized Vol,Sharpe Ratio,Max Drawdown,Skewness,Kurtosis,Cornish-Fisher VaR (5%),Historic CVaR (5%)
Mean Return,15.343587528944713,20.711165057574473,0.4043973827055448,-32.35077803109513,-0.5489465048785237,6.877631288069801,0.04653715342836821,0.06836281580952618
