,Annualized Return,Annualized Vol,Sharpe Ratio,Max Drawdown,Skewness,Kurtosis,Cornish-Fisher VaR (5%),Historic CVaR (5%)
Mean Return,11.25638084948568,18.479612918058734,0.24104596633756137,-40.969278630082044,-0.5846555171368072,6.438871947813977,0.04203803209416237,0.05703466058289295
