,Annualized Return,Annualized Vol,Sharpe Ratio,Max Drawdown,Skewness,Kurtosis,Cornish-Fisher VaR (5%),Historic CVaR (5%)
Mean Return,19.566694315787704,25.133219394749545,0.48861443099537955,-38.61394526258415,-0.9144895709496705,5.491524160276339,0.05994889240259806,0.08388147074771304
