,Annualized Return,Annualized Vol,Sharpe Ratio,Max Drawdown,Skewness,Kurtosis,Cornish-Fisher VaR (5%),Historic CVaR (5%)
Mean Return,26.00091054635254,33.910132717890725,0.5539702115955406,-52.926163365627154,-0.7845664913025672,7.624965191447758,0.07934143835146834,0.11258922622742326
