,Annualized Return,Annualized Vol,Sharpe Ratio,Max Drawdown,Skewness,Kurtosis,Cornish-Fisher VaR (5%),Historic CVaR (5%)
Mean Return,23.8763425738572,23.084157452938346,0.7068288651831359,-47.45283275363457,-0.7803670761480009,5.64117404181693,0.05298278147391574,0.07366307455068748
