,Annualized Return,Annualized Vol,Sharpe Ratio,Max Drawdown,Skewness,Kurtosis,Cornish-Fisher VaR (5%),Historic CVaR (5%)
Mean Return,19.96533427660445,23.291804922984785,0.5417901561912443,-36.064327697519985,-0.921053823069454,6.298142528209826,0.05482627661682522,0.07839780139986909
