,Annualized Return,Annualized Vol,Sharpe Ratio,Max Drawdown,Skewness,Kurtosis,Cornish-Fisher VaR (5%),Historic CVaR (5%)
Mean Return,9.914690731153918,17.755538092871838,0.180686677019729,-31.444737878065354,-0.9523144168805279,10.278335408530983,0.040942876014066855,0.05814273303581801
