,Annualized Return,Annualized Vol,Sharpe Ratio,Max Drawdown,Skewness,Kurtosis,Cornish-Fisher VaR (5%),Historic CVaR (5%)
Mean Return,14.75980972209685,17.175554481419947,0.45487419489426306,-30.542589051681485,-0.9243368979935591,9.818229432610964,0.03876783404072124,0.05405503936853646
