,Annualized Return,Annualized Vol,Sharpe Ratio,Max Drawdown,Skewness,Kurtosis,Cornish-Fisher VaR (5%),Historic CVaR (5%)
Mean Return,22.908327097860127,22.822485283296363,0.6807317431190245,-41.96526411637721,-0.9531929897528661,6.046983787792514,0.05408140279795279,0.07807060981037375
