,Annualized Return,Annualized Vol,Sharpe Ratio,Max Drawdown,Skewness,Kurtosis,Cornish-Fisher VaR (5%),Historic CVaR (5%)
Mean Return,12.313518238894838,17.05141383490314,0.32143032107811115,-31.96026771719752,-1.1381297123099592,11.0200317364537,0.03956150883370691,0.0548859182036016
