,Annualized Return,Annualized Vol,Sharpe Ratio,Max Drawdown,Skewness,Kurtosis,Cornish-Fisher VaR (5%),Historic CVaR (5%)
Mean Return,16.05822775048551,17.814666777812075,0.5059757369868066,-33.38028987598116,-1.1363535083624303,9.684601623541253,0.04144424878673149,0.059855974917124945
