,Annualized Return,Annualized Vol,Sharpe Ratio,Max Drawdown,Skewness,Kurtosis,Cornish-Fisher VaR (5%),Historic CVaR (5%)
Mean Return,21.47600227356259,26.261181614594513,0.5364153036006699,-61.36427511227202,-0.7139963654104239,5.197307212427397,0.06084923758353599,0.08549714145957277
