,Annualized Return,Annualized Vol,Sharpe Ratio,Max Drawdown,Skewness,Kurtosis,Cornish-Fisher VaR (5%),Historic CVaR (5%)
Mean Return,13.885833716420937,16.440883960428003,0.42056873075835594,-29.39424247840415,-0.9156199067759222,11.312060751274384,0.03645595658649505,0.0497045398619913
