,Annualized Return,Annualized Vol,Sharpe Ratio,Max Drawdown,Skewness,Kurtosis,Cornish-Fisher VaR (5%),Historic CVaR (5%)
Mean Return,13.205172400987397,16.59113919426557,0.377755854828489,-35.22571836970232,-1.2948512917354909,10.326120660972718,0.03948753747893707,0.05301061394768625
