,Annualized Return,Annualized Vol,Sharpe Ratio,Max Drawdown,Skewness,Kurtosis,Cornish-Fisher VaR (5%),Historic CVaR (5%)
Mean Return,18.832339581125666,22.64824057982499,0.5117783889040611,-31.30145954236371,-0.8656201816806935,5.627167179384569,0.053379236583444185,0.0768989592936612
