,Annualized Return,Annualized Vol,Skewness,Kurtosis,Cornish-Fisher VaR (5%),Historic CVaR (5%),Sharpe Ratio,Max Drawdown
Mean Return,0.13408744521235882,0.2700375749531181,-0.6698766282727434,5.400355036387286,0.06396983461086696,0.0926195824995166,0.24379298992608373,-0.5184860854158739
