,Annualized Return,Annualized Vol,Sharpe Ratio,Max Drawdown,Skewness,Kurtosis,Cornish-Fisher VaR (5%),Historic CVaR (5%)
Mean Return,12.965210961902706,18.955864682266192,0.3189203895709123,-31.368206635540346,-0.7401617124145532,8.309567892469484,0.042944369674677255,0.0578067778077053
