,Annualized Return,Annualized Vol,Sharpe Ratio,Max Drawdown,Skewness,Kurtosis,Cornish-Fisher VaR (5%),Historic CVaR (5%)
Mean Return,15.61495403245483,17.198326105842128,0.498154335983005,-29.658520436966228,-1.176510766265831,9.571256837857282,0.04028262981696571,0.054908215291331705
