,Annualized Return,Annualized Vol,Sharpe Ratio,Max Drawdown,Skewness,Kurtosis,Cornish-Fisher VaR (5%),Historic CVaR (5%)
Mean Return,11.74860641818074,18.116971304119605,0.27319194131701896,-36.10882581292593,-0.9527973885276039,12.186970093322834,0.04052260063752735,0.05636524012601226
