,Annualized Return,Annualized Vol,Sharpe Ratio,Max Drawdown,Skewness,Kurtosis,Cornish-Fisher VaR (5%),Historic CVaR (5%)
Mean Return,8.897057191010571,16.63128162685282,0.14081841281982319,-32.141687209585236,-0.2660655075245499,4.622188509154086,0.037292462007995915,0.053140793465882026
