,Annualized Return,Annualized Vol,Sharpe Ratio,Max Drawdown,Skewness,Kurtosis,Cornish-Fisher VaR (5%),Historic CVaR (5%)
Mean Return,17.752080743724452,16.51649949288129,0.6411152441375256,-32.463458398337806,-1.0199903211378378,11.894601866805012,0.036302792680343796,0.05115997718046527
