,Annualized Return,Annualized Vol,Sharpe Ratio,Max Drawdown,Skewness,Kurtosis,Cornish-Fisher VaR (5%),Historic CVaR (5%)
Mean Return,17.07221834543833,16.74081676887221,0.5943351482257471,-33.72842938460762,-0.9584694025447007,11.481201142803293,0.03678797909323732,0.05253855032425887
