,Annualized Return,Annualized Vol,Sharpe Ratio,Max Drawdown,Skewness,Kurtosis,Cornish-Fisher VaR (5%),Historic CVaR (5%)
Mean Return,16.79612302915494,17.575863908329666,0.548844699180691,-25.967236902995683,-0.967119909597807,9.940498282834188,0.039622828669821614,0.05347840868134921
