,Annualized Return,Annualized Vol,Sharpe Ratio,Max Drawdown,Skewness,Kurtosis,Cornish-Fisher VaR (5%),Historic CVaR (5%)
Mean Return,13.112176750945448,17.543308012726115,0.3542259878499739,-37.250899675812526,-1.3084422646021774,11.147526611924492,0.04154977762270811,0.05706229972459123
