,Annualized Return,Annualized Vol,Sharpe Ratio,Max Drawdown,Skewness,Kurtosis,Cornish-Fisher VaR (5%),Historic CVaR (5%)
Mean Return,18.47481104057065,16.94811200215621,0.6648807574696001,-33.07514413791154,-0.9288030255838426,10.832604835121204,0.03718180905524713,0.052454359550117055
