,Annualized Return,Annualized Vol,Sharpe Ratio,Max Drawdown,Skewness,Kurtosis,Cornish-Fisher VaR (5%),Historic CVaR (5%)
Mean Return,14.172852386003477,23.14535252223182,0.3115095609322762,-43.37459021468208,-0.7516495347523754,5.742299430325544,0.0543825272376412,0.0782918252940975
