,Annualized Return,Annualized Vol,Sharpe Ratio,Max Drawdown,Skewness,Kurtosis,Cornish-Fisher VaR (5%),Historic CVaR (5%)
Mean Return,18.18311847117684,17.91330936770346,0.6166169966626661,-28.96189265495559,-0.6697525884068162,5.86693473910079,0.04033429448830587,0.05754697273332687
