,Annualized Return,Annualized Vol,Sharpe Ratio,Max Drawdown,Skewness,Kurtosis,Cornish-Fisher VaR (5%),Historic CVaR (5%)
Mean Return,8.43300364033912,28.565631165839182,0.06404770682360306,-62.479708085810834,-1.0819754609640553,7.397452443509027,0.07048427835034031,0.10177114577068622
