,Annualized Return,Annualized Vol,Sharpe Ratio,Max Drawdown,Skewness,Kurtosis,Cornish-Fisher VaR (5%),Historic CVaR (5%)
Mean Return,11.314231859954994,21.783186500768654,0.20929913105692052,-50.97231286011349,-1.0039900744603225,7.402198801021748,0.05243726819955029,0.07186950332031546
