,Annualized Return,Annualized Vol,Sharpe Ratio,Max Drawdown,Skewness,Kurtosis,Cornish-Fisher VaR (5%),Historic CVaR (5%)
Mean Return,5.110673735967586,20.404422253058456,-0.05986772874159294,-33.90114502271976,-0.2598467751207321,4.746765073447832,0.04662476731114032,0.06484759971671304
