,Annualized Return,Annualized Vol,Sharpe Ratio,Max Drawdown,Skewness,Kurtosis,Cornish-Fisher VaR (5%),Historic CVaR (5%)
Mean Return,7.724172728632284,16.97397996143099,0.09104758302285279,-33.91769620044825,-1.075433109963836,9.020782485869958,0.041941820058257945,0.05620013891998293
