,Annualized Return,Annualized Vol,Sharpe Ratio,Max Drawdown,Skewness,Kurtosis,Cornish-Fisher VaR (5%),Historic CVaR (5%)
Mean Return,29.274286672864026,21.81259909476314,0.9823343670679358,-34.35773684108909,-0.5742115679247691,7.147090741345601,0.04648909847444511,0.06354907155744499
