,Annualized Return,Annualized Vol,Sharpe Ratio,Max Drawdown,Skewness,Kurtosis,Cornish-Fisher VaR (5%),Historic CVaR (5%)
Mean Return,17.988975590863767,23.681032940472132,0.4567708846827263,-47.48436498996462,-1.1172805328324174,8.68408783024733,0.056079939950047675,0.08095959532031897
