,Annualized Return,Annualized Vol,Sharpe Ratio,Max Drawdown,Skewness,Kurtosis,Cornish-Fisher VaR (5%),Historic CVaR (5%)
Mean Return,14.948695795595146,16.88887749395442,0.47348330901804686,-28.842570542816482,-0.6815599098413782,5.905613694976357,0.038459744861637835,0.05452878935859285
