,Annualized Return,Annualized Vol,Sharpe Ratio,Max Drawdown,Skewness,Kurtosis,Cornish-Fisher VaR (5%),Historic CVaR (5%)
Mean Return,9.096362131202774,18.157939440568676,0.16038289883947346,-33.09715790476037,-0.6137709004284054,8.21742311487977,0.04254398208560607,0.059275346184267524
