,Annualized Return,Annualized Vol,Sharpe Ratio,Max Drawdown,Skewness,Kurtosis,Cornish-Fisher VaR (5%),Historic CVaR (5%)
Mean Return,18.945607114790274,15.701836235988823,0.7526930954089889,-28.755481392651866,-1.239898125132232,10.113782410304001,0.03642889626524223,0.04960792395912175
