,Annualized Return,Annualized Vol,Sharpe Ratio,Max Drawdown,Skewness,Kurtosis,Cornish-Fisher VaR (5%),Historic CVaR (5%)
Mean Return,11.873472036676592,17.536487157953683,0.2871477504397267,-34.87376846356828,-1.031575579414185,9.79119972378212,0.04081100372358517,0.05599899675212342
