,Annualized Return,Annualized Vol,Sharpe Ratio,Max Drawdown,Skewness,Kurtosis,Cornish-Fisher VaR (5%),Historic CVaR (5%)
Mean Return,13.019447296272201,27.570445341101497,0.2221230211655577,-59.40626572682738,-0.9467406172644789,6.516727852933521,0.06662549217288893,0.09744978030004217
