,Annualized Return,Annualized Vol,Skewness,Kurtosis,Cornish-Fisher VaR (5%),Historic CVaR (5%),Sharpe Ratio,Max Drawdown
Mean Return,0.18187855145659504,0.24228113812952684,-0.7555886384903773,6.0041235242190405,0.05777334642895331,0.08570997885957614,0.4711841106935878,-0.42160620390198533
