,Annualized Return,Annualized Vol,Sharpe Ratio,Max Drawdown,Skewness,Kurtosis,Cornish-Fisher VaR (5%),Historic CVaR (5%)
Mean Return,11.242041466177,16.667307623246383,0.2968189745562502,-28.600085049906127,-1.2398565793362806,13.899735304905558,0.03949390386808353,0.05085397292959023
