,Annualized Return,Annualized Vol,Sharpe Ratio,Max Drawdown,Skewness,Kurtosis,Cornish-Fisher VaR (5%),Historic CVaR (5%)
Mean Return,16.235231424081164,20.50447080146863,0.44486861434316977,-34.69329244590506,-0.6222826698367516,6.4833758450902,0.046251037456492054,0.06256785004121858
