,Annualized Return,Annualized Vol,Sharpe Ratio,Max Drawdown,Skewness,Kurtosis,Cornish-Fisher VaR (5%),Historic CVaR (5%)
Mean Return,22.119489321079477,22.270512519782574,0.6674021954267307,-29.829100915986473,-0.8570107022814113,5.4322542204222835,0.052421666760947616,0.07592309872193068
