,Annualized Return,Annualized Vol,Sharpe Ratio,Max Drawdown,Skewness,Kurtosis,Cornish-Fisher VaR (5%),Historic CVaR (5%)
Mean Return,13.395162462744326,17.06060160109605,0.3789281122347022,-36.05997942085027,-1.242352340769296,9.806402311836464,0.04058462884517483,0.05545204492667706
