,Annualized Return,Annualized Vol,Sharpe Ratio,Max Drawdown,Skewness,Kurtosis,Cornish-Fisher VaR (5%),Historic CVaR (5%)
Mean Return,15.903201007640245,18.73426060417805,0.4706977454891238,-32.588655504557146,-1.3480890869659863,12.932983214158437,0.04334781151429764,0.05944323406282871
