,Annualized Return,Annualized Vol,Sharpe Ratio,Max Drawdown,Skewness,Kurtosis,Cornish-Fisher VaR (5%),Historic CVaR (5%)
Mean Return,7.441105158072547,20.587295356816956,0.061513298149248594,-35.347523690100964,-0.5737358953767002,4.5706326820014365,0.050082632305418484,0.07221033325692627
