,Annualized Return,Annualized Vol,Sharpe Ratio,Max Drawdown,Skewness,Kurtosis,Cornish-Fisher VaR (5%),Historic CVaR (5%)
Mean Return,8.087435455108949,18.077540548268473,0.08243893785792925,-35.143909197304694,-0.8011568486726792,12.087784145041098,0.04017099130002893,0.057423206459993714
