,Annualized Return,Annualized Vol,Sharpe Ratio,Max Drawdown,Skewness,Kurtosis,Cornish-Fisher VaR (5%),Historic CVaR (5%)
Mean Return,13.367936686932346,17.564179833270146,0.36860003985057527,-32.34532538371323,-1.22616880058065,11.462518567729298,0.040917972015576676,0.05837273787700362
