,Annualized Return,Annualized Vol,Sharpe Ratio,Max Drawdown,Skewness,Kurtosis,Cornish-Fisher VaR (5%),Historic CVaR (5%)
Mean Return,9.67296102946278,20.442528204967374,0.14578622999982663,-41.041772084683345,-0.9623976183869402,13.35205266008979,0.04571617745197841,0.06675048199268457
