,Annualized Return,Annualized Vol,Skewness,Kurtosis,Cornish-Fisher VaR (5%),Historic CVaR (5%),Sharpe Ratio,Max Drawdown
Mean Return,0.16989406381954342,0.25638069430780985,-0.8211835634035493,5.821024670677279,0.06112234816487379,0.0865146857044601,0.38866335799572466,-0.5311971613682206
