,Annualized Return,Annualized Vol,Sharpe Ratio,Max Drawdown,Skewness,Kurtosis,Cornish-Fisher VaR (5%),Historic CVaR (5%)
Mean Return,13.53604270285329,23.250472275176687,0.28434777183565624,-44.400633235452084,-0.8984249605776752,9.28300251725105,0.053656114228160606,0.07336779837795483
