,Annualized Return,Annualized Vol,Sharpe Ratio,Max Drawdown,Skewness,Kurtosis,Cornish-Fisher VaR (5%),Historic CVaR (5%)
Mean Return,21.09914565707074,22.83472768723498,0.6001890654642554,-49.42485980230718,-0.717348208857895,5.44071592176791,0.05242392838358967,0.07277965980205826
