,Annualized Return,Annualized Vol,Sharpe Ratio,Max Drawdown,Skewness,Kurtosis,Cornish-Fisher VaR (5%),Historic CVaR (5%)
Mean Return,13.642607470855728,17.30580724669412,0.3889185689037094,-32.249488782712916,-0.9342530982079138,10.20041936823379,0.03915212819906597,0.05345543253137549
