,Annualized Return,Annualized Vol,Sharpe Ratio,Max Drawdown,Skewness,Kurtosis,Cornish-Fisher VaR (5%),Historic CVaR (5%)
Mean Return,11.287422513077395,17.220320826034968,0.25913734838079644,-36.745674278555946,-1.3537610412120333,10.9118265316391,0.0414358001053066,0.055735036026703884
