,Annualized Return,Annualized Vol,Sharpe Ratio,Max Drawdown,Skewness,Kurtosis,Cornish-Fisher VaR (5%),Historic CVaR (5%)
Mean Return,13.928603391997484,33.6743316881941,0.2061409410525744,-50.71263503025665,-0.259937589386568,4.203095001060881,0.0753722187244169,0.10406060148803035
