,Annualized Return,Annualized Vol,Sharpe Ratio,Max Drawdown,Skewness,Kurtosis,Cornish-Fisher VaR (5%),Historic CVaR (5%)
Mean Return,17.21950023725769,20.338616360289816,0.49367129432351997,-34.29100970656921,-0.6546649121346738,7.339523001845011,0.04543704934499712,0.06208877905701976
