,Annualized Return,Annualized Vol,Sharpe Ratio,Max Drawdown,Skewness,Kurtosis,Cornish-Fisher VaR (5%),Historic CVaR (5%)
Mean Return,17.36734199701897,23.14916122173029,0.4426439602133178,-52.10013572581719,-0.7627886270207619,5.507145624294066,0.05412060626700042,0.07829067586028444
