,Annualized Return,Annualized Vol,Sharpe Ratio,Max Drawdown,Skewness,Kurtosis,Cornish-Fisher VaR (5%),Historic CVaR (5%)
Mean Return,14.592525690500825,26.043428981449463,0.29321484623474176,-60.25171302273256,-0.6518782655025994,5.13744926220194,0.06087713543136951,0.08806462362192652
