,Annualized Return,Annualized Vol,Sharpe Ratio,Max Drawdown,Skewness,Kurtosis,Cornish-Fisher VaR (5%),Historic CVaR (5%)
Mean Return,9.643679110606396,15.960305480208909,0.21079679291063944,-32.78474416642555,-0.9711886539260103,7.992389983174979,0.03890547027628215,0.05277556073420936
