,Annualized Return,Annualized Vol,Sharpe Ratio,Max Drawdown,Skewness,Kurtosis,Cornish-Fisher VaR (5%),Historic CVaR (5%)
Mean Return,19.33381234114129,26.18141672295213,0.46004526070547924,-55.955696671253065,0.20362731762433184,6.508733170213116,0.050903099498334776,0.0734771230002492
