,Annualized Return,Annualized Vol,Sharpe Ratio,Max Drawdown,Skewness,Kurtosis,Cornish-Fisher VaR (5%),Historic CVaR (5%)
Mean Return,14.57383027232142,27.959329272994697,0.2726395524732355,-47.68897590460622,-0.6544621056020002,5.1699018309156966,0.06548594515050156,0.094574881352434
