,Annualized Return,Annualized Vol,Sharpe Ratio,Max Drawdown,Skewness,Kurtosis,Cornish-Fisher VaR (5%),Historic CVaR (5%)
Mean Return,19.195262543276968,24.34230761667725,0.49155026562875576,-52.04373963209434,-0.8919606410840288,6.708042165080351,0.05700098712938945,0.08400749229980727
