,Annualized Return,Annualized Vol,Sharpe Ratio,Max Drawdown,Skewness,Kurtosis,Cornish-Fisher VaR (5%),Historic CVaR (5%)
Mean Return,4.901662264664908,19.200432728000045,-0.070517626452177,-37.963234768000795,-0.4408088304319235,4.895296319444407,0.0451010150579418,0.06010560292116874
