,Annualized Return,Annualized Vol,Sharpe Ratio,Max Drawdown,Skewness,Kurtosis,Cornish-Fisher VaR (5%),Historic CVaR (5%)
Mean Return,12.336685607797415,16.449182188899833,0.3703443720320574,-31.066493923723705,-0.7720713913657227,7.0092456961798595,0.03972931996688596,0.056699354021615134
