,Annualized Return,Annualized Vol,Sharpe Ratio,Max Drawdown,Skewness,Kurtosis,Cornish-Fisher VaR (5%),Historic CVaR (5%)
Mean Return,18.084570527196497,24.918671573754064,0.4375638671459904,-52.269381720375385,-1.200343206635108,8.297821135321186,0.06010244153673715,0.08634887579254567
