,Annualized Return,Annualized Vol,Sharpe Ratio,Max Drawdown,Skewness,Kurtosis,Cornish-Fisher VaR (5%),Historic CVaR (5%)
Mean Return,18.009129220894195,31.659927202667664,0.34102194539898933,-47.99866893417788,-0.25452181994460477,4.724551989616561,0.06957193032786779,0.09971618377229757
