,Annualized Return,Annualized Vol,Sharpe Ratio,Max Drawdown,Skewness,Kurtosis,Cornish-Fisher VaR (5%),Historic CVaR (5%)
Mean Return,14.204597589055478,17.520380357027175,0.4113210104767365,-25.60110526188666,-1.1524109773654145,11.897885232730182,0.04005456952330092,0.05413094116549481
