,Annualized Return,Annualized Vol,Sharpe Ratio,Max Drawdown,Skewness,Kurtosis,Cornish-Fisher VaR (5%),Historic CVaR (5%)
Mean Return,15.870836441225888,18.379951763721525,0.48022875742736604,-37.168740378161814,-1.4277262853652488,12.657447562917925,0.043084703855151334,0.06010108943663655
