,Annualized Return,Annualized Vol,Sharpe Ratio,Max Drawdown,Skewness,Kurtosis,Cornish-Fisher VaR (5%),Historic CVaR (5%)
Mean Return,23.659021541563916,18.0718501047405,0.8994401798434805,-30.026069618376283,-0.9796668152706584,9.112838798914606,0.04055065117160513,0.05468736769660465
