,Annualized Return,Annualized Vol,Sharpe Ratio,Max Drawdown,Skewness,Kurtosis,Cornish-Fisher VaR (5%),Historic CVaR (5%)
Mean Return,7.886617945510577,19.446735144044936,0.06550004130225288,-42.03509054201427,-0.7664196392547934,7.986745123294115,0.045348395930936786,0.0610705817841724
