,Annualized Return,Annualized Vol,Sharpe Ratio,Max Drawdown,Skewness,Kurtosis,Cornish-Fisher VaR (5%),Historic CVaR (5%)
Mean Return,14.186605600287816,17.231404518580458,0.4221098206116823,-31.24385511693124,-0.9538129878570475,10.577795585219356,0.038807964108775746,0.05480216695285743
