,Annualized Return,Annualized Vol,Sharpe Ratio,Max Drawdown,Skewness,Kurtosis,Cornish-Fisher VaR (5%),Historic CVaR (5%)
Mean Return,24.278308896035394,22.341281615634443,0.753113927278429,-40.28971534448844,-0.9404247953264744,6.039571704855468,0.052555243120899806,0.0756933212958298
