,Annualized Return,Annualized Vol,Sharpe Ratio,Max Drawdown,Skewness,Kurtosis,Cornish-Fisher VaR (5%),Historic CVaR (5%)
Mean Return,10.925621233223804,18.866515282517764,0.2185495482573615,-38.74331607293631,-1.2177989018406685,9.639050378907267,0.04545938676881632,0.06305758314339047
