,Annualized Return,Annualized Vol,Sharpe Ratio,Max Drawdown,Skewness,Kurtosis,Cornish-Fisher VaR (5%),Historic CVaR (5%)
Mean Return,7.495638622351586,15.98657794300348,0.06762707902550413,-32.607870428843675,-0.3460109959775839,4.664807521978621,0.036507966671230775,0.050943666357095636
