,Annualized Return,Annualized Vol,Sharpe Ratio,Max Drawdown,Skewness,Kurtosis,Cornish-Fisher VaR (5%),Historic CVaR (5%)
Mean Return,10.05711787721948,23.961926373464202,0.13940388354585134,-55.91919020590961,-0.8683228928894696,6.153577708704526,0.05778421771098618,0.08237446957729982
