,Annualized Return,Annualized Vol,Sharpe Ratio,Max Drawdown,Skewness,Kurtosis,Cornish-Fisher VaR (5%),Historic CVaR (5%)
Mean Return,9.122793785372352,33.8586001207293,0.07157309381623253,-50.81718982636845,-1.1934715039938935,9.76504296339464,0.08255835478509753,0.11888887951323748
