,Annualized Return,Annualized Vol,Sharpe Ratio,Max Drawdown,Skewness,Kurtosis,Cornish-Fisher VaR (5%),Historic CVaR (5%)
Mean Return,6.858500754054564,21.891305431990165,0.014603263780434833,-46.46631226487462,-0.35628556688346574,4.943717939248751,0.049949902361893624,0.06662647884093446
