,Annualized Return,Annualized Vol,Sharpe Ratio,Max Drawdown,Skewness,Kurtosis,Cornish-Fisher VaR (5%),Historic CVaR (5%)
Mean Return,13.801942170933113,17.380953825812163,0.39484691653831094,-28.471203902564827,-1.3178174867298862,14.207249492350043,0.03959408785169822,0.051852583361733644
