,Annualized Return,Annualized Vol,Sharpe Ratio,Max Drawdown,Skewness,Kurtosis,Cornish-Fisher VaR (5%),Historic CVaR (5%)
Mean Return,10.408574249765401,17.296155757004943,0.21084048655692816,-33.17463679935525,-0.7268358705758676,8.965549424062113,0.039052815015239745,0.052150749601300055
