,Annualized Return,Annualized Vol,Sharpe Ratio,Max Drawdown,Skewness,Kurtosis,Cornish-Fisher VaR (5%),Historic CVaR (5%)
Mean Return,7.1013157497529455,16.94917180034708,0.05631203429473825,-33.11259978134898,-1.1148764415321053,8.608866020481086,0.042429360605604434,0.057136402257093946
