,Annualized Return,Annualized Vol,Skewness,Kurtosis,Cornish-Fisher VaR (5%),Historic CVaR (5%),Sharpe Ratio,Max Drawdown
Mean Return,0.0776223099221236,0.1826406783000319,-0.6733403147175768,11.701556856663599,0.04001604746699017,0.0581257143539608,0.06678151536347518,-0.32886206839446747
