,Annualized Return,Annualized Vol,Sharpe Ratio,Max Drawdown,Skewness,Kurtosis,Cornish-Fisher VaR (5%),Historic CVaR (5%)
Mean Return,19.204808530931096,20.570078120344547,0.5814804111035832,-37.834617670560455,-1.2283468444434937,13.426162099971068,0.04619150132862018,0.06355478275507653
