,Annualized Return,Annualized Vol,Sharpe Ratio,Max Drawdown,Skewness,Kurtosis,Cornish-Fisher VaR (5%),Historic CVaR (5%)
Mean Return,10.552274552338181,18.262181550355745,0.21002570913338015,-35.49879676148936,-0.8077229444193306,11.074200663278683,0.04072340944706901,0.05970392171454949
