,Annualized Return,Annualized Vol,Sharpe Ratio,Max Drawdown,Skewness,Kurtosis,Cornish-Fisher VaR (5%),Historic CVaR (5%)
Mean Return,12.63230189945106,17.01650952467734,0.33970560607343825,-31.96026771719752,-1.1250163966637574,11.05176602320529,0.039332026414830766,0.054340709352984115
