,Annualized Return,Annualized Vol,Sharpe Ratio,Max Drawdown,Skewness,Kurtosis,Cornish-Fisher VaR (5%),Historic CVaR (5%)
Mean Return,11.815950833359956,17.68485424167699,0.28061443850535656,-33.135950667887634,-0.8513765979453062,9.717718281273047,0.04011909904583251,0.05345238225992841
