,Annualized Return,Annualized Vol,Sharpe Ratio,Max Drawdown,Skewness,Kurtosis,Cornish-Fisher VaR (5%),Historic CVaR (5%)
Mean Return,6.083230414638208,17.816081791421976,0.00045654336815160383,-31.932738953219165,-0.6330592189421251,4.948822632178794,0.043673225871772636,0.0603672978499421
