,Annualized Return,Annualized Vol,Sharpe Ratio,Max Drawdown,Skewness,Kurtosis,Cornish-Fisher VaR (5%),Historic CVaR (5%)
Mean Return,10.030021850958516,15.435008171381787,0.25264993339105013,-32.56247455240264,-0.5730828088748497,6.223071684529678,0.03678772157678774,0.04785871508107493
