,Annualized Return,Annualized Vol,Sharpe Ratio,Max Drawdown,Skewness,Kurtosis,Cornish-Fisher VaR (5%),Historic CVaR (5%)
Mean Return,19.157779425058163,21.407070608027137,0.562686502245442,-35.9052917604154,-1.034689583941609,6.325978900903556,0.051527440294222175,0.07510478334828624
