,Annualized Return,Annualized Vol,Sharpe Ratio,Max Drawdown,Skewness,Kurtosis,Cornish-Fisher VaR (5%),Historic CVaR (5%)
Mean Return,20.73988139089611,24.670478584177943,0.544936605255086,-44.47880274436168,-0.630097803617387,4.282984836663349,0.05695498681342152,0.08029623694599587
