,Annualized Return,Annualized Vol,Sharpe Ratio,Max Drawdown,Skewness,Kurtosis,Cornish-Fisher VaR (5%),Historic CVaR (5%)
Mean Return,20.630102558590902,26.517748306069006,0.4996023880005133,-52.04549789558012,-0.39315484752180824,4.4245114811888335,0.05908547913476521,0.08186481230916277
