,Annualized Return,Annualized Vol,Sharpe Ratio,Max Drawdown,Skewness,Kurtosis,Cornish-Fisher VaR (5%),Historic CVaR (5%)
Mean Return,9.404192709193303,31.342777021907025,0.08977341165402469,-67.22795079122224,-0.3025283455390698,4.62271311218042,0.07162282661452415,0.09816644264871063
