,Annualized Return,Annualized Vol,Sharpe Ratio,Max Drawdown,Skewness,Kurtosis,Cornish-Fisher VaR (5%),Historic CVaR (5%)
Mean Return,10.369948465051726,16.309768429083636,0.23221980283307744,-28.809557184679672,-0.5601794307941546,5.324692229805838,0.037737407353898474,0.05286553000983903
