,Annualized Return,Annualized Vol,Sharpe Ratio,Max Drawdown,Skewness,Kurtosis,Cornish-Fisher VaR (5%),Historic CVaR (5%)
Mean Return,12.476976017123164,17.631134755213562,0.31687434785128604,-32.47070974568488,-0.7411753666887921,9.181737935954986,0.03946248360934436,0.052336920333503865
