,Annualized Return,Annualized Vol,Sharpe Ratio,Max Drawdown,Skewness,Kurtosis,Cornish-Fisher VaR (5%),Historic CVaR (5%)
Mean Return,5.229282569457405,19.18649475418391,-0.06300694234927312,-43.547697899749494,-0.5494775981799057,5.809093130755151,0.04488066562073442,0.06102532244955482
