,Annualized Return,Annualized Vol,Skewness,Kurtosis,Cornish-Fisher VaR (5%),Historic CVaR (5%),Sharpe Ratio,Max Drawdown
Mean Return,0.06803778842751318,0.24434136864684486,-0.7453281155502512,7.085869893699353,0.05782578646079173,0.07666421868066951,0.012960217097083043,-0.5008628425973797
