,Annualized Return,Annualized Vol,Skewness,Kurtosis,Cornish-Fisher VaR (5%),Historic CVaR (5%),Sharpe Ratio,Max Drawdown
Mean Return,0.17580978509692868,0.20007698555172643,-1.201148177518112,9.242271908372402,0.04772444332265626,0.06705989610843964,0.5253755611551089,-0.344990409900312
