,Annualized Return,Annualized Vol,Sharpe Ratio,Max Drawdown,Skewness,Kurtosis,Cornish-Fisher VaR (5%),Historic CVaR (5%)
Mean Return,13.975863200895343,16.49961876193698,0.42919658484242224,-31.415674578887298,-0.8520642721517885,6.43949960372955,0.03843102678845783,0.053858053916836034
