,Annualized Return,Annualized Vol,Sharpe Ratio,Max Drawdown,Skewness,Kurtosis,Cornish-Fisher VaR (5%),Historic CVaR (5%)
Mean Return,21.065058951045444,23.7176856714012,0.5758622318129023,-47.13206087217236,-0.6448604528280801,5.081557881565293,0.05421318136006148,0.075093531473858
