,Annualized Return,Annualized Vol,Sharpe Ratio,Max Drawdown,Skewness,Kurtosis,Cornish-Fisher VaR (5%),Historic CVaR (5%)
Mean Return,14.027155849606476,20.352615039558668,0.34756149398441966,-35.787093302545735,-1.181646523635434,10.679950721823012,0.0478006048122512,0.06513568738501452
