,Annualized Return,Annualized Vol,Sharpe Ratio,Max Drawdown,Skewness,Kurtosis,Cornish-Fisher VaR (5%),Historic CVaR (5%)
Mean Return,13.926428649178725,17.119766670446065,0.41056957894040386,-30.687636854362793,-0.8697847417924175,10.432280629842614,0.03815794664718881,0.053993690744061504
