,Annualized Return,Annualized Vol,Sharpe Ratio,Max Drawdown,Skewness,Kurtosis,Cornish-Fisher VaR (5%),Historic CVaR (5%)
Mean Return,28.023390554215233,22.464690010175342,0.9060288483671779,-39.06524079121334,-0.9330127711085136,5.85154766882825,0.052351908141981894,0.07754784445197262
