,Annualized Return,Annualized Vol,Sharpe Ratio,Max Drawdown,Skewness,Kurtosis,Cornish-Fisher VaR (5%),Historic CVaR (5%)
Mean Return,15.033493856016666,23.90000490184677,0.33625431659577043,-47.572598323472,-1.3241337380913119,8.207510514821841,0.0590665378535242,0.08430487197185203
