,Annualized Return,Annualized Vol,Sharpe Ratio,Max Drawdown,Skewness,Kurtosis,Cornish-Fisher VaR (5%),Historic CVaR (5%)
Mean Return,8.73909280508971,15.781065650964118,0.15939319915342023,-32.78474778828548,-0.9267885011994107,7.866963992865276,0.0384299751295611,0.05147931463303223
