,Annualized Return,Annualized Vol,Skewness,Kurtosis,Cornish-Fisher VaR (5%),Historic CVaR (5%),Sharpe Ratio,Max Drawdown
Mean Return,0.1322384030641539,0.19343461149148464,-0.9764113439410279,11.815572232681195,0.043491570490796216,0.06043347332779826,0.327565946411433,-0.43205574932859386
