,Annualized Return,Annualized Vol,Sharpe Ratio,Max Drawdown,Skewness,Kurtosis,Cornish-Fisher VaR (5%),Historic CVaR (5%)
Mean Return,14.295991085195393,30.74568617560795,0.23939980625474627,-57.44471370401062,-0.3445182225185619,4.55876355832228,0.06926610143893888,0.10210799739515762
