,Annualized Return,Annualized Vol,Sharpe Ratio,Max Drawdown,Skewness,Kurtosis,Cornish-Fisher VaR (5%),Historic CVaR (5%)
Mean Return,20.78724571986419,27.514801927759347,0.48988396281095176,-47.68897590460617,-0.5940070954320702,5.071052316116826,0.0628728101924915,0.08931866280203768
