,Annualized Return,Annualized Vol,Sharpe Ratio,Max Drawdown,Skewness,Kurtosis,Cornish-Fisher VaR (5%),Historic CVaR (5%)
Mean Return,12.587762349792486,14.888787215223612,0.3944913888616417,-29.404817448360305,-0.593144542702411,5.712654865079543,0.03394416627358558,0.04712627255311163
