,Annualized Return,Annualized Vol,Sharpe Ratio,Max Drawdown,Skewness,Kurtosis,Cornish-Fisher VaR (5%),Historic CVaR (5%)
Mean Return,25.174744010198236,23.150256935208557,0.7779690791366429,-40.05223906618327,-0.841577383882045,6.075317201276679,0.05457336813869773,0.08106404594915649
