,Annualized Return,Annualized Vol,Sharpe Ratio,Max Drawdown,Skewness,Kurtosis,Cornish-Fisher VaR (5%),Historic CVaR (5%)
Mean Return,8.224956689468588,27.059631142612282,0.0604089713441431,-59.27836075090632,-0.6692408134997807,5.013416797336236,0.06468864383175477,0.09282355546213102
