,Annualized Return,Annualized Vol,Sharpe Ratio,Max Drawdown,Skewness,Kurtosis,Cornish-Fisher VaR (5%),Historic CVaR (5%)
Mean Return,13.082699577366451,17.637270965247104,0.35175299005091015,-32.93965257061403,-1.1401140970971377,12.991983249095426,0.03989498238857315,0.05573202050032742
