,Annualized Return,Annualized Vol,Sharpe Ratio,Max Drawdown,Skewness,Kurtosis,Cornish-Fisher VaR (5%),Historic CVaR (5%)
Mean Return,17.664940208832448,17.157267376932943,0.6126432431228959,-33.0517450730328,-1.1124739604103286,11.215432042583577,0.03868408027297708,0.05491084680686933
