,Annualized Return,Annualized Vol,Sharpe Ratio,Max Drawdown,Skewness,Kurtosis,Cornish-Fisher VaR (5%),Historic CVaR (5%)
Mean Return,11.450252689412753,17.718075541637425,0.27191088703466454,-29.685539702570356,-0.2757470835466647,4.784910628580606,0.039326969890381216,0.05423985113124086
