,Annualized Return,Annualized Vol,Sharpe Ratio,Max Drawdown,Skewness,Kurtosis,Cornish-Fisher VaR (5%),Historic CVaR (5%)
Mean Return,16.688115491542366,16.68349964424096,0.5747294503478642,-33.051639562574934,-1.0253571276741553,9.865136498517423,0.03785170274788003,0.05477278052483629
