,Annualized Return,Annualized Vol,Sharpe Ratio,Max Drawdown,Skewness,Kurtosis,Cornish-Fisher VaR (5%),Historic CVaR (5%)
Mean Return,17.291825477378087,17.504359733685586,0.5804445448522655,-33.432217393618075,-1.0108669363221399,11.929391960235638,0.03863468020890587,0.0542190441488452
