,Annualized Return,Annualized Vol,Sharpe Ratio,Max Drawdown,Skewness,Kurtosis,Cornish-Fisher VaR (5%),Historic CVaR (5%)
Mean Return,13.68121065944674,17.06388626467555,0.3996163468327697,-29.029498597108628,-0.7297791583619401,6.3910383520921865,0.03954717298724132,0.055260168471545065
