,Annualized Return,Annualized Vol,Sharpe Ratio,Max Drawdown,Skewness,Kurtosis,Cornish-Fisher VaR (5%),Historic CVaR (5%)
Mean Return,9.030570500126966,20.09654231535773,0.14219193386945697,-38.762477374391146,-0.523782218174502,9.811909029372947,0.045604990512003105,0.0638083334563714
