,Annualized Return,Annualized Vol,Skewness,Kurtosis,Cornish-Fisher VaR (5%),Historic CVaR (5%),Sharpe Ratio,Max Drawdown
Mean Return,0.09166865136347457,0.21034100100374914,-0.936271046625718,7.257748368155933,0.05055239370853147,0.07078642388504129,0.12075367125453469,-0.5243853149871015
