,Annualized Return,Annualized Vol,Sharpe Ratio,Max Drawdown,Skewness,Kurtosis,Cornish-Fisher VaR (5%),Historic CVaR (5%)
Mean Return,9.045000238194678,31.71918576451108,0.07575179377645025,-63.491837640067075,-0.8142789896720101,5.963820496638584,0.07658907218673111,0.11658009458074944
