,Annualized Return,Annualized Vol,Sharpe Ratio,Max Drawdown,Skewness,Kurtosis,Cornish-Fisher VaR (5%),Historic CVaR (5%)
Mean Return,9.844032256077572,20.145457162968032,0.18001260004045766,-38.762477374391146,-0.5089481362383083,9.484196123593554,0.04564473081354953,0.06422702857013478
