,Annualized Return,Annualized Vol,Sharpe Ratio,Max Drawdown,Skewness,Kurtosis,Cornish-Fisher VaR (5%),Historic CVaR (5%)
Mean Return,17.300488152671313,16.087932276878984,0.6355097298591964,-28.842568295076486,-0.6837916035009729,5.955898039641949,0.03649625877242293,0.05157902723605686
