,Annualized Return,Annualized Vol,Sharpe Ratio,Max Drawdown,Skewness,Kurtosis,Cornish-Fisher VaR (5%),Historic CVaR (5%)
Mean Return,19.820188321693898,18.99613704777004,0.6601459710813509,-37.4239307754101,-1.4665749174901501,14.278368023733078,0.04333841096696793,0.060654735398735844
