,Annualized Return,Annualized Vol,Sharpe Ratio,Max Drawdown,Skewness,Kurtosis,Cornish-Fisher VaR (5%),Historic CVaR (5%)
Mean Return,23.752163946793292,26.10873250394888,0.6383459604620825,-45.93822710868759,-0.5287343298055507,5.39379703090903,0.05979536974653965,0.09002338358792339
