,Annualized Return,Annualized Vol,Sharpe Ratio,Max Drawdown,Skewness,Kurtosis,Cornish-Fisher VaR (5%),Historic CVaR (5%)
Mean Return,13.067944235359107,17.891010498209,0.34681819437643024,-35.498796761489345,-0.8684536872313212,12.951672608815855,0.03886163870435937,0.05708496810880278
