,Annualized Return,Annualized Vol,Sharpe Ratio,Max Drawdown,Skewness,Kurtosis,Cornish-Fisher VaR (5%),Historic CVaR (5%)
Mean Return,16.716593293112748,16.400605451539295,0.5884974581885175,-31.10467743823564,-0.9431301014260564,9.98025256911964,0.03662845160440964,0.053861856795351715
