,Annualized Return,Annualized Vol,Sharpe Ratio,Max Drawdown,Skewness,Kurtosis,Cornish-Fisher VaR (5%),Historic CVaR (5%)
Mean Return,14.664902765844978,22.846920934727663,0.3374658136198221,-45.245123399903974,-0.8664401771175816,15.013010517255948,0.04855589934206298,0.0726000677591866
