,Annualized Return,Annualized Vol,Sharpe Ratio,Max Drawdown,Skewness,Kurtosis,Cornish-Fisher VaR (5%),Historic CVaR (5%)
Mean Return,18.757979687572558,28.582216986226776,0.4210395635250649,-49.37242338390983,-0.549603433239707,4.652146780137265,0.06819650824027271,0.09658111986546207
