,Annualized Return,Annualized Vol,Sharpe Ratio,Max Drawdown,Skewness,Kurtosis,Cornish-Fisher VaR (5%),Historic CVaR (5%)
Mean Return,12.627757914478476,16.757694876060864,0.34161474550531484,-36.34670428230935,-1.3452836635851477,10.682725714027269,0.040110445909387046,0.05351834958953387
