,Annualized Return,Annualized Vol,Skewness,Kurtosis,Cornish-Fisher VaR (5%),Historic CVaR (5%),Sharpe Ratio,Max Drawdown
Mean Return,0.08527111862347159,0.31317321765245854,-0.2654626220310474,4.4562313899206,0.07074373699171467,0.103078570199258,0.06178943004288045,-0.6296522005568037
