,Annualized Return,Annualized Vol,Sharpe Ratio,Max Drawdown,Skewness,Kurtosis,Cornish-Fisher VaR (5%),Historic CVaR (5%)
Mean Return,13.769212062434422,21.698139852208886,0.31582610983853127,-38.60280301868793,-0.623427009023428,8.17211448320261,0.04847358934212733,0.06911767981692453
