,Annualized Return,Annualized Vol,Sharpe Ratio,Max Drawdown,Skewness,Kurtosis,Cornish-Fisher VaR (5%),Historic CVaR (5%)
Mean Return,14.74458797463929,16.193886725411467,0.47921771358543735,-32.28367595402277,-0.9680412708399037,9.18169955780638,0.036980522025093526,0.051676566668044405
