,Annualized Return,Annualized Vol,Sharpe Ratio,Max Drawdown,Skewness,Kurtosis,Cornish-Fisher VaR (5%),Historic CVaR (5%)
Mean Return,19.17157726230092,24.957985769181835,0.4785272994519664,-53.81607949267955,-0.6816495669207874,5.137159807148869,0.0577890580209185,0.08202310976045536
