,Annualized Return,Annualized Vol,Sharpe Ratio,Max Drawdown,Skewness,Kurtosis,Cornish-Fisher VaR (5%),Historic CVaR (5%)
Mean Return,26.337946990596993,24.452278584679114,0.7674776224828322,-46.46358928331478,-0.8840071306801757,5.803992545624315,0.05723669736662467,0.08255944445358082
