,Annualized Return,Annualized Vol,Sharpe Ratio,Max Drawdown,Skewness,Kurtosis,Cornish-Fisher VaR (5%),Historic CVaR (5%)
Mean Return,22.617610748170147,25.102480581995074,0.6105131955396699,-36.20762996301767,-0.7058022497666462,5.553837085164936,0.05799880044760564,0.0846787914577036
