,Annualized Return,Annualized Vol,Sharpe Ratio,Max Drawdown,Skewness,Kurtosis,Cornish-Fisher VaR (5%),Historic CVaR (5%)
Mean Return,21.261271184110964,23.611294312649225,0.5862700960868492,-47.27803853573285,-0.5955213418533584,4.980355765948274,0.05357121496851319,0.07394345379579532
