,Annualized Return,Annualized Vol,Sharpe Ratio,Max Drawdown,Skewness,Kurtosis,Cornish-Fisher VaR (5%),Historic CVaR (5%)
Mean Return,12.134039985197532,16.462627470778646,0.3204668473803314,-29.692265350146663,-1.7655678152686867,17.145319394700685,0.03862996244222692,0.051933932605219696
