,Annualized Return,Annualized Vol,Skewness,Kurtosis,Cornish-Fisher VaR (5%),Historic CVaR (5%),Sharpe Ratio,Max Drawdown
Mean Return,0.09802008027144704,0.17560494320206976,-0.9145527008386505,10.153852695814576,0.040342434031086095,0.05437308943666915,0.17475515771760397,-0.3313595066788763
