,Annualized Return,Annualized Vol,Sharpe Ratio,Max Drawdown,Skewness,Kurtosis,Cornish-Fisher VaR (5%),Historic CVaR (5%)
Mean Return,12.983938338591084,17.042084304309256,0.3868650723119244,-30.26267146717322,-1.090037694145316,12.580217618046815,0.03987293426299511,0.052865836244677
