,Annualized Return,Annualized Vol,Sharpe Ratio,Max Drawdown,Skewness,Kurtosis,Cornish-Fisher VaR (5%),Historic CVaR (5%)
Mean Return,10.174552200105037,23.345725739250923,0.14858914832667575,-56.587437431927555,-1.093856926089168,7.337507503664327,0.057268103879417456,0.08300670750432425
