,Annualized Return,Annualized Vol,Sharpe Ratio,Max Drawdown,Skewness,Kurtosis,Cornish-Fisher VaR (5%),Historic CVaR (5%)
Mean Return,15.164534106242655,15.668379892852624,0.5240000358829987,-30.666348467031916,-0.7922994510707974,6.17887037855716,0.0359678785125738,0.04964683652659911
