,Annualized Return,Annualized Vol,Sharpe Ratio,Max Drawdown,Skewness,Kurtosis,Cornish-Fisher VaR (5%),Historic CVaR (5%)
Mean Return,15.983036947966855,31.397081047852243,0.2849585223253022,-54.46539476228976,-0.29035114427859593,4.682153277614542,0.06973618610104845,0.10268932025966368
