,Annualized Return,Annualized Vol,Sharpe Ratio,Max Drawdown,Skewness,Kurtosis,Cornish-Fisher VaR (5%),Historic CVaR (5%)
Mean Return,9.743061710750233,16.558887020219345,0.18401602371851705,-31.10010216238311,-1.04609314766889,11.880950081049772,0.037899380151724414,0.05362689788309931
