,Annualized Return,Annualized Vol,Sharpe Ratio,Max Drawdown,Skewness,Kurtosis,Cornish-Fisher VaR (5%),Historic CVaR (5%)
Mean Return,27.38340962163841,36.094805574117764,0.557087510480267,-63.60481947114051,-0.10956133171923031,4.279443231899859,0.07869257062881295,0.1111176932870481
