,Annualized Return,Annualized Vol,Sharpe Ratio,Max Drawdown,Skewness,Kurtosis,Cornish-Fisher VaR (5%),Historic CVaR (5%)
Mean Return,14.169655890411658,16.27268352465829,0.4416632449158415,-29.394090273010864,-0.8101196385111029,9.874449655288526,0.036073893871557496,0.048761812360786416
