,Annualized Return,Annualized Vol,Sharpe Ratio,Max Drawdown,Skewness,Kurtosis,Cornish-Fisher VaR (5%),Historic CVaR (5%)
Mean Return,27.177720179647856,21.968212404972558,0.8832534675772624,-30.291828156707773,-0.8776738772375926,6.134883773093548,0.05019605136921723,0.07046923351104739
