,Annualized Return,Annualized Vol,Sharpe Ratio,Max Drawdown,Skewness,Kurtosis,Cornish-Fisher VaR (5%),Historic CVaR (5%)
Mean Return,31.73427862660667,23.161288681276,1.0273635365432627,-27.967864047554208,-0.8696868054706113,5.210421294235539,0.05348852638083956,0.07793356012466292
