,Annualized Return,Annualized Vol,Sharpe Ratio,Max Drawdown,Skewness,Kurtosis,Cornish-Fisher VaR (5%),Historic CVaR (5%)
Mean Return,18.944871142434707,24.74854782950805,0.4785720167624097,-37.84241119037711,-0.7764940330608794,5.59053038795311,0.05834067315442781,0.08423125652883351
