,Annualized Return,Annualized Vol,Sharpe Ratio,Max Drawdown,Skewness,Kurtosis,Cornish-Fisher VaR (5%),Historic CVaR (5%)
Mean Return,10.811263541064742,19.78988089562761,0.20755132766638942,-43.037643803619645,-0.9267594328432481,7.812872254855283,0.04683263873964895,0.0660093504321391
