,Annualized Return,Annualized Vol,Sharpe Ratio,Max Drawdown,Skewness,Kurtosis,Cornish-Fisher VaR (5%),Historic CVaR (5%)
Mean Return,12.758120349685885,18.510243211000805,0.3186648198151067,-38.401378053609285,-0.9009901208474855,11.53654494720841,0.04127336915815808,0.0576170741509671
