,Annualized Return,Annualized Vol,Sharpe Ratio,Max Drawdown,Skewness,Kurtosis,Cornish-Fisher VaR (5%),Historic CVaR (5%)
Mean Return,11.9807339263742,16.441942533217045,0.3113668339447115,-34.766380269249844,-0.8331854185709416,9.731025637059524,0.03704765838491919,0.049025881596930866
