,Annualized Return,Annualized Vol,Sharpe Ratio,Max Drawdown,Skewness,Kurtosis,Cornish-Fisher VaR (5%),Historic CVaR (5%)
Mean Return,9.207227032752009,18.109350330480346,0.1396595580954481,-43.22496362526579,-0.7781941967772373,7.412934163641297,0.04228259899180973,0.05813658270783447
