,Annualized Return,Annualized Vol,Skewness,Kurtosis,Cornish-Fisher VaR (5%),Historic CVaR (5%),Sharpe Ratio,Max Drawdown
Mean Return,0.1291483383948493,0.31970155219171126,-0.33796568023913276,4.461820420029026,0.0723460635874125,0.10049257796892322,0.18897291412651457,-0.5457937879934801
