,Annualized Return,Annualized Vol,Skewness,Kurtosis,Cornish-Fisher VaR (5%),Historic CVaR (5%),Sharpe Ratio,Max Drawdown
Mean Return,0.1501233672700384,0.32058369371733014,-0.30706762264628096,4.325732072347956,0.07196589248824217,0.09879708255858072,0.24832428319377267,-0.4685642828429989
