,Annualized Return,Annualized Vol,Sharpe Ratio,Max Drawdown,Skewness,Kurtosis,Cornish-Fisher VaR (5%),Historic CVaR (5%)
Mean Return,17.176565504245957,16.97995916193924,0.5919923633814266,-30.036161545349028,-1.6953523124483418,15.504856926249627,0.039470376107967504,0.05493078944044667
