,Annualized Return,Annualized Vol,Sharpe Ratio,Max Drawdown,Skewness,Kurtosis,Cornish-Fisher VaR (5%),Historic CVaR (5%)
Mean Return,12.36881797933318,19.22307289268367,0.2888100123661473,-33.66781931731128,-0.872306159302763,9.827363272522106,0.04372171287950457,0.06305788582503354
