,Annualized Return,Annualized Vol,Sharpe Ratio,Max Drawdown,Skewness,Kurtosis,Cornish-Fisher VaR (5%),Historic CVaR (5%)
Mean Return,16.64236111730324,16.602319335045486,0.5785186545622574,-29.387188540467353,-0.6776419235465134,5.887296973431612,0.03785879166461682,0.05309331207714083
