,Annualized Return,Annualized Vol,Sharpe Ratio,Max Drawdown,Skewness,Kurtosis,Cornish-Fisher VaR (5%),Historic CVaR (5%)
Mean Return,17.58097850969287,20.00769855517264,0.5253755611551089,-34.4990409900312,-1.201148177518112,9.242271908372402,0.04772444332265626,0.06705989610843964
