,Annualized Return,Annualized Vol,Sharpe Ratio,Max Drawdown,Skewness,Kurtosis,Cornish-Fisher VaR (5%),Historic CVaR (5%)
Mean Return,18.567393977759615,16.651139382166892,0.6886539654642471,-29.658549815489028,-1.0273516780854308,8.628190527870833,0.03839811566181226,0.053095399963856864
