,Annualized Return,Annualized Vol,Sharpe Ratio,Max Drawdown,Skewness,Kurtosis,Cornish-Fisher VaR (5%),Historic CVaR (5%)
Mean Return,20.446250364307495,22.097271290551497,0.5999969807363227,-33.73403913655996,-0.9870266219956058,6.289249732155405,0.05273311528822791,0.07649407212098544
