,Annualized Return,Annualized Vol,Sharpe Ratio,Max Drawdown,Skewness,Kurtosis,Cornish-Fisher VaR (5%),Historic CVaR (5%)
Mean Return,18.95487908504967,20.305250909446546,0.5774929033015738,-37.83461767056047,-1.3373787245780495,13.860050029506652,0.04607583046045627,0.06385735573301261
