,Annualized Return,Annualized Vol,Sharpe Ratio,Max Drawdown,Skewness,Kurtosis,Cornish-Fisher VaR (5%),Historic CVaR (5%)
Mean Return,11.788739452614028,16.56266370438563,0.2980308397654675,-30.220558710905294,-1.0812620933539823,13.501757828515363,0.03701400277279471,0.05040987201535899
