,Annualized Return,Annualized Vol,Sharpe Ratio,Max Drawdown,Skewness,Kurtosis,Cornish-Fisher VaR (5%),Historic CVaR (5%)
Mean Return,20.827086030288932,30.898871103576365,0.43941353979959996,-48.49603825683303,-0.4324558990805335,4.508289414699909,0.07028210672850306,0.09943402844359105
