,Annualized Return,Annualized Vol,Sharpe Ratio,Max Drawdown,Skewness,Kurtosis,Cornish-Fisher VaR (5%),Historic CVaR (5%)
Mean Return,6.342743952714303,22.45996228239871,-0.00732226725045701,-51.19394968834114,-0.3568490080068957,4.948560943480154,0.0513657733768238,0.07010680394291435
