,Annualized Return,Annualized Vol,Sharpe Ratio,Max Drawdown,Skewness,Kurtosis,Cornish-Fisher VaR (5%),Historic CVaR (5%)
Mean Return,7.722721161998236,20.535399345049953,0.07507358084435312,-35.347523690100964,-0.520640894260435,4.402743080234192,0.049593262694493205,0.07016183384622751
