,Annualized Return,Annualized Vol,Sharpe Ratio,Max Drawdown,Skewness,Kurtosis,Cornish-Fisher VaR (5%),Historic CVaR (5%)
Mean Return,17.94593957889159,17.50128194727012,0.6184993130741591,-28.624059293183652,-0.6256040083095165,6.6322776782340025,0.03912934184046592,0.05773929667680375
