,Annualized Return,Annualized Vol,Sharpe Ratio,Max Drawdown,Skewness,Kurtosis,Cornish-Fisher VaR (5%),Historic CVaR (5%)
Mean Return,29.233416535488743,23.09783296961952,0.923554047205267,-35.68775623661883,-0.93684907664648,6.132799324257081,0.05315031712390408,0.07360847726006345
