,Annualized Return,Annualized Vol,Sharpe Ratio,Max Drawdown,Skewness,Kurtosis,Cornish-Fisher VaR (5%),Historic CVaR (5%)
Mean Return,13.17641058574177,17.07655152285962,0.36566788949589984,-35.67730253253262,-1.0619694793922296,11.977744293895068,0.03860437256951429,0.05089074439409486
