,Annualized Return,Annualized Vol,Sharpe Ratio,Max Drawdown,Skewness,Kurtosis,Cornish-Fisher VaR (5%),Historic CVaR (5%)
Mean Return,32.38115103792334,25.28456219322019,0.9651309764474855,-29.33662247918151,-0.640494389090194,4.969821644767827,0.05683479018645113,0.08214157887962084
