,Annualized Return,Annualized Vol,Sharpe Ratio,Max Drawdown,Skewness,Kurtosis,Cornish-Fisher VaR (5%),Historic CVaR (5%)
Mean Return,26.835510232125625,27.736295743971105,0.6917487507321594,-41.95928498101665,-0.46776364366703943,3.8747186972283947,0.06211678628574802,0.08788308881056241
