,Annualized Return,Annualized Vol,Skewness,Kurtosis,Cornish-Fisher VaR (5%),Historic CVaR (5%),Sharpe Ratio,Max Drawdown
Mean Return,0.11138894424703927,0.2589662077405462,-1.0852420503147897,7.077301860189365,0.06360792276791806,0.09241575592968636,0.16893366708320567,-0.5513570360209374
