,Annualized Return,Annualized Vol,Sharpe Ratio,Max Drawdown,Skewness,Kurtosis,Cornish-Fisher VaR (5%),Historic CVaR (5%)
Mean Return,23.33206152069036,22.319460572242818,0.7095855583499661,-34.35773684108909,-0.5570353071925995,6.851343676798578,0.048635222569287,0.06784998835311355
