,Annualized Return,Annualized Vol,Sharpe Ratio,Max Drawdown,Skewness,Kurtosis,Cornish-Fisher VaR (5%),Historic CVaR (5%)
Mean Return,13.714646990985058,17.5479737862588,0.38436339184987434,-37.25089967581255,-1.3152292810393948,11.153808004295211,0.041507787247195116,0.0570889532910814
