,Annualized Return,Annualized Vol,Sharpe Ratio,Max Drawdown,Skewness,Kurtosis,Cornish-Fisher VaR (5%),Historic CVaR (5%)
Mean Return,14.22286073770207,21.3990558885133,0.3401787405121635,-40.06123073080054,-0.6992825403890439,8.482905496744646,0.04809725986512885,0.06791894366722832
