,Annualized Return,Annualized Vol,Sharpe Ratio,Max Drawdown,Skewness,Kurtosis,Cornish-Fisher VaR (5%),Historic CVaR (5%)
Mean Return,11.589151090225048,16.478850170877546,0.29997322152843553,-29.207739507978097,-0.47015485505666627,5.475075249665635,0.037310260155271696,0.052559991663546836
