,Annualized Return,Annualized Vol,Sharpe Ratio,Max Drawdown,Skewness,Kurtosis,Cornish-Fisher VaR (5%),Historic CVaR (5%)
Mean Return,4.464424215237361,32.48284730563567,-0.058191865637531356,-64.52467679820853,-0.2538496996011084,4.316618007478423,0.0741639385777633,0.10519365769228496
