,Annualized Return,Annualized Vol,Sharpe Ratio,Max Drawdown,Skewness,Kurtosis,Cornish-Fisher VaR (5%),Historic CVaR (5%)
Mean Return,29.011891263847957,23.77520740303697,0.8890430317766954,-32.7248377210546,-0.6356951362756096,4.376279288029399,0.053532323362579404,0.07555630159736475
