,Annualized Return,Annualized Vol,Sharpe Ratio,Max Drawdown,Skewness,Kurtosis,Cornish-Fisher VaR (5%),Historic CVaR (5%)
Mean Return,23.222063437308194,25.210813787899017,0.6243752908118871,-46.9982216661724,-0.7039891941286689,5.154263143824948,0.05794969922627998,0.0845445702721941
