,Annualized Return,Annualized Vol,Sharpe Ratio,Max Drawdown,Skewness,Kurtosis,Cornish-Fisher VaR (5%),Historic CVaR (5%)
Mean Return,16.154014882178846,22.16519563220717,0.40860058619703565,-46.826453870340444,-0.27332085813588336,7.088248994728746,0.04695743759632346,0.06384408681960606
