,Annualized Return,Annualized Vol,Sharpe Ratio,Max Drawdown,Skewness,Kurtosis,Cornish-Fisher VaR (5%),Historic CVaR (5%)
Mean Return,14.40007525070499,26.854090326047107,0.276393369391815,-59.35014652461395,-0.9097904617687597,6.519794470261796,0.06427436666051264,0.09355649872470435
