,Annualized Return,Annualized Vol,Sharpe Ratio,Max Drawdown,Skewness,Kurtosis,Cornish-Fisher VaR (5%),Historic CVaR (5%)
Mean Return,9.719247242968043,18.198426175564013,0.191876230740557,-33.098915817739424,-0.8063097352377162,11.485286377683444,0.04207060460521617,0.05784288106658633
