,Annualized Return,Annualized Vol,Sharpe Ratio,Max Drawdown,Skewness,Kurtosis,Cornish-Fisher VaR (5%),Historic CVaR (5%)
Mean Return,12.072817746652188,16.44683885977462,0.3227609409317068,-29.903801512077315,-0.9458345215918527,7.023118103012262,0.03927367555083912,0.05556673033057478
