,Annualized Return,Annualized Vol,Skewness,Kurtosis,Cornish-Fisher VaR (5%),Historic CVaR (5%),Sharpe Ratio,Max Drawdown
Mean Return,0.09474031510935377,0.22463839176591643,-0.96083894657144,7.494607715051371,0.054058380554660196,0.07549651547446176,0.12590895410538905,-0.5220796870974829
