,Annualized Return,Annualized Vol,Sharpe Ratio,Max Drawdown,Skewness,Kurtosis,Cornish-Fisher VaR (5%),Historic CVaR (5%)
Mean Return,18.003668724967724,27.06027924836063,0.4184131167092035,-49.79039766270801,-0.5736824756401081,4.8210131575441775,0.06466548897243092,0.09153976486487773
