,Annualized Return,Annualized Vol,Sharpe Ratio,Max Drawdown,Skewness,Kurtosis,Cornish-Fisher VaR (5%),Historic CVaR (5%)
Mean Return,11.76367822971891,17.132970497538057,0.28665857590269406,-36.311284363148616,-1.2733585701676515,10.273620105602896,0.04099440985388331,0.055767182661135895
