,Annualized Return,Annualized Vol,Sharpe Ratio,Max Drawdown,Skewness,Kurtosis,Cornish-Fisher VaR (5%),Historic CVaR (5%)
Mean Return,33.11629273829413,32.67255464650847,0.781334041030559,-37.45051233912621,-0.13090313914930474,4.688539609406158,0.06982920052834313,0.10224034901567552
