,Annualized Return,Annualized Vol,Sharpe Ratio,Max Drawdown,Skewness,Kurtosis,Cornish-Fisher VaR (5%),Historic CVaR (5%)
Mean Return,17.085806957806547,17.973249104075954,0.5546680418665182,-35.941846428067485,-1.4093488440691335,12.394453031983902,0.04190071179254408,0.05869707386757189
