,Annualized Return,Annualized Vol,Sharpe Ratio,Max Drawdown,Skewness,Kurtosis,Cornish-Fisher VaR (5%),Historic CVaR (5%)
Mean Return,13.451289475714368,24.752440276194204,0.2638562389100691,-45.4194682545508,-0.7921319451278395,5.993215087281023,0.05859830289213594,0.08333756734966007
