,Annualized Return,Annualized Vol,Sharpe Ratio,Max Drawdown,Skewness,Kurtosis,Cornish-Fisher VaR (5%),Historic CVaR (5%)
Mean Return,18.776259016687536,21.969744935122034,0.5259476969167342,-36.3766172681146,-1.2548991608896323,8.445572457904769,0.05286707903898994,0.07550742807592734
