,Annualized Return,Annualized Vol,Sharpe Ratio,Max Drawdown,Skewness,Kurtosis,Cornish-Fisher VaR (5%),Historic CVaR (5%)
Mean Return,21.1090729915832,23.165530563894908,0.5949929768953577,-42.60772437067749,-0.796016368818155,5.307235661254854,0.05392110162564098,0.07831859422776595
