,Annualized Return,Annualized Vol,Skewness,Kurtosis,Cornish-Fisher VaR (5%),Historic CVaR (5%),Sharpe Ratio,Max Drawdown
Mean Return,0.1262233740126666,0.2332596263300616,-0.6832820056209116,5.27315820359056,0.05481095581374105,0.0789536037449388,0.24818312476592325,-0.4671614598606918
