,Annualized Return,Annualized Vol,Sharpe Ratio,Max Drawdown,Skewness,Kurtosis,Cornish-Fisher VaR (5%),Historic CVaR (5%)
Mean Return,9.876211308071836,16.383547474237307,0.20226784772671344,-28.80955718467967,-0.5974035101301172,5.437967008921636,0.038174953221617965,0.05500898949930864
