,Annualized Return,Annualized Vol,Sharpe Ratio,Max Drawdown,Skewness,Kurtosis,Cornish-Fisher VaR (5%),Historic CVaR (5%)
Mean Return,9.711688367337356,18.107621814368212,0.1728052117859731,-38.50379446248074,-0.5519906076521193,9.052828038885911,0.040256960537550866,0.05684924643973931
