,Annualized Return,Annualized Vol,Skewness,Kurtosis,Cornish-Fisher VaR (5%),Historic CVaR (5%),Sharpe Ratio,Max Drawdown
Mean Return,0.1916561191614674,0.17957607565119668,-1.281648293521771,10.491823390871604,0.04213269790014071,0.058281597106293374,0.6684237443997504,-0.30794777647267163
