,Annualized Return,Annualized Vol,Sharpe Ratio,Max Drawdown,Skewness,Kurtosis,Cornish-Fisher VaR (5%),Historic CVaR (5%)
Mean Return,7.2337669980296,18.594915501628407,0.04448987399917118,-36.77848600062194,-0.7305081127769041,6.1481891359753,0.04453871132745689,0.06013413957092295
