,Annualized Return,Annualized Vol,Sharpe Ratio,Max Drawdown,Skewness,Kurtosis,Cornish-Fisher VaR (5%),Historic CVaR (5%)
Mean Return,30.2015336664033,24.67478189673797,0.9015261241151398,-36.48755240757687,-0.8530914170636055,5.578779363230972,0.05660290857096645,0.07965941816616758
