,Annualized Return,Annualized Vol,Sharpe Ratio,Max Drawdown,Skewness,Kurtosis,Cornish-Fisher VaR (5%),Historic CVaR (5%)
Mean Return,10.660144451640651,17.41858841456428,0.22649981248075296,-30.091212783659426,-0.8791611740658332,10.452865136459423,0.039470651472296905,0.05564801219542535
