,Annualized Return,Annualized Vol,Sharpe Ratio,Max Drawdown,Skewness,Kurtosis,Cornish-Fisher VaR (5%),Historic CVaR (5%)
Mean Return,13.77756076120642,17.25321422068803,0.39919162180357437,-31.416407456656625,-0.9316069727003505,8.719380145789648,0.039708551315228095,0.055698015550963355
