,Annualized Return,Annualized Vol,Sharpe Ratio,Max Drawdown,Skewness,Kurtosis,Cornish-Fisher VaR (5%),Historic CVaR (5%)
Mean Return,16.52052727748179,19.624763621355992,0.48061952117054313,-35.90722193003741,-0.7024197489173798,7.777176754943245,0.04394999659330723,0.06126818294568656
