,Annualized Return,Annualized Vol,Sharpe Ratio,Max Drawdown,Skewness,Kurtosis,Cornish-Fisher VaR (5%),Historic CVaR (5%)
Mean Return,10.69282752277192,17.54961745807961,0.232990081561257,-30.72769948464004,-0.3798796927248956,4.44366178043156,0.039953128448789656,0.05525977003864123
