,Annualized Return,Annualized Vol,Sharpe Ratio,Max Drawdown,Skewness,Kurtosis,Cornish-Fisher VaR (5%),Historic CVaR (5%)
Mean Return,8.239735806648497,20.56353620497788,0.09877645763825348,-36.2391390353358,-0.6417579060174375,5.128122329168398,0.05006060047345737,0.07248883119874523
