,Annualized Return,Annualized Vol,Sharpe Ratio,Max Drawdown,Skewness,Kurtosis,Cornish-Fisher VaR (5%),Historic CVaR (5%)
Mean Return,10.30606137932768,21.82815637282217,0.1663752250398298,-47.70076941616889,-0.7242968047657563,7.749085754010075,0.050396252454809984,0.07109949652951066
