,Annualized Return,Annualized Vol,Sharpe Ratio,Max Drawdown,Skewness,Kurtosis,Cornish-Fisher VaR (5%),Historic CVaR (5%)
Mean Return,8.797618859475964,20.386119500891937,0.12940235412379764,-39.608055696113894,-0.4228460274076904,8.425478626463187,0.04636112856011429,0.06617462613059723
