,Annualized Return,Annualized Vol,Sharpe Ratio,Max Drawdown,Skewness,Kurtosis,Cornish-Fisher VaR (5%),Historic CVaR (5%)
Mean Return,22.454933010752608,25.158848762221393,0.5953583880608614,-43.75499057008079,-0.6545452201606554,5.458683035249079,0.057283002482629186,0.08249808597923307
