,Annualized Return,Annualized Vol,Sharpe Ratio,Max Drawdown,Skewness,Kurtosis,Cornish-Fisher VaR (5%),Historic CVaR (5%)
Mean Return,10.353412194955114,16.41985637249393,0.24958422593041346,-29.875473387310304,-1.0805083604343295,11.95563500235291,0.03908307641746389,0.052603805758921686
