,Annualized Return,Annualized Vol,Sharpe Ratio,Max Drawdown,Skewness,Kurtosis,Cornish-Fisher VaR (5%),Historic CVaR (5%)
Mean Return,7.4751894545822095,22.278371424126544,0.04036393846286801,-51.19394968834114,-0.29076402589404454,4.822578495259835,0.050262603280669324,0.06798441406335694
