,Annualized Return,Annualized Vol,Sharpe Ratio,Max Drawdown,Skewness,Kurtosis,Cornish-Fisher VaR (5%),Historic CVaR (5%)
Mean Return,13.99754838687266,16.49416594737235,0.4259218064060308,-27.29789698742374,-0.74699220531497,8.892663443926715,0.036710112097748604,0.04975930021391059
