,Annualized Return,Annualized Vol,Sharpe Ratio,Max Drawdown,Skewness,Kurtosis,Cornish-Fisher VaR (5%),Historic CVaR (5%)
Mean Return,22.072946210105382,25.05260297433906,0.584927283626598,-52.79788773785381,-0.8752645632625635,5.891199682085722,0.058721381823776585,0.0857240152901113
