,Annualized Return,Annualized Vol,Sharpe Ratio,Max Drawdown,Skewness,Kurtosis,Cornish-Fisher VaR (5%),Historic CVaR (5%)
Mean Return,11.928230191873347,16.551614120814282,0.30615047447207966,-29.396221785555266,-1.1152246879685594,13.215377047571035,0.037285720310563396,0.05059475681384144
