,Annualized Return,Annualized Vol,Sharpe Ratio,Max Drawdown,Skewness,Kurtosis,Cornish-Fisher VaR (5%),Historic CVaR (5%)
Mean Return,9.504239400409364,16.48402358857939,0.1955796794229099,-33.18593229739743,-1.0721232442713111,8.839361462420888,0.040431136126710475,0.054632308770081975
