,Annualized Return,Annualized Vol,Sharpe Ratio,Max Drawdown,Skewness,Kurtosis,Cornish-Fisher VaR (5%),Historic CVaR (5%)
Mean Return,15.022210876024001,22.368578636923065,0.35933911689007947,-42.730371156968054,-0.9609509750316001,9.463821404683713,0.051655603409094676,0.07436752623805189
