,Annualized Return,Annualized Vol,Sharpe Ratio,Max Drawdown,Skewness,Kurtosis,Cornish-Fisher VaR (5%),Historic CVaR (5%)
Mean Return,11.059695961511329,17.253481813257153,0.2475242715942561,-40.29816638789407,-0.8159944406521878,8.486515716153734,0.039607307247110764,0.05446472922938311
