,Annualized Return,Annualized Vol,Sharpe Ratio,Max Drawdown,Skewness,Kurtosis,Cornish-Fisher VaR (5%),Historic CVaR (5%)
Mean Return,7.557673018919231,17.3243775158347,0.08013167148502177,-31.523705265960306,-0.9575531912145259,7.766620301024453,0.042773816645348135,0.05908741889582365
