,Annualized Return,Annualized Vol,Sharpe Ratio,Max Drawdown,Skewness,Kurtosis,Cornish-Fisher VaR (5%),Historic CVaR (5%)
Mean Return,12.623583729373443,23.351159188387737,0.2477595021759846,-51.196502832562686,-1.1179840312191824,9.141573228073177,0.055873342753847484,0.07932650766879412
