,Annualized Return,Annualized Vol,Sharpe Ratio,Max Drawdown,Skewness,Kurtosis,Cornish-Fisher VaR (5%),Historic CVaR (5%)
Mean Return,10.425985807955552,17.694485035806114,0.21006002969524418,-33.93290555962595,-0.7952911720968927,10.80298251051057,0.039486080613739996,0.05684127629654382
