,Annualized Return,Annualized Vol,Sharpe Ratio,Max Drawdown,Skewness,Kurtosis,Cornish-Fisher VaR (5%),Historic CVaR (5%)
Mean Return,11.549236356714232,18.58115283075592,0.2535762599003955,-30.742756151840332,-0.818932905774766,9.508246038006815,0.04218792405248355,0.057054990757712136
