,Annualized Return,Annualized Vol,Sharpe Ratio,Max Drawdown,Skewness,Kurtosis,Cornish-Fisher VaR (5%),Historic CVaR (5%)
Mean Return,14.759410486360537,16.065334077110556,0.4852735039239352,-30.82169038717718,-1.056446637933928,12.000617253789704,0.03585937892379343,0.05149620747641238
