,Annualized Return,Annualized Vol,Sharpe Ratio,Max Drawdown,Skewness,Kurtosis,Cornish-Fisher VaR (5%),Historic CVaR (5%)
Mean Return,7.245364434590362,16.348041861704036,0.05171456188368865,-33.49784720000956,-0.28162429131983513,4.533011852952405,0.03706559580210809,0.051867635410762995
