,Annualized Return,Annualized Vol,Sharpe Ratio,Max Drawdown,Skewness,Kurtosis,Cornish-Fisher VaR (5%),Historic CVaR (5%)
Mean Return,2.0784913866782606,22.42717445824424,-0.18651285070077928,-50.62902400568567,-0.7198708217354609,7.586596901449488,0.053401357492903215,0.07454024684516901
