,Annualized Return,Annualized Vol,Sharpe Ratio,Max Drawdown,Skewness,Kurtosis,Cornish-Fisher VaR (5%),Historic CVaR (5%)
Mean Return,13.64613182638763,17.136365282607454,0.3929592359067353,-32.538565902167484,-1.0882802385854369,10.844808828682192,0.039337763557679824,0.05404234764341934
