,Annualized Return,Annualized Vol,Sharpe Ratio,Max Drawdown,Skewness,Kurtosis,Cornish-Fisher VaR (5%),Historic CVaR (5%)
Mean Return,19.326942550677416,23.90637404853597,0.504974664538449,-48.922735590283125,-1.2454378446079561,8.07957182374925,0.05785408873716086,0.08243635674156856
