,Annualized Return,Annualized Vol,Sharpe Ratio,Max Drawdown,Skewness,Kurtosis,Cornish-Fisher VaR (5%),Historic CVaR (5%)
Mean Return,22.49488872669534,23.661360172197806,0.634690617342773,-49.90574382148452,-0.7694282329099651,5.578479754373551,0.05456298917138993,0.07575981190521518
