,Annualized Return,Annualized Vol,Sharpe Ratio,Max Drawdown,Skewness,Kurtosis,Cornish-Fisher VaR (5%),Historic CVaR (5%)
Mean Return,13.995393109737208,17.69647660647353,0.39726640697126414,-33.37732258620803,-0.673934931140122,7.1145758306801,0.03995376289620245,0.05674730057887963
