,Annualized Return,Annualized Vol,Sharpe Ratio,Max Drawdown,Skewness,Kurtosis,Cornish-Fisher VaR (5%),Historic CVaR (5%)
Mean Return,11.635981875392432,16.369775648477063,0.30466375505350435,-29.333306928647563,-0.4439447094677438,4.815260347099907,0.03720115256813972,0.05092310297047961
