,Annualized Return,Annualized Vol,Sharpe Ratio,Max Drawdown,Skewness,Kurtosis,Cornish-Fisher VaR (5%),Historic CVaR (5%)
Mean Return,11.309644504241213,16.993299754400738,0.2945400843985328,-29.58939697634805,-1.1874727224480808,12.919620439168291,0.0404703676752852,0.053810836501531574
