,Annualized Return,Annualized Vol,Sharpe Ratio,Max Drawdown,Skewness,Kurtosis,Cornish-Fisher VaR (5%),Historic CVaR (5%)
Mean Return,11.988575629938936,16.154447845638252,0.3186347172228072,-35.665669489079946,-1.088542644281643,8.552897919076022,0.03830691282516432,0.052410105147502384
