,Annualized Return,Annualized Vol,Sharpe Ratio,Max Drawdown,Skewness,Kurtosis,Cornish-Fisher VaR (5%),Historic CVaR (5%)
Mean Return,21.50224700062635,24.24927275897721,0.581485367990037,-37.08350684437789,-0.9119617301726722,5.61174827653096,0.05732842402380173,0.08022853489515892
