,Annualized Return,Annualized Vol,Sharpe Ratio,Max Drawdown,Skewness,Kurtosis,Cornish-Fisher VaR (5%),Historic CVaR (5%)
Mean Return,13.305988222010479,15.517136044750721,0.4516674255936721,-32.70483933791507,-0.9819233197628568,8.066333626154229,0.03788147927326789,0.05256790247347826
