,Annualized Return,Annualized Vol,Sharpe Ratio,Max Drawdown,Skewness,Kurtosis,Cornish-Fisher VaR (5%),Historic CVaR (5%)
Mean Return,11.775916455278379,17.22049617497826,0.28586811198481366,-36.74567427855596,-1.319719875733906,10.597418779101158,0.04131546530165306,0.05594334994564524
