,Annualized Return,Annualized Vol,Sharpe Ratio,Max Drawdown,Skewness,Kurtosis,Cornish-Fisher VaR (5%),Historic CVaR (5%)
Mean Return,7.391678641475341,16.844029183514238,0.0731217381563231,-33.098100613028016,-1.1005173020013588,8.807309637486886,0.04192494941154913,0.057483396367202906
