,Annualized Return,Annualized Vol,Sharpe Ratio,Max Drawdown,Skewness,Kurtosis,Cornish-Fisher VaR (5%),Historic CVaR (5%)
Mean Return,12.811047498465843,19.35618134591638,0.3064030415352483,-31.326585673992508,-0.6704244773282427,6.295268026556851,0.044509239581390705,0.06166482917162138
