,Annualized Return,Annualized Vol,Sharpe Ratio,Max Drawdown,Skewness,Kurtosis,Cornish-Fisher VaR (5%),Historic CVaR (5%)
Mean Return,13.371285609931306,19.45934621891536,0.33184129292013326,-34.50533355563158,-1.180218036643049,10.710318321207215,0.04569469686538285,0.0628282310903632
