,Annualized Return,Annualized Vol,Sharpe Ratio,Max Drawdown,Skewness,Kurtosis,Cornish-Fisher VaR (5%),Historic CVaR (5%)
Mean Return,11.89747299543431,15.431790866908427,0.3395150894314791,-28.628368790801805,-0.58356888978351,5.764413228736994,0.035285379818275446,0.049710251135847844
