,Annualized Return,Annualized Vol,Sharpe Ratio,Max Drawdown,Skewness,Kurtosis,Cornish-Fisher VaR (5%),Historic CVaR (5%)
Mean Return,14.480510778923827,17.589037419102386,0.4274454561948475,-33.38028987598115,-1.2789278942842484,11.018795890689256,0.04131999985118582,0.058352476591423855
