,Annualized Return,Annualized Vol,Sharpe Ratio,Max Drawdown,Skewness,Kurtosis,Cornish-Fisher VaR (5%),Historic CVaR (5%)
Mean Return,9.71997441312249,27.56450747847997,0.10842731403619538,-51.17798487438009,-0.6532675302645682,5.109942171880995,0.0654337375412361,0.09195384428932589
