,Annualized Return,Annualized Vol,Sharpe Ratio,Max Drawdown,Skewness,Kurtosis,Cornish-Fisher VaR (5%),Historic CVaR (5%)
Mean Return,14.528520341467921,17.766324163863665,0.42472729241979185,-30.26267146717322,-1.0992388499973458,12.637777944254882,0.03989357027759765,0.052865836244677
