,Annualized Return,Annualized Vol,Sharpe Ratio,Max Drawdown,Skewness,Kurtosis,Cornish-Fisher VaR (5%),Historic CVaR (5%)
Mean Return,20.741974516859795,31.99977425718617,0.4229101004920514,-31.563562422441183,-0.25083217985743406,5.890842275548782,0.06941315891429177,0.10432921731850926
