,Annualized Return,Annualized Vol,Sharpe Ratio,Max Drawdown,Skewness,Kurtosis,Cornish-Fisher VaR (5%),Historic CVaR (5%)
Mean Return,19.262664549967546,21.33532443962876,0.5605472123024564,-31.485555776882183,-0.9677123671371123,6.8378764330723465,0.050102951577939835,0.06978231231065074
