,Annualized Return,Annualized Vol,Sharpe Ratio,Max Drawdown,Skewness,Kurtosis,Cornish-Fisher VaR (5%),Historic CVaR (5%)
Mean Return,15.726265392670879,20.111503655757417,0.4364462508243661,-34.03964007290698,-1.0713964482771183,8.531609382295589,0.04781995082357432,0.06364429135531209
