,Annualized Return,Annualized Vol,Sharpe Ratio,Max Drawdown,Skewness,Kurtosis,Cornish-Fisher VaR (5%),Historic CVaR (5%)
Mean Return,18.640983254086763,33.928756642539646,0.3368625556864377,-66.41599468008684,-0.5154362384128777,4.733439712907375,0.0779106455930844,0.11239876090184664
