,Annualized Return,Annualized Vol,Sharpe Ratio,Max Drawdown,Skewness,Kurtosis,Cornish-Fisher VaR (5%),Historic CVaR (5%)
Mean Return,19.983533164785207,22.58699668392533,0.5626017072103913,-47.838451231377135,-0.8710965703740293,5.830775513267619,0.052970405456055525,0.07671204240848764
