,Annualized Return,Annualized Vol,Sharpe Ratio,Max Drawdown,Skewness,Kurtosis,Cornish-Fisher VaR (5%),Historic CVaR (5%)
Mean Return,8.24956396998655,19.790793054921032,0.08852451734451598,-33.524793908178665,-0.13529205437594277,4.494438212184672,0.0438178143695246,0.06203495180023905
