,Annualized Return,Annualized Vol,Sharpe Ratio,Max Drawdown,Skewness,Kurtosis,Cornish-Fisher VaR (5%),Historic CVaR (5%)
Mean Return,21.386760318598963,31.318703325710846,0.45149717239345327,-30.74997681142328,-0.38545421524275403,5.890080316951801,0.06937557978823515,0.1026229410744301
