,Annualized Return,Annualized Vol,Sharpe Ratio,Max Drawdown,Skewness,Kurtosis,Cornish-Fisher VaR (5%),Historic CVaR (5%)
Mean Return,9.808542024781097,15.799376909411922,0.23404895077691543,-31.286310089820557,-0.845599733282656,7.349998659454375,0.03883002885318463,0.05051837462370657
