,Annualized Return,Annualized Vol,Sharpe Ratio,Max Drawdown,Skewness,Kurtosis,Cornish-Fisher VaR (5%),Historic CVaR (5%)
Mean Return,8.925329413497751,22.90989364479966,0.09937370138883311,-53.99213473583588,-1.2947417049326502,8.360601641837517,0.05727176809734437,0.08187149863439794
