,Annualized Return,Annualized Vol,Sharpe Ratio,Max Drawdown,Skewness,Kurtosis,Cornish-Fisher VaR (5%),Historic CVaR (5%)
Mean Return,12.242619374608443,17.572155446513044,0.3111681953136457,-29.618864667468873,-0.7951917109878905,6.3401420462644955,0.04147145828853011,0.05835527718168926
