,Annualized Return,Annualized Vol,Sharpe Ratio,Max Drawdown,Skewness,Kurtosis,Cornish-Fisher VaR (5%),Historic CVaR (5%)
Mean Return,11.800599718902083,17.378414342084845,0.2884730477901345,-35.83307033392032,-0.7723389745609515,11.643116195485682,0.03795711046930244,0.05418301431570946
