,Annualized Return,Annualized Vol,Sharpe Ratio,Max Drawdown,Skewness,Kurtosis,Cornish-Fisher VaR (5%),Historic CVaR (5%)
Mean Return,6.49189236613561,17.327466860594367,0.02188579087082616,-31.52370526596031,-1.004833624338571,7.88294967340057,0.04321568405441768,0.05908741889582365
