,Annualized Return,Annualized Vol,Sharpe Ratio,Max Drawdown,Skewness,Kurtosis,Cornish-Fisher VaR (5%),Historic CVaR (5%)
Mean Return,14.935550781295092,17.816890646315468,0.44776979342021433,-31.012903403879033,-0.9394140188215228,9.341260010381466,0.04060432818230482,0.05750302184588343
