,Annualized Return,Annualized Vol,Skewness,Kurtosis,Cornish-Fisher VaR (5%),Historic CVaR (5%),Sharpe Ratio,Max Drawdown
Mean Return,0.13928603391997485,0.336743316881941,-0.259937589386568,4.203095001060881,0.0753722187244169,0.10406060148803035,0.2061409410525744,-0.5071263503025665
