,Annualized Return,Annualized Vol,Skewness,Kurtosis,Cornish-Fisher VaR (5%),Historic CVaR (5%),Sharpe Ratio,Max Drawdown
Mean Return,0.056978869900068396,0.257739072918113,-1.3338649579997008,8.458789741441818,0.06539406380710025,0.09274425771324545,-0.028792733973696326,-0.6644002462268486
