,Annualized Return,Annualized Vol,Sharpe Ratio,Max Drawdown,Skewness,Kurtosis,Cornish-Fisher VaR (5%),Historic CVaR (5%)
Mean Return,16.622673285531352,18.465297346057582,0.516295337146842,-36.97792816744108,-1.4076679613940795,12.970741547253981,0.04289124505712291,0.06002550854841324
