,Annualized Return,Annualized Vol,Skewness,Kurtosis,Cornish-Fisher VaR (5%),Historic CVaR (5%),Sharpe Ratio,Max Drawdown
Mean Return,0.19465799117845473,0.22527393353403574,-0.9845009863158627,6.399126362410353,0.053437336229223635,0.07478615722967244,0.53934348328303,-0.3327698367828078
