,Annualized Return,Annualized Vol,Skewness,Kurtosis,Cornish-Fisher VaR (5%),Historic CVaR (5%),Sharpe Ratio,Max Drawdown
Mean Return,0.11195786421695275,0.1809607676468118,-1.081385807895114,10.80773555124841,0.042049740078917916,0.06007481370871712,0.24584791480880283,-0.32124006257571114
