,Annualized Return,Annualized Vol,Sharpe Ratio,Max Drawdown,Skewness,Kurtosis,Cornish-Fisher VaR (5%),Historic CVaR (5%)
Mean Return,11.282224618188085,17.649663948703566,0.2610420132615591,-34.55569792822534,-0.6153295997730813,8.594540239237467,0.039560684790762884,0.05548783023824535
