,Annualized Return,Annualized Vol,Sharpe Ratio,Max Drawdown,Skewness,Kurtosis,Cornish-Fisher VaR (5%),Historic CVaR (5%)
Mean Return,9.689342521846168,19.49644398283859,0.1536635461388673,-39.36332192597953,-0.970585073280158,13.59146664616999,0.04345812113390266,0.06305368105488625
