,Annualized Return,Annualized Vol,Skewness,Kurtosis,Cornish-Fisher VaR (5%),Historic CVaR (5%),Sharpe Ratio,Max Drawdown
Mean Return,0.03547548109391818,0.3144103341309142,-0.5141700183541911,5.609348040402748,0.07384084270918605,0.10788123736303563,-0.08796446235931109,-0.7354457693431671
