,Annualized Return,Annualized Vol,Sharpe Ratio,Max Drawdown,Skewness,Kurtosis,Cornish-Fisher VaR (5%),Historic CVaR (5%)
Mean Return,13.78440056177881,16.62320324284774,0.4102185560007076,-27.298084110625986,-0.8550776597565564,10.13243650954945,0.037100591765092915,0.05061885073022467
