,Annualized Return,Annualized Vol,Skewness,Kurtosis,Cornish-Fisher VaR (5%),Historic CVaR (5%),Sharpe Ratio,Max Drawdown
Mean Return,0.1322553817967549,0.2667928753528219,-0.8795909948424926,6.3199552832013515,0.06390614799288467,0.09001345401946279,0.2374713161148876,-0.5374601175383438
