,Annualized Return,Annualized Vol,Sharpe Ratio,Max Drawdown,Skewness,Kurtosis,Cornish-Fisher VaR (5%),Historic CVaR (5%)
Mean Return,14.331026876539354,16.577448075128355,0.44214817159699876,-30.079568561397817,-0.9112833629905878,11.238296125801902,0.03670824497133893,0.050128583504033486
