,Annualized Return,Annualized Vol,Sharpe Ratio,Max Drawdown,Skewness,Kurtosis,Cornish-Fisher VaR (5%),Historic CVaR (5%)
Mean Return,7.798341470888226,19.523695343177923,0.06095102666486887,-42.03509054201427,-0.7776123697010948,8.06110914768806,0.045583165429439174,0.06192611738610575
