,Annualized Return,Annualized Vol,Sharpe Ratio,Max Drawdown,Skewness,Kurtosis,Cornish-Fisher VaR (5%),Historic CVaR (5%)
Mean Return,19.820844400820683,26.722230464321285,0.46727431623496174,-39.69788051112053,-0.602688839157176,5.339914350961357,0.06106292133565713,0.08539880368264544
