,Annualized Return,Annualized Vol,Sharpe Ratio,Max Drawdown,Skewness,Kurtosis,Cornish-Fisher VaR (5%),Historic CVaR (5%)
Mean Return,10.63334708794137,16.499897622548723,0.27136816555984433,-29.984233505255148,-0.5804059770840144,6.0601099642830105,0.03945374848849023,0.05188125065158909
