,Annualized Return,Annualized Vol,Skewness,Kurtosis,Cornish-Fisher VaR (5%),Historic CVaR (5%),Sharpe Ratio,Max Drawdown
Mean Return,0.13658664349601946,0.16394439441994277,-1.1869450189507516,10.017236484698584,0.03882186764418848,0.05436073820956033,0.4160918887955873,-0.2899912972966411
