,Annualized Return,Annualized Vol,Sharpe Ratio,Max Drawdown,Skewness,Kurtosis,Cornish-Fisher VaR (5%),Historic CVaR (5%)
Mean Return,7.58096402824433,24.984623003337003,0.042723549059986474,-58.956747251345575,-0.7156994402564962,7.946122000733653,0.05815211660759735,0.08082524782180708
