,Annualized Return,Annualized Vol,Sharpe Ratio,Max Drawdown,Skewness,Kurtosis,Cornish-Fisher VaR (5%),Historic CVaR (5%)
Mean Return,18.515560026986556,17.517548324329155,0.645402964084005,-33.10431622992467,-0.9625121114724761,10.94336478035627,0.0386761532744674,0.053430373610662045
