,Annualized Return,Annualized Vol,Sharpe Ratio,Max Drawdown,Skewness,Kurtosis,Cornish-Fisher VaR (5%),Historic CVaR (5%)
Mean Return,19.636558187827834,19.541860632229945,0.6327245403085353,-33.28170716927796,-1.1627536947168846,10.627182902963016,0.04477897673744215,0.06244092930094867
