,Annualized Return,Annualized Vol,Sharpe Ratio,Max Drawdown,Skewness,Kurtosis,Cornish-Fisher VaR (5%),Historic CVaR (5%)
Mean Return,18.56702630999356,24.653288398075908,0.4600108660743593,-32.844764235482685,-0.7353502419731814,5.32372667136464,0.057473275177127865,0.08299378453302755
