,Annualized Return,Annualized Vol,Sharpe Ratio,Max Drawdown,Skewness,Kurtosis,Cornish-Fisher VaR (5%),Historic CVaR (5%)
Mean Return,10.870236753226802,17.726304758901893,0.2316653538138167,-30.305060665881534,-0.5065272827614253,4.8649772785026535,0.04058257823223114,0.05667238104814897
