,Annualized Return,Annualized Vol,Sharpe Ratio,Max Drawdown,Skewness,Kurtosis,Cornish-Fisher VaR (5%),Historic CVaR (5%)
Mean Return,10.381749635676464,17.12114416635303,0.2405059391436789,-30.75779083932588,-1.1386013538703097,12.98290706875411,0.0406449019185432,0.053944318527479274
