,Annualized Return,Annualized Vol,Sharpe Ratio,Max Drawdown,Skewness,Kurtosis,Cornish-Fisher VaR (5%),Historic CVaR (5%)
Mean Return,21.26415418489116,23.332987310670287,0.5952389701659185,-35.93483412058983,-0.9781881948397044,6.2250725735881245,0.05523011151071961,0.08117599574911757
