,Annualized Return,Annualized Vol,Sharpe Ratio,Max Drawdown,Skewness,Kurtosis,Cornish-Fisher VaR (5%),Historic CVaR (5%)
Mean Return,6.363006064936272,17.533168294125915,0.014464032264983072,-33.13828436906016,-0.9102305663433453,7.316228191183753,0.04346565292459805,0.05957056712527082
