,Annualized Return,Annualized Vol,Sharpe Ratio,Max Drawdown,Skewness,Kurtosis,Cornish-Fisher VaR (5%),Historic CVaR (5%)
Mean Return,7.9254338390123635,19.849539648491852,0.09655058099867075,-33.19922583369694,-0.36874037285646466,4.54058880190354,0.047607474258549644,0.06395389384508987
