,Annualized Return,Annualized Vol,Sharpe Ratio,Max Drawdown,Skewness,Kurtosis,Cornish-Fisher VaR (5%),Historic CVaR (5%)
Mean Return,10.16227134098071,16.86414261878369,0.23253654769662724,-28.951208302983584,-1.3994169864418278,14.590147178927083,0.0407571293790992,0.053274641859097936
