,Annualized Return,Annualized Vol,Sharpe Ratio,Max Drawdown,Skewness,Kurtosis,Cornish-Fisher VaR (5%),Historic CVaR (5%)
Mean Return,23.882697004415434,24.153789878938863,0.698851956108072,-38.61111910301263,-0.9492457623976025,6.812025387929884,0.05831814419791025,0.08218479075407999
