,Annualized Return,Annualized Vol,Sharpe Ratio,Max Drawdown,Skewness,Kurtosis,Cornish-Fisher VaR (5%),Historic CVaR (5%)
Mean Return,13.794310186205072,18.242522901211267,0.376754655830347,-31.566744253125744,-1.1873161320728738,9.052878159307204,0.043508700339382395,0.06330241609794933
