,Annualized Return,Annualized Vol,Sharpe Ratio,Max Drawdown,Skewness,Kurtosis,Cornish-Fisher VaR (5%),Historic CVaR (5%)
Mean Return,25.90295785976022,22.512188980253615,0.8344461595227367,-35.363695696964776,-1.0139021290140637,7.109888708421383,0.05408619115213292,0.0768891091381263
