,Annualized Return,Annualized Vol,Sharpe Ratio,Max Drawdown,Skewness,Kurtosis,Cornish-Fisher VaR (5%),Historic CVaR (5%)
Mean Return,20.57299702158515,27.231776364744555,0.4865283934531217,-58.70755105730914,-0.6863000122068965,4.904749494209031,0.06330261177386709,0.0916084794531795
