,Annualized Return,Annualized Vol,Sharpe Ratio,Max Drawdown,Skewness,Kurtosis,Cornish-Fisher VaR (5%),Historic CVaR (5%)
Mean Return,13.4967207691993,16.23103889103312,0.4037030983372111,-35.66571952602299,-1.154256025574561,8.865372594780474,0.03845832859520023,0.053001664002315256
