,Annualized Return,Annualized Vol,Sharpe Ratio,Max Drawdown,Skewness,Kurtosis,Cornish-Fisher VaR (5%),Historic CVaR (5%)
Mean Return,17.808679080980717,17.215192881752767,0.6181769069394726,-33.38021579921948,-1.077997803451853,9.213162607057631,0.039580136414390094,0.056657758015291895
