,Annualized Return,Annualized Vol,Sharpe Ratio,Max Drawdown,Skewness,Kurtosis,Cornish-Fisher VaR (5%),Historic CVaR (5%)
Mean Return,10.153019446904255,23.837702244276223,0.14466649854293426,-58.92292071586586,-1.0952798562292283,7.28537054235579,0.05855240484751563,0.08461211413046534
