,Annualized Return,Annualized Vol,Sharpe Ratio,Max Drawdown,Skewness,Kurtosis,Cornish-Fisher VaR (5%),Historic CVaR (5%)
Mean Return,25.006450056933737,32.549182723015065,0.5362464707960696,-61.842080368027084,-0.1932979668875805,4.006792437149086,0.0703527375433356,0.09696852796352388
