,Annualized Return,Annualized Vol,Sharpe Ratio,Max Drawdown,Skewness,Kurtosis,Cornish-Fisher VaR (5%),Historic CVaR (5%)
Mean Return,20.847648766674286,24.46968675865973,0.5725268001844347,-35.183879755578516,-0.7450768776743613,5.508752324209032,0.05879469260755842,0.08367860463197095
