,Annualized Return,Annualized Vol,Sharpe Ratio,Max Drawdown,Skewness,Kurtosis,Cornish-Fisher VaR (5%),Historic CVaR (5%)
Mean Return,21.872503874562366,22.505698537025893,0.6412555722459666,-42.187445186962584,-0.7725036450888897,5.540991782945006,0.051876095571973806,0.07533898825245615
