,Annualized Return,Annualized Vol,Sharpe Ratio,Max Drawdown,Skewness,Kurtosis,Cornish-Fisher VaR (5%),Historic CVaR (5%)
Mean Return,6.068824390709082,18.55868777119433,-0.014694297796840458,-36.77848600062194,-0.7096429476214194,6.050018533048863,0.044579394730935674,0.05893179081594198
