,Annualized Return,Annualized Vol,Sharpe Ratio,Max Drawdown,Skewness,Kurtosis,Cornish-Fisher VaR (5%),Historic CVaR (5%)
Mean Return,10.513161596132715,22.734767208547236,0.16659441120350707,-56.116567804595896,-1.1739809692140817,7.971751642542912,0.055880864207264375,0.08138693229934216
