,Annualized Return,Annualized Vol,Sharpe Ratio,Max Drawdown,Skewness,Kurtosis,Cornish-Fisher VaR (5%),Historic CVaR (5%)
Mean Return,10.812659499132504,17.094224044076704,0.23555164220288993,-33.449258814153026,-0.7412967454857837,9.269448662681615,0.03845059926813661,0.05131580877711301
