,Annualized Return,Annualized Vol,Sharpe Ratio,Max Drawdown,Skewness,Kurtosis,Cornish-Fisher VaR (5%),Historic CVaR (5%)
Mean Return,11.1355072688051,20.852781030454288,0.20736023146609175,-41.11972320736478,-0.3896328561898182,5.949263640737737,0.04648255668866331,0.06498005725959792
