,Annualized Return,Annualized Vol,Sharpe Ratio,Max Drawdown,Skewness,Kurtosis,Cornish-Fisher VaR (5%),Historic CVaR (5%)
Mean Return,20.26092414328251,23.325267306086637,0.5552163854740206,-46.01214015046629,-1.3052212756304222,8.433365930090444,0.05645299233388821,0.08066960098185211
