,Annualized Return,Annualized Vol,Sharpe Ratio,Max Drawdown,Skewness,Kurtosis,Cornish-Fisher VaR (5%),Historic CVaR (5%)
Mean Return,18.180754801690256,16.88405142202098,0.6540887572227522,-28.624059293183652,-0.7490969384423112,6.300712263431069,0.03812053197190238,0.05527529242429266
