,Annualized Return,Annualized Vol,Sharpe Ratio,Max Drawdown,Skewness,Kurtosis,Cornish-Fisher VaR (5%),Historic CVaR (5%)
Mean Return,20.456483402696502,24.668643445935036,0.531079471270689,-54.14007441820281,-0.7814664892286379,5.689503897312051,0.05737826186552877,0.07933775966471746
