,Annualized Return,Annualized Vol,Sharpe Ratio,Max Drawdown,Skewness,Kurtosis,Cornish-Fisher VaR (5%),Historic CVaR (5%)
Mean Return,12.165498807748243,16.52772835536636,0.3521366291089875,-28.806246861667656,-1.2373785465445397,13.996481868576964,0.03891610113127782,0.05102625833628013
