,Annualized Return,Annualized Vol,Skewness,Kurtosis,Cornish-Fisher VaR (5%),Historic CVaR (5%),Sharpe Ratio,Max Drawdown
Mean Return,0.13857287857802114,0.16134696584691108,-1.390152077598727,10.6967434210064,0.038908416224004726,0.054094639160141345,0.43437705809649757,-0.29260920991157396
