,Annualized Return,Annualized Vol,Sharpe Ratio,Max Drawdown,Skewness,Kurtosis,Cornish-Fisher VaR (5%),Historic CVaR (5%)
Mean Return,12.22527714722601,17.30533527916231,0.3196542951283068,-29.68559120400172,-0.36609394955093544,4.461488878459877,0.039003434064908506,0.053982163718325586
