,Annualized Return,Annualized Vol,Sharpe Ratio,Max Drawdown,Skewness,Kurtosis,Cornish-Fisher VaR (5%),Historic CVaR (5%)
Mean Return,12.107943577562219,21.41015415340009,0.24781385711294968,-47.14209531805556,-1.2397466882939276,8.401878687161142,0.052466113306473744,0.07221067967339341
