,Annualized Return,Annualized Vol,Sharpe Ratio,Max Drawdown,Skewness,Kurtosis,Cornish-Fisher VaR (5%),Historic CVaR (5%)
Mean Return,17.802270261761933,25.376526846114057,0.4228256553818626,-49.577808762490896,-0.5214297297109755,4.847081596287742,0.058296853491172064,0.08205355731765422
