,Annualized Return,Annualized Vol,Sharpe Ratio,Max Drawdown,Skewness,Kurtosis,Cornish-Fisher VaR (5%),Historic CVaR (5%)
Mean Return,14.39897126064591,24.852133290812457,0.29724120853987324,-39.41765388217252,-0.827146506434755,5.543967932365374,0.05931787190727262,0.0832150328777947
