,Annualized Return,Annualized Vol,Sharpe Ratio,Max Drawdown,Skewness,Kurtosis,Cornish-Fisher VaR (5%),Historic CVaR (5%)
Mean Return,8.092553014589555,16.897963577033277,0.11244801572190308,-31.608347727505283,-0.7901608399240426,6.127203754809124,0.041390667662791154,0.05680727776866517
