,Annualized Return,Annualized Vol,Sharpe Ratio,Max Drawdown,Skewness,Kurtosis,Cornish-Fisher VaR (5%),Historic CVaR (5%)
Mean Return,21.5693253652004,22.034367998187623,0.6420444747714625,-41.782669679863965,-0.7735024682633509,5.553236165551663,0.0507685135965426,0.0738266542227298
