,Annualized Return,Annualized Vol,Sharpe Ratio,Max Drawdown,Skewness,Kurtosis,Cornish-Fisher VaR (5%),Historic CVaR (5%)
Mean Return,13.956499008263856,17.586095664348246,0.39759572817156963,-34.50533355563158,-0.8686138197836172,10.79314290561399,0.0390941991676873,0.05116322571370773
