,Annualized Return,Annualized Vol,Sharpe Ratio,Max Drawdown,Skewness,Kurtosis,Cornish-Fisher VaR (5%),Historic CVaR (5%)
Mean Return,21.84747171553687,24.312853206395765,0.5942791871556858,-45.595081780026426,-0.7875009362827672,5.450242503682774,0.05649920997973526,0.0820375000125874
