,Annualized Return,Annualized Vol,Sharpe Ratio,Max Drawdown,Skewness,Kurtosis,Cornish-Fisher VaR (5%),Historic CVaR (5%)
Mean Return,14.411887975230231,20.532820935180123,0.36212479626070465,-36.05731549213312,-1.1732388467379093,10.692593004639424,0.04811296385607458,0.06538315027136325
