,Annualized Return,Annualized Vol,Sharpe Ratio,Max Drawdown,Skewness,Kurtosis,Cornish-Fisher VaR (5%),Historic CVaR (5%)
Mean Return,17.994545582695622,34.54527746456914,0.3310334320279297,-57.53079423019983,0.09746985811430306,4.1357666132048205,0.07548215036607717,0.10645840999774132
