,Annualized Return,Annualized Vol,Sharpe Ratio,Max Drawdown,Skewness,Kurtosis,Cornish-Fisher VaR (5%),Historic CVaR (5%)
Mean Return,12.10626139606843,14.83088448269038,0.3654654883981335,-29.605918872039133,-0.5780174566840924,5.910997405476763,0.03372309776539124,0.04654427215149294
