,Annualized Return,Annualized Vol,Skewness,Kurtosis,Cornish-Fisher VaR (5%),Historic CVaR (5%),Sharpe Ratio,Max Drawdown
Mean Return,0.2716785009387295,0.25876118954637795,-0.7212131307847462,4.690848199512056,0.060006268995217875,0.08701534121183264,0.7537793982356645,-0.30371745671038386
