,Annualized Return,Annualized Vol,Sharpe Ratio,Max Drawdown,Skewness,Kurtosis,Cornish-Fisher VaR (5%),Historic CVaR (5%)
Mean Return,20.379278830776304,23.69329435316854,0.5527589046996207,-44.68639028913519,-0.7592443839273254,5.266506456039956,0.05505887742226779,0.0799641644649723
