,Annualized Return,Annualized Vol,Sharpe Ratio,Max Drawdown,Skewness,Kurtosis,Cornish-Fisher VaR (5%),Historic CVaR (5%)
Mean Return,22.362610149478247,26.214844824705217,0.5682639408604905,-48.93749962896525,-0.5897097116159455,4.498658037053782,0.05994990690068259,0.08461962273520017
