,Annualized Return,Annualized Vol,Skewness,Kurtosis,Cornish-Fisher VaR (5%),Historic CVaR (5%),Sharpe Ratio,Max Drawdown
Mean Return,0.10780757572121757,0.17795816802325704,-0.9991072389475185,10.564186190629968,0.04102014124174279,0.058297879903248945,0.22806723038274682,-0.3177550570498831
