,Annualized Return,Annualized Vol,Sharpe Ratio,Max Drawdown,Skewness,Kurtosis,Cornish-Fisher VaR (5%),Historic CVaR (5%)
Mean Return,13.148907435466661,17.034102275221493,0.3678715056615945,-32.47776337430206,-1.23137845362137,11.473111380420344,0.039687456750531744,0.05542820945050832
