,Annualized Return,Annualized Vol,Sharpe Ratio,Max Drawdown,Skewness,Kurtosis,Cornish-Fisher VaR (5%),Historic CVaR (5%)
Mean Return,22.614874187804055,28.453685613861545,0.5344207690181624,-53.475121264907564,-0.5654711797365845,4.74362579200369,0.06481149235163877,0.09276384880223645
