,Annualized Return,Annualized Vol,Sharpe Ratio,Max Drawdown,Skewness,Kurtosis,Cornish-Fisher VaR (5%),Historic CVaR (5%)
Mean Return,11.01246066220989,17.656378967020586,0.23954209971172424,-36.64299194904325,-0.9628627461453954,7.778036957933297,0.0418404209588762,0.05895315440015903
