,Annualized Return,Annualized Vol,Sharpe Ratio,Max Drawdown,Skewness,Kurtosis,Cornish-Fisher VaR (5%),Historic CVaR (5%)
Mean Return,14.946647380271006,25.895288905936575,0.30649270390250977,-57.16029079449771,0.07344651835443362,6.452902890341406,0.05243057060237389,0.07666926607771112
