,Annualized Return,Annualized Vol,Sharpe Ratio,Max Drawdown,Skewness,Kurtosis,Cornish-Fisher VaR (5%),Historic CVaR (5%)
Mean Return,14.987373542741778,25.796455094133776,0.30982922318038547,-62.77648073669682,-1.0546995155657082,6.952353574958489,0.06252891068688383,0.08897970598729536
