,Annualized Return,Annualized Vol,Sharpe Ratio,Max Drawdown,Skewness,Kurtosis,Cornish-Fisher VaR (5%),Historic CVaR (5%)
Mean Return,11.667292474771118,20.207735564047763,0.238522199581029,-37.23288206740993,-0.7764467897543729,7.490205213993364,0.04684604645356496,0.06567366718492172
