,Annualized Return,Annualized Vol,Sharpe Ratio,Max Drawdown,Skewness,Kurtosis,Cornish-Fisher VaR (5%),Historic CVaR (5%)
Mean Return,12.633073583265597,17.181962299743244,0.3346337758680367,-39.09802948777777,-0.9174960351604404,9.142259381705763,0.03945812146268467,0.05409672988203412
