,Annualized Return,Annualized Vol,Sharpe Ratio,Max Drawdown,Skewness,Kurtosis,Cornish-Fisher VaR (5%),Historic CVaR (5%)
Mean Return,15.140298506107186,18.221251318016186,0.4467132081002484,-37.14093909174137,-1.3938945142789378,11.766925819218324,0.04306967080374262,0.059618094527553685
