,Annualized Return,Annualized Vol,Sharpe Ratio,Max Drawdown,Skewness,Kurtosis,Cornish-Fisher VaR (5%),Historic CVaR (5%)
Mean Return,11.039659537000524,16.640377188686195,0.25433091463483065,-30.23503508814196,-1.0041693419335274,12.232111963073063,0.03748073797337404,0.05167828141111132
