,Annualized Return,Annualized Vol,Sharpe Ratio,Max Drawdown,Skewness,Kurtosis,Cornish-Fisher VaR (5%),Historic CVaR (5%)
Mean Return,8.409318941128241,16.774383823802104,0.13086126338510162,-33.1076606222895,-1.0750942327321822,8.654278777147999,0.0414800544895477,0.05593846426781836
