,Annualized Return,Annualized Vol,Sharpe Ratio,Max Drawdown,Skewness,Kurtosis,Cornish-Fisher VaR (5%),Historic CVaR (5%)
Mean Return,10.919705952864621,24.544790226408537,0.17060520639558233,-49.595814937220176,-0.7013890543273339,5.425760513717006,0.05811451289368287,0.08379273760474582
