,Annualized Return,Annualized Vol,Sharpe Ratio,Max Drawdown,Skewness,Kurtosis,Cornish-Fisher VaR (5%),Historic CVaR (5%)
Mean Return,9.294521357995045,16.191808516567786,0.16898683281914575,-33.37766058172974,-0.40273837010690294,5.124650272303778,0.03680781982993787,0.0523339598603709
