,Annualized Return,Annualized Vol,Sharpe Ratio,Max Drawdown,Skewness,Kurtosis,Cornish-Fisher VaR (5%),Historic CVaR (5%)
Mean Return,13.818384892356693,32.213925983254576,0.21385937124995613,-60.67189684024046,-0.6246358282204774,5.905198516983077,0.0748582466606311,0.1119760916829525
