,Annualized Return,Annualized Vol,Sharpe Ratio,Max Drawdown,Skewness,Kurtosis,Cornish-Fisher VaR (5%),Historic CVaR (5%)
Mean Return,2.32873117046688,19.968020979705766,-0.18950571850759265,-37.241517882965155,-0.2783517163708216,4.303444745297918,0.046535363235108,0.06447857853529636
