,Annualized Return,Annualized Vol,Sharpe Ratio,Max Drawdown,Skewness,Kurtosis,Cornish-Fisher VaR (5%),Historic CVaR (5%)
Mean Return,14.469076813246984,17.31885579965842,0.43521941605992104,-35.49876710467967,-0.8323830439904207,11.436200183709184,0.03783737353103245,0.056113346142680334
