,Annualized Return,Annualized Vol,Sharpe Ratio,Max Drawdown,Skewness,Kurtosis,Cornish-Fisher VaR (5%),Historic CVaR (5%)
Mean Return,4.652877032388747,30.863229436919482,-0.05548165996148368,-55.93533833121488,-0.15076643121647568,4.616519860290134,0.06893431881828885,0.09647754750376432
