,Annualized Return,Annualized Vol,Sharpe Ratio,Max Drawdown,Skewness,Kurtosis,Cornish-Fisher VaR (5%),Historic CVaR (5%)
Mean Return,10.614134326705083,16.779566902204163,0.2594863478953697,-30.567889860763504,-1.0727726584634996,12.472725506356504,0.03961487185932244,0.05129621920001849
