,Annualized Return,Annualized Vol,Sharpe Ratio,Max Drawdown,Skewness,Kurtosis,Cornish-Fisher VaR (5%),Historic CVaR (5%)
Mean Return,15.653416980848256,18.280352438205334,0.47063064773568986,-36.59986127966622,-1.3607251052284273,11.867559597195823,0.042892406852716024,0.05970229345551097
