,Annualized Return,Annualized Vol,Sharpe Ratio,Max Drawdown,Skewness,Kurtosis,Cornish-Fisher VaR (5%),Historic CVaR (5%)
Mean Return,19.869010329186843,19.09181199320969,0.6592418962286188,-36.83492424900557,-1.3300398030413443,13.348142926518463,0.04322533536893492,0.06038002346939953
