,Annualized Return,Annualized Vol,Sharpe Ratio,Max Drawdown,Skewness,Kurtosis,Cornish-Fisher VaR (5%),Historic CVaR (5%)
Mean Return,11.432603004189756,15.924382208082182,0.32207159666275065,-29.355772985451523,-1.0030303657582302,11.01319642577066,0.03765217382215601,0.05095601230569147
