,Annualized Return,Annualized Vol,Sharpe Ratio,Max Drawdown,Skewness,Kurtosis,Cornish-Fisher VaR (5%),Historic CVaR (5%)
Mean Return,13.553851384690564,17.379263764905836,0.37959709673260017,-35.20843481693026,-0.9480387126883781,10.621002164923937,0.039243098182395734,0.05293372287968469
