,Annualized Return,Annualized Vol,Sharpe Ratio,Max Drawdown,Skewness,Kurtosis,Cornish-Fisher VaR (5%),Historic CVaR (5%)
Mean Return,9.771634764485793,18.715807227567385,0.1642194141061971,-30.570563545278905,-0.6736756861267823,5.5860943188638235,0.04389117015539595,0.0602873675408356
