,Annualized Return,Annualized Vol,Sharpe Ratio,Max Drawdown,Skewness,Kurtosis,Cornish-Fisher VaR (5%),Historic CVaR (5%)
Mean Return,11.714427268301408,17.587404593435124,0.2797067330087037,-33.27806091428825,-1.3223909008629355,11.94987844092681,0.04157270869638735,0.059413929416122085
