,Annualized Return,Annualized Vol,Sharpe Ratio,Max Drawdown,Skewness,Kurtosis,Cornish-Fisher VaR (5%),Historic CVaR (5%)
Mean Return,6.973954683106931,16.72879846124861,0.05042492605747592,-31.477935898598915,-0.9404634602931067,7.67881367785887,0.04132528009568632,0.056219047150872524
