,Annualized Return,Annualized Vol,Sharpe Ratio,Max Drawdown,Skewness,Kurtosis,Cornish-Fisher VaR (5%),Historic CVaR (5%)
Mean Return,19.545592419134962,31.521226443575788,0.3894129655370383,-56.3249561734987,-0.6198307287667766,5.338959487724724,0.07271358927960705,0.10209940056045691
