,Annualized Return,Annualized Vol,Skewness,Kurtosis,Cornish-Fisher VaR (5%),Historic CVaR (5%),Sharpe Ratio,Max Drawdown
Mean Return,0.056873870009352734,0.2599850381812999,-1.1982594990033852,7.818890579701905,0.0652808111139791,0.0922081580901695,-0.02892546611085261,-0.6773706164260567
