,Annualized Return,Annualized Vol,Sharpe Ratio,Max Drawdown,Skewness,Kurtosis,Cornish-Fisher VaR (5%),Historic CVaR (5%)
Mean Return,26.33654375814416,23.344925049376556,0.8038430084892456,-42.46408115257557,-0.9238274215850866,5.845679676046332,0.05476135742610878,0.08020623320701502
