,Annualized Return,Annualized Vol,Sharpe Ratio,Max Drawdown,Skewness,Kurtosis,Cornish-Fisher VaR (5%),Historic CVaR (5%)
Mean Return,28.94964440396224,23.777240935553433,0.8860795153550202,-31.813066132196127,-0.7069574267685793,5.4119304721663015,0.05345239599828323,0.07569674803927641
