,Annualized Return,Annualized Vol,Sharpe Ratio,Max Drawdown,Skewness,Kurtosis,Cornish-Fisher VaR (5%),Historic CVaR (5%)
Mean Return,14.254981451179049,17.69596151765376,0.4099130534785606,-37.483524335822615,-1.2864048008427216,10.611800026826963,0.041888558330196175,0.05708355061193119
