,Annualized Return,Annualized Vol,Sharpe Ratio,Max Drawdown,Skewness,Kurtosis,Cornish-Fisher VaR (5%),Historic CVaR (5%)
Mean Return,5.530655727294431,22.564066589407965,-0.04171412582731419,-45.7544993533315,-0.4827191187652529,6.572492852567125,0.05178678306419295,0.0702208874736991
