,Annualized Return,Annualized Vol,Sharpe Ratio,Max Drawdown,Skewness,Kurtosis,Cornish-Fisher VaR (5%),Historic CVaR (5%)
Mean Return,12.195975941027815,15.669717975474962,0.34163918692378775,-29.761889989449987,-0.6525320473180508,6.936461511142099,0.035370036963192755,0.050196026730187804
