,Annualized Return,Annualized Vol,Sharpe Ratio,Max Drawdown,Skewness,Kurtosis,Cornish-Fisher VaR (5%),Historic CVaR (5%)
Mean Return,9.493391351483238,18.31193381106874,0.15965561578211496,-41.059152809671474,-0.42773872720804745,9.666842015335616,0.03960410293621739,0.05801075241919919
