,Annualized Return,Annualized Vol,Sharpe Ratio,Max Drawdown,Skewness,Kurtosis,Cornish-Fisher VaR (5%),Historic CVaR (5%)
Mean Return,18.467945330055514,17.181984586402187,0.6557085420762528,-33.27806091428825,-1.1855357431718663,11.240616136547125,0.03901920568368038,0.05488109198053003
