,Annualized Return,Annualized Vol,Sharpe Ratio,Max Drawdown,Skewness,Kurtosis,Cornish-Fisher VaR (5%),Historic CVaR (5%)
Mean Return,10.58385515667335,20.272443759926254,0.19205288999293066,-44.419865967417095,-0.8944630764576021,7.822306565191712,0.04782148429887193,0.06762505269828542
