,Annualized Return,Annualized Vol,Sharpe Ratio,Max Drawdown,Skewness,Kurtosis,Cornish-Fisher VaR (5%),Historic CVaR (5%)
Mean Return,16.356794731621704,22.403885552619943,0.4149594513457393,-52.59794282738519,-0.8168878243540909,6.639740801397806,0.05215760698892709,0.07242533225003431
