,Annualized Return,Annualized Vol,Sharpe Ratio,Max Drawdown,Skewness,Kurtosis,Cornish-Fisher VaR (5%),Historic CVaR (5%)
Mean Return,15.402283907657633,15.841120911629172,0.535181331480897,-28.999121077926247,-0.9691936228901673,8.127448372089214,0.0368252127184214,0.05043063041761604
