,Annualized Return,Annualized Vol,Sharpe Ratio,Max Drawdown,Skewness,Kurtosis,Cornish-Fisher VaR (5%),Historic CVaR (5%)
Mean Return,10.123573972082166,19.062533033392537,0.17858492884833288,-31.66663347037084,-0.6571902687372552,5.375568949822272,0.044668842493793166,0.06212462992618201
