,Annualized Return,Annualized Vol,Sharpe Ratio,Max Drawdown,Skewness,Kurtosis,Cornish-Fisher VaR (5%),Historic CVaR (5%)
Mean Return,12.111595085806304,17.26911404528337,0.3034646749498652,-35.22565315593788,-1.0818757165146176,11.6967493220395,0.039492635747744545,0.05232666134133022
