,Annualized Return,Annualized Vol,Sharpe Ratio,Max Drawdown,Skewness,Kurtosis,Cornish-Fisher VaR (5%),Historic CVaR (5%)
Mean Return,16.51483402564258,33.69748391838753,0.2974930156092055,-64.54858451083683,-0.05452535572520651,3.282589550809207,0.07681772649260625,0.10380239495897693
