,Annualized Return,Annualized Vol,Sharpe Ratio,Max Drawdown,Skewness,Kurtosis,Cornish-Fisher VaR (5%),Historic CVaR (5%)
Mean Return,25.72994006632987,25.38300291738133,0.7388428852591867,-37.551156841627325,-0.26093944452262285,6.0576442319396095,0.05571747248819151,0.08671626932913565
