,Annualized Return,Annualized Vol,Sharpe Ratio,Max Drawdown,Skewness,Kurtosis,Cornish-Fisher VaR (5%),Historic CVaR (5%)
Mean Return,6.246418572411927,16.694275103240237,-0.005696564038419433,-32.08966125650253,-0.19634057156406304,4.078807105333269,0.03772465903181568,0.052550450089374916
