,Annualized Return,Annualized Vol,Sharpe Ratio,Max Drawdown,Skewness,Kurtosis,Cornish-Fisher VaR (5%),Historic CVaR (5%)
Mean Return,34.722900859059955,28.659288455652987,0.9282404718933785,-31.815603517434987,-0.44917006216126726,4.762244107440792,0.06220707199350785,0.09146495506447581
