,Annualized Return,Annualized Vol,Sharpe Ratio,Max Drawdown,Skewness,Kurtosis,Cornish-Fisher VaR (5%),Historic CVaR (5%)
Mean Return,18.54897132598645,25.558584620466036,0.4472973770714155,-49.27086248123403,-0.9383144928145238,6.009971621874445,0.061579623644882044,0.0882223208690639
