,Annualized Return,Annualized Vol,Sharpe Ratio,Max Drawdown,Skewness,Kurtosis,Cornish-Fisher VaR (5%),Historic CVaR (5%)
Mean Return,20.02616043784915,25.882750395487403,0.5112715030553321,-41.9341107171076,-0.668603904459618,5.119816115172071,0.06207856416069367,0.08787220062156957
