,Annualized Return,Annualized Vol,Sharpe Ratio,Max Drawdown,Skewness,Kurtosis,Cornish-Fisher VaR (5%),Historic CVaR (5%)
Mean Return,-10.102010114986005,25.271672510618693,-0.6181815843319741,-80.3182607775817,-1.136503306120131,9.197226944153993,0.06506392099809023,0.09385356338262454
