,Annualized Return,Annualized Vol,Sharpe Ratio,Max Drawdown,Skewness,Kurtosis,Cornish-Fisher VaR (5%),Historic CVaR (5%)
Mean Return,13.825744706520894,22.50245350474524,0.3059176528589334,-61.7541518459522,-0.4190408411561174,8.04098512444486,0.048716713767445366,0.07016508276968686
