,Annualized Return,Annualized Vol,Sharpe Ratio,Max Drawdown,Skewness,Kurtosis,Cornish-Fisher VaR (5%),Historic CVaR (5%)
Mean Return,-0.1288112916371098,20.794336841485098,-0.2928904324181085,-76.12595045442548,-0.6721193325391026,6.277462340315058,0.050817067524135444,0.06875489297778803
