,Annualized Return,Annualized Vol,Sharpe Ratio,Max Drawdown,Skewness,Kurtosis,Cornish-Fisher VaR (5%),Historic CVaR (5%)
Mean Return,12.498944148784453,23.04702434265383,0.2466531507227033,-66.45135300258694,-0.5509554833967166,9.384291620305383,0.05041040569862524,0.07362227322179138
