,Annualized Return,Annualized Vol,Sharpe Ratio,Max Drawdown,Skewness,Kurtosis,Cornish-Fisher VaR (5%),Historic CVaR (5%)
Mean Return,-13.44557368871988,25.714208219539653,-0.725064886827848,-80.49106958675748,-0.6143392933147528,5.810549276502964,0.06530451316901972,0.09127757120772986
