,Annualized Return,Annualized Vol,Sharpe Ratio,Max Drawdown,Skewness,Kurtosis,Cornish-Fisher VaR (5%),Historic CVaR (5%)
Mean Return,-15.06785749313353,22.048598101246768,-0.9208196096744233,-82.33605632445455,-1.3765975901026517,10.40622012239567,0.059160194383758774,0.08114355560588082
