,Annualized Return,Annualized Vol,Sharpe Ratio,Max Drawdown,Skewness,Kurtosis,Cornish-Fisher VaR (5%),Historic CVaR (5%)
Mean Return,6.4340826527438555,21.155060104982617,-0.00223760769106525,-64.78907814741865,0.01749605435015116,12.140105075568126,0.041004773344241435,0.06396672851611046
