,Annualized Return,Annualized Vol,Sharpe Ratio,Max Drawdown,Skewness,Kurtosis,Cornish-Fisher VaR (5%),Historic CVaR (5%)
Mean Return,20.99736215492143,18.928248826232416,0.7217835637254314,-52.957993693465845,-0.6681989918113311,6.894684206284847,0.04180359374870863,0.0585655278571445
