,Annualized Return,Annualized Vol,Sharpe Ratio,Max Drawdown,Skewness,Kurtosis,Cornish-Fisher VaR (5%),Historic CVaR (5%)
Mean Return,-24.803782870636446,32.688778425704385,-0.8998761860119762,-95.03547648601204,-0.9463463115233807,8.113882161613573,0.08561860992175299,0.1218379575812733
