,Annualized Return,Annualized Vol,Sharpe Ratio,Max Drawdown,Skewness,Kurtosis,Cornish-Fisher VaR (5%),Historic CVaR (5%)
Mean Return,-13.838717077456241,22.57320869509894,-0.8447234016215364,-88.20769474374978,-0.6713811292949925,7.260595736506688,0.05734872682026733,0.07670746457916665
