,Annualized Return,Annualized Vol,Sharpe Ratio,Max Drawdown,Skewness,Kurtosis,Cornish-Fisher VaR (5%),Historic CVaR (5%)
Mean Return,9.877220506197414,20.777410134711314,0.1534894385439823,-60.56463829528671,-0.8312504850527795,7.499901769561025,0.048905540063778744,0.06563132137380766
