,Annualized Return,Annualized Vol,Sharpe Ratio,Max Drawdown,Skewness,Kurtosis,Cornish-Fisher VaR (5%),Historic CVaR (5%)
Mean Return,8.146581042310386,21.624584702787605,0.07287289108684648,-68.07046558786475,-0.9535768296277932,7.628221825967061,0.05210331169654537,0.07173968777340434
