,Annualized Return,Annualized Vol,Sharpe Ratio,Max Drawdown,Skewness,Kurtosis,Cornish-Fisher VaR (5%),Historic CVaR (5%)
Mean Return,13.628924156901444,21.45925350939372,0.3136913138218664,-64.28434369530265,-0.6649545277228445,6.746892917823465,0.04909351809602667,0.0657892125617987
