,Annualized Return,Annualized Vol,Sharpe Ratio,Max Drawdown,Skewness,Kurtosis,Cornish-Fisher VaR (5%),Historic CVaR (5%)
Mean Return,7.874144003823247,20.645815678271916,0.06724251834525556,-58.931534419852824,0.03714991758131281,9.043260703551708,0.04176454980101941,0.062373064029988524
