,Annualized Return,Annualized Vol,Sharpe Ratio,Max Drawdown,Skewness,Kurtosis,Cornish-Fisher VaR (5%),Historic CVaR (5%)
Mean Return,-1.079607678777994,20.570613508094016,-0.3457192763736213,-71.1923404185676,-0.8176559679715233,8.340945243281219,0.049845570612414444,0.06652768953056688
