,Annualized Return,Annualized Vol,Sharpe Ratio,Max Drawdown,Skewness,Kurtosis,Cornish-Fisher VaR (5%),Historic CVaR (5%)
Mean Return,-14.151378470070131,31.458523988993235,-0.6163371914500586,-91.1254769391663,-0.2902120122712223,5.609556174450598,0.07487074412357628,0.10897520723405957
