,Annualized Return,Annualized Vol,Sharpe Ratio,Max Drawdown,Skewness,Kurtosis,Cornish-Fisher VaR (5%),Historic CVaR (5%)
Mean Return,10.206431221738988,21.6416612793992,0.17961184683258466,-49.80493271580897,-0.1307421810628123,8.95409383039179,0.04574048119498327,0.07085434549995094
