,Annualized Return,Annualized Vol,Sharpe Ratio,Max Drawdown,Skewness,Kurtosis,Cornish-Fisher VaR (5%),Historic CVaR (5%)
Mean Return,-14.462231555854988,27.68929525282502,-0.7112526155488977,-87.82451730947238,-0.0194295127265749,7.410250154207074,0.062137554009242556,0.09119907436611586
