,Annualized Return,Annualized Vol,Sharpe Ratio,Max Drawdown,Skewness,Kurtosis,Cornish-Fisher VaR (5%),Historic CVaR (5%)
Mean Return,-2.504851653260587,23.016413257612143,-0.36726728673735626,-79.98976198513762,-0.9436151504888304,9.658894426742407,0.05613356171165541,0.0729441432361219
