,Annualized Return,Annualized Vol,Sharpe Ratio,Max Drawdown,Skewness,Kurtosis,Cornish-Fisher VaR (5%),Historic CVaR (5%)
Mean Return,-11.187073739242681,22.671833508653098,-0.7310541412025409,-86.2435478695993,-0.549662089868979,6.659604891577599,0.05637475939105156,0.07504104880327064
