,Annualized Return,Annualized Vol,Sharpe Ratio,Max Drawdown,Skewness,Kurtosis,Cornish-Fisher VaR (5%),Historic CVaR (5%)
Mean Return,-2.110212868317962,23.373956002477367,-0.34505577816043476,-78.5776793892908,-0.6739228018918656,6.776870586093724,0.05657872830874358,0.07836022052720015
