,Annualized Return,Annualized Vol,Sharpe Ratio,Max Drawdown,Skewness,Kurtosis,Cornish-Fisher VaR (5%),Historic CVaR (5%)
Mean Return,10.645826789911439,19.800601603225473,0.19830895588664416,-64.32740365464504,-0.5732842113701081,7.303971888236347,0.044710133994526204,0.0629277454730173
