,Annualized Return,Annualized Vol,Sharpe Ratio,Max Drawdown,Skewness,Kurtosis,Cornish-Fisher VaR (5%),Historic CVaR (5%)
Mean Return,14.672530149152152,21.276697501516768,0.38073164400652165,-49.52410267640674,-0.13491302254202972,8.999978969911709,0.04414019835179988,0.06782401212974917
