,Annualized Return,Annualized Vol,Sharpe Ratio,Max Drawdown,Skewness,Kurtosis,Cornish-Fisher VaR (5%),Historic CVaR (5%)
Mean Return,19.197575976401037,15.144598075335193,0.7893637294460357,-33.413033030186725,-1.3384716992884274,11.217058119147158,0.0346805857736385,0.04747905150611288
