,Annualized Return,Annualized Vol,Sharpe Ratio,Max Drawdown,Skewness,Kurtosis,Cornish-Fisher VaR (5%),Historic CVaR (5%)
Mean Return,-3.038523301908813,25.10459032929649,-0.35731427555343864,-78.64002858617256,0.29161395744779167,13.362675705059502,0.0469689290761843,0.07583296598025509
