,Annualized Return,Annualized Vol,Sharpe Ratio,Max Drawdown,Skewness,Kurtosis,Cornish-Fisher VaR (5%),Historic CVaR (5%)
Mean Return,-0.34416522892092294,23.853163808195244,-0.26808178617235306,-80.04704041297931,-0.9114861889764371,8.01357373364373,0.05855248486835664,0.08162057688954423
