,Annualized Return,Annualized Vol,Sharpe Ratio,Max Drawdown,Skewness,Kurtosis,Cornish-Fisher VaR (5%),Historic CVaR (5%)
Mean Return,1.121829843799338,23.356396078192805,-0.20083318859076402,-42.32628557359576,-0.7353090441202331,7.123584290493837,0.057869671367189304,0.08108974071573806
