,Annualized Return,Annualized Vol,Sharpe Ratio,Max Drawdown,Skewness,Kurtosis,Cornish-Fisher VaR (5%),Historic CVaR (5%)
Mean Return,-7.131709670928609,20.13430907889784,-0.6307502631651769,-76.12595045442548,-0.8122451460488759,7.074805449019786,0.05119677543072927,0.07036989423096367
