,Annualized Return,Annualized Vol,Sharpe Ratio,Max Drawdown,Skewness,Kurtosis,Cornish-Fisher VaR (5%),Historic CVaR (5%)
Mean Return,-0.9974383536447196,25.324645059855726,-0.2773389860082083,-81.64353647291074,-0.32380881220167723,5.530408421852174,0.058636042571363164,0.0822429862045706
