,Annualized Return,Annualized Vol,Sharpe Ratio,Max Drawdown,Skewness,Kurtosis,Cornish-Fisher VaR (5%),Historic CVaR (5%)
Mean Return,9.712580002973702,20.870836181410198,0.14538327594274827,-61.09126604443886,-0.9097812193236603,8.013766819206126,0.04943115398439178,0.06699886762253013
