,Annualized Return,Annualized Vol,Sharpe Ratio,Max Drawdown,Skewness,Kurtosis,Cornish-Fisher VaR (5%),Historic CVaR (5%)
Mean Return,10.553922621337541,21.37957958391653,0.1774011783619441,-65.72148899489066,-0.61358977292981,7.692965949072241,0.04848933216878335,0.06612163728077157
