,Annualized Return,Annualized Vol,Sharpe Ratio,Max Drawdown,Skewness,Kurtosis,Cornish-Fisher VaR (5%),Historic CVaR (5%)
Mean Return,11.951643427099246,20.956505204801623,0.26775984496624616,-51.571862754549755,-1.0634038734897489,9.891093429404366,0.051160814092010065,0.0685748373896095
