,Annualized Return,Annualized Vol,Sharpe Ratio,Max Drawdown,Skewness,Kurtosis,Cornish-Fisher VaR (5%),Historic CVaR (5%)
Mean Return,1.3228255563656477,23.76430602585542,-0.20609150636026136,-80.75545685680193,-0.7697362847923487,7.260918730338405,0.05734635477350513,0.07776820935565353
