,Annualized Return,Annualized Vol,Sharpe Ratio,Max Drawdown,Skewness,Kurtosis,Cornish-Fisher VaR (5%),Historic CVaR (5%)
Mean Return,-14.526638301343109,24.10601486928765,-0.8155758551283994,-79.37662606481761,-0.6339099611352353,5.206373393448578,0.06226578016873849,0.08772232072234368
