,Annualized Return,Annualized Vol,Sharpe Ratio,Max Drawdown,Skewness,Kurtosis,Cornish-Fisher VaR (5%),Historic CVaR (5%)
Mean Return,8.240159131324344,23.818141547475584,0.0731104087924951,-70.61571438344718,2.2929899429961553,30.92739464933031,0.008932716529414342,0.06280459444901665
