,Annualized Return,Annualized Vol,Sharpe Ratio,Max Drawdown,Skewness,Kurtosis,Cornish-Fisher VaR (5%),Historic CVaR (5%)
Mean Return,7.8670353198204035,23.05684032246862,0.07273826867782117,-42.32628557359573,-0.7460304164396694,7.165130310738936,0.05587558267544807,0.07924926946827675
