,Annualized Return,Annualized Vol,Sharpe Ratio,Max Drawdown,Skewness,Kurtosis,Cornish-Fisher VaR (5%),Historic CVaR (5%)
Mean Return,4.9562486156526475,20.307765868452826,-0.07109075728079457,-68.70389139020807,-0.43087037716246274,5.2325667515975285,0.04703330596606607,0.06603809310346656
