,Annualized Return,Annualized Vol,Sharpe Ratio,Max Drawdown,Skewness,Kurtosis,Cornish-Fisher VaR (5%),Historic CVaR (5%)
Mean Return,-7.411713531736453,22.084871123656367,-0.5884149871826941,-81.15194708622622,-0.581171793674198,5.639637307300107,0.05508004226632274,0.07112338771464016
