,Annualized Return,Annualized Vol,Sharpe Ratio,Max Drawdown,Skewness,Kurtosis,Cornish-Fisher VaR (5%),Historic CVaR (5%)
Mean Return,-13.967304119263513,21.690182809430475,-0.8883604479306824,-81.6256396808097,-1.3022176683751203,10.082099757558229,0.057686340470514665,0.07727201954407634
