,Annualized Return,Annualized Vol,Sharpe Ratio,Max Drawdown,Skewness,Kurtosis,Cornish-Fisher VaR (5%),Historic CVaR (5%)
Mean Return,7.401714490279088,22.498540558064278,0.04233644508584562,-72.25797865035993,0.9198370865352841,16.57446151365092,0.032523043655460944,0.063796169648276
