,Annualized Return,Annualized Vol,Sharpe Ratio,Max Drawdown,Skewness,Kurtosis,Cornish-Fisher VaR (5%),Historic CVaR (5%)
Mean Return,-9.327149448696293,28.49619277582791,-0.5231935479064024,-83.59437929961629,-0.7261863869206763,7.16999494761659,0.0704266278033503,0.09830990095424712
