,Annualized Return,Annualized Vol,Sharpe Ratio,Max Drawdown,Skewness,Kurtosis,Cornish-Fisher VaR (5%),Historic CVaR (5%)
Mean Return,7.082402655159115,20.38362648751659,0.025125307647446322,-58.03224623019012,-1.369662069966778,11.784487203834525,0.04970712227700841,0.06815725185893148
