,Annualized Return,Annualized Vol,Sharpe Ratio,Max Drawdown,Skewness,Kurtosis,Cornish-Fisher VaR (5%),Historic CVaR (5%)
Mean Return,-5.837632556765426,24.707264900992527,-0.4689274325684384,-76.78998354982576,-0.8471515978968641,6.435192082314257,0.06224561815202793,0.08567479531414818
