,Annualized Return,Annualized Vol,Sharpe Ratio,Max Drawdown,Skewness,Kurtosis,Cornish-Fisher VaR (5%),Historic CVaR (5%)
Mean Return,-12.323332907442918,31.758802226604406,-0.5565095110777301,-91.1254769391663,-0.18536021009179438,5.073887999445584,0.07436185805644245,0.105843911237246
