,Annualized Return,Annualized Vol,Sharpe Ratio,Max Drawdown,Skewness,Kurtosis,Cornish-Fisher VaR (5%),Historic CVaR (5%)
Mean Return,-4.643877842637889,21.718731893813896,-0.4810250373553354,-74.73434052148775,-1.1800024353235643,9.246476136401494,0.05543587813700636,0.0768792508680688
