,Annualized Return,Annualized Vol,Sharpe Ratio,Max Drawdown,Skewness,Kurtosis,Cornish-Fisher VaR (5%),Historic CVaR (5%)
Mean Return,14.80141864018587,21.42730804889846,0.38372897735154954,-53.915494565965375,-0.5018609039577644,7.323580732884579,0.0485320894321982,0.06957366499323714
