,Annualized Return,Annualized Vol,Sharpe Ratio,Max Drawdown,Skewness,Kurtosis,Cornish-Fisher VaR (5%),Historic CVaR (5%)
Mean Return,1.5950608331211313,29.277949449254088,-0.15814646237193933,-84.39319941603817,0.20778430774151863,5.308529286463416,0.061263128349342624,0.08465959957046122
