,Annualized Return,Annualized Vol,Sharpe Ratio,Max Drawdown,Skewness,Kurtosis,Cornish-Fisher VaR (5%),Historic CVaR (5%)
Mean Return,9.780176370451855,22.79622706798228,0.13781320507985903,-72.20194212558076,0.9355949540621893,14.967315971748446,0.03342624636300222,0.06604790787541664
