,Annualized Return,Annualized Vol,Sharpe Ratio,Max Drawdown,Skewness,Kurtosis,Cornish-Fisher VaR (5%),Historic CVaR (5%)
Mean Return,5.525522161462604,19.848924771209713,-0.03959327607226835,-56.047142472878654,-0.7462918775291736,6.305830062608719,0.0479531182026355,0.06678066197557503
