,Annualized Return,Annualized Vol,Sharpe Ratio,Max Drawdown,Skewness,Kurtosis,Cornish-Fisher VaR (5%),Historic CVaR (5%)
Mean Return,0.18986378250063218,23.141054203687382,-0.23737773936257606,-63.6920957318121,-0.9700864674966089,9.469868142236365,0.05850654998831325,0.07643460676829997
