,Annualized Return,Annualized Vol,Sharpe Ratio,Max Drawdown,Skewness,Kurtosis,Cornish-Fisher VaR (5%),Historic CVaR (5%)
Mean Return,-2.7244809983139495,27.39548369971868,-0.31158002082120884,-80.49106958675748,-0.24322984498013328,5.490165048719567,0.06350439167332259,0.08866167807847865
