,Annualized Return,Annualized Vol,Sharpe Ratio,Max Drawdown,Skewness,Kurtosis,Cornish-Fisher VaR (5%),Historic CVaR (5%)
Mean Return,-10.703655685587998,23.875529262496777,-0.6768454714349623,-85.78731022563882,-0.5279931117578998,7.753539817163889,0.057626827551919724,0.07840900988029618
