,Annualized Return,Annualized Vol,Sharpe Ratio,Max Drawdown,Skewness,Kurtosis,Cornish-Fisher VaR (5%),Historic CVaR (5%)
Mean Return,16.713289150837298,21.361711628539076,0.47305829150682244,-49.956278176881085,-0.874768580256363,8.738445280663262,0.05060498098556354,0.06906021480094346
