,Annualized Return,Annualized Vol,Sharpe Ratio,Max Drawdown,Skewness,Kurtosis,Cornish-Fisher VaR (5%),Historic CVaR (5%)
Mean Return,9.540053702837682,20.141904434322655,0.17094285891392527,-38.30245945011491,1.3746282402478187,26.231868338275785,0.0196590936869881,0.06611555194782594
