,Annualized Return,Annualized Vol,Sharpe Ratio,Max Drawdown,Skewness,Kurtosis,Cornish-Fisher VaR (5%),Historic CVaR (5%)
Mean Return,-7.6380658876193275,25.789180607689538,-0.49983964719939944,-76.00894775039994,-0.2708057178500301,6.217267215413664,0.06248894359868555,0.08591472135046418
