,Annualized Return,Annualized Vol,Sharpe Ratio,Max Drawdown,Skewness,Kurtosis,Cornish-Fisher VaR (5%),Historic CVaR (5%)
Mean Return,10.094399021555244,22.48708518444385,0.14880849876211413,-64.19323003014419,-0.6561061557504683,7.664647233379556,0.05152507491618513,0.06820632793432449
