,Annualized Return,Annualized Vol,Sharpe Ratio,Max Drawdown,Skewness,Kurtosis,Cornish-Fisher VaR (5%),Historic CVaR (5%)
Mean Return,-5.585127544502056,25.366210073454486,-0.4469431308699715,-83.29927977500789,-0.965939484216051,10.199110363413569,0.06221590800116343,0.09025866520340507
