,Annualized Return,Annualized Vol,Sharpe Ratio,Max Drawdown,Skewness,Kurtosis,Cornish-Fisher VaR (5%),Historic CVaR (5%)
Mean Return,-7.959428189472117,20.581322262901544,-0.6619433275152692,-74.70870413040448,-1.3988820068529753,10.237524526350457,0.054172971529303005,0.07408034727086332
