,Annualized Return,Annualized Vol,Sharpe Ratio,Max Drawdown,Skewness,Kurtosis,Cornish-Fisher VaR (5%),Historic CVaR (5%)
Mean Return,9.47835018629064,21.99520716597253,0.12858115469238243,-67.28675452965234,-0.605088897180929,6.1245872692446675,0.050998350622426115,0.06831218033355879
