,Annualized Return,Annualized Vol,Sharpe Ratio,Max Drawdown,Skewness,Kurtosis,Cornish-Fisher VaR (5%),Historic CVaR (5%)
Mean Return,11.517259132305103,24.361268243285377,0.19421001115082293,-62.55926336079053,-0.5376960294799379,8.033548955765486,0.05435622225712208,0.07889298949921054
