,Annualized Return,Annualized Vol,Sharpe Ratio,Max Drawdown,Skewness,Kurtosis,Cornish-Fisher VaR (5%),Historic CVaR (5%)
Mean Return,7.623566247068125,25.16410103528771,0.04575199196306581,-59.023317251580096,-0.04523390899885562,4.5881488146074245,0.05516063062149211,0.07956476826679017
