,Annualized Return,Annualized Vol,Sharpe Ratio,Max Drawdown,Skewness,Kurtosis,Cornish-Fisher VaR (5%),Historic CVaR (5%)
Mean Return,2.1122469760282536,23.720733555304527,-0.17280497455609106,-78.5776793892908,-0.5164895062795869,6.0330430662072025,0.05573843378211135,0.07600223308519222
