,Annualized Return,Annualized Vol,Sharpe Ratio,Max Drawdown,Skewness,Kurtosis,Cornish-Fisher VaR (5%),Historic CVaR (5%)
Mean Return,1.4187646639050033,22.45873193763672,-0.2100534356999066,-72.20194212558076,1.1522093067029984,17.353320449437987,0.03073492658636392,0.06603092113922777
