,Annualized Return,Annualized Vol,Sharpe Ratio,Max Drawdown,Skewness,Kurtosis,Cornish-Fisher VaR (5%),Historic CVaR (5%)
Mean Return,-1.7519707221544945,19.863434140210018,-0.3844982478439484,-65.09578472029317,-0.9711953753412361,8.116070361129356,0.0499507946589697,0.06923839128823911
