,Annualized Return,Annualized Vol,Sharpe Ratio,Max Drawdown,Skewness,Kurtosis,Cornish-Fisher VaR (5%),Historic CVaR (5%)
Mean Return,10.084933885583869,21.42834240338789,0.15785820613149465,-69.30239738973107,-1.0942653734265546,9.192169527859711,0.051371315548526225,0.06920503725753326
