,Annualized Return,Annualized Vol,Sharpe Ratio,Max Drawdown,Skewness,Kurtosis,Cornish-Fisher VaR (5%),Historic CVaR (5%)
Mean Return,3.6617844153631562,29.29942663627943,-0.0921969479635746,-72.90918521595445,-0.3095089587842753,7.495157300486379,0.06504931454963245,0.09139533335142654
