,Annualized Return,Annualized Vol,Sharpe Ratio,Max Drawdown,Skewness,Kurtosis,Cornish-Fisher VaR (5%),Historic CVaR (5%)
Mean Return,7.055576485166615,22.307712918170804,0.023941171024381366,-75.55624003824877,-0.9863571054582795,9.432009231298503,0.05310813784539882,0.07190284813202595
