,Annualized Return,Annualized Vol,Sharpe Ratio,Max Drawdown,Skewness,Kurtosis,Cornish-Fisher VaR (5%),Historic CVaR (5%)
Mean Return,4.117302623555985,23.41483182262255,-0.0964263789344507,-69.71528142725872,-0.07364477411755826,5.4984107831511455,0.05108475840231749,0.06818643926732795
