,Annualized Return,Annualized Vol,Sharpe Ratio,Max Drawdown,Skewness,Kurtosis,Cornish-Fisher VaR (5%),Historic CVaR (5%)
Mean Return,-7.541057926250627,27.538124729657063,-0.47893591345851105,-81.20172178398623,-0.8112387276797068,7.483540634477409,0.06836865399527979,0.09254956079812333
