,Annualized Return,Annualized Vol,Sharpe Ratio,Max Drawdown,Skewness,Kurtosis,Cornish-Fisher VaR (5%),Historic CVaR (5%)
Mean Return,-3.1210541966756766,22.951674623193693,-0.3757593214742558,-70.53388044892375,-0.9046696475734574,9.06914259896598,0.05845962111638813,0.07666737702945159
