,Annualized Return,Annualized Vol,Sharpe Ratio,Max Drawdown,Skewness,Kurtosis,Cornish-Fisher VaR (5%),Historic CVaR (5%)
Mean Return,9.848359842957422,22.65159084400962,0.1436989157074635,-69.20207817143461,0.844023254726471,16.06348692183493,0.033397595090514924,0.06495929625235544
