,Annualized Return,Annualized Vol,Sharpe Ratio,Max Drawdown,Skewness,Kurtosis,Cornish-Fisher VaR (5%),Historic CVaR (5%)
Mean Return,17.696974051536763,14.84133479312654,0.7104198234216048,-27.555534337031375,-0.6788729745346848,6.890751525456892,0.032624248182160705,0.04534737517403041
