,Annualized Return,Annualized Vol,Sharpe Ratio,Max Drawdown,Skewness,Kurtosis,Cornish-Fisher VaR (5%),Historic CVaR (5%)
Mean Return,10.83503982948908,18.86610215315766,0.21646543398326754,-61.44529306239489,-0.5543183834828882,5.75302506048782,0.043186106611134326,0.06050552317382354
