,Annualized Return,Annualized Vol,Sharpe Ratio,Max Drawdown,Skewness,Kurtosis,Cornish-Fisher VaR (5%),Historic CVaR (5%)
Mean Return,5.666964227861859,27.852259399659108,-0.029309609924155485,-64.19947990200563,-0.20026486621902578,5.941850486381298,0.06153022225844184,0.08521555833252126
