,Annualized Return,Annualized Vol,Sharpe Ratio,Max Drawdown,Skewness,Kurtosis,Cornish-Fisher VaR (5%),Historic CVaR (5%)
Mean Return,-7.444816572541068,28.67136833570302,-0.4527136933307475,-85.85374721186855,-0.3925640406728513,5.882874256060265,0.06868792540816557,0.09869006214361471
