,Annualized Return,Annualized Vol,Sharpe Ratio,Max Drawdown,Skewness,Kurtosis,Cornish-Fisher VaR (5%),Historic CVaR (5%)
Mean Return,12.859548368547923,14.3753128999073,0.41709703787796526,-35.59199613236883,-1.1348627032331142,8.930730733020456,0.03376601432041206,0.043742970974055904
