,Annualized Return,Annualized Vol,Sharpe Ratio,Max Drawdown,Skewness,Kurtosis,Cornish-Fisher VaR (5%),Historic CVaR (5%)
Mean Return,8.74404541498317,18.946030931355427,0.11178385583541121,-58.89896032222235,-0.4764490812567942,5.597739690681112,0.043284636397235725,0.06090837503177361
