,Annualized Return,Annualized Vol,Sharpe Ratio,Max Drawdown,Skewness,Kurtosis,Cornish-Fisher VaR (5%),Historic CVaR (5%)
Mean Return,-8.944502131742627,22.017840958815704,-0.6600939762289766,-81.6256396808097,-1.2288476372796453,9.116338815123948,0.05750219754960315,0.07677525295153678
