,Annualized Return,Annualized Vol,Sharpe Ratio,Max Drawdown,Skewness,Kurtosis,Cornish-Fisher VaR (5%),Historic CVaR (5%)
Mean Return,7.170797378183513,21.152775992322972,0.0483238559157925,-50.743580767334215,-0.7103904928484144,6.103115765094943,0.05167377472049855,0.07327634350049207
