,Annualized Return,Annualized Vol,Sharpe Ratio,Max Drawdown,Skewness,Kurtosis,Cornish-Fisher VaR (5%),Historic CVaR (5%)
Mean Return,8.457208295920893,20.754161790835784,0.08697630763915883,-62.70944897979529,-1.5651055675532939,11.856657766672498,0.05162809140309066,0.07102413669262261
