,Annualized Return,Annualized Vol,Sharpe Ratio,Max Drawdown,Skewness,Kurtosis,Cornish-Fisher VaR (5%),Historic CVaR (5%)
Mean Return,2.7011590434169452,23.660762935081507,-0.1351710784604144,-54.26513463580569,-0.7018272988180915,6.354993473439128,0.05854025714961563,0.08339289668343015
