,Annualized Return,Annualized Vol,Sharpe Ratio,Max Drawdown,Skewness,Kurtosis,Cornish-Fisher VaR (5%),Historic CVaR (5%)
Mean Return,9.156905071627452,19.603532479952143,0.1288797217838567,-64.97660329631964,-0.5837057642641896,7.279600152783221,0.04459926982933149,0.06326174097058339
