,Annualized Return,Annualized Vol,Sharpe Ratio,Max Drawdown,Skewness,Kurtosis,Cornish-Fisher VaR (5%),Historic CVaR (5%)
Mean Return,8.660425670204773,20.650543266350248,0.09661143096770514,-58.040825206104486,-1.3857936220350584,11.73265371165857,0.05022644658297781,0.06914271184521711
