,Annualized Return,Annualized Vol,Sharpe Ratio,Max Drawdown,Skewness,Kurtosis,Cornish-Fisher VaR (5%),Historic CVaR (5%)
Mean Return,0.3201410742043054,21.3128587748916,-0.27117225994301575,-70.0927981329485,-0.7031026900935777,6.981391197137723,0.05129616482565968,0.06975275703574073
