,Annualized Return,Annualized Vol,Sharpe Ratio,Max Drawdown,Skewness,Kurtosis,Cornish-Fisher VaR (5%),Historic CVaR (5%)
Mean Return,-4.069710065776633,22.897904825914537,-0.43529656107689263,-79.57774310633827,-0.9285923693459973,8.148499856715091,0.05700740686157856,0.07737133233980106
