,Annualized Return,Annualized Vol,Sharpe Ratio,Max Drawdown,Skewness,Kurtosis,Cornish-Fisher VaR (5%),Historic CVaR (5%)
Mean Return,-5.043926636043839,23.24878724001747,-0.4681063437706369,-80.75545685680193,-0.9395404943748589,7.979330731115395,0.05825330481460467,0.07898768346646852
