,Annualized Return,Annualized Vol,Sharpe Ratio,Max Drawdown,Skewness,Kurtosis,Cornish-Fisher VaR (5%),Historic CVaR (5%)
Mean Return,14.003632820288292,21.044103069657,0.34052593236569695,-58.91270166919763,-0.06257620039380137,8.532040991005802,0.04264488786427232,0.0629917012193922
