,Annualized Return,Annualized Vol,Sharpe Ratio,Max Drawdown,Skewness,Kurtosis,Cornish-Fisher VaR (5%),Historic CVaR (5%)
Mean Return,9.876111486999939,20.851085351968315,0.17509896091786845,-51.47350959212842,-1.061671970336878,10.001346143216697,0.05120356789293606,0.06797202424516674
