,Annualized Return,Annualized Vol,Sharpe Ratio,Max Drawdown,Skewness,Kurtosis,Cornish-Fisher VaR (5%),Historic CVaR (5%)
Mean Return,1.7242744965969337,21.77445719177252,-0.18929427846098326,-51.398630961972266,-0.6801844066113265,6.282831297319495,0.053936094865025486,0.07520262594462142
