,Annualized Return,Annualized Vol,Sharpe Ratio,Max Drawdown,Skewness,Kurtosis,Cornish-Fisher VaR (5%),Historic CVaR (5%)
Mean Return,-3.0741156449538454,28.18191582082444,-0.3195020656354071,-75.48701370155361,2.889859053892387,39.369344611050316,-0.002753435048833871,0.07656308016669484
