,Annualized Return,Annualized Vol,Sharpe Ratio,Max Drawdown,Skewness,Kurtosis,Cornish-Fisher VaR (5%),Historic CVaR (5%)
Mean Return,4.129543981348105,21.76926784824212,-0.10171563498553715,-67.47093859477846,0.24225247459151963,13.772806554725962,0.03968897385764032,0.06552935238648157
