,Annualized Return,Annualized Vol,Sharpe Ratio,Max Drawdown,Skewness,Kurtosis,Cornish-Fisher VaR (5%),Historic CVaR (5%)
Mean Return,-12.188221271621257,29.99507225786364,-0.5750951196415726,-87.32509111153956,-0.8393030326894902,7.3850986345972975,0.0779678792617767,0.11493939331658957
