,Annualized Return,Annualized Vol,Sharpe Ratio,Max Drawdown,Skewness,Kurtosis,Cornish-Fisher VaR (5%),Historic CVaR (5%)
Mean Return,11.822514614101554,21.710515022549746,0.22899036002544365,-66.08054225019013,-0.9922427801306648,7.814444895316444,0.0518681600854987,0.0699612346320227
