,Annualized Return,Annualized Vol,Sharpe Ratio,Max Drawdown,Skewness,Kurtosis,Cornish-Fisher VaR (5%),Historic CVaR (5%)
Mean Return,-11.40701118809554,26.216964212706383,-0.6416405164315991,-82.01438135434185,-0.7098601942205345,5.400328305824702,0.0666009738317308,0.09105297264228555
