,Annualized Return,Annualized Vol,Sharpe Ratio,Max Drawdown,Skewness,Kurtosis,Cornish-Fisher VaR (5%),Historic CVaR (5%)
Mean Return,10.799094817842448,20.41494053810261,0.19706669908246843,-59.31403458788862,-1.0650310995699945,7.851017345283257,0.04932283715536324,0.06809076156870526
