,Annualized Return,Annualized Vol,Sharpe Ratio,Max Drawdown,Skewness,Kurtosis,Cornish-Fisher VaR (5%),Historic CVaR (5%)
Mean Return,13.353814807042696,18.55402759545656,0.34544883525750125,-61.79020083369849,-1.1795525885229117,9.405182221548802,0.044174425793017676,0.06279288323769179
