,Annualized Return,Annualized Vol,Sharpe Ratio,Max Drawdown,Skewness,Kurtosis,Cornish-Fisher VaR (5%),Historic CVaR (5%)
Mean Return,12.292296521548263,20.711242263526067,0.2613270057613776,-64.13125928944213,-1.369784131524407,10.632959038898653,0.05028421108357145,0.0670133814405773
