,Annualized Return,Annualized Vol,Sharpe Ratio,Max Drawdown,Skewness,Kurtosis,Cornish-Fisher VaR (5%),Historic CVaR (5%)
Mean Return,-1.126934933301571,22.940779547916872,-0.30870232899152933,-74.58664503227045,1.614933494032773,23.991350723383942,0.02259946836304051,0.06394181239761973
