,Annualized Return,Annualized Vol,Sharpe Ratio,Max Drawdown,Skewness,Kurtosis,Cornish-Fisher VaR (5%),Historic CVaR (5%)
Mean Return,9.34750859740312,20.790082110619824,0.1479070493054076,-49.608477530104054,-0.711971571886385,6.3290063215300005,0.05024122271151073,0.07083073214918997
