,Annualized Return,Annualized Vol,Sharpe Ratio,Max Drawdown,Skewness,Kurtosis,Cornish-Fisher VaR (5%),Historic CVaR (5%)
Mean Return,10.977543988819338,22.65464901435742,0.19017003343066988,-66.21805826925038,0.0647614505755443,8.275293472598074,0.045622796490902326,0.07135099393362233
