,Annualized Return,Annualized Vol,Sharpe Ratio,Max Drawdown,Skewness,Kurtosis,Cornish-Fisher VaR (5%),Historic CVaR (5%)
Mean Return,5.357159706641945,19.385618202401616,-0.05657570694859635,-51.673509989215304,-0.2590306866722164,5.350582698954045,0.04348945030764967,0.06238269122521761
