,Annualized Return,Annualized Vol,Sharpe Ratio,Max Drawdown,Skewness,Kurtosis,Cornish-Fisher VaR (5%),Historic CVaR (5%)
Mean Return,8.060077062190407,21.68186214298268,0.068928001805488,-68.84734811780973,-0.9263646885162301,7.35172249035459,0.05222400429031144,0.07226923293478839
