,Annualized Return,Annualized Vol,Sharpe Ratio,Max Drawdown,Skewness,Kurtosis,Cornish-Fisher VaR (5%),Historic CVaR (5%)
Mean Return,2.8236452267831558,23.40521850631748,-0.12874864289921356,-70.90405145627517,-0.756901247847733,8.365240429053811,0.057580586903070455,0.07686829570783302
