,Annualized Return,Annualized Vol,Sharpe Ratio,Max Drawdown,Skewness,Kurtosis,Cornish-Fisher VaR (5%),Historic CVaR (5%)
Mean Return,3.346327744948119,26.53771466071663,-0.11077022323259035,-68.31597967317177,-0.831164785633042,7.872861044304341,0.06372360860835043,0.08782847235334768
