,Annualized Return,Annualized Vol,Sharpe Ratio,Max Drawdown,Skewness,Kurtosis,Cornish-Fisher VaR (5%),Historic CVaR (5%)
Mean Return,6.1736497551903025,20.257778208246364,-0.016873843943731082,-55.41758804820389,-1.2233106903435136,10.379960423599567,0.049387321012754205,0.06654336430100885
