,Annualized Return,Annualized Vol,Sharpe Ratio,Max Drawdown,Skewness,Kurtosis,Cornish-Fisher VaR (5%),Historic CVaR (5%)
Mean Return,6.468920486815155,17.370603198584703,0.02143140692706636,-39.59299098467288,-0.6029751518557761,5.946797430999125,0.04179028136295611,0.05906234972223199
