,Annualized Return,Annualized Vol,Sharpe Ratio,Max Drawdown,Skewness,Kurtosis,Cornish-Fisher VaR (5%),Historic CVaR (5%)
Mean Return,11.607249732358627,20.506926497532447,0.23322494422088758,-60.32638346887337,-1.130707985251723,8.016118947877347,0.04977057564095576,0.06775977535795816
