,Annualized Return,Annualized Vol,Sharpe Ratio,Max Drawdown,Skewness,Kurtosis,Cornish-Fisher VaR (5%),Historic CVaR (5%)
Mean Return,5.765453872802895,21.350357872949754,-0.027923433644305082,-65.35500380098969,0.2644202418854117,11.618369056486282,0.04009411288089623,0.0644493026939296
