,Annualized Return,Annualized Vol,Sharpe Ratio,Max Drawdown,Skewness,Kurtosis,Cornish-Fisher VaR (5%),Historic CVaR (5%)
Mean Return,-0.2860508444262888,21.148558037625808,-0.30244656619955723,-74.70870413040448,-1.2511454542176241,9.026798939313883,0.053789390013165995,0.07396805309540193
