,Annualized Return,Annualized Vol,Sharpe Ratio,Max Drawdown,Skewness,Kurtosis,Cornish-Fisher VaR (5%),Historic CVaR (5%)
Mean Return,-7.6499526228609005,25.90155502926355,-0.4979454822190215,-76.00894775039994,-0.27036071309334997,6.177593855612913,0.06277940792888473,0.08591472135046418
