,Annualized Return,Annualized Vol,Sharpe Ratio,Max Drawdown,Skewness,Kurtosis,Cornish-Fisher VaR (5%),Historic CVaR (5%)
Mean Return,-1.0163285299990887,21.78136222353609,-0.30447664491869936,-62.44877389175358,-0.8215920286708185,8.335711806013203,0.054902745553395006,0.07223999627682869
