,Annualized Return,Annualized Vol,Sharpe Ratio,Max Drawdown,Skewness,Kurtosis,Cornish-Fisher VaR (5%),Historic CVaR (5%)
Mean Return,10.904383174304865,20.19333623257263,0.22915382006716964,-51.477573497146636,-0.9981842409071643,8.638465783878852,0.04969250846125107,0.06612550855942496
