,Annualized Return,Annualized Vol,Sharpe Ratio,Max Drawdown,Skewness,Kurtosis,Cornish-Fisher VaR (5%),Historic CVaR (5%)
Mean Return,1.5621503925758562,24.495724555400376,-0.19020462294853438,-68.99462229116806,-0.45370665194330145,5.157717701753118,0.05769860292044365,0.07850246153385271
