,Annualized Return,Annualized Vol,Sharpe Ratio,Max Drawdown,Skewness,Kurtosis,Cornish-Fisher VaR (5%),Historic CVaR (5%)
Mean Return,3.946958981559323,18.046622381745262,-0.13471727715659873,-60.85790385338809,-0.6858831461111513,5.813033278882148,0.04330928723429188,0.06170493939965649
