,Annualized Return,Annualized Vol,Sharpe Ratio,Max Drawdown,Skewness,Kurtosis,Cornish-Fisher VaR (5%),Historic CVaR (5%)
Mean Return,-18.196948988282745,26.62613215269991,-0.8709879205881645,-89.74030639990728,-1.088978951539013,8.096738111041102,0.07062211377910708,0.10009158166930039
