,Annualized Return,Annualized Vol,Sharpe Ratio,Max Drawdown,Skewness,Kurtosis,Cornish-Fisher VaR (5%),Historic CVaR (5%)
Mean Return,11.947615215198027,21.807944112731235,0.2363837769094562,-53.2748337995307,-0.305369920172318,9.340814626265535,0.04573459222880687,0.06934654814956571
