,Annualized Return,Annualized Vol,Sharpe Ratio,Max Drawdown,Skewness,Kurtosis,Cornish-Fisher VaR (5%),Historic CVaR (5%)
Mean Return,8.880004332788637,21.064157385935594,0.10925424300539466,-62.30961182101332,0.03988649780072834,8.864612225448557,0.04254287434861081,0.06564943253075226
