,Annualized Return,Annualized Vol,Sharpe Ratio,Max Drawdown,Skewness,Kurtosis,Cornish-Fisher VaR (5%),Historic CVaR (5%)
Mean Return,-1.2679913087806027,20.860165184732455,-0.34337957916601813,-77.85282705300628,-0.7096083570916861,6.313064528540154,0.05146367207407323,0.06944552385954006
