,Annualized Return,Annualized Vol,Sharpe Ratio,Max Drawdown,Skewness,Kurtosis,Cornish-Fisher VaR (5%),Historic CVaR (5%)
Mean Return,1.957860467439998,23.332451924969092,-0.1843236820331362,-79.57774310633827,-0.7917538606724759,7.410260494173494,0.05627387652195286,0.07629607897087562
