,Annualized Return,Annualized Vol,Sharpe Ratio,Max Drawdown,Skewness,Kurtosis,Cornish-Fisher VaR (5%),Historic CVaR (5%)
Mean Return,-12.219795456451843,22.90770739338303,-0.7647522847050825,-79.26939928684766,-0.2917568124949433,4.327476227497876,0.05646462477680637,0.0763406546697423
