,Annualized Return,Annualized Vol,Sharpe Ratio,Max Drawdown,Skewness,Kurtosis,Cornish-Fisher VaR (5%),Historic CVaR (5%)
Mean Return,-8.586400319698551,24.76262380697766,-0.5565466666610632,-74.23321233949468,-0.2695660316493177,6.78663288361221,0.05988609973670349,0.08098088552178394
