,Annualized Return,Annualized Vol,Sharpe Ratio,Max Drawdown,Skewness,Kurtosis,Cornish-Fisher VaR (5%),Historic CVaR (5%)
Mean Return,0.377524504568183,21.56599880619175,-0.2684312355729208,-65.03765382655664,-0.8464058727966093,9.37734091929108,0.05154178358876556,0.06781464642069815
