,Annualized Return,Annualized Vol,Sharpe Ratio,Max Drawdown,Skewness,Kurtosis,Cornish-Fisher VaR (5%),Historic CVaR (5%)
Mean Return,6.963662722607711,22.68567938498164,0.020422987716602815,-71.81365658621026,0.40821570132552004,13.974816892176039,0.03918645140228441,0.06693809409890147
