,Annualized Return,Annualized Vol,Sharpe Ratio,Max Drawdown,Skewness,Kurtosis,Cornish-Fisher VaR (5%),Historic CVaR (5%)
Mean Return,15.636236574163554,18.378109870091976,0.467854557007903,-56.32657905782625,-0.8556155902531066,6.90012618295898,0.04259451984671707,0.05947188482345482
