,Annualized Return,Annualized Vol,Sharpe Ratio,Max Drawdown,Skewness,Kurtosis,Cornish-Fisher VaR (5%),Historic CVaR (5%)
Mean Return,15.069045516156443,20.97967706515909,0.38462607910025065,-64.2929041470168,-0.6974036673533935,7.272388472868633,0.047650529824228134,0.06429524679017043
