,Annualized Return,Annualized Vol,Sharpe Ratio,Max Drawdown,Skewness,Kurtosis,Cornish-Fisher VaR (5%),Historic CVaR (5%)
Mean Return,5.1903041863911925,21.081868799343116,-0.04035338632270231,-49.825597216413975,-0.7188373861153995,6.242103765146886,0.05186241352504804,0.07302830677236737
