,Annualized Return,Annualized Vol,Sharpe Ratio,Max Drawdown,Skewness,Kurtosis,Cornish-Fisher VaR (5%),Historic CVaR (5%)
Mean Return,14.40214124614232,19.277379903351598,0.38694664624260333,-58.50102537683254,-0.6891437962095344,7.004845860969022,0.04380741685695621,0.061562025187358996
