,Annualized Return,Annualized Vol,Sharpe Ratio,Max Drawdown,Skewness,Kurtosis,Cornish-Fisher VaR (5%),Historic CVaR (5%)
Mean Return,8.214213390854264,21.074772525086956,0.09504514302622061,-48.51986394665648,-0.4922463034571035,7.036336868098823,0.04900188120085477,0.06987550620961276
