,Annualized Return,Annualized Vol,Sharpe Ratio,Max Drawdown,Skewness,Kurtosis,Cornish-Fisher VaR (5%),Historic CVaR (5%)
Mean Return,3.7479639193599423,22.054505274811696,-0.1131146644177769,-68.15536644386982,1.2029086628004257,18.93752015163965,0.028240621036079647,0.06373220285523884
