,Annualized Return,Annualized Vol,Sharpe Ratio,Max Drawdown,Skewness,Kurtosis,Cornish-Fisher VaR (5%),Historic CVaR (5%)
Mean Return,1.3338966808432495,28.093167742990104,-0.1720143031944295,-68.65143587186112,-0.8216327312817653,8.170036840513342,0.06750421387421061,0.09402508626260764
