,Annualized Return,Annualized Vol,Sharpe Ratio,Max Drawdown,Skewness,Kurtosis,Cornish-Fisher VaR (5%),Historic CVaR (5%)
Mean Return,0.902190492443733,22.355945432408276,-0.21891434161233458,-42.61509956399743,-0.5572392522978202,5.833614104850053,0.05480454189636279,0.07923722646251728
