,Annualized Return,Annualized Vol,Sharpe Ratio,Max Drawdown,Skewness,Kurtosis,Cornish-Fisher VaR (5%),Historic CVaR (5%)
Mean Return,4.66836854290158,23.0383427591422,-0.0741340052993216,-67.72584633928477,1.019587459666058,20.800071522677637,0.029765459454867402,0.0664141718618689
