,Annualized Return,Annualized Vol,Sharpe Ratio,Max Drawdown,Skewness,Kurtosis,Cornish-Fisher VaR (5%),Historic CVaR (5%)
Mean Return,-10.436980567087762,22.183784236593056,-0.6964374391837261,-86.12488051938485,-1.1082816984470383,10.438047139546342,0.05955003319012427,0.08433835787880058
