,Annualized Return,Annualized Vol,Sharpe Ratio,Max Drawdown,Skewness,Kurtosis,Cornish-Fisher VaR (5%),Historic CVaR (5%)
Mean Return,7.400050592184226,20.66316157471323,0.03922885612133261,-59.28353536951141,-1.3341325890411864,11.460007612697716,0.05029448508462425,0.0688419795039566
