,Annualized Return,Annualized Vol,Sharpe Ratio,Max Drawdown,Skewness,Kurtosis,Cornish-Fisher VaR (5%),Historic CVaR (5%)
Mean Return,2.245587140697114,20.82055230876719,-0.19367315396886958,-70.04786796364917,-1.3564538195535516,10.796778184791263,0.05216449002097872,0.07016681949417662
