,Annualized Return,Annualized Vol,Sharpe Ratio,Max Drawdown,Skewness,Kurtosis,Cornish-Fisher VaR (5%),Historic CVaR (5%)
Mean Return,-13.103338541433052,28.537538344731384,-0.6463831377199108,-87.72764516155769,-0.7207423726316236,6.33766647297321,0.07193757813444306,0.0992932449032567
