,Annualized Return,Annualized Vol,Sharpe Ratio,Max Drawdown,Skewness,Kurtosis,Cornish-Fisher VaR (5%),Historic CVaR (5%)
Mean Return,11.329608026523985,20.847106460572164,0.23723545014635966,-50.68669078616074,-0.6914927874378352,6.21721287370127,0.04992423273323446,0.06984996323554221
