,Annualized Return,Annualized Vol,Sharpe Ratio,Max Drawdown,Skewness,Kurtosis,Cornish-Fisher VaR (5%),Historic CVaR (5%)
Mean Return,2.547401478183775,25.254418700482756,-0.14662389936776046,-69.0506413749733,-0.5738007215945486,7.754192519226754,0.05855127532381994,0.08396379140726465
