,Annualized Return,Annualized Vol,Sharpe Ratio,Max Drawdown,Skewness,Kurtosis,Cornish-Fisher VaR (5%),Historic CVaR (5%)
Mean Return,-18.59832367005454,30.516457623157976,-0.7635099821347752,-89.00939863910166,-0.8262447016065562,7.259351657767081,0.08076513611105675,0.11820730071122154
