,Annualized Return,Annualized Vol,Sharpe Ratio,Max Drawdown,Skewness,Kurtosis,Cornish-Fisher VaR (5%),Historic CVaR (5%)
Mean Return,5.906530333605886,20.423372897565596,-0.02092608314937793,-57.359192460304186,-0.8051441889939397,6.513865104166291,0.04959721634513075,0.06881810736779988
