,Annualized Return,Annualized Vol,Sharpe Ratio,Max Drawdown,Skewness,Kurtosis,Cornish-Fisher VaR (5%),Historic CVaR (5%)
Mean Return,-3.614409121529738,23.119274384301946,-0.40883188782048563,-78.9185721723364,1.6529671480518697,23.44861057375069,0.02319300724749282,0.06736537388322027
