,Annualized Return,Annualized Vol,Sharpe Ratio,Max Drawdown,Skewness,Kurtosis,Cornish-Fisher VaR (5%),Historic CVaR (5%)
Mean Return,15.225264422102548,18.941110330662237,0.4346901678631817,-56.121315989359445,-0.6848915208291639,7.166278008548937,0.04275092566627694,0.059520117269990264
