,Annualized Return,Annualized Vol,Sharpe Ratio,Max Drawdown,Skewness,Kurtosis,Cornish-Fisher VaR (5%),Historic CVaR (5%)
Mean Return,-1.9149616556037863,25.34122391095062,-0.3129659741524871,-76.78493442784855,0.6016157346444327,17.896461609558703,0.040688845533279595,0.07532079661321386
