,Annualized Return,Annualized Vol,Sharpe Ratio,Max Drawdown,Skewness,Kurtosis,Cornish-Fisher VaR (5%),Historic CVaR (5%)
Mean Return,17.442032561925203,21.25929495576987,0.4853297099860925,-60.11721451666738,-0.035268434047821644,9.835714359659143,0.041120599191398974,0.06237341213112085
