,Annualized Return,Annualized Vol,Sharpe Ratio,Max Drawdown,Skewness,Kurtosis,Cornish-Fisher VaR (5%),Historic CVaR (5%)
Mean Return,6.347179813245707,22.891172646182397,-0.004426839325027422,-74.73434052148775,-0.9710289284886446,7.683703093842987,0.05563748346156875,0.07695349068610437
