,Annualized Return,Annualized Vol,Sharpe Ratio,Max Drawdown,Skewness,Kurtosis,Cornish-Fisher VaR (5%),Historic CVaR (5%)
Mean Return,8.474566903100577,20.562630168627777,0.09773179536177296,-61.58936220445385,-0.8373957104946796,7.687467625374799,0.04902308541327143,0.06695667460057554
