,Annualized Return,Annualized Vol,Sharpe Ratio,Max Drawdown,Skewness,Kurtosis,Cornish-Fisher VaR (5%),Historic CVaR (5%)
Mean Return,8.089315053387992,20.788262854884323,0.07253835421410497,-63.021026094985885,-1.3175893910181091,11.38356992319931,0.050402390263840295,0.069579865355048
