,Annualized Return,Annualized Vol,Sharpe Ratio,Max Drawdown,Skewness,Kurtosis,Cornish-Fisher VaR (5%),Historic CVaR (5%)
Mean Return,15.362906349338346,20.56458867917761,0.4035326922501086,-58.03224623019012,-1.2570537681340332,10.624865619909047,0.048649134293557765,0.06662403213016528
