,Annualized Return,Annualized Vol,Sharpe Ratio,Max Drawdown,Skewness,Kurtosis,Cornish-Fisher VaR (5%),Historic CVaR (5%)
Mean Return,-8.187628575671068,22.882547055824624,-0.6021877314915757,-80.04704041297931,-1.0557779863659025,9.34016282229423,0.058048799589724656,0.07978340608943586
