,Annualized Return,Annualized Vol,Sharpe Ratio,Max Drawdown,Skewness,Kurtosis,Cornish-Fisher VaR (5%),Historic CVaR (5%)
Mean Return,16.700641693874772,20.983399420963583,0.45767355370084833,-60.56463829528671,-0.6840373638613008,7.054892723423549,0.04741470230389466,0.06344888249352586
