,Annualized Return,Annualized Vol,Sharpe Ratio,Max Drawdown,Skewness,Kurtosis,Cornish-Fisher VaR (5%),Historic CVaR (5%)
Mean Return,17.565444666647313,15.295805604940806,0.6812173916989268,-33.07399995228845,-1.281517245529661,10.766745752200993,0.03523416197432194,0.048115351739638504
