,Annualized Return,Annualized Vol,Sharpe Ratio,Max Drawdown,Skewness,Kurtosis,Cornish-Fisher VaR (5%),Historic CVaR (5%)
Mean Return,4.287471607714322,22.389771407544064,-0.0917054063455083,-73.34294401575421,-0.5133774270920209,5.891483040932315,0.05227344327994156,0.07013254817300904
