,Annualized Return,Annualized Vol,Sharpe Ratio,Max Drawdown,Skewness,Kurtosis,Cornish-Fisher VaR (5%),Historic CVaR (5%)
Mean Return,12.260856719292356,20.626839594360888,0.2702616149818461,-56.938748141544814,-0.7601163231819643,6.167094968461671,0.04882182177382598,0.06746278111293107
