,Annualized Return,Annualized Vol,Sharpe Ratio,Max Drawdown,Skewness,Kurtosis,Cornish-Fisher VaR (5%),Historic CVaR (5%)
Mean Return,9.44510740014055,22.73365673742042,0.12164679937191171,-66.39010200590532,-0.28239367860393566,9.09146664147009,0.04816108617168297,0.0705749979889276
