,Annualized Return,Annualized Vol,Sharpe Ratio,Max Drawdown,Skewness,Kurtosis,Cornish-Fisher VaR (5%),Historic CVaR (5%)
Mean Return,8.402074536867655,21.186463736995243,0.102910372792619,-51.45326110468399,-0.592086908475523,6.943639407762475,0.0500841257661602,0.07052123467670939
