,Annualized Return,Annualized Vol,Sharpe Ratio,Max Drawdown,Skewness,Kurtosis,Cornish-Fisher VaR (5%),Historic CVaR (5%)
Mean Return,1.2258399621961402,22.485157176968563,-0.21990114408943873,-72.16317367005274,0.432471952709121,15.694080906361597,0.0385851676788773,0.06701911498717825
