,Annualized Return,Annualized Vol,Sharpe Ratio,Max Drawdown,Skewness,Kurtosis,Cornish-Fisher VaR (5%),Historic CVaR (5%)
Mean Return,11.678848589747703,20.958083489546357,0.23291596357734745,-66.09580502777638,-1.1264851190533294,9.5680680630923,0.04994198542331767,0.06815881844891486
