,Annualized Return,Annualized Vol,Sharpe Ratio,Max Drawdown,Skewness,Kurtosis,Cornish-Fisher VaR (5%),Historic CVaR (5%)
Mean Return,-8.394637011896267,25.793358770526886,-0.5409938763333058,-90.53235413179405,-0.5768308549835449,8.670815896772835,0.06193595498316213,0.08486540612479643
