,Annualized Return,Annualized Vol,Sharpe Ratio,Max Drawdown,Skewness,Kurtosis,Cornish-Fisher VaR (5%),Historic CVaR (5%)
Mean Return,-3.5588419227767676,24.38580594124467,-0.3867747460346249,-76.82411502388022,-1.0735644647626374,12.26352081777989,0.0589533001888748,0.08323794834510483
