,Annualized Return,Annualized Vol,Sharpe Ratio,Max Drawdown,Skewness,Kurtosis,Cornish-Fisher VaR (5%),Historic CVaR (5%)
Mean Return,13.336439814003121,21.1845663233749,0.3025289733532475,-61.77138715389767,-0.9738942313401738,7.438870666334893,0.05039553986523989,0.06891587053382565
