,Annualized Return,Annualized Vol,Sharpe Ratio,Max Drawdown,Skewness,Kurtosis,Cornish-Fisher VaR (5%),Historic CVaR (5%)
Mean Return,5.726205254209438,17.02964124651262,-0.019300635419088247,-41.23188466921165,-0.6251582302456639,5.377966147212932,0.04151451610862739,0.05850814684695655
