,Annualized Return,Annualized Vol,Sharpe Ratio,Max Drawdown,Skewness,Kurtosis,Cornish-Fisher VaR (5%),Historic CVaR (5%)
Mean Return,14.34593620401361,18.535926903181966,0.3966464486359577,-52.959989506674354,-0.8456379114238202,7.600200511639665,0.04278352029752874,0.05905117889193348
