,Annualized Return,Annualized Vol,Sharpe Ratio,Max Drawdown,Skewness,Kurtosis,Cornish-Fisher VaR (5%),Historic CVaR (5%)
Mean Return,16.865495572316558,23.722145039453725,0.41276306047659367,-61.01505688931654,0.15636269040227083,13.514741825584684,0.04203362339228452,0.07197431410601791
