,Annualized Return,Annualized Vol,Sharpe Ratio,Max Drawdown,Skewness,Kurtosis,Cornish-Fisher VaR (5%),Historic CVaR (5%)
Mean Return,-13.960358799911921,25.630844255375006,-0.7462792287857796,-80.49106958675748,-0.6354070647413159,5.882818311785201,0.06536497816940866,0.09127757120772986
