,Annualized Return,Annualized Vol,Sharpe Ratio,Max Drawdown,Skewness,Kurtosis,Cornish-Fisher VaR (5%),Historic CVaR (5%)
Mean Return,3.47144415600551,23.000988590599654,-0.11940444733112676,-79.46372692702099,-0.34785769198570793,5.463548597110086,0.05323046537876812,0.06900624562390988
