,Annualized Return,Annualized Vol,Sharpe Ratio,Max Drawdown,Skewness,Kurtosis,Cornish-Fisher VaR (5%),Historic CVaR (5%)
Mean Return,14.447175826824799,21.160521333364663,0.35370251865677305,-66.07042488512363,-0.7091220962497989,7.514056285738741,0.04813099196432255,0.06505872158883709
