,Annualized Return,Annualized Vol,Sharpe Ratio,Max Drawdown,Skewness,Kurtosis,Cornish-Fisher VaR (5%),Historic CVaR (5%)
Mean Return,9.379852111133925,22.308247697617308,0.12190821377719575,-73.75163042799777,-0.45906218215936656,6.435128853878087,0.05038055337329267,0.0689489888131764
