,Annualized Return,Annualized Vol,Sharpe Ratio,Max Drawdown,Skewness,Kurtosis,Cornish-Fisher VaR (5%),Historic CVaR (5%)
Mean Return,-8.118909223445725,22.149891862423832,-0.6217009680438876,-84.95061108964957,-1.1222489026538112,9.808280649221762,0.05646697308851977,0.08511754726468355
