,Annualized Return,Annualized Vol,Sharpe Ratio,Max Drawdown,Skewness,Kurtosis,Cornish-Fisher VaR (5%),Historic CVaR (5%)
Mean Return,0.8014343487034781,19.588105669605124,-0.2541063083220007,-51.887283018752825,-0.47975361039061265,5.1487864692077325,0.04791040785114125,0.07036319301237733
