,Annualized Return,Annualized Vol,Sharpe Ratio,Max Drawdown,Skewness,Kurtosis,Cornish-Fisher VaR (5%),Historic CVaR (5%)
Mean Return,12.922458523274095,16.824631605821025,0.35688897647954443,-35.5007727957635,-0.3137329895088325,5.494732855997413,0.036607561736586657,0.0502413227010749
