,Annualized Return,Annualized Vol,Sharpe Ratio,Max Drawdown,Skewness,Kurtosis,Cornish-Fisher VaR (5%),Historic CVaR (5%)
Mean Return,17.58755213128651,14.266797835570074,0.7305534459937271,-25.381326338668043,-1.8071993608752002,17.343085881347097,0.03239409783925872,0.04437295868321507
