,Annualized Return,Annualized Vol,Sharpe Ratio,Max Drawdown,Skewness,Kurtosis,Cornish-Fisher VaR (5%),Historic CVaR (5%)
Mean Return,19.039579241012316,17.805925091090174,0.6654058160866825,-31.995001557310893,-0.9441856690156364,8.642246684551614,0.040274232530214074,0.060133955120485846
