,Annualized Return,Annualized Vol,Sharpe Ratio,Max Drawdown,Skewness,Kurtosis,Cornish-Fisher VaR (5%),Historic CVaR (5%)
Mean Return,15.772399016558891,16.48822003873581,0.5285974651960772,-26.454699078345982,-0.9270971992264002,7.777715837837146,0.03792039174193106,0.052126879920811546
