,Annualized Return,Annualized Vol,Sharpe Ratio,Max Drawdown,Skewness,Kurtosis,Cornish-Fisher VaR (5%),Historic CVaR (5%)
Mean Return,15.259641183558625,14.714096048155278,0.5669914358028821,-27.76760534203197,-1.3867186633858386,11.512709618456801,0.0346896929871457,0.05000448420304688
