,Annualized Return,Annualized Vol,Sharpe Ratio,Max Drawdown,Skewness,Kurtosis,Cornish-Fisher VaR (5%),Historic CVaR (5%)
Mean Return,8.950574392707434,19.36064664857242,0.11806810221457809,-46.73987876727284,-0.5459053996150494,5.533688935591341,0.044739489687850256,0.0626796394143074
