,Annualized Return,Annualized Vol,Sharpe Ratio,Max Drawdown,Skewness,Kurtosis,Cornish-Fisher VaR (5%),Historic CVaR (5%)
Mean Return,11.77116195680985,13.062143928432809,0.4246035124373168,-25.839953043436253,-0.8085095926197247,7.558792157411054,0.031166934222944358,0.042188372731495984
