,Annualized Return,Annualized Vol,Sharpe Ratio,Max Drawdown,Skewness,Kurtosis,Cornish-Fisher VaR (5%),Historic CVaR (5%)
Mean Return,17.878156415482337,14.704929056431542,0.7273607602962758,-25.013592118509955,-1.8910550460129139,18.632965436396045,0.03327188590147884,0.0451317965860898
