,Annualized Return,Annualized Vol,Sharpe Ratio,Max Drawdown,Skewness,Kurtosis,Cornish-Fisher VaR (5%),Historic CVaR (5%)
Mean Return,21.298085829278946,14.704949998208876,0.9546201947265907,-22.560326198576327,-0.47235110180312867,7.729700915924673,0.030552242579794404,0.045547793970655115
