,Annualized Return,Annualized Vol,Sharpe Ratio,Max Drawdown,Skewness,Kurtosis,Cornish-Fisher VaR (5%),Historic CVaR (5%)
Mean Return,13.726649822424243,13.530269065872774,0.5385275410740702,-22.893153013900964,-1.0008502772785415,9.396467370042101,0.031895612170482965,0.0436594582706801
