,Annualized Return,Annualized Vol,Sharpe Ratio,Max Drawdown,Skewness,Kurtosis,Cornish-Fisher VaR (5%),Historic CVaR (5%)
Mean Return,20.23246124281077,15.051786419874732,0.8599342788169623,-29.45287377849384,-1.2258690536399497,9.867760857189586,0.034290942170017824,0.047950489750655585
