,Annualized Return,Annualized Vol,Sharpe Ratio,Max Drawdown,Skewness,Kurtosis,Cornish-Fisher VaR (5%),Historic CVaR (5%)
Mean Return,17.43253800969986,14.328293851521828,0.7148013021018196,-25.816949654437625,-0.8312884785082886,9.246410170655867,0.031308048504702646,0.04247545748924652
