,Annualized Return,Annualized Vol,Sharpe Ratio,Max Drawdown,Skewness,Kurtosis,Cornish-Fisher VaR (5%),Historic CVaR (5%)
Mean Return,14.715731018676316,13.153868167565571,0.6197747558231999,-23.99695996434851,-0.9793491859442606,8.359140212628162,0.03073919113447457,0.04186508247556044
