,Annualized Return,Annualized Vol,Sharpe Ratio,Max Drawdown,Skewness,Kurtosis,Cornish-Fisher VaR (5%),Historic CVaR (5%)
Mean Return,14.405037432600821,14.06398192835456,0.5283386790651241,-29.153330096436708,-1.5455146414514669,14.35291863337351,0.03247313205737742,0.04573427130172312
