,Annualized Return,Annualized Vol,Sharpe Ratio,Max Drawdown,Skewness,Kurtosis,Cornish-Fisher VaR (5%),Historic CVaR (5%)
Mean Return,13.242384609606406,14.345498970065925,0.471333007710604,-26.917962642159658,-0.66887122022706,6.623027941228848,0.0331357508297269,0.0458563712404392
