,Annualized Return,Annualized Vol,Sharpe Ratio,Max Drawdown,Skewness,Kurtosis,Cornish-Fisher VaR (5%),Historic CVaR (5%)
Mean Return,15.985026341164343,14.710579517049954,0.6100137384932375,-25.937350765867233,-0.9066879435115547,8.248360944157653,0.03321606242204834,0.04680312763921357
