,Annualized Return,Annualized Vol,Sharpe Ratio,Max Drawdown,Skewness,Kurtosis,Cornish-Fisher VaR (5%),Historic CVaR (5%)
Mean Return,14.825289998084568,13.909190966264415,0.56421545425383,-21.75357826378369,-1.1306843428708135,11.788986015806476,0.03115523441002041,0.04433329033826543
