,Annualized Return,Annualized Vol,Sharpe Ratio,Max Drawdown,Skewness,Kurtosis,Cornish-Fisher VaR (5%),Historic CVaR (5%)
Mean Return,14.29314123811718,15.916580452812509,0.45838191152370283,-45.070542080001005,-2.0711839480043377,20.257019090439318,0.03698030313281361,0.05156420214893483
