,Annualized Return,Annualized Vol,Sharpe Ratio,Max Drawdown,Skewness,Kurtosis,Cornish-Fisher VaR (5%),Historic CVaR (5%)
Mean Return,20.1840303000262,14.070883409598386,0.916664071629429,-26.856303764820456,-1.4441272015882203,13.5381069706307,0.031396741474770444,0.04489810199083392
