,Annualized Return,Annualized Vol,Sharpe Ratio,Max Drawdown,Skewness,Kurtosis,Cornish-Fisher VaR (5%),Historic CVaR (5%)
Mean Return,12.760768584738447,18.598400776024725,0.32138137928006566,-36.04601134504277,0.16427517156931293,6.457553073092106,0.03706111978732834,0.05569726641014512
