,Annualized Return,Annualized Vol,Sharpe Ratio,Max Drawdown,Skewness,Kurtosis,Cornish-Fisher VaR (5%),Historic CVaR (5%)
Mean Return,16.378935264379678,12.036396964075855,0.7854583745722682,-19.15243670727654,-0.6345257827264265,6.142081877152856,0.026404020881146822,0.03788754277813076
