,Annualized Return,Annualized Vol,Sharpe Ratio,Max Drawdown,Skewness,Kurtosis,Cornish-Fisher VaR (5%),Historic CVaR (5%)
Mean Return,17.98580256254492,17.788577018225926,0.6088200448734512,-32.88507394139307,-0.7628619680694,6.569434991417207,0.04031731894745795,0.05724281114351768
