,Annualized Return,Annualized Vol,Sharpe Ratio,Max Drawdown,Skewness,Kurtosis,Cornish-Fisher VaR (5%),Historic CVaR (5%)
Mean Return,12.88342568462404,15.319201255727416,0.42419863373720273,-30.612119619875784,-1.9184830996785562,18.31113065769001,0.037241400357716004,0.049627460613953144
