,Annualized Return,Annualized Vol,Sharpe Ratio,Max Drawdown,Skewness,Kurtosis,Cornish-Fisher VaR (5%),Historic CVaR (5%)
Mean Return,15.692569131057432,16.362587310412096,0.5300894220258452,-27.790007837949315,-0.8285098189459759,8.04705415937423,0.0369342864032274,0.05087740596029901
