,Annualized Return,Annualized Vol,Sharpe Ratio,Max Drawdown,Skewness,Kurtosis,Cornish-Fisher VaR (5%),Historic CVaR (5%)
Mean Return,16.21995306860633,13.894876903573177,0.6896618073444674,-25.358638930548867,-1.2038944981053927,10.258066635325749,0.03265896672540058,0.04456638954586939
