,Annualized Return,Annualized Vol,Sharpe Ratio,Max Drawdown,Skewness,Kurtosis,Cornish-Fisher VaR (5%),Historic CVaR (5%)
Mean Return,18.381775906500962,14.250099377885883,0.7890758477172382,-27.083912015804884,-1.0635730620792816,10.339877099014013,0.03194008802897918,0.04580718245784826
