,Annualized Return,Annualized Vol,Sharpe Ratio,Max Drawdown,Skewness,Kurtosis,Cornish-Fisher VaR (5%),Historic CVaR (5%)
Mean Return,13.599955127233287,15.620307532695236,0.4261807838864669,-33.282248322314686,-1.2812993728416897,13.01933152366984,0.0357375006735374,0.04737258695189991
