,Annualized Return,Annualized Vol,Sharpe Ratio,Max Drawdown,Skewness,Kurtosis,Cornish-Fisher VaR (5%),Historic CVaR (5%)
Mean Return,11.07702919620297,19.373907509356354,0.22125071504921706,-41.02840901184748,-0.2417360566684194,4.980282193776622,0.04250734930942313,0.057925804188099235
