,Annualized Return,Annualized Vol,Sharpe Ratio,Max Drawdown,Skewness,Kurtosis,Cornish-Fisher VaR (5%),Historic CVaR (5%)
Mean Return,19.107965082391274,14.112084859633548,0.8448616662654749,-27.113197203323143,-1.1934211169124131,10.867584704764019,0.031896398416152605,0.0461572801809776
