,Annualized Return,Annualized Vol,Skewness,Kurtosis,Cornish-Fisher VaR (5%),Historic CVaR (5%),Sharpe Ratio,Max Drawdown
Mean Return,0.16842362308491832,0.19785805441571272,-0.9965678168328945,12.410683754334974,0.0437555372797521,0.061821934425468225,0.48949583792344126,-0.3738701402641401
