,Annualized Return,Annualized Vol,Sharpe Ratio,Max Drawdown,Skewness,Kurtosis,Cornish-Fisher VaR (5%),Historic CVaR (5%)
Mean Return,15.463948165403885,14.608315130635793,0.5767946661936603,-27.315289417992698,-1.6503405881202755,13.820123748607976,0.03433515713565116,0.04719789848987893
