,Annualized Return,Annualized Vol,Sharpe Ratio,Max Drawdown,Skewness,Kurtosis,Cornish-Fisher VaR (5%),Historic CVaR (5%)
Mean Return,14.856289936731448,13.7625250430367,0.574898310205414,-24.80560189856174,-1.0006218136520797,9.115395398837325,0.031203856447167076,0.04357354053374652
