,Annualized Return,Annualized Vol,Sharpe Ratio,Max Drawdown,Skewness,Kurtosis,Cornish-Fisher VaR (5%),Historic CVaR (5%)
Mean Return,14.123517713465494,15.832970035760916,0.4792952776441514,-36.92769521041425,-1.1531102766593746,11.030738539661185,0.03736248144911475,0.05222364382088376
