,Annualized Return,Annualized Vol,Sharpe Ratio,Max Drawdown,Skewness,Kurtosis,Cornish-Fisher VaR (5%),Historic CVaR (5%)
Mean Return,14.842121214216753,15.250530113052838,0.5141616854850811,-31.057616221946137,-1.5622563675831085,13.123006402153917,0.035942039857886104,0.048806177184389746
