,Annualized Return,Annualized Vol,Sharpe Ratio,Max Drawdown,Skewness,Kurtosis,Cornish-Fisher VaR (5%),Historic CVaR (5%)
Mean Return,17.37347874236528,14.93962917751141,0.685514168152765,-28.61880903201421,-2.019947832295155,16.76623713695669,0.03525932642656134,0.05066822430776826
