,Annualized Return,Annualized Vol,Sharpe Ratio,Max Drawdown,Skewness,Kurtosis,Cornish-Fisher VaR (5%),Historic CVaR (5%)
Mean Return,13.154093316069847,14.815112205694966,0.42543481872970446,-28.631349634106794,-1.6283739301267157,13.217332382151051,0.03538526566065192,0.047816879055605215
