,Annualized Return,Annualized Vol,Sharpe Ratio,Max Drawdown,Skewness,Kurtosis,Cornish-Fisher VaR (5%),Historic CVaR (5%)
Mean Return,23.800721358078224,13.938523543491979,1.168117975067227,-27.50160665120346,-2.018393531882723,18.8554951493823,0.03086311082198189,0.042714737470971584
