,Annualized Return,Annualized Vol,Skewness,Kurtosis,Cornish-Fisher VaR (5%),Historic CVaR (5%),Sharpe Ratio,Max Drawdown
Mean Return,0.160192685987943,0.13918015350524904,-1.461680057158384,12.17666206106899,0.03318806931651525,0.04371821685599857,0.6730478865001581,-0.26004977195813606
