,Annualized Return,Annualized Vol,Skewness,Kurtosis,Cornish-Fisher VaR (5%),Historic CVaR (5%),Sharpe Ratio,Max Drawdown
Mean Return,0.17830878633939906,0.1511314764968493,-1.5474415696795052,13.342263841278472,0.03492930980875013,0.05058712209673716,0.7060405936372692,-0.2801528327573726
