,Annualized Return,Annualized Vol,Skewness,Kurtosis,Cornish-Fisher VaR (5%),Historic CVaR (5%),Sharpe Ratio,Max Drawdown
Mean Return,0.1207232086313228,0.17341080474386267,-0.595529446879066,6.918970061884061,0.0401138635634411,0.056419324683063155,0.32533949629521114,-0.4246383074791579
