,Annualized Return,Annualized Vol,Sharpe Ratio,Max Drawdown,Skewness,Kurtosis,Cornish-Fisher VaR (5%),Historic CVaR (5%)
Mean Return,22.441529980827223,15.568216848216053,0.9642491910302949,-28.206065318084196,-0.4585982243432886,6.970937332891407,0.03232969085736693,0.045192992330455733
