,Annualized Return,Annualized Vol,Sharpe Ratio,Max Drawdown,Skewness,Kurtosis,Cornish-Fisher VaR (5%),Historic CVaR (5%)
Mean Return,14.625404062388437,16.192324381408802,0.47076405367913243,-41.14112983838702,-1.232965102811005,8.983945428689639,0.03852866000900454,0.051015263974425656
