,Annualized Return,Annualized Vol,Sharpe Ratio,Max Drawdown,Skewness,Kurtosis,Cornish-Fisher VaR (5%),Historic CVaR (5%)
Mean Return,19.699555391663036,14.047663541697755,0.8850776624030038,-26.894608985599934,-0.7046246041202123,7.962476090809017,0.030115490739378782,0.04283870217409044
