,Annualized Return,Annualized Vol,Sharpe Ratio,Max Drawdown,Skewness,Kurtosis,Cornish-Fisher VaR (5%),Historic CVaR (5%)
Mean Return,16.083129023539033,20.17143535282718,0.4553113986532096,-39.53904993347902,-1.529223369666877,12.501604989777393,0.04866533427885651,0.06577069987728099
