,Annualized Return,Annualized Vol,Sharpe Ratio,Max Drawdown,Skewness,Kurtosis,Cornish-Fisher VaR (5%),Historic CVaR (5%)
Mean Return,17.221083929281168,14.50834738150256,0.6946395433272674,-26.85630376482046,-1.444735884310839,13.341295376307706,0.03305237865011587,0.04737257189291546
