,Annualized Return,Annualized Vol,Sharpe Ratio,Max Drawdown,Skewness,Kurtosis,Cornish-Fisher VaR (5%),Historic CVaR (5%)
Mean Return,17.046250499199587,13.855029558202137,0.7468638640922646,-26.096528782236966,-1.4321590654592766,11.960154810579423,0.03279332638022249,0.044387662533865904
