,Annualized Return,Annualized Vol,Sharpe Ratio,Max Drawdown,Skewness,Kurtosis,Cornish-Fisher VaR (5%),Historic CVaR (5%)
Mean Return,22.337200528506852,17.85792322115672,0.8318241346301304,-32.74483445551565,-1.0376387671136056,14.072114205567074,0.03777819997095753,0.049360606237905065
