,Annualized Return,Annualized Vol,Sharpe Ratio,Max Drawdown,Skewness,Kurtosis,Cornish-Fisher VaR (5%),Historic CVaR (5%)
Mean Return,20.528368770799908,17.57337700311768,0.751817439853783,-25.062810669620788,-0.23524079754119698,4.945637726162975,0.036789977740856364,0.05171322314435814
