,Annualized Return,Annualized Vol,Sharpe Ratio,Max Drawdown,Skewness,Kurtosis,Cornish-Fisher VaR (5%),Historic CVaR (5%)
Mean Return,17.179580071869395,13.707523774472602,0.7405427174416126,-23.68250794098049,-0.8805392020170653,7.883351470434985,0.030888016522735654,0.0444536777040338
