,Annualized Return,Annualized Vol,Sharpe Ratio,Max Drawdown,Skewness,Kurtosis,Cornish-Fisher VaR (5%),Historic CVaR (5%)
Mean Return,20.777466036771685,13.529424070927035,0.9903611315670264,-22.684130856953296,-1.1856290057408738,12.92924862708287,0.02909918794868484,0.04005014604551685
