,Annualized Return,Annualized Vol,Sharpe Ratio,Max Drawdown,Skewness,Kurtosis,Cornish-Fisher VaR (5%),Historic CVaR (5%)
Mean Return,17.547602561749564,15.671968890038881,0.6616001630860904,-25.702856837068545,-0.24037000737042194,6.788325817483015,0.03216343575795399,0.04515510667300527
