,Annualized Return,Annualized Vol,Sharpe Ratio,Max Drawdown,Skewness,Kurtosis,Cornish-Fisher VaR (5%),Historic CVaR (5%)
Mean Return,18.454651621023554,17.299219195389483,0.6524212677224349,-32.88553353758351,-0.552971914284945,5.986803190934283,0.038035477706888296,0.05223294052200634
