,Annualized Return,Annualized Vol,Sharpe Ratio,Max Drawdown,Skewness,Kurtosis,Cornish-Fisher VaR (5%),Historic CVaR (5%)
Mean Return,9.483099269145034,23.38598507283625,0.13666173629283604,-48.81988759577482,0.7042996429751709,12.540280768493574,0.03906700123986385,0.0727969516404416
