,Annualized Return,Annualized Vol,Sharpe Ratio,Max Drawdown,Skewness,Kurtosis,Cornish-Fisher VaR (5%),Historic CVaR (5%)
Mean Return,20.164037217352227,14.692507118522318,0.8742562630372355,-28.94618368285998,-1.9082717311153738,16.922373464721616,0.03364773757701884,0.04731617774122378
