,Annualized Return,Annualized Vol,Sharpe Ratio,Max Drawdown,Skewness,Kurtosis,Cornish-Fisher VaR (5%),Historic CVaR (5%)
Mean Return,22.488277472125382,15.549488187540039,0.9654999541546578,-28.06395694922405,-1.5185457714185877,14.988110477898692,0.03444390337406576,0.045657209118907444
