,Annualized Return,Annualized Vol,Sharpe Ratio,Max Drawdown,Skewness,Kurtosis,Cornish-Fisher VaR (5%),Historic CVaR (5%)
Mean Return,14.718915934717325,12.372866379871935,0.637759588852982,-18.75206893070573,-0.6409576323075875,6.370093446716818,0.02745492156307229,0.03998721706206145
