,Annualized Return,Annualized Vol,Sharpe Ratio,Max Drawdown,Skewness,Kurtosis,Cornish-Fisher VaR (5%),Historic CVaR (5%)
Mean Return,14.416437449744834,13.52849307601541,0.5868564532457384,-25.88905747658593,-1.6863478563290715,16.093862525201782,0.032240520778243076,0.0437865660993501
