,Annualized Return,Annualized Vol,Sharpe Ratio,Max Drawdown,Skewness,Kurtosis,Cornish-Fisher VaR (5%),Historic CVaR (5%)
Mean Return,20.225625425185,14.993292281924406,0.8628644295878799,-29.078527228460686,-1.885650716773775,15.560818923351416,0.034851487067305696,0.04923836536958285
