,Annualized Return,Annualized Vol,Sharpe Ratio,Max Drawdown,Skewness,Kurtosis,Cornish-Fisher VaR (5%),Historic CVaR (5%)
Mean Return,22.913747104306225,17.41133575744843,0.8861918126360018,-34.16864429172634,-1.3431532002850248,11.535758720364873,0.039623681532296964,0.05436245414855236
