,Annualized Return,Annualized Vol,Sharpe Ratio,Max Drawdown,Skewness,Kurtosis,Cornish-Fisher VaR (5%),Historic CVaR (5%)
Mean Return,16.921887869569318,14.222274919596934,0.688835099843211,-25.87879542441375,-1.972819287617682,18.690101637619083,0.03255314784640708,0.044423420304343625
