,Annualized Return,Annualized Vol,Skewness,Kurtosis,Cornish-Fisher VaR (5%),Historic CVaR (5%),Sharpe Ratio,Max Drawdown
Mean Return,0.19237166225304803,0.16162720805170766,-1.7919389208866183,14.967810424757994,0.037796060733947305,0.05504545204806484,0.7432002572423162,-0.29259489001009964
