,Annualized Return,Annualized Vol,Sharpe Ratio,Max Drawdown,Skewness,Kurtosis,Cornish-Fisher VaR (5%),Historic CVaR (5%)
Mean Return,21.110328677708367,14.125810372596433,0.9723227653752797,-26.84624503623303,-2.3790058328087644,24.938729405140776,0.03078065000391772,0.04338302028469333
