,Annualized Return,Annualized Vol,Sharpe Ratio,Max Drawdown,Skewness,Kurtosis,Cornish-Fisher VaR (5%),Historic CVaR (5%)
Mean Return,16.677121164018338,13.783863955356884,0.6940581633466538,-23.94086727439412,-0.9515884123273577,8.409788987294048,0.030998021613405202,0.04381519754422301
