,Annualized Return,Annualized Vol,Sharpe Ratio,Max Drawdown,Skewness,Kurtosis,Cornish-Fisher VaR (5%),Historic CVaR (5%)
Mean Return,17.663614167206386,14.491662438383306,0.7241516873563767,-27.083912015804884,-1.0302523949175957,9.818492283047638,0.03239130254155982,0.04599131070399141
