,Annualized Return,Annualized Vol,Sharpe Ratio,Max Drawdown,Skewness,Kurtosis,Cornish-Fisher VaR (5%),Historic CVaR (5%)
Mean Return,14.80276479978233,15.616005558045423,0.5029098835359489,-29.31510572889236,-1.4156297124359984,11.291983017607663,0.036930585279077936,0.050548120491094375
