,Annualized Return,Annualized Vol,Skewness,Kurtosis,Cornish-Fisher VaR (5%),Historic CVaR (5%),Sharpe Ratio,Max Drawdown
Mean Return,0.21507125085585743,0.15127703466060285,-2.4364929295172058,24.88171920590435,0.033423383686147334,0.0461995438424939,0.9301221633246064,-0.29264705167804256
