,Annualized Return,Annualized Vol,Sharpe Ratio,Max Drawdown,Skewness,Kurtosis,Cornish-Fisher VaR (5%),Historic CVaR (5%)
Mean Return,20.356085664739275,14.283547618855316,0.9093628006981217,-26.810001986000586,-2.07650495999262,21.945015109008835,0.0312979554878848,0.04393012458167189
