,Annualized Return,Annualized Vol,Sharpe Ratio,Max Drawdown,Skewness,Kurtosis,Cornish-Fisher VaR (5%),Historic CVaR (5%)
Mean Return,17.609266448363137,17.698204645551588,0.5900199293996559,-29.43542070404271,-1.512899062758917,14.736144342882017,0.04056070760913964,0.05530491403127516
