,Annualized Return,Annualized Vol,Sharpe Ratio,Max Drawdown,Skewness,Kurtosis,Cornish-Fisher VaR (5%),Historic CVaR (5%)
Mean Return,18.736807029386583,14.721983549945431,0.7830296153656701,-27.58267456769905,-0.5909572206406627,7.278293093083497,0.03155393633773636,0.0444087443817854
