,Annualized Return,Annualized Vol,Sharpe Ratio,Max Drawdown,Skewness,Kurtosis,Cornish-Fisher VaR (5%),Historic CVaR (5%)
Mean Return,14.611537607065127,15.186023903455137,0.5020712176875797,-30.729884354556475,-1.491457891508746,13.50795568426273,0.035319253416286535,0.048520490462928445
