,Annualized Return,Annualized Vol,Sharpe Ratio,Max Drawdown,Skewness,Kurtosis,Cornish-Fisher VaR (5%),Historic CVaR (5%)
Mean Return,18.9988265644897,16.09781849005922,0.7342397970566328,-29.961291818717562,-0.9560874175213444,12.056452510648969,0.03500639114612664,0.050465249321854186
