,Annualized Return,Annualized Vol,Sharpe Ratio,Max Drawdown,Skewness,Kurtosis,Cornish-Fisher VaR (5%),Historic CVaR (5%)
Mean Return,14.813715264157178,12.49959463968684,0.6384374718318169,-20.761858426392248,-0.9046684187937607,7.1123881509036755,0.028649391105383618,0.04101590167778135
