,Annualized Return,Annualized Vol,Sharpe Ratio,Max Drawdown,Skewness,Kurtosis,Cornish-Fisher VaR (5%),Historic CVaR (5%)
Mean Return,17.865402292115128,16.129702099405453,0.664436724613706,-30.18610600299803,-1.256327442136649,9.654176671797286,0.037627945085179915,0.05609019278494776
