,Annualized Return,Annualized Vol,Sharpe Ratio,Max Drawdown,Skewness,Kurtosis,Cornish-Fisher VaR (5%),Historic CVaR (5%)
Mean Return,19.339876722353843,18.43090980290745,0.6548417073722318,-22.506368138405513,-0.5004360709028095,6.704491662369284,0.039854559572330465,0.056004809109976086
