,Annualized Return,Annualized Vol,Sharpe Ratio,Max Drawdown,Skewness,Kurtosis,Cornish-Fisher VaR (5%),Historic CVaR (5%)
Mean Return,15.58895881162201,14.042860955071118,0.6434713488345111,-26.5206802390452,-1.8691932884157436,18.47400000482458,0.033181213655644776,0.046607239386554485
