,Annualized Return,Annualized Vol,Sharpe Ratio,Max Drawdown,Skewness,Kurtosis,Cornish-Fisher VaR (5%),Historic CVaR (5%)
Mean Return,21.226409549850622,16.45991529421935,0.8410451217835917,-30.600397003168943,-1.1774577732247087,9.432898596186087,0.037597102478476925,0.05334295084122489
