,Annualized Return,Annualized Vol,Sharpe Ratio,Max Drawdown,Skewness,Kurtosis,Cornish-Fisher VaR (5%),Historic CVaR (5%)
Mean Return,16.09389974839455,21.706969659653797,0.4153702787992151,-36.77995401795664,-1.311364999300017,13.305457434135574,0.05010468263406585,0.06739287655950042
