,Annualized Return,Annualized Vol,Sharpe Ratio,Max Drawdown,Skewness,Kurtosis,Cornish-Fisher VaR (5%),Historic CVaR (5%)
Mean Return,20.350918468967638,14.58499845791411,0.8939059816945288,-28.485968400520616,-1.5896817432237031,14.051218104517778,0.03310798364650404,0.04543590370857949
