,Annualized Return,Annualized Vol,Sharpe Ratio,Max Drawdown,Skewness,Kurtosis,Cornish-Fisher VaR (5%),Historic CVaR (5%)
Mean Return,10.509779003459396,13.686761879256531,0.3180849811626847,-28.380588143171277,-0.8531406365700328,8.415603192223022,0.032880842563388316,0.044043109422749034
