,Annualized Return,Annualized Vol,Sharpe Ratio,Max Drawdown,Skewness,Kurtosis,Cornish-Fisher VaR (5%),Historic CVaR (5%)
Mean Return,18.82384042386922,15.042454410263066,0.7734184363595795,-28.300720947249864,-1.2757257927256074,11.146062254516966,0.03420973113756656,0.04927164608911417
