,Annualized Return,Annualized Vol,Sharpe Ratio,Max Drawdown,Skewness,Kurtosis,Cornish-Fisher VaR (5%),Historic CVaR (5%)
Mean Return,19.842637350843106,13.082775487155182,0.9682930223299292,-23.979735342684183,-1.1056419254910732,9.428011198972237,0.02934497891183774,0.04197552698151732
