,Annualized Return,Annualized Vol,Sharpe Ratio,Max Drawdown,Skewness,Kurtosis,Cornish-Fisher VaR (5%),Historic CVaR (5%)
Mean Return,15.919307573144081,16.226790694739343,0.571392345649282,-29.813455766814656,-1.206255074028242,10.442456750262133,0.03861373390642616,0.05379486396772109
