,Annualized Return,Annualized Vol,Sharpe Ratio,Max Drawdown,Skewness,Kurtosis,Cornish-Fisher VaR (5%),Historic CVaR (5%)
Mean Return,19.26002797864188,14.309036832677036,0.840020362383006,-26.974896066019703,-0.5691635176689641,7.570810019478657,0.030265989177868713,0.04346443541988035
