,Annualized Return,Annualized Vol,Sharpe Ratio,Max Drawdown,Skewness,Kurtosis,Cornish-Fisher VaR (5%),Historic CVaR (5%)
Mean Return,13.22114265447012,14.081224178169965,0.47948901094250496,-28.08133195578827,-1.3903449995113357,12.34211213354022,0.03371130802855874,0.04497554640216827
