,Annualized Return,Annualized Vol,Sharpe Ratio,Max Drawdown,Skewness,Kurtosis,Cornish-Fisher VaR (5%),Historic CVaR (5%)
Mean Return,17.85064772145479,14.566455905153886,0.7338864590109401,-28.4152600506738,-2.0407847354477546,16.979257828848546,0.03422900290058605,0.04903762708960227
