,Annualized Return,Annualized Vol,Sharpe Ratio,Max Drawdown,Skewness,Kurtosis,Cornish-Fisher VaR (5%),Historic CVaR (5%)
Mean Return,15.828193289011727,17.0298555370764,0.516801283687764,-43.9310082245067,-0.5269779209906988,7.680478478346861,0.0368567685552576,0.05032618133572379
