,Annualized Return,Annualized Vol,Sharpe Ratio,Max Drawdown,Skewness,Kurtosis,Cornish-Fisher VaR (5%),Historic CVaR (5%)
Mean Return,18.415598434426794,14.440429679472327,0.7756819756691706,-25.493936395148893,-1.3319402454235,12.074301992010188,0.0326768849133604,0.046898131426925886
