,Annualized Return,Annualized Vol,Sharpe Ratio,Max Drawdown,Skewness,Kurtosis,Cornish-Fisher VaR (5%),Historic CVaR (5%)
Mean Return,19.009577717627014,14.29777818850716,0.8200989586965284,-29.978987206827767,-2.1782944829736812,22.36040529330916,0.03179573602288457,0.04473629076424534
