,Annualized Return,Annualized Vol,Sharpe Ratio,Max Drawdown,Skewness,Kurtosis,Cornish-Fisher VaR (5%),Historic CVaR (5%)
Mean Return,16.93778107728583,13.842519735301426,0.7167989071109153,-25.087622792220433,-1.2868203539720982,10.356199054621788,0.032198780125764,0.04672223507975606
