,Annualized Return,Annualized Vol,Sharpe Ratio,Max Drawdown,Skewness,Kurtosis,Cornish-Fisher VaR (5%),Historic CVaR (5%)
Mean Return,23.00596321405144,22.611649804453428,0.6944679036308089,-38.576122185538566,-1.1482619184898804,10.527743955239124,0.05214969615252471,0.07094509556895964
