,Annualized Return,Annualized Vol,Sharpe Ratio,Max Drawdown,Skewness,Kurtosis,Cornish-Fisher VaR (5%),Historic CVaR (5%)
Mean Return,15.202723189776023,17.414505532756763,0.47160077877492657,-38.598456066765195,-0.6726572340715787,6.321705232688435,0.03944928996232601,0.057135131853873124
