,Annualized Return,Annualized Vol,Sharpe Ratio,Max Drawdown,Skewness,Kurtosis,Cornish-Fisher VaR (5%),Historic CVaR (5%)
Mean Return,18.8595464324516,14.20864669121927,0.8177158207054347,-25.751624029862292,-1.3290537050356992,11.52495364771362,0.03223526164807304,0.04615730733926201
