,Annualized Return,Annualized Vol,Sharpe Ratio,Max Drawdown,Skewness,Kurtosis,Cornish-Fisher VaR (5%),Historic CVaR (5%)
Mean Return,15.30288022480011,16.87722417292192,0.5198915544331771,-35.245156536579294,-1.4948924448109853,16.09525577987674,0.039643099314337016,0.05056655935910568
