,Annualized Return,Annualized Vol,Sharpe Ratio,Max Drawdown,Skewness,Kurtosis,Cornish-Fisher VaR (5%),Historic CVaR (5%)
Mean Return,14.364802809935838,15.008856940195523,0.5002642422611435,-28.158256617161605,-0.22739720438010047,5.9969524985400655,0.03174828840312746,0.04670869148662233
