,Annualized Return,Annualized Vol,Sharpe Ratio,Max Drawdown,Skewness,Kurtosis,Cornish-Fisher VaR (5%),Historic CVaR (5%)
Mean Return,20.7492677360571,13.490021613347917,0.9912891639371526,-22.903158790909277,-1.2765612064493461,13.805638860912282,0.029082631140564915,0.04004191830246548
