,Annualized Return,Annualized Vol,Sharpe Ratio,Max Drawdown,Skewness,Kurtosis,Cornish-Fisher VaR (5%),Historic CVaR (5%)
Mean Return,21.940306915885866,14.89788034695013,0.9810220993387337,-27.797810844580344,-1.348801761801895,12.635936742105914,0.0333932152515947,0.049498292885400176
