,Annualized Return,Annualized Vol,Sharpe Ratio,Max Drawdown,Skewness,Kurtosis,Cornish-Fisher VaR (5%),Historic CVaR (5%)
Mean Return,15.966877130201084,13.40790570692386,0.6619200601594262,-27.345738119183384,-1.1688099873114302,10.486084398513546,0.030427934571671623,0.04300886014917019
