,Annualized Return,Annualized Vol,Sharpe Ratio,Max Drawdown,Skewness,Kurtosis,Cornish-Fisher VaR (5%),Historic CVaR (5%)
Mean Return,16.2038261597643,13.603333314069058,0.6748115150287991,-25.03551808152144,-1.0324298054769325,9.993068251611376,0.030400719384460168,0.043082638643955826
