,Annualized Return,Annualized Vol,Sharpe Ratio,Max Drawdown,Skewness,Kurtosis,Cornish-Fisher VaR (5%),Historic CVaR (5%)
Mean Return,13.859655401369665,14.166869627619292,0.4871565419611181,-30.698764912466558,-1.654908315702873,14.728065070858547,0.033162893258007246,0.045852689131984155
