,Annualized Return,Annualized Vol,Sharpe Ratio,Max Drawdown,Skewness,Kurtosis,Cornish-Fisher VaR (5%),Historic CVaR (5%)
Mean Return,12.809623282583127,12.934548060700083,0.4715043861022775,-22.94376128995222,-0.9492130220909255,8.383956721238539,0.02982040834954883,0.04223956536106965
