,Annualized Return,Annualized Vol,Sharpe Ratio,Max Drawdown,Skewness,Kurtosis,Cornish-Fisher VaR (5%),Historic CVaR (5%)
Mean Return,15.094382039559374,15.189279417320925,0.5427490180260316,-21.027425029575845,-0.12728048682254847,4.521504423629911,0.032063296361261914,0.04371665021052305
