,Annualized Return,Annualized Vol,Sharpe Ratio,Max Drawdown,Skewness,Kurtosis,Cornish-Fisher VaR (5%),Historic CVaR (5%)
Mean Return,14.938165077740218,15.559513632540083,0.5090354970717321,-25.702856837068538,-0.17943601347143032,5.9255339402030645,0.032366701246527976,0.045229749560734195
