,Annualized Return,Annualized Vol,Sharpe Ratio,Max Drawdown,Skewness,Kurtosis,Cornish-Fisher VaR (5%),Historic CVaR (5%)
Mean Return,13.968312827218066,12.994103135632521,0.5783214946645479,-22.38042004619607,-1.1312562106352102,10.550535202698496,0.030649092253446357,0.041753926313927894
