,Annualized Return,Annualized Vol,Sharpe Ratio,Max Drawdown,Skewness,Kurtosis,Cornish-Fisher VaR (5%),Historic CVaR (5%)
Mean Return,17.227102757315784,16.18747509468957,0.6295643501890089,-27.618212809923754,-0.7857277736138762,10.23749161989529,0.035353479361438206,0.04994546989532468
