,Annualized Return,Annualized Vol,Sharpe Ratio,Max Drawdown,Skewness,Kurtosis,Cornish-Fisher VaR (5%),Historic CVaR (5%)
Mean Return,15.139857203316298,14.305230627488443,0.5677181243491614,-25.985381398959017,-1.9803883910835318,18.777978118147605,0.033052998027702604,0.04493416101234313
