,Annualized Return,Annualized Vol,Sharpe Ratio,Max Drawdown,Skewness,Kurtosis,Cornish-Fisher VaR (5%),Historic CVaR (5%)
Mean Return,12.583064928372757,18.85656974975064,0.3023587737553409,-40.999889473712365,-0.4424630800365923,5.3229095691802675,0.04230764488119178,0.05742889078350838
