,Annualized Return,Annualized Vol,Sharpe Ratio,Max Drawdown,Skewness,Kurtosis,Cornish-Fisher VaR (5%),Historic CVaR (5%)
Mean Return,18.46148094215674,14.875992578365723,0.7634628673399927,-24.472946465460087,-0.47654928862379065,6.8567462599083235,0.03181146960153196,0.04599960547847265
