,Annualized Return,Annualized Vol,Sharpe Ratio,Max Drawdown,Skewness,Kurtosis,Cornish-Fisher VaR (5%),Historic CVaR (5%)
Mean Return,17.339611173277667,13.919120202839293,0.7398132547245264,-26.67851364431149,-0.43649424918861507,6.287171342730897,0.02975903124934965,0.04287379019437353
