,Annualized Return,Annualized Vol,Skewness,Kurtosis,Cornish-Fisher VaR (5%),Historic CVaR (5%),Sharpe Ratio,Max Drawdown
Mean Return,0.1711123990304948,0.14543350757786774,-1.5054855351987353,12.778076257540217,0.033648639892646506,0.04758066695575256,0.6885010156542785,-0.25427781966495705
