,Annualized Return,Annualized Vol,Sharpe Ratio,Max Drawdown,Skewness,Kurtosis,Cornish-Fisher VaR (5%),Historic CVaR (5%)
Mean Return,18.228923859455225,14.868382505602856,0.7415430961232862,-24.58199147201487,-1.9018982540442744,18.83247283712111,0.03358176802432742,0.04584317772669633
