,Annualized Return,Annualized Vol,Sharpe Ratio,Max Drawdown,Skewness,Kurtosis,Cornish-Fisher VaR (5%),Historic CVaR (5%)
Mean Return,17.769606132533866,14.292433856979134,0.7495673578756749,-26.427635319787047,-0.3576028433968359,5.6844466009453285,0.0303789307330528,0.04428704996563256
