,Annualized Return,Annualized Vol,Skewness,Kurtosis,Cornish-Fisher VaR (5%),Historic CVaR (5%),Sharpe Ratio,Max Drawdown
Mean Return,0.15559693393325325,0.14848772931822,-1.4084779189706824,12.237497257611619,0.03539265870447213,0.04787869768655344,0.6016359507953775,-0.2992822517313716
