,Annualized Return,Annualized Vol,Sharpe Ratio,Max Drawdown,Skewness,Kurtosis,Cornish-Fisher VaR (5%),Historic CVaR (5%)
Mean Return,14.416457736284372,18.929104146774257,0.39404480983137774,-33.33844030691768,-0.6318528135916367,5.798337198621116,0.04320149105380463,0.05909672009157513
