,Annualized Return,Annualized Vol,Sharpe Ratio,Max Drawdown,Skewness,Kurtosis,Cornish-Fisher VaR (5%),Historic CVaR (5%)
Mean Return,15.836014272048327,14.516792526126427,0.6045296112749048,-29.47125800046321,-1.5845972901942047,13.395280141954158,0.03391973513869725,0.04673131332731049
