,Annualized Return,Annualized Vol,Sharpe Ratio,Max Drawdown,Skewness,Kurtosis,Cornish-Fisher VaR (5%),Historic CVaR (5%)
Mean Return,13.573598966412392,14.881657773134755,0.44571284570688213,-30.729884354556464,-1.3516179960013606,13.663603837347905,0.03402043225868981,0.046902082016763276
