,Annualized Return,Annualized Vol,Sharpe Ratio,Max Drawdown,Skewness,Kurtosis,Cornish-Fisher VaR (5%),Historic CVaR (5%)
Mean Return,12.904652870267142,16.882453334928154,0.3582446019284159,-44.238527359626545,-0.37899958917937954,6.790512992426622,0.0365131879440295,0.05139781391885267
