,Annualized Return,Annualized Vol,Sharpe Ratio,Max Drawdown,Skewness,Kurtosis,Cornish-Fisher VaR (5%),Historic CVaR (5%)
Mean Return,13.494743714220458,16.06856084891414,0.4069105065108635,-34.25169395866045,-1.3359715659802442,13.09937526855778,0.03709613293971684,0.049878942140677646
