,Annualized Return,Annualized Vol,Sharpe Ratio,Max Drawdown,Skewness,Kurtosis,Cornish-Fisher VaR (5%),Historic CVaR (5%)
Mean Return,15.64169235875752,15.932075111436825,0.5374414014185698,-43.11251960370882,-2.1086781909164944,19.81980558905369,0.03715740539036729,0.05264368396881415
