,Annualized Return,Annualized Vol,Skewness,Kurtosis,Cornish-Fisher VaR (5%),Historic CVaR (5%),Sharpe Ratio,Max Drawdown
Mean Return,0.18443278648900052,0.16170630297442473,-1.669651150202566,13.276387866783445,0.03811025882448489,0.05577294002083536,0.6966619598077722,-0.28488914039722496
