,Annualized Return,Annualized Vol,Sharpe Ratio,Max Drawdown,Skewness,Kurtosis,Cornish-Fisher VaR (5%),Historic CVaR (5%)
Mean Return,14.649053471888074,15.874614970370146,0.4806675255973174,-43.11251960370882,-2.0595264161714404,19.523906531783382,0.03708951758284249,0.052024879756986935
