,Annualized Return,Annualized Vol,Sharpe Ratio,Max Drawdown,Skewness,Kurtosis,Cornish-Fisher VaR (5%),Historic CVaR (5%)
Mean Return,14.353229146003343,16.879914400701146,0.4661440938523832,-36.650239450355215,-1.6956376973252292,17.96799168348799,0.03999398248415229,0.052413001882181974
