,Annualized Return,Annualized Vol,Sharpe Ratio,Max Drawdown,Skewness,Kurtosis,Cornish-Fisher VaR (5%),Historic CVaR (5%)
Mean Return,21.669393100093348,16.019316086032855,0.8925059840331496,-22.444753126983564,-0.5142083785534198,5.715108032792566,0.03436386162171136,0.048074939207494435
