,Annualized Return,Annualized Vol,Sharpe Ratio,Max Drawdown,Skewness,Kurtosis,Cornish-Fisher VaR (5%),Historic CVaR (5%)
Mean Return,16.543472265529637,15.344982806570409,0.6142747791468356,-35.955127374011845,-1.3362675531436137,9.751867781798971,0.03625734808767413,0.048480473562141496
