,Annualized Return,Annualized Vol,Sharpe Ratio,Max Drawdown,Skewness,Kurtosis,Cornish-Fisher VaR (5%),Historic CVaR (5%)
Mean Return,16.583180269643073,13.917204933314444,0.7116403398189283,-26.45759651536367,-1.5208669548741451,12.509405761686669,0.03321847648900517,0.04353328229293252
