,Annualized Return,Annualized Vol,Sharpe Ratio,Max Drawdown,Skewness,Kurtosis,Cornish-Fisher VaR (5%),Historic CVaR (5%)
Mean Return,20.391785078437287,13.294498940754371,0.9805177870866341,-23.67061234971387,-1.4143101578741675,15.72903431984005,0.028545301721223434,0.039949436390479445
