,Annualized Return,Annualized Vol,Sharpe Ratio,Max Drawdown,Skewness,Kurtosis,Cornish-Fisher VaR (5%),Historic CVaR (5%)
Mean Return,20.152321431753116,14.511191614665933,0.891218119657269,-27.331043601957607,-1.3473240164149938,12.549839004542232,0.0327488992136714,0.048134729164668946
