,Annualized Return,Annualized Vol,Skewness,Kurtosis,Cornish-Fisher VaR (5%),Historic CVaR (5%),Sharpe Ratio,Max Drawdown
Mean Return,0.18649665572439034,0.14536494097656516,-1.8430149877730773,16.065829393750853,0.03355860070725274,0.04635569944048963,0.7869478546638303,-0.2895736282170736
