,Annualized Return,Annualized Vol,Sharpe Ratio,Max Drawdown,Skewness,Kurtosis,Cornish-Fisher VaR (5%),Historic CVaR (5%)
Mean Return,11.919586998366839,16.117672067263186,0.316013962668504,-34.613166142486456,-1.3614013802708025,10.534889824974709,0.03876038498806361,0.0535068574950276
