,Annualized Return,Annualized Vol,Sharpe Ratio,Max Drawdown,Skewness,Kurtosis,Cornish-Fisher VaR (5%),Historic CVaR (5%)
Mean Return,19.752694375822323,13.870836924766763,0.9068447373733053,-26.55755543859476,-1.4189113599891467,12.18731471924874,0.0316789207369383,0.044096137777426256
