,Annualized Return,Annualized Vol,Sharpe Ratio,Max Drawdown,Skewness,Kurtosis,Cornish-Fisher VaR (5%),Historic CVaR (5%)
Mean Return,20.031618140382747,12.919962433506498,0.9942656003885723,-22.671787720802193,-1.047889648125138,9.059412069328996,0.028786848943174063,0.041695704949660836
