,Annualized Return,Annualized Vol,Skewness,Kurtosis,Cornish-Fisher VaR (5%),Historic CVaR (5%),Sharpe Ratio,Max Drawdown
Mean Return,0.21464069060046476,0.1445192214482142,-1.7936764114952652,16.091679036134277,0.03266829861986136,0.04590289629603133,0.9746865161961845,-0.28095885043236946
