,Annualized Return,Annualized Vol,Sharpe Ratio,Max Drawdown,Skewness,Kurtosis,Cornish-Fisher VaR (5%),Historic CVaR (5%)
Mean Return,19.35345060162841,16.162720805170768,0.7475570292720387,-29.259489001009964,-1.7919389208866183,14.967810424757994,0.037796060733947305,0.05504545204806484
