,Annualized Return,Annualized Vol,Sharpe Ratio,Max Drawdown,Skewness,Kurtosis,Cornish-Fisher VaR (5%),Historic CVaR (5%)
Mean Return,19.32701268489645,15.375121697611357,0.7831580772658839,-33.48787900089886,-2.134612874485899,21.150754481100513,0.03469829400331204,0.04728931425747824
