,Annualized Return,Annualized Vol,Sharpe Ratio,Max Drawdown,Skewness,Kurtosis,Cornish-Fisher VaR (5%),Historic CVaR (5%)
Mean Return,13.165570502596724,14.289130243362456,0.4373606091961804,-29.87218621407497,-1.5301319415657246,13.008483191855607,0.03372052595918737,0.04768799617260427
