,Annualized Return,Annualized Vol,Sharpe Ratio,Max Drawdown,Skewness,Kurtosis,Cornish-Fisher VaR (5%),Historic CVaR (5%)
Mean Return,13.462922634028773,14.356288676108134,0.49085926368393373,-24.373272641267402,-1.1226097712792837,10.092249883926478,0.0343602550944509,0.04636336043383262
