,Annualized Return,Annualized Vol,Sharpe Ratio,Max Drawdown,Skewness,Kurtosis,Cornish-Fisher VaR (5%),Historic CVaR (5%)
Mean Return,23.861136386320258,15.291990540521299,1.0672926873704165,-29.243807727250985,-2.212894724182097,24.703002633600853,0.032579186657930165,0.04504283880590855
