,Annualized Return,Annualized Vol,Sharpe Ratio,Max Drawdown,Skewness,Kurtosis,Cornish-Fisher VaR (5%),Historic CVaR (5%)
Mean Return,20.847271492219257,13.167838919409197,1.0224683038274156,-22.9430620131616,-1.1831539953349142,14.440013868277912,0.02765047118651333,0.038919135663734054
