,Annualized Return,Annualized Vol,Sharpe Ratio,Max Drawdown,Skewness,Kurtosis,Cornish-Fisher VaR (5%),Historic CVaR (5%)
Mean Return,22.895336821045433,17.35258236875566,0.8881961844934596,-33.108257150233285,-1.2374549990412875,10.586347511681174,0.039342581109064446,0.05393263310605651
