,Annualized Return,Annualized Vol,Sharpe Ratio,Max Drawdown,Skewness,Kurtosis,Cornish-Fisher VaR (5%),Historic CVaR (5%)
Mean Return,15.985194465272201,17.660964388723507,0.5148500242017985,-32.019104678579225,-1.5336728239407103,11.374057517185653,0.04289167812961151,0.05848781852059349
