,Annualized Return,Annualized Vol,Sharpe Ratio,Max Drawdown,Skewness,Kurtosis,Cornish-Fisher VaR (5%),Historic CVaR (5%)
Mean Return,19.517167136337797,14.188915828476631,0.8693401413364229,-26.304853338820667,-1.3641222784671767,12.06261819400208,0.032323107024314214,0.04672744203635445
