,Annualized Return,Annualized Vol,Sharpe Ratio,Max Drawdown,Skewness,Kurtosis,Cornish-Fisher VaR (5%),Historic CVaR (5%)
Mean Return,22.227607692249496,13.940422165402305,1.0614605783123827,-22.41600289471488,-1.0780215256083732,10.605312233072688,0.030242709189438548,0.04164211957704309
