,Annualized Return,Annualized Vol,Sharpe Ratio,Max Drawdown,Skewness,Kurtosis,Cornish-Fisher VaR (5%),Historic CVaR (5%)
Mean Return,14.945046339592793,15.464668196382075,0.5132963777841532,-28.649917476740033,-1.616009793152167,12.500323446228242,0.03699041678206669,0.05165165086680197
