,Annualized Return,Annualized Vol,Skewness,Kurtosis,Cornish-Fisher VaR (5%),Historic CVaR (5%),Sharpe Ratio,Max Drawdown
Mean Return,0.19517167136337799,0.1418891582847663,-1.3641222784671767,12.06261819400208,0.032323107024314214,0.04672744203635445,0.8693401413364229,-0.26304853338820666
