,Annualized Return,Annualized Vol,Sharpe Ratio,Max Drawdown,Skewness,Kurtosis,Cornish-Fisher VaR (5%),Historic CVaR (5%)
Mean Return,11.11499177632107,18.519146816507455,0.23968075722460355,-36.046011345042785,0.2002827495621251,6.392220578010207,0.03694374562789938,0.05517584979535721
