,Annualized Return,Annualized Vol,Sharpe Ratio,Max Drawdown,Skewness,Kurtosis,Cornish-Fisher VaR (5%),Historic CVaR (5%)
Mean Return,20.54999269087867,17.28791118500677,0.7712269108626043,-22.506646281945446,-0.4555301252793861,6.271897363458191,0.037264305898617664,0.05300662830697154
