,Annualized Return,Annualized Vol,Sharpe Ratio,Max Drawdown,Skewness,Kurtosis,Cornish-Fisher VaR (5%),Historic CVaR (5%)
Mean Return,15.273687645398603,17.260516687834627,0.4777724668322384,-28.873092430102353,-0.5384330859692323,6.606435723038116,0.03808370939036937,0.053527134348331604
