,Annualized Return,Annualized Vol,Sharpe Ratio,Max Drawdown,Skewness,Kurtosis,Cornish-Fisher VaR (5%),Historic CVaR (5%)
Mean Return,20.682027741419162,14.565696611419664,0.9153069483267984,-28.187822188487132,-1.7245290301491114,15.242107601394155,0.03312957035881805,0.046302549827380565
