,Annualized Return,Annualized Vol,Sharpe Ratio,Max Drawdown,Skewness,Kurtosis,Cornish-Fisher VaR (5%),Historic CVaR (5%)
Mean Return,20.33096162455479,14.219965231078294,0.9117687267711995,-26.67311518934975,-2.2299031155105817,22.635970577903798,0.031487116987657666,0.044225778987158994
