,Annualized Return,Annualized Vol,Sharpe Ratio,Max Drawdown,Skewness,Kurtosis,Cornish-Fisher VaR (5%),Historic CVaR (5%)
Mean Return,16.596064374290776,16.04187967620401,0.5915828943265237,-30.341015089387824,-1.4062589618373442,11.686760386449947,0.037492704774657507,0.05304672348657002
