,Annualized Return,Annualized Vol,Sharpe Ratio,Max Drawdown,Skewness,Kurtosis,Cornish-Fisher VaR (5%),Historic CVaR (5%)
Mean Return,16.827122586339737,14.53604153031944,0.6678337019091831,-26.25402053311686,-1.6029581079638873,13.193042959073848,0.03396839079872437,0.04749963723487302
