,Annualized Return,Annualized Vol,Sharpe Ratio,Max Drawdown,Skewness,Kurtosis,Cornish-Fisher VaR (5%),Historic CVaR (5%)
Mean Return,13.77433636278771,14.49935478403867,0.46909398246588807,-30.613078296580404,-1.6644097933261832,14.55994076280507,0.03412250908517133,0.04742380827546494
