,Annualized Return,Annualized Vol,Skewness,Kurtosis,Cornish-Fisher VaR (5%),Historic CVaR (5%),Sharpe Ratio,Max Drawdown
Mean Return,0.20106719350051971,0.1469250711852232,-1.9082717311153738,16.922373464721616,0.03364773757701884,0.04731617774122378,0.8718458757420987,-0.28946183682859983
