,Annualized Return,Annualized Vol,Sharpe Ratio,Max Drawdown,Skewness,Kurtosis,Cornish-Fisher VaR (5%),Historic CVaR (5%)
Mean Return,22.063596238663653,14.201756935255883,1.0302353677164668,-27.871271651629392,-2.01464727940741,18.075305356216116,0.03209266881594998,0.0446245694791383
