,Annualized Return,Annualized Vol,Skewness,Kurtosis,Cornish-Fisher VaR (5%),Historic CVaR (5%),Sharpe Ratio,Max Drawdown
Mean Return,0.17391092461961266,0.14615823897557612,-1.5737081796497745,13.285655988444141,0.03388932829958294,0.04717840777352578,0.703094326954632,-0.2671325874523281
