,Annualized Return,Annualized Vol,Sharpe Ratio,Max Drawdown,Skewness,Kurtosis,Cornish-Fisher VaR (5%),Historic CVaR (5%)
Mean Return,16.535035130538244,15.877606906756004,0.5961889313170918,-26.454699078345968,-0.9196848455654933,8.013341676666007,0.036141737209905135,0.049882130714492164
