,Annualized Return,Annualized Vol,Sharpe Ratio,Max Drawdown,Skewness,Kurtosis,Cornish-Fisher VaR (5%),Historic CVaR (5%)
Mean Return,21.991777923225577,13.85915024078182,1.0490871016972183,-22.35705168547876,-0.9925964805270674,10.667298434583913,0.029674199868796023,0.040583270571476114
