,Annualized Return,Annualized Vol,Sharpe Ratio,Max Drawdown,Skewness,Kurtosis,Cornish-Fisher VaR (5%),Historic CVaR (5%)
Mean Return,17.42071354933494,15.504785774478702,0.6620863909641763,-31.72221964565502,-2.0719106375193364,22.322039504523403,0.034533886143926086,0.04685973177039898
