,Annualized Return,Annualized Vol,Sharpe Ratio,Max Drawdown,Skewness,Kurtosis,Cornish-Fisher VaR (5%),Historic CVaR (5%)
Mean Return,16.86621011735159,15.52619078566888,0.6275982341367665,-28.801935944565866,-1.331336298273535,11.438187536751986,0.0358918931185935,0.049453577544598525
