,Annualized Return,Annualized Vol,Sharpe Ratio,Max Drawdown,Skewness,Kurtosis,Cornish-Fisher VaR (5%),Historic CVaR (5%)
Mean Return,11.278160888630717,18.07254937615884,0.24661722686315446,-42.43084929769405,-1.772567886639028,20.364044855127027,0.04116500226020721,0.05413947701746866
