,Annualized Return,Annualized Vol,Sharpe Ratio,Max Drawdown,Skewness,Kurtosis,Cornish-Fisher VaR (5%),Historic CVaR (5%)
Mean Return,15.328975355365237,15.93948472199392,0.5197289456321087,-42.211432969977814,-1.2431047184741257,9.184336504054702,0.037736285056259006,0.05024451193865436
