,Annualized Return,Annualized Vol,Sharpe Ratio,Max Drawdown,Skewness,Kurtosis,Cornish-Fisher VaR (5%),Historic CVaR (5%)
Mean Return,17.692429179941183,14.234109501744197,0.7442218439726042,-26.837143441894018,-1.1872333647564286,10.347833812654681,0.03260954495314577,0.04607126683849323
