,Annualized Return,Annualized Vol,Sharpe Ratio,Max Drawdown,Skewness,Kurtosis,Cornish-Fisher VaR (5%),Historic CVaR (5%)
Mean Return,21.660339573152164,14.526758443746887,0.9785224832772852,-27.900266897939957,-2.5116044400444735,25.547772580331223,0.03195062154325231,0.044412853362986865
