,Annualized Return,Annualized Vol,Sharpe Ratio,Max Drawdown,Skewness,Kurtosis,Cornish-Fisher VaR (5%),Historic CVaR (5%)
Mean Return,17.784370643553117,16.183513659680084,0.6598950936835355,-29.961291818717562,-0.9699262780140953,12.108771006790255,0.03546024149120569,0.050465249321854186
