,Annualized Return,Annualized Vol,Sharpe Ratio,Max Drawdown,Skewness,Kurtosis,Cornish-Fisher VaR (5%),Historic CVaR (5%)
Mean Return,15.783649187874072,16.55795078452372,0.5287839434854014,-40.87063453932057,-0.6368209659116935,7.606946009243275,0.03647318590867052,0.05083648283483142
