,Annualized Return,Annualized Vol,Sharpe Ratio,Max Drawdown,Skewness,Kurtosis,Cornish-Fisher VaR (5%),Historic CVaR (5%)
Index Return,10.583030333536447,17.85642829209445,0.21687871865437922,-34.26567947663256,-0.928854452310737,10.284582909961673,0.04090913210389289,0.05783201786023121
