,Annualized Return,Annualized Vol,Sharpe Ratio,Max Drawdown,Skewness,Kurtosis,Cornish-Fisher VaR (5%),Historic CVaR (5%)
Mean Return,17.999677116737267,13.716648933933406,0.7960138399177754,-24.392865967085413,-1.2955141664344736,10.696393353846842,0.03160636046050163,0.043887128605598194
