,Annualized Return,Annualized Vol,Skewness,Kurtosis,Cornish-Fisher VaR (5%),Historic CVaR (5%),Sharpe Ratio,Max Drawdown
Mean Return,0.15535206978857818,0.14072326865145338,-1.4609597749028151,11.962243851653556,0.03375442473231955,0.04471594553064764,0.6335051918916257,-0.26265441139214674
