,Annualized Return,Annualized Vol,Sharpe Ratio,Max Drawdown,Skewness,Kurtosis,Cornish-Fisher VaR (5%),Historic CVaR (5%)
Mean Return,18.408071388585068,14.60502757141743,0.7639764531095116,-29.672597550076073,-1.9477793463290265,19.224189485999933,0.03295850385632827,0.04646520970344491
