,Annualized Return,Annualized Vol,Sharpe Ratio,Max Drawdown,Skewness,Kurtosis,Cornish-Fisher VaR (5%),Historic CVaR (5%)
Mean Return,18.94820264521111,15.012565620260318,0.7805765940629529,-29.5141367861552,-1.698154275730945,15.172785956350811,0.034434526601479526,0.048284294309934105
