,Annualized Return,Annualized Vol,Sharpe Ratio,Max Drawdown,Skewness,Kurtosis,Cornish-Fisher VaR (5%),Historic CVaR (5%)
Mean Return,18.20119451440567,16.273743831647668,0.6758834598362721,-27.683923767209194,-1.863001101808743,17.7559186959174,0.03734461694829013,0.05015725573835113
