,Annualized Return,Annualized Vol,Sharpe Ratio,Max Drawdown,Skewness,Kurtosis,Cornish-Fisher VaR (5%),Historic CVaR (5%)
Mean Return,12.955041797699218,15.492186367677393,0.4195870600535161,-33.36659146964771,-1.1381540024562529,10.583276124205033,0.03683633868316866,0.05052170780967891
