,Annualized Return,Annualized Vol,Sharpe Ratio,Max Drawdown,Skewness,Kurtosis,Cornish-Fisher VaR (5%),Historic CVaR (5%)
Mean Return,18.96020581427118,16.427665732135875,0.7129884800447622,-27.459253545439523,-2.0222686954704585,18.89631729333354,0.03783769109668873,0.05154254014433276
