,Annualized Return,Annualized Vol,Sharpe Ratio,Max Drawdown,Skewness,Kurtosis,Cornish-Fisher VaR (5%),Historic CVaR (5%)
Mean Return,12.710758767745522,15.452707339757113,0.4057367038760812,-34.901148973214205,-1.0601605457041627,10.4482670817079,0.036423857952782794,0.0496650660770196
