,Annualized Return,Annualized Vol,Sharpe Ratio,Max Drawdown,Skewness,Kurtosis,Cornish-Fisher VaR (5%),Historic CVaR (5%)
Mean Return,18.308725117863368,14.324433329237857,0.7749499670815101,-25.493936395148886,-1.3837089957289157,12.348593839582936,0.032536899164403776,0.0473383468325162
