,Annualized Return,Annualized Vol,Sharpe Ratio,Max Drawdown,Skewness,Kurtosis,Cornish-Fisher VaR (5%),Historic CVaR (5%)
Mean Return,14.813146197977577,14.737688453709746,0.5302137571613919,-29.703459167594687,-1.0935881202125868,10.406085877662457,0.033535027624879185,0.04519467707934303
