,Annualized Return,Annualized Vol,Sharpe Ratio,Max Drawdown,Skewness,Kurtosis,Cornish-Fisher VaR (5%),Historic CVaR (5%)
Mean Return,19.949964640909922,13.853918287449286,0.9213548262389734,-26.759191578872098,-1.458594339591183,12.17339286834907,0.03178625424620505,0.043942339953015316
