,Annualized Return,Annualized Vol,Sharpe Ratio,Max Drawdown,Skewness,Kurtosis,Cornish-Fisher VaR (5%),Historic CVaR (5%)
Mean Return,15.834152685571956,18.00495393984879,0.49710861325267364,-33.46542147025135,-1.5817796241989632,11.81263809364898,0.04385385425374019,0.05960561144438312
