,Annualized Return,Annualized Vol,Sharpe Ratio,Max Drawdown,Skewness,Kurtosis,Cornish-Fisher VaR (5%),Historic CVaR (5%)
Mean Return,22.163936290689335,15.527885360121369,0.9483054672827208,-29.243807727250974,-2.2210213508218866,22.953829105675574,0.0342022526380195,0.04658235423194186
