,Annualized Return,Annualized Vol,Sharpe Ratio,Max Drawdown,Skewness,Kurtosis,Cornish-Fisher VaR (5%),Historic CVaR (5%)
Mean Return,16.669671923532057,13.968386388703024,0.6843854832751237,-25.718375317665394,-1.0404807457103593,9.1074875864311,0.031602101557966375,0.04418251409658949
