,Annualized Return,Annualized Vol,Sharpe Ratio,Max Drawdown,Skewness,Kurtosis,Cornish-Fisher VaR (5%),Historic CVaR (5%)
Mean Return,22.642650177086487,14.043629461399723,1.0781093147425411,-24.656252476813894,-1.6719182149072727,19.86379618064106,0.029491248269920133,0.04162057314000759
