,Annualized Return,Annualized Vol,Sharpe Ratio,Max Drawdown,Skewness,Kurtosis,Cornish-Fisher VaR (5%),Historic CVaR (5%)
Mean Return,17.052161048821347,14.432318430211687,0.6872957189465533,-26.71200363267975,-1.3133259930496528,13.838552355125774,0.032081295374088645,0.04646848041750512
