,Annualized Return,Annualized Vol,Sharpe Ratio,Max Drawdown,Skewness,Kurtosis,Cornish-Fisher VaR (5%),Historic CVaR (5%)
Mean Return,12.759405401426882,14.379794758369613,0.4514667211981629,-29.918793209904937,-0.6915421819554673,8.00462652312043,0.03351988801089522,0.048416641765194994
