,Annualized Return,Annualized Vol,Sharpe Ratio,Max Drawdown,Skewness,Kurtosis,Cornish-Fisher VaR (5%),Historic CVaR (5%)
Mean Return,17.251311800143434,15.161525342963412,0.6665786865827631,-27.879365674404998,-1.564225909886565,12.675588353896211,0.03551640810874749,0.0503114435889943
