,Annualized Return,Annualized Vol,Sharpe Ratio,Max Drawdown,Skewness,Kurtosis,Cornish-Fisher VaR (5%),Historic CVaR (5%)
Mean Return,15.784789824047941,18.75019523957419,0.4654228356068743,-31.77414764041131,-0.47858851590644236,6.693762413431679,0.04103062074566555,0.05871787944394777
