,Annualized Return,Annualized Vol,Sharpe Ratio,Max Drawdown,Skewness,Kurtosis,Cornish-Fisher VaR (5%),Historic CVaR (5%)
Mean Return,12.643811928610615,15.449247556352876,0.3728414201980172,-46.08903500476884,-1.3364039718367877,10.749753596464927,0.03674629584659042,0.04890149459135538
