,Annualized Return,Annualized Vol,Sharpe Ratio,Max Drawdown,Skewness,Kurtosis,Cornish-Fisher VaR (5%),Historic CVaR (5%)
Mean Return,12.86659939174497,15.8019089607115,0.3852471028962024,-34.05213155331127,-0.08708505935154498,6.715220615015055,0.032630264898518446,0.04805192538442005
