,Annualized Return,Annualized Vol,Sharpe Ratio,Max Drawdown,Skewness,Kurtosis,Cornish-Fisher VaR (5%),Historic CVaR (5%)
Mean Return,23.596252271009565,18.065343780923552,0.8896218211638846,-31.349147220950208,-1.2919284251625411,16.048842056188448,0.03856711354222646,0.051222414607214474
