,Annualized Return,Annualized Vol,Sharpe Ratio,Max Drawdown,Skewness,Kurtosis,Cornish-Fisher VaR (5%),Historic CVaR (5%)
Mean Return,18.79988126897285,14.339342303219176,0.813214852166567,-26.93474098404311,-0.3317233064044761,6.300768542702196,0.029934798696077968,0.043111606811056344
