,Annualized Return,Annualized Vol,Sharpe Ratio,Max Drawdown,Skewness,Kurtosis,Cornish-Fisher VaR (5%),Historic CVaR (5%)
Mean Return,21.21618267867489,15.39346986373391,0.898703205500726,-27.15453856064872,-1.1785650231505513,10.94560556514365,0.034296265975946,0.049351978863724714
