,Annualized Return,Annualized Vol,Sharpe Ratio,Max Drawdown,Skewness,Kurtosis,Cornish-Fisher VaR (5%),Historic CVaR (5%)
Mean Return,20.561155016340482,17.009997433956933,0.7757192170236323,-29.53404005910556,-0.08412521695614174,6.1724665241091845,0.033951879239394085,0.04698088970920897
