,Annualized Return,Annualized Vol,Sharpe Ratio,Max Drawdown,Skewness,Kurtosis,Cornish-Fisher VaR (5%),Historic CVaR (5%)
Mean Return,16.999250537304754,14.13239768608566,0.6983644323740856,-25.320769964871797,-1.8004206170872268,17.366478910074168,0.03212296193017935,0.04371654983887831
