,Annualized Return,Annualized Vol,Sharpe Ratio,Max Drawdown,Skewness,Kurtosis,Cornish-Fisher VaR (5%),Historic CVaR (5%)
Mean Return,14.90485639585497,14.443626889323163,0.5503953346718797,-28.2456381532734,-1.6408493481295585,13.787835699795835,0.03397041039602228,0.04650284916032358
