,Annualized Return,Annualized Vol,Sharpe Ratio,Max Drawdown,Skewness,Kurtosis,Cornish-Fisher VaR (5%),Historic CVaR (5%)
Mean Return,18.351848530913717,15.235405183102069,0.7334790414092119,-28.81541196063852,-1.4849771727113643,12.649469301943755,0.035145723413954305,0.049967921922305134
