,Annualized Return,Annualized Vol,Sharpe Ratio,Max Drawdown,Skewness,Kurtosis,Cornish-Fisher VaR (5%),Historic CVaR (5%)
Mean Return,16.993808537964526,17.42668365718388,0.5687970382314494,-38.598456066765216,-0.7034748201313692,6.665309064165306,0.03919460081473481,0.05618020043840414
