,Annualized Return,Annualized Vol,Skewness,Kurtosis,Cornish-Fisher VaR (5%),Historic CVaR (5%),Sharpe Ratio,Max Drawdown
Mean Return,0.1717832673118156,0.18768115824844395,-0.6511768080494281,6.704454941272176,0.042000318964731644,0.0577372533344047,0.5368242189798231,-0.27729023349177323
