,Annualized Return,Annualized Vol,Sharpe Ratio,Max Drawdown,Skewness,Kurtosis,Cornish-Fisher VaR (5%),Historic CVaR (5%)
Mean Return,12.840063645045351,15.735683057709348,0.377691542891968,-33.28224832231468,-1.2204598800991069,12.358131038842957,0.0361244621725854,0.04757285206611747
