,Annualized Return,Annualized Vol,Sharpe Ratio,Max Drawdown,Skewness,Kurtosis,Cornish-Fisher VaR (5%),Historic CVaR (5%)
Mean Return,20.648862776612866,13.366547774959015,0.995976303542498,-24.789422624521613,-1.1682952050697346,11.547081133219761,0.029149654902034243,0.0413756354190064
