,Annualized Return,Annualized Vol,Sharpe Ratio,Max Drawdown,Skewness,Kurtosis,Cornish-Fisher VaR (5%),Historic CVaR (5%)
Mean Return,18.51357002084473,15.706623686240345,0.7189953276423384,-28.463148961190065,-1.8399648263840795,16.567718231156853,0.03631186300412759,0.05040730097176621
