,Annualized Return,Annualized Vol,Skewness,Kurtosis,Cornish-Fisher VaR (5%),Historic CVaR (5%),Sharpe Ratio,Max Drawdown
Mean Return,0.15860565893424772,0.15001287681673334,-1.4056639350747657,11.892268556790343,0.034901414723522185,0.04856319155914001,0.589065227734931,-0.2693464271320214
