,Annualized Return,Annualized Vol,Sharpe Ratio,Max Drawdown,Skewness,Kurtosis,Cornish-Fisher VaR (5%),Historic CVaR (5%)
Mean Return,16.008338043327484,16.794152329537752,0.5328823571997235,-24.880486540062343,-0.6808982217351159,7.86603720771216,0.03715234575602366,0.052442533485298905
