,Annualized Return,Annualized Vol,Sharpe Ratio,Max Drawdown,Skewness,Kurtosis,Cornish-Fisher VaR (5%),Historic CVaR (5%)
Mean Return,16.54066085018906,14.076525572140032,0.6683425906082454,-29.602499680319898,-1.8242474902420576,18.70109804877329,0.031657587336407146,0.044015188691375544
