,Annualized Return,Annualized Vol,Skewness,Kurtosis,Cornish-Fisher VaR (5%),Historic CVaR (5%),Sharpe Ratio,Max Drawdown
Mean Return,0.148566273122547,0.15464668196382075,-1.616009793152167,12.500323446228242,0.03699041678206669,0.05165165086680197,0.5103514170741692,-0.28649917476740033
