,Annualized Return,Annualized Vol,Sharpe Ratio,Max Drawdown,Skewness,Kurtosis,Cornish-Fisher VaR (5%),Historic CVaR (5%)
Mean Return,12.902771537723456,15.756707538490044,0.3808969455814911,-46.45763789184581,-1.3319271599021134,10.729509811726118,0.037455477943034096,0.051367800286537015
