,Annualized Return,Annualized Vol,Sharpe Ratio,Max Drawdown,Skewness,Kurtosis,Cornish-Fisher VaR (5%),Historic CVaR (5%)
Mean Return,20.918446850132042,14.813372288840771,0.9150048042555747,-29.23750293959772,-1.9508515616630822,17.2843157700036,0.033866065443329665,0.04717042480775553
