,Annualized Return,Annualized Vol,Sharpe Ratio,Max Drawdown,Skewness,Kurtosis,Cornish-Fisher VaR (5%),Historic CVaR (5%)
Mean Return,15.687195677571331,17.29922118040838,0.5010838672035126,-32.885533537583534,-0.5292742415978938,5.681894252805359,0.03850150289163048,0.053328810624742415
