,Annualized Return,Annualized Vol,Sharpe Ratio,Max Drawdown,Skewness,Kurtosis,Cornish-Fisher VaR (5%),Historic CVaR (5%)
Mean Return,17.896530374200537,16.1670081932838,0.6647138892526658,-30.18610600299803,-1.2312819054157442,9.618698293222767,0.03759952505081737,0.05609019278494776
