,Annualized Return,Annualized Vol,Sharpe Ratio,Max Drawdown,Skewness,Kurtosis,Cornish-Fisher VaR (5%),Historic CVaR (5%)
Mean Return,16.954243166771455,14.436682728403547,0.685215214211261,-28.379118500249255,-1.2931716873493282,11.452029861988589,0.03330379422345313,0.048956904920368145
