,Annualized Return,Annualized Vol,Sharpe Ratio,Max Drawdown,Skewness,Kurtosis,Cornish-Fisher VaR (5%),Historic CVaR (5%)
Mean Return,22.164116129643794,16.766372271608233,0.8768073205360054,-22.11751000595162,-0.04417882639101379,6.402130409103917,0.032794220841211065,0.045456869199792894
