,Annualized Return,Annualized Vol,Sharpe Ratio,Max Drawdown,Skewness,Kurtosis,Cornish-Fisher VaR (5%),Historic CVaR (5%)
Mean Return,16.39280995504091,14.218158641966546,0.6540487200729705,-25.87879542441375,-1.9238325692308753,18.28418723260487,0.03258936228512343,0.044423420304343625
