,Annualized Return,Annualized Vol,Sharpe Ratio,Max Drawdown,Skewness,Kurtosis,Cornish-Fisher VaR (5%),Historic CVaR (5%)
Mean Return,16.040575663388257,14.494387717596666,0.618733786746505,-26.761302295128896,-1.4526505942705255,12.200150286529166,0.03371493757140095,0.04568728302818094
