,Annualized Return,Annualized Vol,Sharpe Ratio,Max Drawdown,Skewness,Kurtosis,Cornish-Fisher VaR (5%),Historic CVaR (5%)
Mean Return,12.261022967832002,16.44701070348114,0.3390177188837407,-32.27046378828288,-0.7260688710567132,7.863118938396963,0.03754723982749124,0.052535756251333755
