,Annualized Return,Annualized Vol,Sharpe Ratio,Max Drawdown,Skewness,Kurtosis,Cornish-Fisher VaR (5%),Historic CVaR (5%)
Mean Return,21.242945954288885,14.939416004177875,0.9300194687339859,-29.488196024511225,-1.277978469061506,10.086135794581875,0.0340121418689727,0.04818301487184302
