,Annualized Return,Annualized Vol,Sharpe Ratio,Max Drawdown,Skewness,Kurtosis,Cornish-Fisher VaR (5%),Historic CVaR (5%)
Mean Return,15.161702668330769,15.974954440912128,0.5077569361639065,-45.070542080001005,-2.118284589165594,20.551833281078057,0.03706058851682978,0.05217574052469094
