,Annualized Return,Annualized Vol,Sharpe Ratio,Max Drawdown,Skewness,Kurtosis,Cornish-Fisher VaR (5%),Historic CVaR (5%)
Mean Return,17.609632716573785,13.958174247712126,0.7459298717616664,-29.046110877338293,-1.9622539071814353,19.65540169336148,0.03138838782926649,0.04350669038035898
