,Annualized Return,Annualized Vol,Sharpe Ratio,Max Drawdown,Skewness,Kurtosis,Cornish-Fisher VaR (5%),Historic CVaR (5%)
Mean Return,17.830976591592673,14.099322762627708,0.7562720642512513,-25.448737007098803,-0.9893105994014926,9.739742493133232,0.0312535325459993,0.04468687902172995
