,Annualized Return,Annualized Vol,Sharpe Ratio,Max Drawdown,Skewness,Kurtosis,Cornish-Fisher VaR (5%),Historic CVaR (5%)
Mean Return,19.39928031437448,14.824734778446544,0.8196258469658655,-27.528785199795635,-0.5640734784448064,7.130276255378697,0.03160459070890781,0.04402562537878948
