,Annualized Return,Annualized Vol,Sharpe Ratio,Max Drawdown,Skewness,Kurtosis,Cornish-Fisher VaR (5%),Historic CVaR (5%)
Mean Return,19.14923557575907,15.359121795872447,0.7718877888181703,-31.99757843203235,-2.1629151416483756,22.83089577542504,0.03409513475352505,0.046389544633457104
