,Annualized Return,Annualized Vol,Sharpe Ratio,Max Drawdown,Skewness,Kurtosis,Cornish-Fisher VaR (5%),Historic CVaR (5%)
Mean Return,15.85180437460647,16.177195829615826,0.5451969198727467,-36.80823892196846,-0.6865283264904443,6.8004622237534855,0.03621748855784413,0.052299988373871974
