,Annualized Return,Annualized Vol,Sharpe Ratio,Max Drawdown,Skewness,Kurtosis,Cornish-Fisher VaR (5%),Historic CVaR (5%)
Mean Return,11.248040974471873,17.838608612924638,0.24843231135829302,-42.26725466352982,-1.5414170027603977,18.0815915348606,0.040490431059102674,0.05293544397148726
