,Annualized Return,Annualized Vol,Sharpe Ratio,Max Drawdown,Skewness,Kurtosis,Cornish-Fisher VaR (5%),Historic CVaR (5%)
Mean Return,15.88615791245207,12.83901090558624,0.7271750800611998,-22.047603050736345,-1.131051691789481,11.066530367141441,0.029705383468667412,0.039756512705546546
