,Annualized Return,Annualized Vol,Sharpe Ratio,Max Drawdown,Skewness,Kurtosis,Cornish-Fisher VaR (5%),Historic CVaR (5%)
Mean Return,17.748538381592383,14.766340842688031,0.7160805321857132,-32.930180837588054,-2.2057768619041966,23.428888906805938,0.032800261787542646,0.045366248168478195
