,Annualized Return,Annualized Vol,Sharpe Ratio,Max Drawdown,Skewness,Kurtosis,Cornish-Fisher VaR (5%),Historic CVaR (5%)
Mean Return,23.34922439727809,18.363866789428076,0.8644264215959271,-25.062810669620806,-0.33138453416912933,5.03600867029173,0.03874815504485066,0.054878753085306264
