,Annualized Return,Annualized Vol,Sharpe Ratio,Max Drawdown,Skewness,Kurtosis,Cornish-Fisher VaR (5%),Historic CVaR (5%)
Mean Return,22.636725305997764,13.162551554077353,1.153489384492573,-24.789422624521613,-1.2763242839927456,12.78169046021152,0.028348957449093087,0.040031986345294375
