,Annualized Return,Annualized Vol,Sharpe Ratio,Max Drawdown,Skewness,Kurtosis,Cornish-Fisher VaR (5%),Historic CVaR (5%)
Mean Return,17.572055361679805,16.12981850454868,0.6519427000652778,-26.0321080773579,-0.7107994392190947,8.989137194857497,0.03529556724199927,0.04941001860995067
