,Annualized Return,Annualized Vol,Sharpe Ratio,Max Drawdown,Skewness,Kurtosis,Cornish-Fisher VaR (5%),Historic CVaR (5%)
Mean Return,18.119603643964012,13.942832100071573,0.7834121378187371,-25.087622792220447,-1.3435679144609303,11.283166586112994,0.031857093365558295,0.044130061920057216
