,Annualized Return,Annualized Vol,Sharpe Ratio,Max Drawdown,Skewness,Kurtosis,Cornish-Fisher VaR (5%),Historic CVaR (5%)
Mean Return,17.305022058484653,13.49109500969043,0.7572102206959481,-24.17722362832027,-1.1101249827703998,9.886128432408894,0.030338454229755497,0.04366744947867783
