,Annualized Return,Annualized Vol,Sharpe Ratio,Max Drawdown,Skewness,Kurtosis,Cornish-Fisher VaR (5%),Historic CVaR (5%)
Mean Return,23.030324454497396,14.244243003159514,1.092303396555528,-26.812188540498404,-2.0378906016467906,18.846998982596205,0.03182498801339423,0.044098018552517534
