,Annualized Return,Annualized Vol,Sharpe Ratio,Max Drawdown,Skewness,Kurtosis,Cornish-Fisher VaR (5%),Historic CVaR (5%)
Mean Return,21.978248163110226,16.224716937659224,0.8968127785634067,-22.2324310691345,-0.5776692975087568,5.707105663268597,0.03519648416767571,0.05023828634500227
