,Annualized Return,Annualized Vol,Sharpe Ratio,Max Drawdown,Skewness,Kurtosis,Cornish-Fisher VaR (5%),Historic CVaR (5%)
Mean Return,10.711836075957137,17.443668181163094,0.2604843730708172,-36.75200071807589,-0.8217056169725904,10.037650825171374,0.04134163218506487,0.053637675885029004
