,Annualized Return,Annualized Vol,Skewness,Kurtosis,Cornish-Fisher VaR (5%),Historic CVaR (5%),Sharpe Ratio,Max Drawdown
Mean Return,0.1857545931951572,0.14071361861125756,-1.3290537050356992,11.52495364771362,0.03223526164807304,0.04615730733926201,0.8136266784018436,-0.2575162402986229
