,Annualized Return,Annualized Vol,Sharpe Ratio,Max Drawdown,Skewness,Kurtosis,Cornish-Fisher VaR (5%),Historic CVaR (5%)
Mean Return,16.084334315057337,14.438026858648431,0.6247737089705069,-27.235403910953256,-0.9508963293448982,10.249535403927416,0.03196783302701789,0.045171591946530774
