,Annualized Return,Annualized Vol,Sharpe Ratio,Max Drawdown,Skewness,Kurtosis,Cornish-Fisher VaR (5%),Historic CVaR (5%)
Mean Return,14.863680061555806,15.226211766128511,0.516313341602693,-28.13495890690888,-1.8247048231758378,16.866850715127615,0.03550305483074016,0.04811198698060565
