,Annualized Return,Annualized Vol,Sharpe Ratio,Max Drawdown,Skewness,Kurtosis,Cornish-Fisher VaR (5%),Historic CVaR (5%)
Mean Return,17.639750649963194,14.10726622786507,0.746934293002816,-27.180893764816904,-1.2405214069806398,10.721943748791986,0.03241033778935915,0.047157464649552554
