,Annualized Return,Annualized Vol,Skewness,Kurtosis,Cornish-Fisher VaR (5%),Historic CVaR (5%),Sharpe Ratio,Max Drawdown
Mean Return,0.18007457244940683,0.14912716183275135,-2.1033605204265204,20.296056766946982,0.03398999315383225,0.04661693752011367,0.7240200678531787,-0.24581991472014905
