,Annualized Return,Annualized Vol,Sharpe Ratio,Max Drawdown,Skewness,Kurtosis,Cornish-Fisher VaR (5%),Historic CVaR (5%)
Mean Return,12.705680696413157,14.33330304351366,0.4493873425169333,-29.483143003239277,-0.7517395876445467,8.502758228947885,0.03352727022211077,0.047964118612662664
