,Annualized Return,Annualized Vol,Sharpe Ratio,Max Drawdown,Skewness,Kurtosis,Cornish-Fisher VaR (5%),Historic CVaR (5%)
Mean Return,19.409369701045208,15.930135002961107,0.7617740814935855,-27.255244324236045,-2.067266831930061,19.992431429018467,0.036249221097317263,0.04819187738148361
