,Annualized Return,Annualized Vol,Sharpe Ratio,Max Drawdown,Skewness,Kurtosis,Cornish-Fisher VaR (5%),Historic CVaR (5%)
Mean Return,14.326372767518514,14.59184867903422,0.5075128481755558,-28.2456381532734,-1.6422351380837596,13.421492156346643,0.034598170598272845,0.04782693495573863
