,Annualized Return,Annualized Vol,Sharpe Ratio,Max Drawdown,Skewness,Kurtosis,Cornish-Fisher VaR (5%),Historic CVaR (5%)
Mean Return,19.998260906041597,14.487330860128775,0.8758819829741917,-26.826177990920964,-1.8367891989395506,20.525844410457115,0.03139292065851482,0.044129523817631425
