,Annualized Return,Annualized Vol,Sharpe Ratio,Max Drawdown,Skewness,Kurtosis,Cornish-Fisher VaR (5%),Historic CVaR (5%)
Mean Return,12.277110490760634,14.716610542910649,0.3799318582375205,-29.54305578670688,-1.2378567299508165,10.677730321082782,0.03481441367224659,0.04806389421254745
