,Annualized Return,Annualized Vol,Sharpe Ratio,Max Drawdown,Skewness,Kurtosis,Cornish-Fisher VaR (5%),Historic CVaR (5%)
Mean Return,13.69292824282855,15.76466005900812,0.45559248117252554,-38.48375186332619,-1.1134605829035424,10.916191277619584,0.03710506209051334,0.05170762059568755
