,Annualized Return,Annualized Vol,Sharpe Ratio,Max Drawdown,Skewness,Kurtosis,Cornish-Fisher VaR (5%),Historic CVaR (5%)
Mean Return,21.48754311566097,14.52733068901087,0.9710304518953249,-28.281599257221675,-1.6521134191519782,14.262022993961,0.03297677543800883,0.04596609537482181
