,Annualized Return,Annualized Vol,Sharpe Ratio,Max Drawdown,Skewness,Kurtosis,Cornish-Fisher VaR (5%),Historic CVaR (5%)
Mean Return,16.85538692953972,13.4251891264978,0.7287141481688727,-24.40785448803784,-1.1536396561022786,10.122650701159017,0.030360395852173643,0.0430390939227162
