,Annualized Return,Annualized Vol,Sharpe Ratio,Max Drawdown,Skewness,Kurtosis,Cornish-Fisher VaR (5%),Historic CVaR (5%)
Mean Return,15.356293371066343,14.459939354362113,0.5749411505943433,-28.993577340737886,-0.7544832992523828,8.695750570462748,0.031786897939616233,0.043778048997719934
