,Annualized Return,Annualized Vol,Sharpe Ratio,Max Drawdown,Skewness,Kurtosis,Cornish-Fisher VaR (5%),Historic CVaR (5%)
Mean Return,17.08232368186038,15.605730731982318,0.6374160825818933,-28.52294403050336,-1.9529555656078905,16.82182951885284,0.03670259789864907,0.05165905247784804
