,Annualized Return,Annualized Vol,Sharpe Ratio,Max Drawdown,Skewness,Kurtosis,Cornish-Fisher VaR (5%),Historic CVaR (5%)
Mean Return,17.70836190103504,15.869252140717046,0.663923407556792,-26.873451580792445,-0.5884317227985191,5.931738202586615,0.0349992215591165,0.049533553884949705
