,Annualized Return,Annualized Vol,Sharpe Ratio,Max Drawdown,Skewness,Kurtosis,Cornish-Fisher VaR (5%),Historic CVaR (5%)
Mean Return,18.75729492549261,14.16569428731948,0.8134097951690216,-25.11392825821954,-1.1094274996823368,9.527841880285836,0.03191233366380053,0.044760060401952045
