,Annualized Return,Annualized Vol,Sharpe Ratio,Max Drawdown,Skewness,Kurtosis,Cornish-Fisher VaR (5%),Historic CVaR (5%)
Mean Return,20.620284329466344,14.203622446248987,0.9345561369228711,-26.42088036671219,-2.1877453843345287,22.794535107962822,0.031152666190506925,0.04349324316298516
