,Annualized Return,Annualized Vol,Sharpe Ratio,Max Drawdown,Skewness,Kurtosis,Cornish-Fisher VaR (5%),Historic CVaR (5%)
Mean Return,19.98371002717141,14.482855880190726,0.878642751514133,-26.085350806767327,-0.9879652095604808,9.368600363201898,0.03195673390162022,0.044966785163002926
