,Annualized Return,Annualized Vol,Sharpe Ratio,Max Drawdown,Skewness,Kurtosis,Cornish-Fisher VaR (5%),Historic CVaR (5%)
Mean Return,17.125192811712786,13.087688907016007,0.7717123023505906,-23.97973534268419,-1.0094556567482476,8.762477045071675,0.029630255124598315,0.04202078334770746
