,Annualized Return,Annualized Vol,Sharpe Ratio,Max Drawdown,Skewness,Kurtosis,Cornish-Fisher VaR (5%),Historic CVaR (5%)
Mean Return,20.649119493199365,14.188455119174433,0.9374676282079357,-24.656252476813894,-1.714062472939391,20.1625616860228,0.030192462730708636,0.04256288750105934
