,Annualized Return,Annualized Vol,Sharpe Ratio,Max Drawdown,Skewness,Kurtosis,Cornish-Fisher VaR (5%),Historic CVaR (5%)
Mean Return,22.759473959262454,18.900590907701485,0.806686179580767,-31.349147220950208,-1.2410516064340988,13.778618974902088,0.04155910975693113,0.055532181551839574
