,Annualized Return,Annualized Vol,Sharpe Ratio,Max Drawdown,Skewness,Kurtosis,Cornish-Fisher VaR (5%),Historic CVaR (5%)
Mean Return,15.999466306712119,17.783398434133453,0.5037420033783824,-39.8556428659843,-0.7439462588461411,9.001723891907965,0.039312509294569815,0.052963130620265336
