,Annualized Return,Annualized Vol,Sharpe Ratio,Max Drawdown,Skewness,Kurtosis,Cornish-Fisher VaR (5%),Historic CVaR (5%)
Mean Return,15.767338106283324,13.264165219290488,0.7035895262730907,-23.97335502979739,-0.9234154716743732,7.871060548275369,0.031372531673862704,0.04182511543267686
