,Annualized Return,Annualized Vol,Sharpe Ratio,Max Drawdown,Skewness,Kurtosis,Cornish-Fisher VaR (5%),Historic CVaR (5%)
Mean Return,16.662440550866343,19.52497381445644,0.4892059919614363,-34.43400494865463,-0.31479360795587547,6.4678097276633535,0.041620150358537195,0.05845766165274613
