,Annualized Return,Annualized Vol,Sharpe Ratio,Max Drawdown,Skewness,Kurtosis,Cornish-Fisher VaR (5%),Historic CVaR (5%)
Mean Return,11.604544757086277,14.566933219052617,0.3583743040221765,-28.793829782434027,-0.6361052760679177,6.377313408831153,0.03390946755769975,0.046710061249316544
