,Annualized Return,Annualized Vol,Sharpe Ratio,Max Drawdown,Skewness,Kurtosis,Cornish-Fisher VaR (5%),Historic CVaR (5%)
Mean Return,21.464069060046477,14.451922144821419,0.9746865161961845,-28.095885043236947,-1.7936764114952652,16.091679036134277,0.03266829861986136,0.04590289629603133
