,Annualized Return,Annualized Vol,Sharpe Ratio,Max Drawdown,Skewness,Kurtosis,Cornish-Fisher VaR (5%),Historic CVaR (5%)
Mean Return,19.955580036260034,13.915459893573395,0.914109393954383,-25.11392825821954,-1.1155038045241148,9.593378576454038,0.031404542164686786,0.044760060401952045
