,Annualized Return,Annualized Vol,Sharpe Ratio,Max Drawdown,Skewness,Kurtosis,Cornish-Fisher VaR (5%),Historic CVaR (5%)
Mean Return,13.693902252554512,12.720983970501903,0.5788990183269637,-24.349493961152472,-0.8074956764197112,7.4954641269450235,0.029954137935507802,0.04092732121390087
