,Annualized Return,Annualized Vol,Sharpe Ratio,Max Drawdown,Skewness,Kurtosis,Cornish-Fisher VaR (5%),Historic CVaR (5%)
Mean Return,17.722724826073023,18.49086351244281,0.5704892246644343,-32.88507394139307,-0.7590113292168635,6.366290162587434,0.04215324968633791,0.05942144921727353
