,Annualized Return,Annualized Vol,Sharpe Ratio,Max Drawdown,Skewness,Kurtosis,Cornish-Fisher VaR (5%),Historic CVaR (5%)
Mean Return,19.585096979362238,15.341472103564286,0.801786118626179,-28.574079098398048,-1.196283903644321,9.59577260305725,0.03509645161238104,0.04881147001539838
