,Annualized Return,Annualized Vol,Sharpe Ratio,Max Drawdown,Skewness,Kurtosis,Cornish-Fisher VaR (5%),Historic CVaR (5%)
Mean Return,23.073504048991357,13.313341115163022,1.1712734651872003,-24.700099200914405,-1.2626044149289348,12.291582550152992,0.028770722838075746,0.039927818502125824
