,Annualized Return,Annualized Vol,Sharpe Ratio,Max Drawdown,Skewness,Kurtosis,Cornish-Fisher VaR (5%),Historic CVaR (5%)
Mean Return,19.03172744684123,17.6270767275471,0.6717400557848562,-33.718692326550546,-1.1031750292322102,8.645639721519583,0.04079189258561414,0.05988865967631973
