,Annualized Return,Annualized Vol,Sharpe Ratio,Max Drawdown,Skewness,Kurtosis,Cornish-Fisher VaR (5%),Historic CVaR (5%)
Mean Return,20.640009623850798,14.416348843811921,0.9232226434208568,-28.580381108273095,-1.7368300663747105,14.989231915446963,0.032913039441160016,0.04580188588872835
