,Annualized Return,Annualized Vol,Sharpe Ratio,Max Drawdown,Skewness,Kurtosis,Cornish-Fisher VaR (5%),Historic CVaR (5%)
Mean Return,9.778866430851574,14.719423528431227,0.24880904887356795,-30.722556551498347,-0.9736833508514484,9.372416663664879,0.035876500181992635,0.048129932552568595
