,Annualized Return,Annualized Vol,Sharpe Ratio,Max Drawdown,Skewness,Kurtosis,Cornish-Fisher VaR (5%),Historic CVaR (5%)
Mean Return,19.82241627778287,14.342743584154372,0.8706361300758031,-26.403506665892216,-1.9955895272870554,20.837210522902605,0.03163721522624439,0.04441847366724122
