,Annualized Return,Annualized Vol,Sharpe Ratio,Max Drawdown,Skewness,Kurtosis,Cornish-Fisher VaR (5%),Historic CVaR (5%)
Mean Return,16.303802970102097,14.596096504428512,0.6327384020319767,-28.95736282170736,-2.0707830593405423,17.141091431058598,0.0346196379151233,0.048732330995299736
