,Annualized Return,Annualized Vol,Sharpe Ratio,Max Drawdown,Skewness,Kurtosis,Cornish-Fisher VaR (5%),Historic CVaR (5%)
Mean Return,18.46253038389014,14.58187901316134,0.7793386924144206,-26.94735908341044,-1.284146122417222,11.412451916812742,0.033363558096779954,0.047162925012067584
