,Annualized Return,Annualized Vol,Sharpe Ratio,Max Drawdown,Skewness,Kurtosis,Cornish-Fisher VaR (5%),Historic CVaR (5%)
Mean Return,16.918597946637036,17.692501879664853,0.5562493588903166,-38.20315521440777,-0.646151283223102,6.394141620025279,0.03961738805430032,0.0561820571323965
