,Annualized Return,Annualized Vol,Skewness,Kurtosis,Cornish-Fisher VaR (5%),Historic CVaR (5%),Sharpe Ratio,Max Drawdown
Mean Return,0.16747107765475677,0.14661423912019061,-1.6384052327294287,13.358098706376854,0.034375028440887204,0.04755904034667832,0.65959529971425,-0.2717881586515522
