,Annualized Return,Annualized Vol,Skewness,Kurtosis,Cornish-Fisher VaR (5%),Historic CVaR (5%),Sharpe Ratio,Max Drawdown
Mean Return,0.16133693185322384,0.16770848002412866,-1.261268411924068,9.213964578684745,0.03975030579905367,0.05807362338861518,0.5421985802162899,-0.2700402002583116
