,Annualized Return,Annualized Vol,Sharpe Ratio,Max Drawdown,Skewness,Kurtosis,Cornish-Fisher VaR (5%),Historic CVaR (5%)
Mean Return,15.684858423969516,14.2396445074475,0.6063183125824426,-25.062031883528935,-1.8884880214769297,18.021474386843146,0.03271565775074704,0.04425302711617168
