,Annualized Return,Annualized Vol,Sharpe Ratio,Max Drawdown,Skewness,Kurtosis,Cornish-Fisher VaR (5%),Historic CVaR (5%)
Mean Return,25.43121299646165,15.003148483927548,1.183851927815794,-29.264705167804237,-2.2396014070575023,24.696151408407573,0.031785231421286864,0.04408109617790201
