,Annualized Return,Annualized Vol,Sharpe Ratio,Max Drawdown,Skewness,Kurtosis,Cornish-Fisher VaR (5%),Historic CVaR (5%)
Mean Return,17.421617542546674,14.29897771358253,0.7255525401363109,-26.93474098404311,-0.3066698934683345,6.2098174650415014,0.029967224018360834,0.043324165746453945
