,Annualized Return,Annualized Vol,Sharpe Ratio,Max Drawdown,Skewness,Kurtosis,Cornish-Fisher VaR (5%),Historic CVaR (5%)
Mean Return,20.421589495049975,13.490332918913065,0.9790983324226267,-24.392865967085406,-1.294795186619069,10.87556168513345,0.030562368603513648,0.04272048518925083
