,Annualized Return,Annualized Vol,Sharpe Ratio,Max Drawdown,Skewness,Kurtosis,Cornish-Fisher VaR (5%),Historic CVaR (5%)
Mean Return,23.69859411469124,17.581900674298254,0.9195655401809512,-33.10825715023329,-1.1293697324783296,10.087980425386894,0.039399574950209175,0.05273651066287943
