,Annualized Return,Annualized Vol,Sharpe Ratio,Max Drawdown,Skewness,Kurtosis,Cornish-Fisher VaR (5%),Historic CVaR (5%)
Mean Return,20.531671973702515,14.430178144969178,0.9175684105636597,-29.078686382160544,-1.6246020933642964,13.863908815365964,0.03291776046662646,0.046744449984113624
