,Annualized Return,Annualized Vol,Sharpe Ratio,Max Drawdown,Skewness,Kurtosis,Cornish-Fisher VaR (5%),Historic CVaR (5%)
Mean Return,21.936038898626986,16.957205390040972,0.8566431504040698,-22.745972312789586,-0.9714420440152884,9.690222408418833,0.03742685708542402,0.05054851758844173
