,Annualized Return,Annualized Vol,Sharpe Ratio,Max Drawdown,Skewness,Kurtosis,Cornish-Fisher VaR (5%),Historic CVaR (5%)
Mean Return,12.519585716302162,12.940117573074431,0.45019523770549164,-23.63423086055594,-1.0293457844594651,9.008055909438662,0.030015328764204378,0.04225315235334948
