,Annualized Return,Annualized Vol,Skewness,Kurtosis,Cornish-Fisher VaR (5%),Historic CVaR (5%),Sharpe Ratio,Max Drawdown
Mean Return,0.17448923542552208,0.14671162251728181,-1.9468231956266095,19.20688824838399,0.03326776080955333,0.046067466360320046,0.700157619615172,-0.2485269235725007
