,Annualized Return,Annualized Vol,Sharpe Ratio,Max Drawdown,Skewness,Kurtosis,Cornish-Fisher VaR (5%),Historic CVaR (5%)
Mean Return,22.866272731624715,15.23990176335028,1.007392227972981,-29.59134902756529,-1.9498368347351098,22.265340098912784,0.032529248488898016,0.04348961329361504
