,Annualized Return,Annualized Vol,Sharpe Ratio,Max Drawdown,Skewness,Kurtosis,Cornish-Fisher VaR (5%),Historic CVaR (5%)
Mean Return,13.619449856518862,14.174457514295243,0.5068898378256653,-27.65099512189248,-1.7733767896038863,17.137386890744214,0.03400628448599491,0.04555902631951374
