,Annualized Return,Annualized Vol,Skewness,Kurtosis,Cornish-Fisher VaR (5%),Historic CVaR (5%),Sharpe Ratio,Max Drawdown
Mean Return,0.25787153022007736,0.16551623449961092,-0.8534065991743168,10.417073885668408,0.03514792412766369,0.05095737847485775,1.1017037121095703,-0.2761821280992375
