,Annualized Return,Annualized Vol,Sharpe Ratio,Max Drawdown,Skewness,Kurtosis,Cornish-Fisher VaR (5%),Historic CVaR (5%)
Mean Return,18.089330382426905,14.157703683072084,0.7695097375086158,-25.162292219001813,-1.0118749912151375,9.61887433838913,0.03149809228922734,0.04406669213846379
