,Annualized Return,Annualized Vol,Sharpe Ratio,Max Drawdown,Skewness,Kurtosis,Cornish-Fisher VaR (5%),Historic CVaR (5%)
Mean Return,15.664506050410187,16.26636739599021,0.5313782888639108,-38.45538776421627,-0.6912100420074828,7.206114018161895,0.03630546547510013,0.051637335096449355
