,Annualized Return,Annualized Vol,Sharpe Ratio,Max Drawdown,Skewness,Kurtosis,Cornish-Fisher VaR (5%),Historic CVaR (5%)
Mean Return,18.57131394199152,13.545245713100373,0.8351535757543193,-27.973561795295982,-1.3989000752481657,14.513252522313435,0.029839637478618546,0.04157271099211255
