,Annualized Return,Annualized Vol,Sharpe Ratio,Max Drawdown,Skewness,Kurtosis,Cornish-Fisher VaR (5%),Historic CVaR (5%)
Mean Return,21.22263871805712,17.874653353124586,0.7779261993219374,-22.168407817655194,-0.041509261043072065,5.167041297656088,0.035885710131487614,0.05049128918960029
