,Annualized Return,Annualized Vol,Sharpe Ratio,Max Drawdown,Skewness,Kurtosis,Cornish-Fisher VaR (5%),Historic CVaR (5%)
Mean Return,17.03219095183639,14.23424461264839,0.6955415238789149,-26.221172368304995,-1.9150466332232485,18.7158177536739,0.032316829277912996,0.04391806834683189
