,Annualized Return,Annualized Vol,Skewness,Kurtosis,Cornish-Fisher VaR (5%),Historic CVaR (5%),Sharpe Ratio,Max Drawdown
Mean Return,0.2528058398005577,0.1639041566268785,-0.8757867781998386,9.113994017962751,0.03557545377810651,0.05159000321076885,1.0834561135866985,-0.26032108077357885
