,Annualized Return,Annualized Vol,Sharpe Ratio,Max Drawdown,Skewness,Kurtosis,Cornish-Fisher VaR (5%),Historic CVaR (5%)
Mean Return,14.873305453870156,15.24295892083855,0.5152628163620733,-43.226819776148325,-1.5261471449553954,11.910761343951929,0.03627488320277625,0.050877740445292835
