,Annualized Return,Annualized Vol,Sharpe Ratio,Max Drawdown,Skewness,Kurtosis,Cornish-Fisher VaR (5%),Historic CVaR (5%)
Mean Return,16.635797164082057,13.708285974494578,0.7036685479041542,-25.550365127226826,-0.4985620269608714,5.835430928523276,0.029870111677557667,0.04369289357146334
