,Annualized Return,Annualized Vol,Sharpe Ratio,Max Drawdown,Skewness,Kurtosis,Cornish-Fisher VaR (5%),Historic CVaR (5%)
Mean Return,19.599341119946367,15.836623410746425,0.7775545052791303,-26.79858479936199,-1.519792938543831,13.464358426836117,0.03628338106165514,0.04955501845659758
