,Annualized Return,Annualized Vol,Skewness,Kurtosis,Cornish-Fisher VaR (5%),Historic CVaR (5%),Sharpe Ratio,Max Drawdown
Mean Return,0.15754478928676363,0.141551877026126,-1.5176135772690853,12.796767655385327,0.033851337608570904,0.04494936630846093,0.6444160964502939,-0.2816492986701772
