,Annualized Return,Annualized Vol,Sharpe Ratio,Max Drawdown,Skewness,Kurtosis,Cornish-Fisher VaR (5%),Historic CVaR (5%)
Mean Return,19.44708382097675,14.0343468871125,0.868999663734999,-26.80310384063585,-0.7289422758099126,8.23663734525187,0.030138736760228393,0.04296844223919726
