,Annualized Return,Annualized Vol,Skewness,Kurtosis,Cornish-Fisher VaR (5%),Historic CVaR (5%),Sharpe Ratio,Max Drawdown
Mean Return,0.15734350631298422,0.13698037129737448,-1.7648401497542898,16.991926207119935,0.03241565336733009,0.04437295868321507,0.6701612740758315,-0.2538132633866804
