,Annualized Return,Annualized Vol,Sharpe Ratio,Max Drawdown,Skewness,Kurtosis,Cornish-Fisher VaR (5%),Historic CVaR (5%)
Mean Return,14.8660489494437,14.528298581517445,0.5396374310205679,-28.19232908617277,-0.6875486699399032,8.339628840639886,0.03183259677214469,0.043799595033654125
