,Annualized Return,Annualized Vol,Sharpe Ratio,Max Drawdown,Skewness,Kurtosis,Cornish-Fisher VaR (5%),Historic CVaR (5%)
Mean Return,19.466556124033495,14.698140610414764,0.8293033584317615,-30.09194290350018,-2.016400976050845,20.617394300124786,0.03272143376945088,0.0461382804019551
