,Annualized Return,Annualized Vol,Skewness,Kurtosis,Cornish-Fisher VaR (5%),Historic CVaR (5%),Sharpe Ratio,Max Drawdown
Mean Return,0.213705879870145,0.14344403902342193,-1.87402481270764,16.37061905428512,0.032645486677723864,0.0458359695565519,0.9758651868827475,-0.28564977624046783
