,Annualized Return,Annualized Vol,Sharpe Ratio,Max Drawdown,Skewness,Kurtosis,Cornish-Fisher VaR (5%),Historic CVaR (5%)
Mean Return,15.699766601675824,14.918466399490052,0.5807431098261288,-24.58199147201487,-1.7945228067512236,17.16370838715288,0.034339284490968305,0.04801629921564407
