,Annualized Return,Annualized Vol,Sharpe Ratio,Max Drawdown,Skewness,Kurtosis,Cornish-Fisher VaR (5%),Historic CVaR (5%)
Mean Return,19.75547792987149,14.514031094171392,0.8608973653166236,-29.284441016376935,-1.53318536309546,12.96041075408739,0.03321819359329049,0.04733374655457214
