,Annualized Return,Annualized Vol,Sharpe Ratio,Max Drawdown,Skewness,Kurtosis,Cornish-Fisher VaR (5%),Historic CVaR (5%)
Mean Return,20.283200039862635,15.870894232006977,0.817626036558013,-30.74369139212597,-1.2550817739450963,10.29863259410217,0.03629184041617629,0.05071812895875805
