,Annualized Return,Annualized Vol,Skewness,Kurtosis,Cornish-Fisher VaR (5%),Historic CVaR (5%),Sharpe Ratio,Max Drawdown
Mean Return,0.22356365476126805,0.15396864961354706,-1.2362341560449959,11.226338108964255,0.03460866004278738,0.05127230232335641,0.9746518899476498,-0.2715453856064872
