,Annualized Return,Annualized Vol,Sharpe Ratio,Max Drawdown,Skewness,Kurtosis,Cornish-Fisher VaR (5%),Historic CVaR (5%)
Mean Return,20.43101042678821,13.24184422995496,0.9945665150078963,-23.24739035314187,-0.8663289591340416,7.686515340367179,0.029229899759905587,0.04287052923381386
