,Annualized Return,Annualized Vol,Sharpe Ratio,Max Drawdown,Skewness,Kurtosis,Cornish-Fisher VaR (5%),Historic CVaR (5%)
Mean Return,18.819146062649782,14.086168087401418,0.8232111061757437,-28.12293422951917,-1.6731145030403078,15.319382232590522,0.031975624517537514,0.04527504824631631
