,Annualized Return,Annualized Vol,Sharpe Ratio,Max Drawdown,Skewness,Kurtosis,Cornish-Fisher VaR (5%),Historic CVaR (5%)
Mean Return,15.318283485042162,12.005148361583162,0.7034354160853926,-20.989908529655686,-0.6168840435071286,5.948019119850635,0.026503670842923786,0.0378918418730711
