,Annualized Return,Annualized Vol,Sharpe Ratio,Max Drawdown,Skewness,Kurtosis,Cornish-Fisher VaR (5%),Historic CVaR (5%)
Mean Return,16.47260206833021,16.12079565799944,0.5814880827310949,-27.505777875420335,-0.68088869876935,6.093481344489433,0.03626765999411113,0.051428165994309355
