,Annualized Return,Annualized Vol,Sharpe Ratio,Max Drawdown,Skewness,Kurtosis,Cornish-Fisher VaR (5%),Historic CVaR (5%)
Mean Return,15.809026242275891,17.992009128548574,0.4863087001695157,-30.561073832431102,-1.3341979971992677,11.34446875040668,0.04227318623060089,0.058782550570064346
