,Annualized Return,Annualized Vol,Sharpe Ratio,Max Drawdown,Skewness,Kurtosis,Cornish-Fisher VaR (5%),Historic CVaR (5%)
Mean Return,20.421052942991235,15.584199863688136,0.8397291011019826,-29.881248661176812,-1.2997334561707168,10.338441019117594,0.03577420407043798,0.050392007787867926
