,Annualized Return,Annualized Vol,Sharpe Ratio,Max Drawdown,Skewness,Kurtosis,Cornish-Fisher VaR (5%),Historic CVaR (5%)
Mean Return,19.668667892556748,14.48323209924816,0.8547354062412178,-27.331043601957607,-1.2920352964455148,12.31052951401648,0.032298578921513825,0.04592767660521467
