,Annualized Return,Annualized Vol,Sharpe Ratio,Max Drawdown,Skewness,Kurtosis,Cornish-Fisher VaR (5%),Historic CVaR (5%)
Mean Return,8.270574285252064,19.828419952229257,0.08230389110644004,-58.473882157189806,-1.1538198578518077,13.998681613705235,0.045492222430276855,0.06386889209300549
