,Annualized Return,Annualized Vol,Sharpe Ratio,Max Drawdown,Skewness,Kurtosis,Cornish-Fisher VaR (5%),Historic CVaR (5%)
Mean Return,17.88883033231383,13.256212325494463,0.8051404172003319,-26.469902231851,-1.2076288461511138,12.39395121000011,0.029207903510310083,0.040639446472547254
