,Annualized Return,Annualized Vol,Sharpe Ratio,Max Drawdown,Skewness,Kurtosis,Cornish-Fisher VaR (5%),Historic CVaR (5%)
Mean Return,14.881458615723787,15.625744506432602,0.5306929884814567,-29.182312078698903,-1.4419944931988093,10.84600677431309,0.03831608024488547,0.052574603423582465
