,Annualized Return,Annualized Vol,Sharpe Ratio,Max Drawdown,Skewness,Kurtosis,Cornish-Fisher VaR (5%),Historic CVaR (5%)
Mean Return,18.099935564951863,13.52364756612393,0.8088254885787378,-24.665649366823516,-0.8766712776843792,9.814462560929416,0.029247713205954658,0.042837868114683327
