,Annualized Return,Annualized Vol,Sharpe Ratio,Max Drawdown,Skewness,Kurtosis,Cornish-Fisher VaR (5%),Historic CVaR (5%)
Mean Return,22.443344731095817,18.367207711998006,0.8159815889558996,-21.89847978738326,-0.6134441455727864,6.828026842150612,0.03990377548222704,0.05708184918028027
