,Annualized Return,Annualized Vol,Sharpe Ratio,Max Drawdown,Skewness,Kurtosis,Cornish-Fisher VaR (5%),Historic CVaR (5%)
Mean Return,18.468809384266073,13.933394750188338,0.8122347400662381,-25.963645746939175,-1.211617852593241,10.154061492143654,0.031926915764604644,0.04621814314705322
