,Annualized Return,Annualized Vol,Sharpe Ratio,Max Drawdown,Skewness,Kurtosis,Cornish-Fisher VaR (5%),Historic CVaR (5%)
Mean Return,16.47263560651413,17.571700142167824,0.5435898905228382,-32.01054611581074,-1.5758238209949673,11.531266786582211,0.04273447072071275,0.058738766464753005
