,Annualized Return,Annualized Vol,Sharpe Ratio,Max Drawdown,Skewness,Kurtosis,Cornish-Fisher VaR (5%),Historic CVaR (5%)
Mean Return,16.785745491926818,13.310132000415202,0.724613991964818,-27.19139101459538,-1.0499080138079377,10.659770931497025,0.029455071939411222,0.04225105796307223
