,Annualized Return,Annualized Vol,Sharpe Ratio,Max Drawdown,Skewness,Kurtosis,Cornish-Fisher VaR (5%),Historic CVaR (5%)
Mean Return,13.536173359487513,14.19117860010769,0.4648941904582234,-30.4584361549541,-1.6986268737595949,14.358381301783478,0.03361512265233056,0.046788159129790716
