,Annualized Return,Annualized Vol,Sharpe Ratio,Max Drawdown,Skewness,Kurtosis,Cornish-Fisher VaR (5%),Historic CVaR (5%)
Mean Return,13.794835151717844,14.022605498746385,0.4878610516515398,-28.69512570046843,-1.4494670434787347,12.412259338697023,0.032820612978435304,0.046566073148121404
