,Annualized Return,Annualized Vol,Skewness,Kurtosis,Cornish-Fisher VaR (5%),Historic CVaR (5%),Sharpe Ratio,Max Drawdown
Mean Return,0.1290283978026312,0.15929175643704802,-1.2730804834231497,11.915895499971704,0.03807117221210088,0.0525330231545132,0.4033997481217647,-0.39064646913504947
