,Annualized Return,Annualized Vol,Sharpe Ratio,Max Drawdown,Skewness,Kurtosis,Cornish-Fisher VaR (5%),Historic CVaR (5%)
Mean Return,17.757667717808,15.523710057876297,0.681687500182805,-29.267861178856773,-2.057406646190262,16.106700950870096,0.03715131089042142,0.05326223336721472
