,Annualized Return,Annualized Vol,Sharpe Ratio,Max Drawdown,Skewness,Kurtosis,Cornish-Fisher VaR (5%),Historic CVaR (5%)
Mean Return,16.846450355719345,16.040206645487384,0.6084032978279031,-37.87873906265434,-0.597675402201681,7.157566782561769,0.03504312861073297,0.049412859836849274
