,Annualized Return,Annualized Vol,Sharpe Ratio,Max Drawdown,Skewness,Kurtosis,Cornish-Fisher VaR (5%),Historic CVaR (5%)
Mean Return,16.0655191568684,16.713723657427746,0.5379492941543438,-27.975483831674563,-1.4011940031011598,10.174070311449963,0.03994283661787661,0.058029921867150176
