,Annualized Return,Annualized Vol,Sharpe Ratio,Max Drawdown,Skewness,Kurtosis,Cornish-Fisher VaR (5%),Historic CVaR (5%)
Mean Return,14.61782724737073,13.470987229683223,0.5786908871752123,-20.625508936472666,-0.6805740607468036,6.620038218488767,0.030233392402364535,0.042575017069860596
