,Annualized Return,Annualized Vol,Skewness,Kurtosis,Cornish-Fisher VaR (5%),Historic CVaR (5%),Sharpe Ratio,Max Drawdown
Mean Return,0.21379201135177572,0.14881017035189598,-1.375055488987265,13.36918127418513,0.03326086294307372,0.048937235398160146,0.9466500820062003,-0.28357579023357177
