,Annualized Return,Annualized Vol,Sharpe Ratio,Max Drawdown,Skewness,Kurtosis,Cornish-Fisher VaR (5%),Historic CVaR (5%)
Mean Return,15.665437261668892,13.182590661655135,0.6527143649823154,-27.056443929035733,-1.0687387944620421,10.174666570215262,0.029590576526908902,0.04180799479333151
