,Annualized Return,Annualized Vol,Sharpe Ratio,Max Drawdown,Skewness,Kurtosis,Cornish-Fisher VaR (5%),Historic CVaR (5%)
Mean Return,15.123826077984281,17.41196494177425,0.46552264757470274,-32.270463788282875,-0.5808454832738139,7.332226005779696,0.03837593844144745,0.05386349590961277
