,Annualized Return,Annualized Vol,Skewness,Kurtosis,Cornish-Fisher VaR (5%),Historic CVaR (5%),Sharpe Ratio,Max Drawdown
Mean Return,0.22944375073813372,0.142749240749939,-1.8844374085278568,16.97186129780268,0.032024982076974205,0.04476465647182521,1.084293579076809,-0.26817048105721364
