,Annualized Return,Annualized Vol,Sharpe Ratio,Max Drawdown,Skewness,Kurtosis,Cornish-Fisher VaR (5%),Historic CVaR (5%)
Mean Return,20.886903758636866,14.13735970933751,0.9591133358265781,-26.712003632679743,-1.2908382705279327,13.601093661417066,0.03072434145367133,0.04435924939098858
