,Annualized Return,Annualized Vol,Sharpe Ratio,Max Drawdown,Skewness,Kurtosis,Cornish-Fisher VaR (5%),Historic CVaR (5%)
Mean Return,9.26888021668324,16.5610340916619,0.18178398691300449,-34.91862270545791,-0.33024658676895147,5.38366931586007,0.037812168580172244,0.05117250314691533
