,Annualized Return,Annualized Vol,Sharpe Ratio,Max Drawdown,Skewness,Kurtosis,Cornish-Fisher VaR (5%),Historic CVaR (5%)
Mean Return,16.889086213994098,15.661544949007991,0.6235454770758612,-30.037857581635645,-1.3716218579135346,11.909761652112659,0.03622250295700726,0.05045566965097794
