,Annualized Return,Annualized Vol,Sharpe Ratio,Max Drawdown,Skewness,Kurtosis,Cornish-Fisher VaR (5%),Historic CVaR (5%)
Index Return,10.532846191873269,16.234967927921883,0.2334276830936563,-32.38858719970144,-0.7548393260355334,6.713368519816633,0.03769541254239993,0.05315215011569944
