,Annualized Return,Annualized Vol,Skewness,Kurtosis,Cornish-Fisher VaR (5%),Historic CVaR (5%),Sharpe Ratio,Max Drawdown
Mean Return,0.1835016389816102,0.16277387057962345,-1.795450592914424,19.858732144872896,0.03606187131538681,0.050634936389288975,0.6821175097229074,-0.31607745721460845
