,Annualized Return,Annualized Vol,Sharpe Ratio,Max Drawdown,Skewness,Kurtosis,Cornish-Fisher VaR (5%),Historic CVaR (5%)
Mean Return,12.361015595172242,16.367107762252978,0.33654802367010894,-30.49846941702572,-1.9620894550171442,18.28747905498901,0.03878382631469837,0.052543911828106554
