,Annualized Return,Annualized Vol,Sharpe Ratio,Max Drawdown,Skewness,Kurtosis,Cornish-Fisher VaR (5%),Historic CVaR (5%)
Mean Return,24.29704014759595,18.350246948287698,0.9136483516317212,-25.781426062998815,-0.3398594582094291,5.178298435203741,0.038553633350471246,0.0542606058119532
