,Annualized Return,Annualized Vol,Sharpe Ratio,Max Drawdown,Skewness,Kurtosis,Cornish-Fisher VaR (5%),Historic CVaR (5%)
Mean Return,14.651664993786827,14.554905476941931,0.5600075828822627,-27.52164018481788,-1.7374368933733324,15.371687182777993,0.03537714289548538,0.04903660192998183
