,Annualized Return,Annualized Vol,Sharpe Ratio,Max Drawdown,Skewness,Kurtosis,Cornish-Fisher VaR (5%),Historic CVaR (5%)
Mean Return,12.780531875741463,12.99149216479587,0.4673281814974688,-23.39917502287754,-1.0235563135572932,8.606300365887774,0.03021877783372864,0.042738992559879146
