,Annualized Return,Annualized Vol,Sharpe Ratio,Max Drawdown,Skewness,Kurtosis,Cornish-Fisher VaR (5%),Historic CVaR (5%)
Mean Return,17.042477582307257,16.188057034727095,0.6142330558403053,-38.45538776421627,-0.6283556453812883,7.653554818099046,0.03531421183983342,0.04908953879158833
