,Annualized Return,Annualized Vol,Sharpe Ratio,Max Drawdown,Skewness,Kurtosis,Cornish-Fisher VaR (5%),Historic CVaR (5%)
Mean Return,12.77196924390578,17.982468969505053,0.3259879711609771,-37.64213921075989,-1.2987589123287595,15.356409941872712,0.040543270729014064,0.0556273399128092
