,Annualized Return,Annualized Vol,Sharpe Ratio,Max Drawdown,Skewness,Kurtosis,Cornish-Fisher VaR (5%),Historic CVaR (5%)
Mean Return,15.477589580177264,12.952334544337221,0.6637461253381592,-23.349000326898057,-1.0950452266079724,9.359831652606108,0.029696024633348916,0.04197182268088524
