,Annualized Return,Annualized Vol,Sharpe Ratio,Max Drawdown,Skewness,Kurtosis,Cornish-Fisher VaR (5%),Historic CVaR (5%)
Mean Return,12.342086474445303,17.095182267755717,0.3194932062290877,-50.68039789304698,-1.8639233508469646,21.21518075265299,0.03872834251985738,0.0536258195506503
