,Annualized Return,Annualized Vol,Sharpe Ratio,Max Drawdown,Skewness,Kurtosis,Cornish-Fisher VaR (5%),Historic CVaR (5%)
Mean Return,13.469037857688427,12.588233008056992,0.5338079183504988,-20.761858426392248,-0.8325257378256756,6.650684556294878,0.028948250831140245,0.04111324964562706
