,Annualized Return,Annualized Vol,Sharpe Ratio,Max Drawdown,Skewness,Kurtosis,Cornish-Fisher VaR (5%),Historic CVaR (5%)
Mean Return,15.927804987620675,14.07766499423423,0.6312120644514319,-21.753562607609783,-1.1485171394167515,11.878764757802523,0.031423910495659874,0.04461409763815007
