,Annualized Return,Annualized Vol,Sharpe Ratio,Max Drawdown,Skewness,Kurtosis,Cornish-Fisher VaR (5%),Historic CVaR (5%)
Mean Return,18.788543705594172,15.913430706702169,0.7304674704755366,-28.26759380152955,-0.7566288088539452,10.36111149555092,0.03424459408699111,0.04862345970174422
