,Annualized Return,Annualized Vol,Sharpe Ratio,Max Drawdown,Skewness,Kurtosis,Cornish-Fisher VaR (5%),Historic CVaR (5%)
Mean Return,22.73469806669364,13.975471555981242,1.089557284753524,-26.84624503623303,-2.311297188318737,24.57140290943316,0.030067110676675647,0.04240277517837541
