,Annualized Return,Annualized Vol,Sharpe Ratio,Max Drawdown,Skewness,Kurtosis,Cornish-Fisher VaR (5%),Historic CVaR (5%)
Mean Return,17.731332182092284,13.410126529692073,0.7898227244228777,-24.099498966716578,-0.8823452293702551,9.414851823163495,0.029213590274443424,0.04252528224623473
