,Annualized Return,Annualized Vol,Sharpe Ratio,Max Drawdown,Skewness,Kurtosis,Cornish-Fisher VaR (5%),Historic CVaR (5%)
Mean Return,13.547615516776347,16.93491489523165,0.4157139280867278,-37.57938190481262,-0.11493042673697479,7.202543187307784,0.035579262198471684,0.05026144612143433
