,Annualized Return,Annualized Vol,Sharpe Ratio,Max Drawdown,Skewness,Kurtosis,Cornish-Fisher VaR (5%),Historic CVaR (5%)
Mean Return,14.831399799347377,14.972855356731257,0.5510260240668994,-32.84687154716453,-1.4032126330143162,12.334846530503922,0.035770593213958216,0.04854196292469153
