,Annualized Return,Annualized Vol,Sharpe Ratio,Max Drawdown,Skewness,Kurtosis,Cornish-Fisher VaR (5%),Historic CVaR (5%)
Mean Return,11.140973698478195,18.498064448366776,0.24183628691722586,-36.046011345042785,0.20635613687817989,6.284637486610596,0.036903708638507726,0.055517768085189566
