,Annualized Return,Annualized Vol,Sharpe Ratio,Max Drawdown,Skewness,Kurtosis,Cornish-Fisher VaR (5%),Historic CVaR (5%)
Mean Return,17.232931163574982,15.750152012348615,0.640561390600135,-28.839680428440822,-1.5352803724639266,12.533765918038927,0.03692780668781923,0.052615880274410866
