,Annualized Return,Annualized Vol,Sharpe Ratio,Max Drawdown,Skewness,Kurtosis,Cornish-Fisher VaR (5%),Historic CVaR (5%)
Mean Return,15.955363962958803,15.001287681673334,0.592479129735486,-26.934642713202138,-1.4056639350747657,11.892268556790343,0.034901414723522185,0.04856319155914001
