,Annualized Return,Annualized Vol,Sharpe Ratio,Max Drawdown,Skewness,Kurtosis,Cornish-Fisher VaR (5%),Historic CVaR (5%)
Mean Return,20.680537324213155,14.256825958816533,0.935041036733129,-26.314296182236397,-2.3258971850760717,23.19256121648497,0.031657642731347434,0.04430587210813533
