,Annualized Return,Annualized Vol,Skewness,Kurtosis,Cornish-Fisher VaR (5%),Historic CVaR (5%),Sharpe Ratio,Max Drawdown
Mean Return,0.13961494162323929,0.13663901998537223,-1.8446024892134685,17.693201696680976,0.032709902733907475,0.04425302711617168,0.5492893120748916,-0.25062031883528935
