,Annualized Return,Annualized Vol,Skewness,Kurtosis,Cornish-Fisher VaR (5%),Historic CVaR (5%),Sharpe Ratio,Max Drawdown
Mean Return,0.18680806452159482,0.15307153348654545,-2.1763581831447376,22.83301769892936,0.03410068621841802,0.04774983193481387,0.74566907048976,-0.33357183850543054
