,Annualized Return,Annualized Vol,Sharpe Ratio,Max Drawdown,Skewness,Kurtosis,Cornish-Fisher VaR (5%),Historic CVaR (5%)
Mean Return,17.598889103889736,14.584527847934156,0.7198493836599122,-28.217143261966804,-1.203576186491463,11.179783874214394,0.03324536933982867,0.04859164497593391
