,Annualized Return,Annualized Vol,Sharpe Ratio,Max Drawdown,Skewness,Kurtosis,Cornish-Fisher VaR (5%),Historic CVaR (5%)
Mean Return,13.992398570360898,16.527581731395834,0.42607788652770756,-30.26976508991133,-1.9213902632740136,19.272354439874896,0.038252026914627354,0.050937093044869805
