,Annualized Return,Annualized Vol,Skewness,Kurtosis,Cornish-Fisher VaR (5%),Historic CVaR (5%),Sharpe Ratio,Max Drawdown
Mean Return,0.1637986249474075,0.14488676806264567,-1.5109602155843038,13.057889309931818,0.03357746702140313,0.04641786278752697,0.6383667089083801,-0.2890896441489824
