,Annualized Return,Annualized Vol,Skewness,Kurtosis,Cornish-Fisher VaR (5%),Historic CVaR (5%),Sharpe Ratio,Max Drawdown
Mean Return,0.16625874342498226,0.13953823989144298,-1.3810576039044622,11.598129368013417,0.033035797256915515,0.04348181206797029,0.7123500972434695,-0.2535800607883972
