,Annualized Return,Annualized Vol,Sharpe Ratio,Max Drawdown,Skewness,Kurtosis,Cornish-Fisher VaR (5%),Historic CVaR (5%)
Mean Return,17.418963417778844,15.405550118015668,0.6662500108402382,-30.01575320836397,-1.0501818198195758,10.304019520755544,0.03455289541422017,0.04916885019657839
