,Annualized Return,Annualized Vol,Sharpe Ratio,Max Drawdown,Skewness,Kurtosis,Cornish-Fisher VaR (5%),Historic CVaR (5%)
Mean Return,19.171565679497405,15.17611030388933,0.7881591030435816,-26.45515851153,-0.7834748371747773,7.604427275496044,0.033447316035692315,0.045788525620218685
