,Annualized Return,Annualized Vol,Sharpe Ratio,Max Drawdown,Skewness,Kurtosis,Cornish-Fisher VaR (5%),Historic CVaR (5%)
Mean Return,7.401690163157748,23.385805360448433,0.040778834700453,-41.03710946075098,-0.734215610435693,8.952662161536539,0.05442732194685374,0.07297968459136181
