,Annualized Return,Annualized Vol,Sharpe Ratio,Max Drawdown,Skewness,Kurtosis,Cornish-Fisher VaR (5%),Historic CVaR (5%)
Mean Return,13.31768637416939,17.250956245222408,0.372560318058382,-28.873092430102353,-0.691094428867678,6.714384010286368,0.039277827019504004,0.05480350017759952
