,Annualized Return,Annualized Vol,Sharpe Ratio,Max Drawdown,Skewness,Kurtosis,Cornish-Fisher VaR (5%),Historic CVaR (5%)
Mean Return,16.342931409371396,14.836069102850416,0.6269072257378681,-25.937350765867233,-0.926071151215474,8.295905020342168,0.03354470901940983,0.04728894919287632
