,Annualized Return,Annualized Vol,Sharpe Ratio,Max Drawdown,Skewness,Kurtosis,Cornish-Fisher VaR (5%),Historic CVaR (5%)
Mean Return,20.588399894035405,15.884117928008221,0.8370368687514219,-22.444753126983564,-0.5132512274570122,5.6185506627888255,0.03424960058682804,0.04744777402066428
