,Annualized Return,Annualized Vol,Sharpe Ratio,Max Drawdown,Skewness,Kurtosis,Cornish-Fisher VaR (5%),Historic CVaR (5%)
Mean Return,19.63469143957708,14.723936144792383,0.8385870927925939,-29.633916036442255,-1.8919168438316056,19.202101997631594,0.032804974465923634,0.04616810256434424
