,Annualized Return,Annualized Vol,Sharpe Ratio,Max Drawdown,Skewness,Kurtosis,Cornish-Fisher VaR (5%),Historic CVaR (5%)
Mean Return,23.024397007680907,16.57413969751876,0.9372474552869673,-27.618212809923747,-0.7842572883530549,10.08847770801914,0.03506541627751594,0.04927846300857294
