,Annualized Return,Annualized Vol,Sharpe Ratio,Max Drawdown,Skewness,Kurtosis,Cornish-Fisher VaR (5%),Historic CVaR (5%)
Mean Return,17.401344358947757,17.390469137321503,0.5903290861574189,-32.79609423171685,-0.8544812162215177,7.365336594287489,0.039618490970038465,0.05597637535138635
