,Annualized Return,Annualized Vol,Sharpe Ratio,Max Drawdown,Skewness,Kurtosis,Cornish-Fisher VaR (5%),Historic CVaR (5%)
Mean Return,18.245619273636038,15.11136792450708,0.7285475814971795,-31.997578432032327,-2.0707492750603014,22.229422979420093,0.033502968007813716,0.04501346747499458
