,Annualized Return,Annualized Vol,Sharpe Ratio,Max Drawdown,Skewness,Kurtosis,Cornish-Fisher VaR (5%),Historic CVaR (5%)
Mean Return,15.131389387515792,14.755127291302589,0.5513651059626717,-23.10462854997386,-1.1193638850187084,11.225996432559004,0.03332493431720485,0.046905822642020326
