,Annualized Return,Annualized Vol,Sharpe Ratio,Max Drawdown,Skewness,Kurtosis,Cornish-Fisher VaR (5%),Historic CVaR (5%)
Mean Return,21.334013437505874,15.370884722286474,0.9137069479085593,-28.880694862019745,-1.358802054208885,12.29383460390082,0.03486517589157948,0.0515270775591752
