,Annualized Return,Annualized Vol,Sharpe Ratio,Max Drawdown,Skewness,Kurtosis,Cornish-Fisher VaR (5%),Historic CVaR (5%)
Mean Return,15.374210164125346,12.818580619380487,0.6507736877901594,-21.104111357902873,-0.9102833146330508,7.643393146461958,0.02893976024335331,0.04137772626682177
