,Annualized Return,Annualized Vol,Sharpe Ratio,Max Drawdown,Skewness,Kurtosis,Cornish-Fisher VaR (5%),Historic CVaR (5%)
Mean Return,18.905662173671512,14.630373583631354,0.7994217316101616,-27.879365674404987,-1.541658322861392,12.942288289738425,0.033680167187292796,0.047712494556082466
