,Annualized Return,Annualized Vol,Sharpe Ratio,Max Drawdown,Skewness,Kurtosis,Cornish-Fisher VaR (5%),Historic CVaR (5%)
Mean Return,19.813932747604856,14.215334610308517,0.8815343139685606,-27.501606651203453,-1.7781285478668778,16.243651295920184,0.032222469596134805,0.04446435171284537
