,Annualized Return,Annualized Vol,Sharpe Ratio,Max Drawdown,Skewness,Kurtosis,Cornish-Fisher VaR (5%),Historic CVaR (5%)
Mean Return,19.021015606190538,16.347975104021806,0.721154162546903,-31.15595511883965,-1.2174975083312902,9.966201779322969,0.037636007277230446,0.05179463545933677
