,Annualized Return,Annualized Vol,Sharpe Ratio,Max Drawdown,Skewness,Kurtosis,Cornish-Fisher VaR (5%),Historic CVaR (5%)
Mean Return,20.920713979150673,14.024356636371419,0.9666468239456266,-25.985438945763672,-2.070213306343162,22.153849299322918,0.030453570906664302,0.04248291555870102
