,Annualized Return,Annualized Vol,Sharpe Ratio,Max Drawdown,Skewness,Kurtosis,Cornish-Fisher VaR (5%),Historic CVaR (5%)
Mean Return,16.229967603678098,16.770848002412865,0.5453358186015553,-27.00402002583116,-1.261268411924068,9.213964578684745,0.03975030579905367,0.05807362338861518
