,Annualized Return,Annualized Vol,Sharpe Ratio,Max Drawdown,Skewness,Kurtosis,Cornish-Fisher VaR (5%),Historic CVaR (5%)
Mean Return,22.34546299690163,14.041857444551223,1.0583502809046013,-26.42088036671219,-2.13504692483859,22.53579768042358,0.030400012783018175,0.04253467037132785
