,Annualized Return,Annualized Vol,Sharpe Ratio,Max Drawdown,Skewness,Kurtosis,Cornish-Fisher VaR (5%),Historic CVaR (5%)
Mean Return,24.165877777081988,15.348569950554477,1.0820261006940715,-28.863847207030712,-2.254599727773192,22.846996607120797,0.03363969156397889,0.04648771902917094
