,Annualized Return,Annualized Vol,Skewness,Kurtosis,Cornish-Fisher VaR (5%),Historic CVaR (5%),Sharpe Ratio,Max Drawdown
Mean Return,0.19470731364967508,0.14760616072530497,-2.065491196696234,20.907709033419433,0.03297797266649583,0.04713965138128924,0.8235876862512158,-0.3009194290350018
