,Annualized Return,Annualized Vol,Sharpe Ratio,Max Drawdown,Skewness,Kurtosis,Cornish-Fisher VaR (5%),Historic CVaR (5%)
Mean Return,20.589181686794134,13.40799916740588,0.9915722749942569,-24.47239139126689,-1.0218743509642787,10.133986854489759,0.029107357360265766,0.04173218192450096
