,Annualized Return,Annualized Vol,Sharpe Ratio,Max Drawdown,Skewness,Kurtosis,Cornish-Fisher VaR (5%),Historic CVaR (5%)
Mean Return,21.178330539006176,13.849115458983444,0.9940165478868552,-25.435514949686667,-1.8394642669857288,20.80007100028212,0.02960201602807765,0.04104549900802304
