,Annualized Return,Annualized Vol,Sharpe Ratio,Max Drawdown,Skewness,Kurtosis,Cornish-Fisher VaR (5%),Historic CVaR (5%)
Mean Return,18.137642809204312,13.279753706634374,0.8211599573861051,-27.234063401299647,-1.2883436995628055,13.300237952708901,0.029239741370820665,0.04064291887059315
