,Annualized Return,Annualized Vol,Sharpe Ratio,Max Drawdown,Skewness,Kurtosis,Cornish-Fisher VaR (5%),Historic CVaR (5%)
Mean Return,20.318457364213273,13.315237560209173,0.973889561685487,-22.943062013161626,-1.1311440713056575,13.482497789329111,0.028209283911437753,0.039409873773759534
