,Annualized Return,Annualized Vol,Sharpe Ratio,Max Drawdown,Skewness,Kurtosis,Cornish-Fisher VaR (5%),Historic CVaR (5%)
Mean Return,17.643248110881583,15.405169100865557,0.6821328804276796,-29.65015036630687,-1.1242890271011268,9.069469284314064,0.035435415611835504,0.05123162291523403
