,Annualized Return,Annualized Vol,Sharpe Ratio,Max Drawdown,Skewness,Kurtosis,Cornish-Fisher VaR (5%),Historic CVaR (5%)
Mean Return,19.81785248668888,14.886881421592946,0.8385163114183868,-30.45375928818732,-2.161363286099702,22.043043071828325,0.03316384430375449,0.04717957995237072
