,Annualized Return,Annualized Vol,Sharpe Ratio,Max Drawdown,Skewness,Kurtosis,Cornish-Fisher VaR (5%),Historic CVaR (5%)
Mean Return,20.47551335807798,15.428983761789128,0.8514977156660576,-29.88087035993818,-1.3334774212857297,10.633528120763058,0.03541783094821042,0.04998191925326224
