,Annualized Return,Annualized Vol,Sharpe Ratio,Max Drawdown,Skewness,Kurtosis,Cornish-Fisher VaR (5%),Historic CVaR (5%)
Mean Return,20.75139670994728,13.52287608121038,0.9915901911035315,-24.700099200914412,-1.1553269437481015,11.078628970146378,0.029633142920226584,0.041381800384364856
