,Annualized Return,Annualized Vol,Sharpe Ratio,Max Drawdown,Skewness,Kurtosis,Cornish-Fisher VaR (5%),Historic CVaR (5%)
Mean Return,12.994757997316908,16.04420827949672,0.3876410052592866,-31.15655272277372,-1.4998068632269919,12.371938389113398,0.03863740219709471,0.05275076397385682
