,Annualized Return,Annualized Vol,Sharpe Ratio,Max Drawdown,Skewness,Kurtosis,Cornish-Fisher VaR (5%),Historic CVaR (5%)
Mean Return,19.281030166055313,13.675135878004744,0.8761602139763199,-26.706469636157987,-1.149749163456932,13.015588785170712,0.029498736477187017,0.04127525470440496
