,Annualized Return,Annualized Vol,Sharpe Ratio,Max Drawdown,Skewness,Kurtosis,Cornish-Fisher VaR (5%),Historic CVaR (5%)
Mean Return,15.097866918496061,16.48059202558188,0.49107971682892604,-24.216545769732566,-0.5726650153320963,6.9543045188953405,0.036338742541403235,0.050939138495157014
