,Annualized Return,Annualized Vol,Sharpe Ratio,Max Drawdown,Skewness,Kurtosis,Cornish-Fisher VaR (5%),Historic CVaR (5%)
Mean Return,12.039814137681581,15.86878893954578,0.33524987625470437,-34.05213155331127,-0.06400981530912779,6.473469110538832,0.032883317080365994,0.04816540147051667
