,Annualized Return,Annualized Vol,Sharpe Ratio,Max Drawdown,Skewness,Kurtosis,Cornish-Fisher VaR (5%),Historic CVaR (5%)
Mean Return,18.015804616028475,13.866194791740169,0.8122631917906957,-25.518930417477275,-1.3646586567236305,11.41183963930779,0.03256211449545775,0.04380766237245738
