,Annualized Return,Annualized Vol,Sharpe Ratio,Max Drawdown,Skewness,Kurtosis,Cornish-Fisher VaR (5%),Historic CVaR (5%)
Mean Return,12.54699930251222,15.326080406646703,0.4026932290502097,-30.836415150595915,-1.859022566655786,17.965747764131056,0.0372015367421672,0.04919258321985566
