,Annualized Return,Annualized Vol,Sharpe Ratio,Max Drawdown,Skewness,Kurtosis,Cornish-Fisher VaR (5%),Historic CVaR (5%)
Mean Return,14.69414222214418,17.544122042341705,0.44064490193206046,-45.33234844227617,-0.8666681220207856,8.668197250770326,0.03988877768108099,0.053393732722930166
