,Annualized Return,Annualized Vol,Sharpe Ratio,Max Drawdown,Skewness,Kurtosis,Cornish-Fisher VaR (5%),Historic CVaR (5%)
Mean Return,13.815320491805782,16.071297536897983,0.42692529930420736,-50.29946657172659,-1.2792847906354339,10.48232659744987,0.037930352135191234,0.05038236472749444
