,Annualized Return,Annualized Vol,Sharpe Ratio,Max Drawdown,Skewness,Kurtosis,Cornish-Fisher VaR (5%),Historic CVaR (5%)
Mean Return,15.360665781683469,16.176532464344593,0.5170318167384291,-30.973679605924925,-1.528633193445158,12.118778178364847,0.0384570226267766,0.05197107034506891
