,Annualized Return,Annualized Vol,Sharpe Ratio,Max Drawdown,Skewness,Kurtosis,Cornish-Fisher VaR (5%),Historic CVaR (5%)
Mean Return,14.302696191487474,13.620189144571826,0.5749058102144864,-26.836316219790685,-1.952865589859984,19.12941177042989,0.03242163678256647,0.04381776177205639
