,Annualized Return,Annualized Vol,Sharpe Ratio,Max Drawdown,Skewness,Kurtosis,Cornish-Fisher VaR (5%),Historic CVaR (5%)
Mean Return,15.637609201460311,13.289763346521111,0.6463282950507262,-23.399175022877543,-1.0725032791543787,9.178088043550492,0.030223168321396397,0.043533165485429605
