,Annualized Return,Annualized Vol,Sharpe Ratio,Max Drawdown,Skewness,Kurtosis,Cornish-Fisher VaR (5%),Historic CVaR (5%)
Mean Return,13.655531660909471,12.752171425248825,0.5407143248084018,-22.800245292510503,-0.9163897364819847,7.56671680400531,0.029369345518319632,0.04173844700490617
