,Annualized Return,Annualized Vol,Sharpe Ratio,Max Drawdown,Skewness,Kurtosis,Cornish-Fisher VaR (5%),Historic CVaR (5%)
Mean Return,19.3909813726175,15.096349382931754,0.8049737290849394,-29.328272279785132,-1.8904643905945533,15.740326252948739,0.0351947308510511,0.04992088631440508
