,Annualized Return,Annualized Vol,Sharpe Ratio,Max Drawdown,Skewness,Kurtosis,Cornish-Fisher VaR (5%),Historic CVaR (5%)
Mean Return,16.012785027173514,17.459755759943686,0.5140122949235114,-38.59845270547766,-0.9128134511033055,7.652099976206351,0.04023278016571039,0.058791359433069304
