,Annualized Return,Annualized Vol,Sharpe Ratio,Max Drawdown,Skewness,Kurtosis,Cornish-Fisher VaR (5%),Historic CVaR (5%)
Mean Return,18.810692051679666,13.969246181705564,0.8331742547845827,-25.11392825821957,-1.1517541689987278,9.384819296055815,0.031983853919547583,0.045964821563916035
