,Annualized Return,Annualized Vol,Sharpe Ratio,Max Drawdown,Skewness,Kurtosis,Cornish-Fisher VaR (5%),Historic CVaR (5%)
Mean Return,17.766949665551234,16.19903868641152,0.6538007669337075,-30.60039700316896,-1.170914144091353,9.57095854003614,0.03740744553444345,0.051464632641490204
