,Annualized Return,Annualized Vol,Sharpe Ratio,Max Drawdown,Skewness,Kurtosis,Cornish-Fisher VaR (5%),Historic CVaR (5%)
Mean Return,19.113889413984666,14.081014586316975,0.8396903782530275,-29.02211008514815,-2.0296062150896543,20.173463649375712,0.03151551696597371,0.04445281691071926
