,Annualized Return,Annualized Vol,Sharpe Ratio,Max Drawdown,Skewness,Kurtosis,Cornish-Fisher VaR (5%),Historic CVaR (5%)
Mean Return,17.79613958999484,14.484483111628979,0.7331126743891836,-27.54716045760441,-1.1582179865046212,11.282267206609529,0.03238328049453741,0.046294650767853184
