,Annualized Return,Annualized Vol,Sharpe Ratio,Max Drawdown,Skewness,Kurtosis,Cornish-Fisher VaR (5%),Historic CVaR (5%)
Mean Return,20.421330545265448,15.713424355116354,0.8328387035945416,-28.267593801529532,-1.0999228672310166,9.688226200479814,0.035347679623418136,0.04819662200744147
