,Annualized Return,Annualized Vol,Sharpe Ratio,Max Drawdown,Skewness,Kurtosis,Cornish-Fisher VaR (5%),Historic CVaR (5%)
Mean Return,18.345970632360896,13.430399268176728,0.8342022896134867,-25.161298871004124,-0.7613357276914094,7.740910818998786,0.029203509216007638,0.04267187767626322
