,Annualized Return,Annualized Vol,Sharpe Ratio,Max Drawdown,Skewness,Kurtosis,Cornish-Fisher VaR (5%),Historic CVaR (5%)
Mean Return,19.871765721143507,15.302725303544376,0.8227082795570854,-28.57407909839806,-1.2051283686327254,9.693786573450947,0.03494671802564691,0.04881147001539838
