,Annualized Return,Annualized Vol,Sharpe Ratio,Max Drawdown,Skewness,Kurtosis,Cornish-Fisher VaR (5%),Historic CVaR (5%)
Mean Return,16.498833817282964,14.121644993593781,0.6634231845761437,-28.92174929222959,-1.6310582282853905,16.35363234956079,0.0318730287030805,0.04451844020401954
