,Annualized Return,Annualized Vol,Sharpe Ratio,Max Drawdown,Skewness,Kurtosis,Cornish-Fisher VaR (5%),Historic CVaR (5%)
Mean Return,17.782370598686327,15.675014645917921,0.6765930871731045,-25.76477024670724,-0.2856940147719055,6.840666784818886,0.03236580162100064,0.045413640188939064
