,Annualized Return,Annualized Vol,Sharpe Ratio,Max Drawdown,Skewness,Kurtosis,Cornish-Fisher VaR (5%),Historic CVaR (5%)
Mean Return,14.453101014877623,14.733369397365886,0.5107268003099216,-28.015283275737268,-1.547283657049745,13.186004298711616,0.034597851024828166,0.04853152332518874
