,Annualized Return,Annualized Vol,Sharpe Ratio,Max Drawdown,Skewness,Kurtosis,Cornish-Fisher VaR (5%),Historic CVaR (5%)
Mean Return,14.658725356106949,16.7063612287431,0.45967924887889966,-24.880486540062336,-0.6668454598089498,7.626814074678151,0.03720065195114779,0.05260724926214348
