,Annualized Return,Annualized Vol,Sharpe Ratio,Max Drawdown,Skewness,Kurtosis,Cornish-Fisher VaR (5%),Historic CVaR (5%)
Mean Return,13.352805570549986,14.191523457894952,0.4527721049133974,-30.172536235132245,-1.553552910673443,13.599974526776817,0.033313037790135946,0.04655857983921762
