,Annualized Return,Annualized Vol,Sharpe Ratio,Max Drawdown,Skewness,Kurtosis,Cornish-Fisher VaR (5%),Historic CVaR (5%)
Mean Return,22.944375073813372,14.2749240749939,1.084293579076809,-26.817048105721362,-1.8844374085278568,16.97186129780268,0.032024982076974205,0.04476465647182521
