,Annualized Return,Annualized Vol,Sharpe Ratio,Max Drawdown,Skewness,Kurtosis,Cornish-Fisher VaR (5%),Historic CVaR (5%)
Mean Return,22.81557535873042,15.508520233943363,0.9906440469779292,-29.106734953272557,-0.5210666096557703,7.6418371290651255,0.03219821620595542,0.04562814001064872
