,Annualized Return,Annualized Vol,Sharpe Ratio,Max Drawdown,Skewness,Kurtosis,Cornish-Fisher VaR (5%),Historic CVaR (5%)
Mean Return,19.013194008679534,18.252829203414137,0.6503933331097319,-22.506368138405513,-0.5004360709028095,6.704491662369284,0.039854559572330465,0.056004809109976086
