,Annualized Return,Annualized Vol,Sharpe Ratio,Max Drawdown,Skewness,Kurtosis,Cornish-Fisher VaR (5%),Historic CVaR (5%)
Mean Return,20.467108238322407,13.897023774841418,0.942484227431085,-25.272879536584725,-1.6073296991688095,18.359604341805056,0.029797354659087075,0.04098983742425512
