,Annualized Return,Annualized Vol,Sharpe Ratio,Max Drawdown,Skewness,Kurtosis,Cornish-Fisher VaR (5%),Historic CVaR (5%)
Mean Return,11.842807654341536,17.18653721267378,0.31590612474145396,-40.725661702651394,-0.43526318695025085,6.625254586861347,0.038883463815310916,0.05465739564614112
