,Annualized Return,Annualized Vol,Sharpe Ratio,Max Drawdown,Skewness,Kurtosis,Cornish-Fisher VaR (5%),Historic CVaR (5%)
Mean Return,11.32700157083837,16.83364358838329,0.27931153097026623,-37.57293659774686,-0.9318596434049897,9.639183343202912,0.03902458127632755,0.05410538407029302
