,Annualized Return,Annualized Vol,Sharpe Ratio,Max Drawdown,Skewness,Kurtosis,Cornish-Fisher VaR (5%),Historic CVaR (5%)
Mean Return,20.563827410140533,13.470754523280561,0.9797674143151955,-22.221486561638226,-0.9027150827460616,13.221312154763488,0.02758875447207009,0.03957111783285358
