,Annualized Return,Annualized Vol,Sharpe Ratio,Max Drawdown,Skewness,Kurtosis,Cornish-Fisher VaR (5%),Historic CVaR (5%)
Mean Return,14.962565176817755,18.88406671331141,0.4304904279373744,-35.688793464587796,-1.537314752509883,11.507068281916535,0.04616729328540227,0.06316620177327593
