,Annualized Return,Annualized Vol,Sharpe Ratio,Max Drawdown,Skewness,Kurtosis,Cornish-Fisher VaR (5%),Historic CVaR (5%)
Mean Return,8.516854298618881,19.311633418780993,0.09662845782392711,-56.65594259234573,-1.2515332834630215,16.750383253579106,0.04337557374507444,0.05917566118304773
