,Annualized Return,Annualized Vol,Sharpe Ratio,Max Drawdown,Skewness,Kurtosis,Cornish-Fisher VaR (5%),Historic CVaR (5%)
Mean Return,15.719820111173476,14.913861093100861,0.5811043887064807,-29.230106363782166,-1.4607048746196847,12.334117095031644,0.03480236374601313,0.04905793245002067
