,Annualized Return,Annualized Vol,Sharpe Ratio,Max Drawdown,Skewness,Kurtosis,Cornish-Fisher VaR (5%),Historic CVaR (5%)
Mean Return,20.40544713747632,13.782580064726908,0.946105663554612,-26.00581326455244,-1.9241420856772449,21.083223912399177,0.02980189385698974,0.04095594903442231
