,Annualized Return,Annualized Vol,Sharpe Ratio,Max Drawdown,Skewness,Kurtosis,Cornish-Fisher VaR (5%),Historic CVaR (5%)
Mean Return,13.088606486215415,13.78938477172658,0.4847974871967645,-26.836316219790685,-1.792408210658374,17.341568095849194,0.03311583140845924,0.04488219105356294
