,Annualized Return,Annualized Vol,Sharpe Ratio,Max Drawdown,Skewness,Kurtosis,Cornish-Fisher VaR (5%),Historic CVaR (5%)
Mean Return,14.444744472443393,15.320397709913841,0.4867064055502067,-25.764770246707247,-0.27868312086138597,5.7268803430205075,0.03258004462126599,0.04489275883282911
