,Annualized Return,Annualized Vol,Sharpe Ratio,Max Drawdown,Skewness,Kurtosis,Cornish-Fisher VaR (5%),Historic CVaR (5%)
Mean Return,17.11330574311274,12.109318291002529,0.8378332393341266,-19.356387594890638,-0.6166971319290326,5.868697005781043,0.026471656002429678,0.038003368682628096
