,Annualized Return,Annualized Vol,Sharpe Ratio,Max Drawdown,Skewness,Kurtosis,Cornish-Fisher VaR (5%),Historic CVaR (5%)
Mean Return,19.21807908458426,13.73426087701691,0.8713459874658208,-26.647225668109076,-1.2151685276002893,10.990749027123673,0.03070397607337963,0.04340068538656934
