,Annualized Return,Annualized Vol,Sharpe Ratio,Max Drawdown,Skewness,Kurtosis,Cornish-Fisher VaR (5%),Historic CVaR (5%)
Mean Return,15.96366653721677,12.893216013337133,0.7022875123248998,-22.570205898589567,-1.0022240125240032,8.565865806911182,0.029344685411744224,0.04175490951892284
