,Annualized Return,Annualized Vol,Sharpe Ratio,Max Drawdown,Skewness,Kurtosis,Cornish-Fisher VaR (5%),Historic CVaR (5%)
Mean Return,17.119394261328004,13.97266310347661,0.7144343347825657,-25.891756393252425,-1.9276339119652521,18.216823705578122,0.03190312870346441,0.043248941941038226
