,Annualized Return,Annualized Vol,Sharpe Ratio,Max Drawdown,Skewness,Kurtosis,Cornish-Fisher VaR (5%),Historic CVaR (5%)
Mean Return,17.327670328946244,18.07808501549169,0.5648271595295091,-40.48986613141398,-0.8386357312212829,9.95705213776232,0.03989848765355134,0.05278722660387568
