,Annualized Return,Annualized Vol,Sharpe Ratio,Max Drawdown,Skewness,Kurtosis,Cornish-Fisher VaR (5%),Historic CVaR (5%)
Mean Return,18.681690161079743,17.152497867643703,0.6711354458513477,-31.46996991879781,-1.008303985783682,7.934480697737317,0.039458037232140274,0.05783380555864048
