,Annualized Return,Annualized Vol,Sharpe Ratio,Max Drawdown,Skewness,Kurtosis,Cornish-Fisher VaR (5%),Historic CVaR (5%)
Mean Return,12.970667337147113,17.040151378139623,0.3559362912136905,-51.22090346306582,-1.42187359060928,11.129568284020284,0.04096539184419384,0.05472444293387571
