,Annualized Return,Annualized Vol,Sharpe Ratio,Max Drawdown,Skewness,Kurtosis,Cornish-Fisher VaR (5%),Historic CVaR (5%)
Mean Return,13.877169087022656,14.016572922322668,0.5299687750795664,-26.935031773979645,-1.607231713144709,15.682218012017277,0.03340604952231184,0.04568937226329557
