,Annualized Return,Annualized Vol,Sharpe Ratio,Max Drawdown,Skewness,Kurtosis,Cornish-Fisher VaR (5%),Historic CVaR (5%)
Mean Return,19.388091669459982,14.496141137321711,0.8391870819636436,-28.12049279343422,-1.3853684863245612,12.047342151008479,0.03291190302385595,0.047039655341609005
