,Annualized Return,Annualized Vol,Sharpe Ratio,Max Drawdown,Skewness,Kurtosis,Cornish-Fisher VaR (5%),Historic CVaR (5%)
Mean Return,13.10658885833995,16.217908487738956,0.3828697929046817,-34.613166142486456,-1.396495900863013,10.6631433781064,0.03893300480996959,0.05326506070490209
