,Annualized Return,Annualized Vol,Sharpe Ratio,Max Drawdown,Skewness,Kurtosis,Cornish-Fisher VaR (5%),Historic CVaR (5%)
Mean Return,15.715904874311736,15.827648567787536,0.5463837807701348,-41.20013145734557,-1.2548410138803223,9.41733938518586,0.03734753762845461,0.049546980294449566
