,Annualized Return,Annualized Vol,Sharpe Ratio,Max Drawdown,Skewness,Kurtosis,Cornish-Fisher VaR (5%),Historic CVaR (5%)
Mean Return,16.876668047724742,17.320715875567977,0.5734376603513839,-31.15655272277374,-1.5367918241003797,11.078479561288733,0.04202506112161984,0.05816490415503488
