,Annualized Return,Annualized Vol,Skewness,Kurtosis,Cornish-Fisher VaR (5%),Historic CVaR (5%),Sharpe Ratio,Max Drawdown
Mean Return,0.20240186755976497,0.15379969606577848,-1.3170799493768408,10.784988308049233,0.035175626206114814,0.04948917391745114,0.8411014322806558,-0.29677051294557244
