,Annualized Return,Annualized Vol,Skewness,Kurtosis,Cornish-Fisher VaR (5%),Historic CVaR (5%),Sharpe Ratio,Max Drawdown
Mean Return,0.14229581819559134,0.17024715164915685,-1.434582500829149,11.134591022911103,0.04075166928813566,0.05787597119033334,0.4289256280143099,-0.3097367960592491
