,Annualized Return,Annualized Vol,Sharpe Ratio,Max Drawdown,Skewness,Kurtosis,Cornish-Fisher VaR (5%),Historic CVaR (5%)
Mean Return,13.3467241251223,14.893804682450861,0.4320860380804786,-29.703459167594698,-1.1719155743729275,10.384877796459495,0.03456461004852089,0.0485392718575567
