,Annualized Return,Annualized Vol,Sharpe Ratio,Max Drawdown,Skewness,Kurtosis,Cornish-Fisher VaR (5%),Historic CVaR (5%)
Mean Return,24.227776198336027,14.099607456067172,1.1832529519563266,-26.799958685356334,-2.1609146161905217,20.682680374708955,0.03105063724609273,0.042898455900010624
