,Annualized Return,Annualized Vol,Skewness,Kurtosis,Cornish-Fisher VaR (5%),Historic CVaR (5%),Sharpe Ratio,Max Drawdown
Mean Return,0.22290065532919412,0.15527885360121368,-2.2210213508218866,22.953829105675574,0.0342022526380195,0.04658235423194186,0.9535389193157459,-0.29243807727250976
