,Annualized Return,Annualized Vol,Sharpe Ratio,Max Drawdown,Skewness,Kurtosis,Cornish-Fisher VaR (5%),Historic CVaR (5%)
Mean Return,15.47467319367668,15.158588963459795,0.5554892050752268,-43.584864640875594,-1.4755825053071787,12.559631977857249,0.03544579535270182,0.048485813930084304
