,Annualized Return,Annualized Vol,Sharpe Ratio,Max Drawdown,Skewness,Kurtosis,Cornish-Fisher VaR (5%),Historic CVaR (5%)
Mean Return,20.24862748393168,16.01814172350911,0.8080782720087215,-30.675881795471867,-1.2338420496455091,9.991080311265828,0.036690733781076,0.05162424361297837
