,Annualized Return,Annualized Vol,Sharpe Ratio,Max Drawdown,Skewness,Kurtosis,Cornish-Fisher VaR (5%),Historic CVaR (5%)
Mean Return,21.22803675053555,14.320081376454219,0.9652480250868846,-24.737642932725993,-0.818155715178037,9.499880730514578,0.030504830675863497,0.04193276497793538
