,Annualized Return,Annualized Vol,Sharpe Ratio,Max Drawdown,Skewness,Kurtosis,Cornish-Fisher VaR (5%),Historic CVaR (5%)
Mean Return,16.90624948229584,13.750248897599176,0.7425849561037857,-25.358638930548867,-1.2832489336242703,10.98476392141543,0.032256841361869876,0.04341168938537203
