,Annualized Return,Annualized Vol,Sharpe Ratio,Max Drawdown,Skewness,Kurtosis,Cornish-Fisher VaR (5%),Historic CVaR (5%)
Mean Return,18.307642507008516,13.850473068152407,0.8014022513227179,-24.392865967085413,-1.2955141664344736,10.696393353846842,0.03160636046050163,0.043887128605598194
