,Annualized Return,Annualized Vol,Sharpe Ratio,Max Drawdown,Skewness,Kurtosis,Cornish-Fisher VaR (5%),Historic CVaR (5%)
Mean Return,15.289194532422457,18.486557639718395,0.44685893464959353,-29.416350850331916,-0.5684211118542736,5.633343094318979,0.041660029072335916,0.05551320706594658
