,Annualized Return,Annualized Vol,Sharpe Ratio,Max Drawdown,Skewness,Kurtosis,Cornish-Fisher VaR (5%),Historic CVaR (5%)
Mean Return,18.451760266885774,23.14847189556053,0.4878842138752717,-39.16348350889166,-0.19133807187012541,4.8085747075444365,0.04948995540949333,0.0708667725246588
