,Annualized Return,Annualized Vol,Sharpe Ratio,Max Drawdown,Skewness,Kurtosis,Cornish-Fisher VaR (5%),Historic CVaR (5%)
Mean Return,13.526964679306852,15.025620145051175,0.44722515968680254,-29.880133498359417,-0.16297197748739511,6.196061384993791,0.0314714078164189,0.04618559215057723
