,Annualized Return,Annualized Vol,Sharpe Ratio,Max Drawdown,Skewness,Kurtosis,Cornish-Fisher VaR (5%),Historic CVaR (5%)
Mean Return,15.778718043960493,13.26659716837354,0.6953208072341726,-25.486410974700895,-1.7612772818691198,16.871241444743138,0.03133222176958413,0.04219591313004044
