,Annualized Return,Annualized Vol,Sharpe Ratio,Max Drawdown,Skewness,Kurtosis,Cornish-Fisher VaR (5%),Historic CVaR (5%)
Mean Return,12.433721124024387,16.907294774307932,0.35534679214865605,-37.61799264898295,-0.14327110812593455,6.051879071231162,0.03646637446198489,0.05084674949970394
