,Annualized Return,Annualized Vol,Sharpe Ratio,Max Drawdown,Skewness,Kurtosis,Cornish-Fisher VaR (5%),Historic CVaR (5%)
Mean Return,14.152971971798722,15.252833591314724,0.48168807008368164,-23.30631407760741,-0.14538688900226596,4.422648956495618,0.032526874722145944,0.044422216744402006
