,Annualized Return,Annualized Vol,Sharpe Ratio,Max Drawdown,Skewness,Kurtosis,Cornish-Fisher VaR (5%),Historic CVaR (5%)
Mean Return,15.235849513481448,17.54718070364238,0.46793039591011454,-36.650239450355215,-1.665532415697166,17.670104375636857,0.039978497957204186,0.05265762238483981
