,Annualized Return,Annualized Vol,Sharpe Ratio,Max Drawdown,Skewness,Kurtosis,Cornish-Fisher VaR (5%),Historic CVaR (5%)
Mean Return,19.63202926117722,15.12114637576141,0.8186460455165059,-29.328272279785132,-1.882344467847591,15.657519800222914,0.03521743269035051,0.04992088631440508
