,Annualized Return,Annualized Vol,Sharpe Ratio,Max Drawdown,Skewness,Kurtosis,Cornish-Fisher VaR (5%),Historic CVaR (5%)
Mean Return,15.409096640382058,16.949886616561404,0.4959877398594667,-44.238527359626545,-0.3275475791012732,7.075532388069044,0.035773677202652246,0.04999503186761555
