,Annualized Return,Annualized Vol,Sharpe Ratio,Max Drawdown,Skewness,Kurtosis,Cornish-Fisher VaR (5%),Historic CVaR (5%)
Mean Return,23.63139212659695,16.64144987531486,0.9685138547046055,-27.88596235066358,-0.7950988964768808,8.23581432806343,0.03606395911093968,0.05000722624789204
