,Annualized Return,Annualized Vol,Sharpe Ratio,Max Drawdown,Skewness,Kurtosis,Cornish-Fisher VaR (5%),Historic CVaR (5%)
Mean Return,15.324981151431283,15.907345724749483,0.5535522677661114,-23.767057091593973,-0.29948466592133993,5.743990583877905,0.03514440414751484,0.04441842091382675
