,Annualized Return,Annualized Vol,Sharpe Ratio,Max Drawdown,Skewness,Kurtosis,Cornish-Fisher VaR (5%),Historic CVaR (5%)
Mean Return,15.294081177327868,13.698035937206907,0.602661186231563,-26.272840404079673,-0.7195666030489138,10.628893335068321,0.02907745034034923,0.04189493846488492
