,Annualized Return,Annualized Vol,Sharpe Ratio,Max Drawdown,Skewness,Kurtosis,Cornish-Fisher VaR (5%),Historic CVaR (5%)
Mean Return,14.918324589398857,15.578345976238333,0.5060596814507432,-40.23493066463067,-2.061935224795167,19.827504357547557,0.036186623025840206,0.05059926700502598
