,Annualized Return,Annualized Vol,Sharpe Ratio,Max Drawdown,Skewness,Kurtosis,Cornish-Fisher VaR (5%),Historic CVaR (5%)
Mean Return,18.444476349522287,15.134244978789429,0.7463881765295152,-25.520262259680642,-0.4523386432524584,7.650425798528608,0.03162761532122299,0.04665121343444114
