,Annualized Return,Annualized Vol,Sharpe Ratio,Max Drawdown,Skewness,Kurtosis,Cornish-Fisher VaR (5%),Historic CVaR (5%)
Mean Return,15.420057089551298,16.893345158661983,0.5264863514191258,-35.245156536579294,-1.5821044332186747,16.803549476772876,0.0397875610318925,0.051159088758088826
