,Annualized Return,Annualized Vol,Sharpe Ratio,Max Drawdown,Skewness,Kurtosis,Cornish-Fisher VaR (5%),Historic CVaR (5%)
Mean Return,13.671689864415203,16.91528592061104,0.40019190712133373,-43.931008224506726,-0.55278864856068,7.345305181369346,0.03728032434196185,0.05136648981257539
