,Annualized Return,Annualized Vol,Sharpe Ratio,Max Drawdown,Skewness,Kurtosis,Cornish-Fisher VaR (5%),Historic CVaR (5%)
Mean Return,21.256702619633995,13.35334380840678,1.037084903934295,-22.221486561638226,-0.9401662717245786,14.059810495399528,0.0270675419898858,0.03915029543132121
