,Annualized Return,Annualized Vol,Sharpe Ratio,Max Drawdown,Skewness,Kurtosis,Cornish-Fisher VaR (5%),Historic CVaR (5%)
Mean Return,17.48806611484044,14.884039946053655,0.6982272398105525,-28.217143261966793,-1.0965390157945012,10.508873518341977,0.033399684022638376,0.04927518920979821
