,Annualized Return,Annualized Vol,Skewness,Kurtosis,Cornish-Fisher VaR (5%),Historic CVaR (5%),Sharpe Ratio,Max Drawdown
Mean Return,0.2010416138484057,0.144991947492256,-1.8060478263994146,15.975403708090626,0.03310550563496003,0.046579414086225956,0.8833071982275401,-0.284152600506738
