,Annualized Return,Annualized Vol,Sharpe Ratio,Max Drawdown,Skewness,Kurtosis,Cornish-Fisher VaR (5%),Historic CVaR (5%)
Mean Return,13.989447561911783,16.206361544265164,0.4373780624075951,-30.618450263988368,-1.4121988138328179,11.349946747381448,0.038512347965609574,0.05364443337552836
