,Annualized Return,Annualized Vol,Sharpe Ratio,Max Drawdown,Skewness,Kurtosis,Cornish-Fisher VaR (5%),Historic CVaR (5%)
Mean Return,13.306789645599505,17.515416127563853,0.36613970337292806,-29.19071799728956,-1.3317772824143903,13.229827457350087,0.04056091699105336,0.05627986249292127
