,Annualized Return,Annualized Vol,Sharpe Ratio,Max Drawdown,Skewness,Kurtosis,Cornish-Fisher VaR (5%),Historic CVaR (5%)
Mean Return,20.23444074530012,15.075200650914963,0.8587249085494668,-29.28419994391763,-1.904995558275561,15.647045029393368,0.03510834697188439,0.04898437069622047
