,Annualized Return,Annualized Vol,Sharpe Ratio,Max Drawdown,Skewness,Kurtosis,Cornish-Fisher VaR (5%),Historic CVaR (5%)
Mean Return,16.666661664721815,15.910991598506666,0.6018196108058158,-28.02239153651226,-1.3419285368621732,10.632774728359019,0.037284085858063414,0.052240413918220034
