,Annualized Return,Annualized Vol,Sharpe Ratio,Max Drawdown,Skewness,Kurtosis,Cornish-Fisher VaR (5%),Historic CVaR (5%)
Mean Return,17.83494491698432,13.475087183344437,0.7883006735633598,-27.433455264776452,-1.260836861827043,13.24023980753237,0.029665409827647295,0.04108915370609471
