,Annualized Return,Annualized Vol,Sharpe Ratio,Max Drawdown,Skewness,Kurtosis,Cornish-Fisher VaR (5%),Historic CVaR (5%)
Mean Return,15.014305690290719,14.369906755396563,0.5545055919445347,-30.45843615495409,-1.7510368238939955,14.554784112526328,0.033972275592764056,0.04730385409029118
