,Annualized Return,Annualized Vol,Sharpe Ratio,Max Drawdown,Skewness,Kurtosis,Cornish-Fisher VaR (5%),Historic CVaR (5%)
Mean Return,14.979075699109256,19.04632371045906,0.4184094159232836,-36.557015646206764,-0.6983889513551198,7.3126624897613635,0.04304118427853362,0.06237427816979028
