,Annualized Return,Annualized Vol,Sharpe Ratio,Max Drawdown,Skewness,Kurtosis,Cornish-Fisher VaR (5%),Historic CVaR (5%)
Mean Return,11.3592191348733,18.32122794896754,0.2553847459127866,-36.098740096269275,0.43468199379995553,6.53924895105895,0.03463170412931256,0.05324352729360626
