,Annualized Return,Annualized Vol,Sharpe Ratio,Max Drawdown,Skewness,Kurtosis,Cornish-Fisher VaR (5%),Historic CVaR (5%)
Mean Return,20.900103732383112,13.317380877801769,1.0202822911975804,-24.099498966716563,-0.9629147300289574,10.306764108086632,0.028504327310766856,0.041097761227550954
