,Annualized Return,Annualized Vol,Sharpe Ratio,Max Drawdown,Skewness,Kurtosis,Cornish-Fisher VaR (5%),Historic CVaR (5%)
Mean Return,13.796153462530981,13.402239365649288,0.5575554264335737,-27.965667467665906,-0.8381412482245169,8.80128153268821,0.031305617964565054,0.045983149552028646
