,Annualized Return,Annualized Vol,Sharpe Ratio,Max Drawdown,Skewness,Kurtosis,Cornish-Fisher VaR (5%),Historic CVaR (5%)
Mean Return,17.200528138891237,16.452212457739098,0.6152125799268666,-31.174042072797675,-0.9388232041449859,11.540527395304899,0.035912607988872906,0.05238772483704814
