,Annualized Return,Annualized Vol,Sharpe Ratio,Max Drawdown,Skewness,Kurtosis,Cornish-Fisher VaR (5%),Historic CVaR (5%)
Mean Return,22.825038948997232,16.392068049836762,0.9362252283852154,-26.032108077357886,-0.8140511813895618,8.873361115363597,0.03539921810982775,0.049748738396385155
