,Annualized Return,Annualized Vol,Sharpe Ratio,Max Drawdown,Skewness,Kurtosis,Cornish-Fisher VaR (5%),Historic CVaR (5%)
Mean Return,18.324746830739702,16.25470317305127,0.6838236889348331,-28.06395694922405,-1.4921582880864885,12.785135542269881,0.037699214909678376,0.05206490324433075
