,Annualized Return,Annualized Vol,Sharpe Ratio,Max Drawdown,Skewness,Kurtosis,Cornish-Fisher VaR (5%),Historic CVaR (5%)
Mean Return,15.542059458843195,16.431388920994124,0.5477553608662762,-32.84162953603392,-0.9951158903203724,11.610416984493302,0.03781774346057532,0.04796682120089189
