,Annualized Return,Annualized Vol,Skewness,Kurtosis,Cornish-Fisher VaR (5%),Historic CVaR (5%),Sharpe Ratio,Max Drawdown
Mean Return,0.1545771657880486,0.14272182400002828,-1.6062223354141851,13.231478314750573,0.03354344668363827,0.04619058337776013,0.5873271961154265,-0.28909977351191934
