,Annualized Return,Annualized Vol,Sharpe Ratio,Max Drawdown,Skewness,Kurtosis,Cornish-Fisher VaR (5%),Historic CVaR (5%)
Mean Return,13.904240568966287,15.473909881840935,0.44869931057081613,-46.000037158629716,-1.5009992353921608,12.063899572317132,0.036835436952699564,0.051026624671390505
