,Annualized Return,Annualized Vol,Sharpe Ratio,Max Drawdown,Skewness,Kurtosis,Cornish-Fisher VaR (5%),Historic CVaR (5%)
Mean Return,6.164782500816446,17.38769496692936,0.014517393067060921,-43.510788291491835,-0.5042832919433519,5.839538944745637,0.042151953412216475,0.058889410776396284
