,Annualized Return,Annualized Vol,Sharpe Ratio,Max Drawdown,Skewness,Kurtosis,Cornish-Fisher VaR (5%),Historic CVaR (5%)
Mean Return,12.573426018181344,14.524574574281472,0.4266568866130028,-23.41388218264599,-0.9138127870423357,8.57897044441446,0.03452562731278112,0.046133781615601846
