,Annualized Return,Annualized Vol,Sharpe Ratio,Max Drawdown,Skewness,Kurtosis,Cornish-Fisher VaR (5%),Historic CVaR (5%)
Mean Return,15.986611392579508,12.048544057213606,0.7531280097502536,-20.2060801139774,-0.5876290445783637,5.701811411529624,0.02644986759069726,0.037692708890346725
