,Annualized Return,Annualized Vol,Sharpe Ratio,Max Drawdown,Skewness,Kurtosis,Cornish-Fisher VaR (5%),Historic CVaR (5%)
Mean Return,20.599185056522074,14.143140791585008,0.9371523363794874,-25.272879536584735,-1.7225050065798437,19.274664629756202,0.030480453767187325,0.04262197982924683
