,Annualized Return,Annualized Vol,Sharpe Ratio,Max Drawdown,Skewness,Kurtosis,Cornish-Fisher VaR (5%),Historic CVaR (5%)
Mean Return,14.649813115938981,15.47837599847346,0.4939124900609102,-46.08903500476884,-1.4234827218177646,11.28988079773188,0.03667774069088526,0.049222654642886755
