,Annualized Return,Annualized Vol,Sharpe Ratio,Max Drawdown,Skewness,Kurtosis,Cornish-Fisher VaR (5%),Historic CVaR (5%)
Mean Return,12.566103854498877,17.793800217887508,0.32038685925668675,-42.463830747915786,-0.5910740564169258,6.949566656961864,0.039962560020876996,0.056419324683063155
