,Annualized Return,Annualized Vol,Sharpe Ratio,Max Drawdown,Skewness,Kurtosis,Cornish-Fisher VaR (5%),Historic CVaR (5%)
Mean Return,21.815643328740265,17.368085806745086,0.8332503260663466,-21.81425080752773,-0.08720112023559638,5.330915554766666,0.0352703913769379,0.04725754278020117
