,Annualized Return,Annualized Vol,Sharpe Ratio,Max Drawdown,Skewness,Kurtosis,Cornish-Fisher VaR (5%),Historic CVaR (5%)
Mean Return,20.29796890894222,14.09580751894905,0.922645234926344,-26.856303764820456,-1.4334720698644807,13.454475551103439,0.03142502689681365,0.04479840783388735
