,Annualized Return,Annualized Vol,Sharpe Ratio,Max Drawdown,Skewness,Kurtosis,Cornish-Fisher VaR (5%),Historic CVaR (5%)
Mean Return,17.709605410107887,14.549211508944698,0.7290486412223304,-28.626099386586112,-1.266881374352395,11.531825070357435,0.03329628661470629,0.04902840956391667
