,Annualized Return,Annualized Vol,Sharpe Ratio,Max Drawdown,Skewness,Kurtosis,Cornish-Fisher VaR (5%),Historic CVaR (5%)
Mean Return,13.461315666662488,15.074454382737038,0.4340521404200658,-29.54305578670687,-1.2559168991475471,10.710095378832127,0.03527216562707679,0.049431906714439006
