,Annualized Return,Annualized Vol,Sharpe Ratio,Max Drawdown,Skewness,Kurtosis,Cornish-Fisher VaR (5%),Historic CVaR (5%)
Mean Return,21.47964228248316,16.629705788367378,0.8467731241626473,-31.15595511883965,-1.1855959094960222,9.691503237966954,0.03790482084118524,0.05332025602868516
