,Annualized Return,Annualized Vol,Sharpe Ratio,Max Drawdown,Skewness,Kurtosis,Cornish-Fisher VaR (5%),Historic CVaR (5%)
Mean Return,18.49438501811653,13.742363198205531,0.8213139610079532,-26.580378312379565,-1.1459641521469621,10.768680281291536,0.030610990319294283,0.043618793633123064
