,Annualized Return,Annualized Vol,Skewness,Kurtosis,Cornish-Fisher VaR (5%),Historic CVaR (5%),Sharpe Ratio,Max Drawdown
Mean Return,0.15416178526628554,0.14120205524912488,-1.505679859882391,12.76956780672694,0.033779835494251724,0.04494936630846093,0.6230964490163499,-0.2816492986701772
