,Annualized Return,Annualized Vol,Sharpe Ratio,Max Drawdown,Skewness,Kurtosis,Cornish-Fisher VaR (5%),Historic CVaR (5%)
Mean Return,16.686825614061895,15.512723741138885,0.617268867674366,-29.328272279785132,-1.9807851244953365,15.84600023845523,0.037069379989445254,0.052458827917256666
