,Annualized Return,Annualized Vol,Sharpe Ratio,Max Drawdown,Skewness,Kurtosis,Cornish-Fisher VaR (5%),Historic CVaR (5%)
Mean Return,17.153590402859642,14.108714387407781,0.7133875505861799,-25.69442151455663,-1.4592309561701176,12.685279190178415,0.03238164176005222,0.04578300300633458
