,Annualized Return,Annualized Vol,Sharpe Ratio,Max Drawdown,Skewness,Kurtosis,Cornish-Fisher VaR (5%),Historic CVaR (5%)
Mean Return,19.975305704044377,15.253322262892702,0.8327160931998319,-29.917308387744324,-1.9658853078100635,16.39078037233831,0.03555919924594822,0.050074745203367126
