,Annualized Return,Annualized Vol,Sharpe Ratio,Max Drawdown,Skewness,Kurtosis,Cornish-Fisher VaR (5%),Historic CVaR (5%)
Mean Return,20.132693457570028,15.426731535257238,0.8319987315269624,-29.45287377849384,-1.2772970825845658,10.088711139332608,0.03541016469364445,0.04939535546364603
