,Annualized Return,Annualized Vol,Sharpe Ratio,Max Drawdown,Skewness,Kurtosis,Cornish-Fisher VaR (5%),Historic CVaR (5%)
Mean Return,23.010527279510583,14.2749240749939,1.0873258804166293,-26.817048105721362,-1.8844374085278568,16.97186129780268,0.032024982076974205,0.04476465647182521
