,Annualized Return,Annualized Vol,Sharpe Ratio,Max Drawdown,Skewness,Kurtosis,Cornish-Fisher VaR (5%),Historic CVaR (5%)
Mean Return,15.160439407986459,17.893480955197504,0.4549089177365338,-29.19071799728956,-1.348159058165609,13.296360855594465,0.04123105472902456,0.056744072539984126
