,Annualized Return,Annualized Vol,Sharpe Ratio,Max Drawdown,Skewness,Kurtosis,Cornish-Fisher VaR (5%),Historic CVaR (5%)
Mean Return,11.19752972755441,15.495548318519015,0.31612796723027187,-30.836415150595915,-1.7070219558068187,16.387253124912714,0.037864840551442944,0.050381807617831655
