,Annualized Return,Annualized Vol,Sharpe Ratio,Max Drawdown,Skewness,Kurtosis,Cornish-Fisher VaR (5%),Historic CVaR (5%)
Mean Return,15.508849198899943,14.651753329501616,0.5779662400137098,-28.597281608747586,-1.3167634185299821,12.0731760242514,0.033609212649341816,0.047138058484478516
