,Annualized Return,Annualized Vol,Sharpe Ratio,Max Drawdown,Skewness,Kurtosis,Cornish-Fisher VaR (5%),Historic CVaR (5%)
Mean Return,15.570103577748862,14.799207288091413,0.576096531489978,-29.5287321626632,-1.4821969355378888,12.586323976116407,0.03453405278706665,0.0478163896181893
