,Annualized Return,Annualized Vol,Sharpe Ratio,Max Drawdown,Skewness,Kurtosis,Cornish-Fisher VaR (5%),Historic CVaR (5%)
Mean Return,17.394498966181928,14.671162251728182,0.6980399167232828,-24.85269235725007,-1.9468231956266095,19.20688824838399,0.03326776080955333,0.046067466360320046
