,Annualized Return,Annualized Vol,Sharpe Ratio,Max Drawdown,Skewness,Kurtosis,Cornish-Fisher VaR (5%),Historic CVaR (5%)
Mean Return,17.63946652664845,14.501115710437842,0.7221137784908122,-27.025790536131595,-1.042735111284056,10.050374056605794,0.032385774426261615,0.04551044872578921
