,Annualized Return,Annualized Vol,Sharpe Ratio,Max Drawdown,Skewness,Kurtosis,Cornish-Fisher VaR (5%),Historic CVaR (5%)
Mean Return,21.691064784273827,17.48518047957598,0.8236920596648084,-23.355271360544748,-0.44864583204416203,6.331128199952144,0.0374572456914196,0.05161863285990912
