,Annualized Return,Annualized Vol,Sharpe Ratio,Max Drawdown,Skewness,Kurtosis,Cornish-Fisher VaR (5%),Historic CVaR (5%)
Mean Return,14.567719152994663,16.980175363936105,0.4476751860284993,-31.302726489354495,-0.8661068205843298,7.860534999676412,0.03892369698420024,0.05394986334898602
