,Annualized Return,Annualized Vol,Sharpe Ratio,Max Drawdown,Skewness,Kurtosis,Cornish-Fisher VaR (5%),Historic CVaR (5%)
Mean Return,23.166021070558386,13.326901654415066,1.1766098335843476,-23.296136359803217,-1.1552347184367935,11.698710892621982,0.0285370419373149,0.04000636737423718
