,Annualized Return,Annualized Vol,Sharpe Ratio,Max Drawdown,Skewness,Kurtosis,Cornish-Fisher VaR (5%),Historic CVaR (5%)
Mean Return,23.543341340660852,17.922680885328095,0.8919577231509538,-31.349147220950208,-1.2268169703884209,15.610984429860732,0.03810089435581414,0.05066862723669508
