,Annualized Return,Annualized Vol,Sharpe Ratio,Max Drawdown,Skewness,Kurtosis,Cornish-Fisher VaR (5%),Historic CVaR (5%)
Mean Return,14.20967245772642,16.132770774170062,0.4491731624339415,-30.875640693615637,-1.8569485638866448,19.031727175942596,0.037049544494152875,0.048234316556046354
