,Annualized Return,Annualized Vol,Sharpe Ratio,Max Drawdown,Skewness,Kurtosis,Cornish-Fisher VaR (5%),Historic CVaR (5%)
Mean Return,16.740396527665347,14.094026481417647,0.6908234424586432,-26.55755543859476,-1.3443249106515145,11.051130802234137,0.032858537721511816,0.04712996982634446
