,Annualized Return,Annualized Vol,Sharpe Ratio,Max Drawdown,Skewness,Kurtosis,Cornish-Fisher VaR (5%),Historic CVaR (5%)
Mean Return,18.72091327306098,15.767115120207409,0.730747255699591,-30.60039700316896,-1.1278808723795228,9.47205920772317,0.035985218852614145,0.04981874576899083
