,Annualized Return,Annualized Vol,Sharpe Ratio,Max Drawdown,Skewness,Kurtosis,Cornish-Fisher VaR (5%),Historic CVaR (5%)
Mean Return,18.177934644998217,13.698884018488988,0.798953321930993,-26.549931769074142,-1.1068998536749273,12.055009072691085,0.029905266780459887,0.0412792518787736
