,Annualized Return,Annualized Vol,Sharpe Ratio,Max Drawdown,Skewness,Kurtosis,Cornish-Fisher VaR (5%),Historic CVaR (5%)
Mean Return,16.714737944010306,15.598725598198223,0.6155463728937877,-29.917308387744324,-2.07988533178891,16.785836323986913,0.03732052772816432,0.05251099569986145
