,Annualized Return,Annualized Vol,Sharpe Ratio,Max Drawdown,Skewness,Kurtosis,Cornish-Fisher VaR (5%),Historic CVaR (5%)
Mean Return,15.75465479564302,13.857296117981232,0.6260533163326882,-26.272840404079673,-0.7319696965006924,10.766355767556645,0.029379827429573367,0.042424673778158825
