,Annualized Return,Annualized Vol,Sharpe Ratio,Max Drawdown,Skewness,Kurtosis,Cornish-Fisher VaR (5%),Historic CVaR (5%)
Mean Return,14.235121837961696,13.15095948884101,0.5997745680325128,-26.623178766010298,-0.9444660064480593,9.101583786946689,0.030983885170820374,0.04475083636211303
