,Annualized Return,Annualized Vol,Sharpe Ratio,Max Drawdown,Skewness,Kurtosis,Cornish-Fisher VaR (5%),Historic CVaR (5%)
Mean Return,18.688336564018115,15.795061019172293,0.7275182481344408,-28.68709111488527,-1.414815869981365,12.288696102431098,0.03629947693954836,0.05191723220007625
