,Annualized Return,Annualized Vol,Sharpe Ratio,Max Drawdown,Skewness,Kurtosis,Cornish-Fisher VaR (5%),Historic CVaR (5%)
Mean Return,14.123242469512975,14.085892232234052,0.5384040866667417,-28.08133195578827,-1.4480676994495618,12.969258307022862,0.03357896374497649,0.04464541296374845
