,Annualized Return,Annualized Vol,Skewness,Kurtosis,Cornish-Fisher VaR (5%),Historic CVaR (5%),Sharpe Ratio,Max Drawdown
Mean Return,0.14014149141938237,0.15568533579343258,-1.5900776277685755,12.437832641698938,0.0372999623811228,0.0517247917706654,0.4560509094385908,-0.2863134963410681
