,Annualized Return,Annualized Vol,Sharpe Ratio,Max Drawdown,Skewness,Kurtosis,Cornish-Fisher VaR (5%),Historic CVaR (5%)
Mean Return,17.36899655473747,14.487411332780303,0.7052432939941317,-25.39679047451634,-1.3368532350240558,10.992826865521042,0.03342692923847379,0.044504397357426305
