,Annualized Return,Annualized Vol,Sharpe Ratio,Max Drawdown,Skewness,Kurtosis,Cornish-Fisher VaR (5%),Historic CVaR (5%)
Mean Return,13.864571161599404,16.27509469613496,0.42531084800953123,-38.48375186332619,-1.1063440943985685,10.90155093206729,0.03729325183149386,0.05170762059568755
