,Annualized Return,Annualized Vol,Sharpe Ratio,Max Drawdown,Skewness,Kurtosis,Cornish-Fisher VaR (5%),Historic CVaR (5%)
Mean Return,13.100967517413142,23.169599429421346,0.26768146582972313,-48.88952199343866,-1.5327464897013094,15.547020473727708,0.05432795434204943,0.07504044168859454
