,Annualized Return,Annualized Vol,Sharpe Ratio,Max Drawdown,Skewness,Kurtosis,Cornish-Fisher VaR (5%),Historic CVaR (5%)
Mean Return,20.850455384945633,17.62440126874812,0.7668264921730985,-25.78142606299879,-0.267071295028387,5.195203491956032,0.03694518476601306,0.05190713205008593
