,Annualized Return,Annualized Vol,Sharpe Ratio,Max Drawdown,Skewness,Kurtosis,Cornish-Fisher VaR (5%),Historic CVaR (5%)
Mean Return,21.13318191294291,14.552345134464218,0.9487446175138159,-29.28444101637692,-1.6304521777397565,13.8358894457037,0.03316629313327111,0.04690550040596952
