,Annualized Return,Annualized Vol,Sharpe Ratio,Max Drawdown,Skewness,Kurtosis,Cornish-Fisher VaR (5%),Historic CVaR (5%)
Mean Return,20.163421449441522,15.166596288494294,0.8457726957449967,-31.704231136316746,-2.124470376411652,20.900267643074226,0.034113172319496295,0.046129744200847395
