,Annualized Return,Annualized Vol,Sharpe Ratio,Max Drawdown,Skewness,Kurtosis,Cornish-Fisher VaR (5%),Historic CVaR (5%)
Mean Return,16.071540038230193,17.655104603321323,0.5095715475471265,-35.245156536579294,-1.5678528043203943,16.681659216629946,0.040056328909512835,0.051159088758088826
