,Annualized Return,Annualized Vol,Sharpe Ratio,Max Drawdown,Skewness,Kurtosis,Cornish-Fisher VaR (5%),Historic CVaR (5%)
Mean Return,21.850439827971478,18.088788205093454,0.7977190381758024,-34.17774172855682,-1.82949003541065,21.253722003350322,0.039300264857448905,0.051343608118511255
