,Annualized Return,Annualized Vol,Sharpe Ratio,Max Drawdown,Skewness,Kurtosis,Cornish-Fisher VaR (5%),Historic CVaR (5%)
Mean Return,16.329163801814328,14.314617341525446,0.6531376424680138,-26.36275254676591,-1.2572389849122485,11.021153594028961,0.03308810203287804,0.047751439602169835
