,Annualized Return,Annualized Vol,Sharpe Ratio,Max Drawdown,Skewness,Kurtosis,Cornish-Fisher VaR (5%),Historic CVaR (5%)
Mean Return,15.28019610037148,15.532005488086368,0.5334770066851863,-27.79075466222041,-0.7483003294175403,7.440429708843947,0.034837569586906446,0.04885674884854974
