,Annualized Return,Annualized Vol,Sharpe Ratio,Max Drawdown,Skewness,Kurtosis,Cornish-Fisher VaR (5%),Historic CVaR (5%)
Mean Return,17.861951641518182,15.552459394815838,0.6856535361755016,-25.702856837068527,-0.21393946572871028,7.00043360902124,0.03159472760106692,0.044485632524053006
