,Annualized Return,Annualized Vol,Sharpe Ratio,Max Drawdown,Skewness,Kurtosis,Cornish-Fisher VaR (5%),Historic CVaR (5%)
Mean Return,18.55029926341938,15.498660867079339,0.7308739004046244,-25.577755152311088,-1.8801822040971128,18.354477009735234,0.03518748678424496,0.0474355278095772
