,Annualized Return,Annualized Vol,Sharpe Ratio,Max Drawdown,Skewness,Kurtosis,Cornish-Fisher VaR (5%),Historic CVaR (5%)
Mean Return,18.2534527682231,14.257690994710714,0.7757320577701226,-25.60632049927305,-1.0185017910294385,9.771186267315144,0.03169833295230292,0.04497833927131524
