,Annualized Return,Annualized Vol,Skewness,Kurtosis,Cornish-Fisher VaR (5%),Historic CVaR (5%),Sharpe Ratio,Max Drawdown
Mean Return,0.15806988732413996,0.14084977483850675,-1.342856460466947,11.011471764697621,0.033577807808423996,0.044504397357426305,0.6508432220275414,-0.2539679047451634
