,Annualized Return,Annualized Vol,Skewness,Kurtosis,Cornish-Fisher VaR (5%),Historic CVaR (5%),Sharpe Ratio,Max Drawdown
Mean Return,0.25255418293466514,0.15932829407440263,-1.1318504042412492,11.570013515498564,0.03444937467355742,0.04742877181420755,1.1078519308296422,-0.22745972312789614
