,Annualized Return,Annualized Vol,Sharpe Ratio,Max Drawdown,Skewness,Kurtosis,Cornish-Fisher VaR (5%),Historic CVaR (5%)
Mean Return,16.79313922053951,14.470637787584442,0.6686454627871548,-25.694421514556637,-1.4675022957292867,12.819232847661524,0.03334513611351565,0.0467851931125204
