,Annualized Return,Annualized Vol,Sharpe Ratio,Max Drawdown,Skewness,Kurtosis,Cornish-Fisher VaR (5%),Historic CVaR (5%)
Mean Return,21.88406809494994,13.482631941364714,1.0764242371821555,-24.53853332316388,-0.8325888698090922,11.261282072696343,0.027774466288992435,0.04112007191281698
