,Annualized Return,Annualized Vol,Sharpe Ratio,Max Drawdown,Skewness,Kurtosis,Cornish-Fisher VaR (5%),Historic CVaR (5%)
Mean Return,17.884019046162393,14.35008553818869,0.7457383622940715,-27.113197203323143,-1.196220991787393,10.83660257583872,0.03240101666073404,0.0461572801809776
