,Annualized Return,Annualized Vol,Sharpe Ratio,Max Drawdown,Skewness,Kurtosis,Cornish-Fisher VaR (5%),Historic CVaR (5%)
Mean Return,20.111079529056617,14.487330860128775,0.8806733616886077,-26.826177990920964,-1.8367891989395506,20.525844410457115,0.03139292065851482,0.044129523817631425
