,Annualized Return,Annualized Vol,Sharpe Ratio,Max Drawdown,Skewness,Kurtosis,Cornish-Fisher VaR (5%),Historic CVaR (5%)
Mean Return,15.304416361294159,13.82149649502334,0.630791591331728,-26.11879843186977,-1.3033048793578623,11.085920940768895,0.03276947851014857,0.044591841636011806
