,Annualized Return,Annualized Vol,Sharpe Ratio,Max Drawdown,Skewness,Kurtosis,Cornish-Fisher VaR (5%),Historic CVaR (5%)
Mean Return,17.58716928236195,14.291535217867521,0.729262734901847,-29.568270604834034,-1.9783901840953368,19.748922053499882,0.032222888760192074,0.044677397143790126
