,Annualized Return,Annualized Vol,Sharpe Ratio,Max Drawdown,Skewness,Kurtosis,Cornish-Fisher VaR (5%),Historic CVaR (5%)
Mean Return,14.610316301185833,14.086770868952597,0.5386153656718256,-28.695125700468427,-1.4453154906920513,13.717643578023134,0.03231355179124707,0.04558758983070816
