,Annualized Return,Annualized Vol,Sharpe Ratio,Max Drawdown,Skewness,Kurtosis,Cornish-Fisher VaR (5%),Historic CVaR (5%)
Mean Return,19.72894253962285,14.825959508926005,0.8387912721410045,-30.45375928818732,-2.108781816160638,21.71677581368682,0.03292786171078757,0.046134958019957074
