,Annualized Return,Annualized Vol,Sharpe Ratio,Max Drawdown,Skewness,Kurtosis,Cornish-Fisher VaR (5%),Historic CVaR (5%)
Mean Return,13.80880744538604,15.692775807679613,0.445150202161311,-29.757802782621773,-1.4398686825115794,12.029181211115874,0.03745428445965848,0.051742707362967766
