,Annualized Return,Annualized Vol,Skewness,Kurtosis,Cornish-Fisher VaR (5%),Historic CVaR (5%),Sharpe Ratio,Max Drawdown
Mean Return,0.17726227006202677,0.1828800623103615,-0.6964988808498146,6.660453087356574,0.04108500316948158,0.05652440279933551,0.5791014377768005,-0.2695021448548695
