,Annualized Return,Annualized Vol,Sharpe Ratio,Max Drawdown,Skewness,Kurtosis,Cornish-Fisher VaR (5%),Historic CVaR (5%)
Mean Return,11.01191177078491,17.906971682484173,0.24307688595815344,-35.68879346458782,-1.441619939226939,12.531740933318881,0.04329953048977642,0.057262711973544544
