,Annualized Return,Annualized Vol,Sharpe Ratio,Max Drawdown,Skewness,Kurtosis,Cornish-Fisher VaR (5%),Historic CVaR (5%)
Mean Return,13.704315501137177,15.696493999617763,0.4313974242197167,-32.858083524923096,-1.2217470705198894,12.446622104930965,0.03583865522553475,0.04854456797427242
