,Annualized Return,Annualized Vol,Sharpe Ratio,Max Drawdown,Skewness,Kurtosis,Cornish-Fisher VaR (5%),Historic CVaR (5%)
Mean Return,14.191561182949176,14.628800814939973,0.52747278730422,-28.13495890690888,-1.873347485622558,17.248764337774144,0.03547448356148644,0.04811198698060565
