,Annualized Return,Annualized Vol,Sharpe Ratio,Max Drawdown,Skewness,Kurtosis,Cornish-Fisher VaR (5%),Historic CVaR (5%)
Mean Return,15.480416245382811,14.576605475869178,0.5806364584347015,-23.210731214857887,-1.2368629133251525,12.421027266560392,0.03291492738115188,0.04603893638542354
