,Annualized Return,Annualized Vol,Sharpe Ratio,Max Drawdown,Skewness,Kurtosis,Cornish-Fisher VaR (5%),Historic CVaR (5%)
Mean Return,14.408457804013342,16.352802492416647,0.45455812528605477,-36.92769521041425,-1.1452511554374776,11.000977225505316,0.03755774677769914,0.05222364382088376
