,Annualized Return,Annualized Vol,Sharpe Ratio,Max Drawdown,Skewness,Kurtosis,Cornish-Fisher VaR (5%),Historic CVaR (5%)
Mean Return,13.320738311903458,14.363823102516937,0.44523987065451387,-30.698764912466558,-1.582521328831324,13.723340623227175,0.03382994529754463,0.04682576481845948
