,Annualized Return,Annualized Vol,Sharpe Ratio,Max Drawdown,Skewness,Kurtosis,Cornish-Fisher VaR (5%),Historic CVaR (5%)
Mean Return,14.198991243717085,15.549235579172437,0.4918816735791531,-29.741644793473647,-1.525687678066372,11.16197990989392,0.038520667687149235,0.052618740229317396
