,Annualized Return,Annualized Vol,Sharpe Ratio,Max Drawdown,Skewness,Kurtosis,Cornish-Fisher VaR (5%),Historic CVaR (5%)
Mean Return,10.50084998369385,14.792758114232265,0.25832552190169333,-28.47782425919266,-0.4424533908803998,4.931271911298512,0.033595391494532556,0.04623345897840241
