,Annualized Return,Annualized Vol,Sharpe Ratio,Max Drawdown,Skewness,Kurtosis,Cornish-Fisher VaR (5%),Historic CVaR (5%)
Mean Return,19.177430066631462,15.348518581509774,0.7743549352671167,-28.36378240890583,-1.086193240802003,14.514351923249238,0.032529591353590966,0.04376642574146285
