,Annualized Return,Annualized Vol,Sharpe Ratio,Max Drawdown,Skewness,Kurtosis,Cornish-Fisher VaR (5%),Historic CVaR (5%)
Mean Return,12.149001935467997,13.623643760740539,0.3975880462835755,-23.656282277659795,-0.4887211944053442,4.576360987490042,0.03088314434894,0.04422556764856334
