,Annualized Return,Annualized Vol,Sharpe Ratio,Max Drawdown,Skewness,Kurtosis,Cornish-Fisher VaR (5%),Historic CVaR (5%)
Mean Return,11.501700694916185,15.188864767300892,0.3115835483877397,-22.859540311823242,-0.4625142890771786,6.80075963092605,0.03334305296425419,0.048143774063393534
