,Annualized Return,Annualized Vol,Sharpe Ratio,Max Drawdown,Skewness,Kurtosis,Cornish-Fisher VaR (5%),Historic CVaR (5%)
Mean Return,15.484669484852764,15.676114442945998,0.5398687546357235,-28.46318271576474,-1.1114548885465723,11.37740134168244,0.03537661612335281,0.050987089790505924
