,Annualized Return,Annualized Vol,Sharpe Ratio,Max Drawdown,Skewness,Kurtosis,Cornish-Fisher VaR (5%),Historic CVaR (5%)
Mean Return,13.697415150118285,13.983902543103316,0.48545655898138074,-25.31860803193528,-1.4148119573930602,15.382817270130362,0.03142003609514344,0.04412872605014925
