,Annualized Return,Annualized Vol,Sharpe Ratio,Max Drawdown,Skewness,Kurtosis,Cornish-Fisher VaR (5%),Historic CVaR (5%)
Mean Return,5.653920152226677,16.335480514646154,-0.04220206917774859,-32.91397057124924,-0.9303806467200059,9.683924524329509,0.03883110940092143,0.05375892367897064
