,Annualized Return,Annualized Vol,Sharpe Ratio,Max Drawdown,Skewness,Kurtosis,Cornish-Fisher VaR (5%),Historic CVaR (5%)
Mean Return,8.750001380899452,14.984774536436419,0.17308782145035292,-29.064496558851054,-1.418029755807378,14.80385652128857,0.03628937417720184,0.047142471256868365
