,Annualized Return,Annualized Vol,Sharpe Ratio,Max Drawdown,Skewness,Kurtosis,Cornish-Fisher VaR (5%),Historic CVaR (5%)
Mean Return,10.615656844762423,15.924047954462207,0.24094987492345718,-41.13743302644565,-1.2345781294833318,14.223891238819052,0.0362124618778982,0.04840030738687207
