,Annualized Return,Annualized Vol,Sharpe Ratio,Max Drawdown,Skewness,Kurtosis,Cornish-Fisher VaR (5%),Historic CVaR (5%)
Mean Return,12.800242213244228,14.444707662500079,0.41384488732964614,-28.603712962607485,-0.9443411455226498,10.955283437318489,0.03220320039614224,0.044395613063829345
