,Annualized Return,Annualized Vol,Sharpe Ratio,Max Drawdown,Skewness,Kurtosis,Cornish-Fisher VaR (5%),Historic CVaR (5%)
Mean Return,8.806138658122297,14.285020217008965,0.18089456389251393,-27.335849094404534,-1.2613808664432973,10.41536738648322,0.03522919927158616,0.04853383356178578
