,Annualized Return,Annualized Vol,Sharpe Ratio,Max Drawdown,Skewness,Kurtosis,Cornish-Fisher VaR (5%),Historic CVaR (5%)
Mean Return,10.527615520811583,15.141336769464026,0.2523652497780162,-28.10894898385804,-1.0395978270005224,12.382141544850324,0.03412941975492722,0.0480784902851758
