,Annualized Return,Annualized Vol,Skewness,Kurtosis,Cornish-Fisher VaR (5%),Historic CVaR (5%),Sharpe Ratio,Max Drawdown
Mean Return,0.08643130765077789,0.1458375381421463,-1.822685577651521,15.819610921365559,0.03540536159567649,0.04931080795628458,0.13578457934233729,-0.37077608240626675
