,Annualized Return,Annualized Vol,Sharpe Ratio,Max Drawdown,Skewness,Kurtosis,Cornish-Fisher VaR (5%),Historic CVaR (5%)
Mean Return,13.012857520829012,15.678552053253489,0.3924871074613298,-28.8582915457492,-0.7949450353901628,10.652152341172895,0.034410148078409204,0.048620589795828076
