,Annualized Return,Annualized Vol,Sharpe Ratio,Max Drawdown,Skewness,Kurtosis,Cornish-Fisher VaR (5%),Historic CVaR (5%)
Mean Return,10.79512013487236,13.738652438869453,0.3288102669535005,-29.625802159206355,-1.6980786815895077,14.739604908732316,0.03404111805131816,0.045908042174541266
