,Annualized Return,Annualized Vol,Sharpe Ratio,Max Drawdown,Skewness,Kurtosis,Cornish-Fisher VaR (5%),Historic CVaR (5%)
Mean Return,9.351978071646293,17.188029482315265,0.1802872136578436,-31.145395799400788,-0.47535431668808287,7.304169963150376,0.039278394645573,0.05521863217719622
