,Annualized Return,Annualized Vol,Sharpe Ratio,Max Drawdown,Skewness,Kurtosis,Cornish-Fisher VaR (5%),Historic CVaR (5%)
Mean Return,8.56628851563126,14.159037210914812,0.13710445567446483,-32.24278372364516,-1.3641814822973308,10.408001552355673,0.034461651266497514,0.04685045892811731
