,Annualized Return,Annualized Vol,Sharpe Ratio,Max Drawdown,Skewness,Kurtosis,Cornish-Fisher VaR (5%),Historic CVaR (5%)
Mean Return,13.093786887349568,14.955729640942767,0.4122970463582075,-34.01895774829633,-1.5504592475391805,16.51696512625932,0.03404056925589374,0.045825661305581404
