,Annualized Return,Annualized Vol,Sharpe Ratio,Max Drawdown,Skewness,Kurtosis,Cornish-Fisher VaR (5%),Historic CVaR (5%)
Mean Return,9.263945345472058,12.386365515827908,0.22158235331323567,-25.395306130347407,-0.7194269057635697,5.691556456766071,0.029043323863218888,0.0422338305129564
