,Annualized Return,Annualized Vol,Sharpe Ratio,Max Drawdown,Skewness,Kurtosis,Cornish-Fisher VaR (5%),Historic CVaR (5%)
Mean Return,12.379582020415846,15.212804727263418,0.3632511950765923,-31.51417724925602,-1.2402908693652135,12.16422025822491,0.03510518469744602,0.049887448041877634
