,Annualized Return,Annualized Vol,Sharpe Ratio,Max Drawdown,Skewness,Kurtosis,Cornish-Fisher VaR (5%),Historic CVaR (5%)
Mean Return,15.216286405967928,14.065907733019753,0.5910200917718957,-31.22150495215425,-1.0932450878793283,9.82049721294215,0.03236076362892859,0.04456627785566463
