,Annualized Return,Annualized Vol,Skewness,Kurtosis,Cornish-Fisher VaR (5%),Historic CVaR (5%),Sharpe Ratio,Max Drawdown
Mean Return,0.10162832379262277,0.15487149852324533,-0.8171940499368293,11.56796685545571,0.03417551682125039,0.04842073850911515,0.22457485188326,-0.2734131642926202
