,Annualized Return,Annualized Vol,Sharpe Ratio,Max Drawdown,Skewness,Kurtosis,Cornish-Fisher VaR (5%),Historic CVaR (5%)
Mean Return,5.456695067654493,14.051392264117316,-0.06988862525491855,-35.23773210017432,-1.1713422930816841,8.682210283361826,0.03454021186363918,0.046832724889217324
