,Annualized Return,Annualized Vol,Sharpe Ratio,Max Drawdown,Skewness,Kurtosis,Cornish-Fisher VaR (5%),Historic CVaR (5%)
Mean Return,11.607258622018058,15.093876107552873,0.3157516659546501,-30.69953481298926,-1.5120080580612005,15.999949357108157,0.03466118325976236,0.04670273622240327
