,Annualized Return,Annualized Vol,Sharpe Ratio,Max Drawdown,Skewness,Kurtosis,Cornish-Fisher VaR (5%),Historic CVaR (5%)
Mean Return,12.406217246156581,15.72727283041834,0.35412102728395806,-31.406244996530248,-0.9843739993845866,9.329829618843158,0.03624182613904002,0.052270680698546956
