,Annualized Return,Annualized Vol,Sharpe Ratio,Max Drawdown,Skewness,Kurtosis,Cornish-Fisher VaR (5%),Historic CVaR (5%)
Mean Return,14.758685791546755,16.29394443101917,0.47755957906685276,-28.310289040959034,-0.913056124790019,7.304925802362465,0.03774196681091853,0.05139600473799162
