,Annualized Return,Annualized Vol,Sharpe Ratio,Max Drawdown,Skewness,Kurtosis,Cornish-Fisher VaR (5%),Historic CVaR (5%)
Mean Return,12.988062517222886,14.566229711572149,0.41965107827652226,-27.396856301468937,-1.5446292043746261,16.38463353713954,0.033130372774202436,0.044706477802350715
