,Annualized Return,Annualized Vol,Sharpe Ratio,Max Drawdown,Skewness,Kurtosis,Cornish-Fisher VaR (5%),Historic CVaR (5%)
Mean Return,14.247584591779194,17.770801747478945,0.40802749086383594,-28.508049946025103,-0.8966926824918385,12.683744087871485,0.03872043996500811,0.051610391257826696
