,Annualized Return,Annualized Vol,Sharpe Ratio,Max Drawdown,Skewness,Kurtosis,Cornish-Fisher VaR (5%),Historic CVaR (5%)
Mean Return,4.741633405142998,13.237564536814569,-0.12495506738504128,-29.689834026305906,-0.9368385540842014,6.708904968351683,0.032298670621990114,0.046668072395424844
