,Annualized Return,Annualized Vol,Sharpe Ratio,Max Drawdown,Skewness,Kurtosis,Cornish-Fisher VaR (5%),Historic CVaR (5%)
Mean Return,7.998321017198329,14.966358841745194,0.09278524322066614,-31.263780802558706,-1.7166007427053653,17.608433930026234,0.03524801087476801,0.049084989951236405
