,Annualized Return,Annualized Vol,Sharpe Ratio,Max Drawdown,Skewness,Kurtosis,Cornish-Fisher VaR (5%),Historic CVaR (5%)
Mean Return,9.767955334298106,15.14152864783134,0.22900069087032268,-29.123514586848597,-1.2403314935476208,9.594269908774269,0.03750070836075642,0.05114385296519262
