,Annualized Return,Annualized Vol,Sharpe Ratio,Max Drawdown,Skewness,Kurtosis,Cornish-Fisher VaR (5%),Historic CVaR (5%)
Mean Return,12.783578982328937,14.069931027707005,0.42239109216432513,-26.795695319762242,-1.4958911125543601,12.672553791749378,0.033189246515881586,0.045858364992121065
