,Annualized Return,Annualized Vol,Sharpe Ratio,Max Drawdown,Skewness,Kurtosis,Cornish-Fisher VaR (5%),Historic CVaR (5%)
Mean Return,10.790877144039634,15.420724750867032,0.25914403531025165,-26.902143873188937,-0.9490140562221544,9.965812268195165,0.0353310946334706,0.0485756479019014
