,Annualized Return,Annualized Vol,Sharpe Ratio,Max Drawdown,Skewness,Kurtosis,Cornish-Fisher VaR (5%),Historic CVaR (5%)
Mean Return,17.98646613119641,15.587450387900493,0.6936712723489898,-27.397459810445756,-1.5881985219976587,16.59107545055199,0.03488778591044246,0.04586328942162499
