,Annualized Return,Annualized Vol,Sharpe Ratio,Max Drawdown,Skewness,Kurtosis,Cornish-Fisher VaR (5%),Historic CVaR (5%)
Mean Return,8.927569018359716,14.35724316098872,0.18796747687654627,-27.502006929286555,-1.2468857728652267,10.302231416394468,0.03536842805261599,0.0483884257196735
