,Annualized Return,Annualized Vol,Sharpe Ratio,Max Drawdown,Skewness,Kurtosis,Cornish-Fisher VaR (5%),Historic CVaR (5%)
Mean Return,12.077200105489162,17.85259324004231,0.29697493665631364,-31.457059281739113,-0.08787633965918824,7.742751705184569,0.03640086527379492,0.05106949047936027
