,Annualized Return,Annualized Vol,Sharpe Ratio,Max Drawdown,Skewness,Kurtosis,Cornish-Fisher VaR (5%),Historic CVaR (5%)
Mean Return,10.255713228281182,17.55628457302843,0.20677070307609932,-29.560147897326083,-0.3716872898308266,7.77613710166908,0.038335201852288746,0.05216228085224629
