,Annualized Return,Annualized Vol,Sharpe Ratio,Max Drawdown,Skewness,Kurtosis,Cornish-Fisher VaR (5%),Historic CVaR (5%)
Mean Return,6.215329897144706,14.819981592340381,0.008117068264426165,-44.368483857346234,-0.9008841771755436,7.774936062628277,0.03637324382759372,0.048183459183467336
