,Annualized Return,Annualized Vol,Skewness,Kurtosis,Cornish-Fisher VaR (5%),Historic CVaR (5%),Sharpe Ratio,Max Drawdown
Mean Return,0.008740645427463,0.15025542615620724,-0.8523434043460496,6.892893892033329,0.03696499054158818,0.05317797545931885,-0.35419561526179083,-0.39647849988332046
