,Annualized Return,Annualized Vol,Sharpe Ratio,Max Drawdown,Skewness,Kurtosis,Cornish-Fisher VaR (5%),Historic CVaR (5%)
Mean Return,10.301356723674004,14.59972271623709,0.24947299406190776,-31.369296264037917,-0.8769196178718867,8.106826391133993,0.03415309954365785,0.04806666184589529
