,Annualized Return,Annualized Vol,Sharpe Ratio,Max Drawdown,Skewness,Kurtosis,Cornish-Fisher VaR (5%),Historic CVaR (5%)
Mean Return,9.814255518603577,13.42478142327059,0.2320087522022612,-21.772327744501673,-0.5444590460547641,7.026042741424872,0.029868778582112798,0.043329558784896575
