,Annualized Return,Annualized Vol,Sharpe Ratio,Max Drawdown,Skewness,Kurtosis,Cornish-Fisher VaR (5%),Historic CVaR (5%)
Mean Return,14.138811825872999,14.504616285268849,0.49665750702460937,-31.406134568833334,-0.8246598459187894,8.769011440254383,0.03241125195095373,0.04568438533489072
