,Annualized Return,Annualized Vol,Sharpe Ratio,Max Drawdown,Skewness,Kurtosis,Cornish-Fisher VaR (5%),Historic CVaR (5%)
Mean Return,11.607421407017494,14.673821865521635,0.33411441688159155,-28.531662277444365,-0.9507135752124176,10.33155688024926,0.03355360518802687,0.04665058165061921
