,Annualized Return,Annualized Vol,Sharpe Ratio,Max Drawdown,Skewness,Kurtosis,Cornish-Fisher VaR (5%),Historic CVaR (5%)
Mean Return,13.281081812181883,20.747518691094335,0.30798014873830887,-44.5681546236099,0.11782959136350439,9.808440743738771,0.03952596535969995,0.06220158531853154
