,Annualized Return,Annualized Vol,Sharpe Ratio,Max Drawdown,Skewness,Kurtosis,Cornish-Fisher VaR (5%),Historic CVaR (5%)
Mean Return,16.069452226318838,14.749299582002601,0.6124471788955006,-26.8885143113578,-0.9024603241646968,10.136786183392179,0.032485330124063454,0.047401551855650814
