,Annualized Return,Annualized Vol,Sharpe Ratio,Max Drawdown,Skewness,Kurtosis,Cornish-Fisher VaR (5%),Historic CVaR (5%)
Mean Return,11.430261479989579,14.196732528261741,0.3604595155418059,-25.619580791003028,-1.1335947839099791,13.63564644110688,0.03292387389096679,0.04514474405856607
