,Annualized Return,Annualized Vol,Sharpe Ratio,Max Drawdown,Skewness,Kurtosis,Cornish-Fisher VaR (5%),Historic CVaR (5%)
Mean Return,9.956106510450624,15.529255160595094,0.21144563647715825,-27.75628164741864,-0.957029740150431,11.499948457015687,0.03509292102076865,0.04929830273323606
