,Annualized Return,Annualized Vol,Skewness,Kurtosis,Cornish-Fisher VaR (5%),Historic CVaR (5%),Sharpe Ratio,Max Drawdown
Mean Return,0.06571045800473319,0.15597438300152064,-1.6607800044540015,14.904625483184242,0.037964953996457884,0.05301724125412902,0.0021646837168544813,-0.39370995389442565
