,Annualized Return,Annualized Vol,Sharpe Ratio,Max Drawdown,Skewness,Kurtosis,Cornish-Fisher VaR (5%),Historic CVaR (5%)
Mean Return,11.37841930245247,14.172920357738416,0.353650356585621,-36.74929659097527,-1.3538608351251058,11.12237204540973,0.03461047729676194,0.04658491987646622
