,Annualized Return,Annualized Vol,Sharpe Ratio,Max Drawdown,Skewness,Kurtosis,Cornish-Fisher VaR (5%),Historic CVaR (5%)
Mean Return,11.618816377393193,15.622524360046278,0.31038200775510844,-32.11875498736602,-0.08072478934709942,7.142351245302169,0.031922540096421696,0.047192460002428036
