,Annualized Return,Annualized Vol,Sharpe Ratio,Max Drawdown,Skewness,Kurtosis,Cornish-Fisher VaR (5%),Historic CVaR (5%)
Mean Return,10.343458813309914,15.297642705660303,0.23846275012864865,-25.86733905147523,-1.2652602829462405,9.089594263173138,0.03709070696137137,0.0518621549848428
