,Annualized Return,Annualized Vol,Sharpe Ratio,Max Drawdown,Skewness,Kurtosis,Cornish-Fisher VaR (5%),Historic CVaR (5%)
Mean Return,10.26610347992818,16.961884858932113,0.24372104249068577,-30.944964556303244,0.014045529498278201,8.639269982480696,0.03537282455193422,0.05069058041224835
