,Annualized Return,Annualized Vol,Sharpe Ratio,Max Drawdown,Skewness,Kurtosis,Cornish-Fisher VaR (5%),Historic CVaR (5%)
Mean Return,15.593622433055776,15.958443475465034,0.5376833512337444,-28.310289040959034,-0.8193342924530247,7.248156713047675,0.036280516197549,0.04976708511716537
