,Annualized Return,Annualized Vol,Sharpe Ratio,Max Drawdown,Skewness,Kurtosis,Cornish-Fisher VaR (5%),Historic CVaR (5%)
Mean Return,11.216538707204581,15.85126237876647,0.27874082645775483,-40.474660412853616,-0.8452272656416275,9.244532119460624,0.036045785734468525,0.049083675501264
