,Annualized Return,Annualized Vol,Sharpe Ratio,Max Drawdown,Skewness,Kurtosis,Cornish-Fisher VaR (5%),Historic CVaR (5%)
Mean Return,7.817403098519127,12.784101731172878,0.10815545313016538,-27.81810677274981,-0.5777214355394305,5.586988980998245,0.029668823933193016,0.0423218758995051
