,Annualized Return,Annualized Vol,Sharpe Ratio,Max Drawdown,Skewness,Kurtosis,Cornish-Fisher VaR (5%),Historic CVaR (5%)
Mean Return,10.11752460628863,16.035857204142737,0.21394166519622396,-34.74802378218181,-0.10069096838996615,7.32719188616936,0.03311435917322718,0.04811544634672276
