,Annualized Return,Annualized Vol,Sharpe Ratio,Max Drawdown,Skewness,Kurtosis,Cornish-Fisher VaR (5%),Historic CVaR (5%)
Mean Return,13.976620608306757,15.149360282076426,0.46511371830303183,-26.634848106057778,-0.7598029648699413,8.099552232647843,0.033904392665232784,0.04814958685656294
