,Annualized Return,Annualized Vol,Sharpe Ratio,Max Drawdown,Skewness,Kurtosis,Cornish-Fisher VaR (5%),Historic CVaR (5%)
Mean Return,10.053112132772934,14.185196255490595,0.23431515128969288,-30.448196946589036,-1.0937581318969123,10.449922866103577,0.032996599682747006,0.04518114219260163
