,Annualized Return,Annualized Vol,Sharpe Ratio,Max Drawdown,Skewness,Kurtosis,Cornish-Fisher VaR (5%),Historic CVaR (5%)
Mean Return,7.803897864695064,16.620669628319575,0.0715986425343598,-31.431039425252383,-0.9404404129144949,11.14557821654486,0.038141134129462004,0.05361622406734239
