,Annualized Return,Annualized Vol,Skewness,Kurtosis,Cornish-Fisher VaR (5%),Historic CVaR (5%),Sharpe Ratio,Max Drawdown
Mean Return,0.10258013698794954,0.14972964157217042,-0.4453320315760414,5.881593700055379,0.03335001787005127,0.048426183599945445,0.2369965687959237,-0.21851031552878197
