,Annualized Return,Annualized Vol,Sharpe Ratio,Max Drawdown,Skewness,Kurtosis,Cornish-Fisher VaR (5%),Historic CVaR (5%)
Mean Return,7.758307107939699,17.9734953315936,0.06413505414975858,-47.72890209499388,-0.8817303482984825,9.275776789108015,0.04192943024083268,0.06035671222078672
