,Annualized Return,Annualized Vol,Sharpe Ratio,Max Drawdown,Skewness,Kurtosis,Cornish-Fisher VaR (5%),Historic CVaR (5%)
Mean Return,12.650160969564839,15.011730676317676,0.3861131223805746,-24.153098890610668,-1.2991176037721068,14.136528317679355,0.03402858980955541,0.04690213115866649
