,Annualized Return,Annualized Vol,Sharpe Ratio,Max Drawdown,Skewness,Kurtosis,Cornish-Fisher VaR (5%),Historic CVaR (5%)
Mean Return,15.102061743175854,13.178290092870526,0.621921052327851,-25.398911574315285,-0.857580219422387,6.646241721429742,0.030287116488090578,0.04267151966171607
