,Annualized Return,Annualized Vol,Sharpe Ratio,Max Drawdown,Skewness,Kurtosis,Cornish-Fisher VaR (5%),Historic CVaR (5%)
Mean Return,13.776196146719254,17.34563117603698,0.3924911605793435,-28.50804994602512,-1.1485477410981344,12.869633778056153,0.039215961364130185,0.04953415268406007
