,Annualized Return,Annualized Vol,Sharpe Ratio,Max Drawdown,Skewness,Kurtosis,Cornish-Fisher VaR (5%),Historic CVaR (5%)
Mean Return,14.239750838347543,15.373426308574272,0.4712116634264975,-28.083990785071993,-1.3405090783109928,14.994004468935316,0.034485320277777384,0.043521960372706
