,Annualized Return,Annualized Vol,Sharpe Ratio,Max Drawdown,Skewness,Kurtosis,Cornish-Fisher VaR (5%),Historic CVaR (5%)
Mean Return,17.983928294330774,19.25695694103663,0.5622847668382364,-29.298051381732655,-0.8102456354073356,7.622176103267854,0.0436368278268358,0.06154788106309839
