,Annualized Return,Annualized Vol,Sharpe Ratio,Max Drawdown,Skewness,Kurtosis,Cornish-Fisher VaR (5%),Historic CVaR (5%)
Mean Return,3.611632809805876,14.1604901676567,-0.1918388886139521,-34.4623607081834,-0.8192753406950523,6.67034437089569,0.03424718525026878,0.0475086068090128
