,Annualized Return,Annualized Vol,Sharpe Ratio,Max Drawdown,Skewness,Kurtosis,Cornish-Fisher VaR (5%),Historic CVaR (5%)
Mean Return,14.606379502595512,14.014975796997629,0.5444800488500808,-26.156426580807256,-1.2811642883580263,16.851243191919906,0.030166080101881307,0.041419696740494345
