,Annualized Return,Annualized Vol,Sharpe Ratio,Max Drawdown,Skewness,Kurtosis,Cornish-Fisher VaR (5%),Historic CVaR (5%)
Mean Return,12.044451520576672,17.168464334608206,0.30461573866904984,-27.978142542546426,-0.6731981649103108,9.748277510431764,0.0377324318502981,0.053631457645007624
