,Annualized Return,Annualized Vol,Sharpe Ratio,Max Drawdown,Skewness,Kurtosis,Cornish-Fisher VaR (5%),Historic CVaR (5%)
Mean Return,10.166492608530753,13.095322052664491,0.2631377667384802,-20.125106555546438,-0.46486714701067006,7.033601053942523,0.028648491346401607,0.04107726898916133
