,Annualized Return,Annualized Vol,Sharpe Ratio,Max Drawdown,Skewness,Kurtosis,Cornish-Fisher VaR (5%),Historic CVaR (5%)
Mean Return,10.818213250093557,16.17522720170231,0.27558338949591615,-34.03226588397222,-0.953549754694186,10.824229009119096,0.03780763477021309,0.05263613567596113
