,Annualized Return,Annualized Vol,Sharpe Ratio,Max Drawdown,Skewness,Kurtosis,Cornish-Fisher VaR (5%),Historic CVaR (5%)
Mean Return,3.905005542288209,15.287971402326562,-0.1232109772528824,-44.1769636604743,-0.5563878066947068,6.374463914587596,0.03746494946148602,0.050951422957198476
