,Annualized Return,Annualized Vol,Sharpe Ratio,Max Drawdown,Skewness,Kurtosis,Cornish-Fisher VaR (5%),Historic CVaR (5%)
Mean Return,16.280179194001644,15.867904789369163,0.5800607878130772,-27.936291932062602,-0.9253733965694068,11.50468168181184,0.03466703480478621,0.04493414783323417
