,Annualized Return,Annualized Vol,Sharpe Ratio,Max Drawdown,Skewness,Kurtosis,Cornish-Fisher VaR (5%),Historic CVaR (5%)
Mean Return,10.736679045394816,17.681699099458672,0.22673783529482866,-33.20987094897427,-0.39853242855030424,7.513703417855042,0.038485678644988426,0.058520020152320974
