,Annualized Return,Annualized Vol,Sharpe Ratio,Max Drawdown,Skewness,Kurtosis,Cornish-Fisher VaR (5%),Historic CVaR (5%)
Mean Return,10.738087001818775,15.395224986483392,0.25643264725139475,-26.902143873188937,-0.9214142694489329,9.725458180385763,0.03523725173359357,0.0485756479019014
