,Annualized Return,Annualized Vol,Skewness,Kurtosis,Cornish-Fisher VaR (5%),Historic CVaR (5%),Sharpe Ratio,Max Drawdown
Mean Return,0.1352608040123664,0.16728452496267687,-1.2188006271751344,14.111900085886687,0.03758968332249101,0.05002877724849023,0.39268256994918505,-0.3145407987824624
