,Annualized Return,Annualized Vol,Sharpe Ratio,Max Drawdown,Skewness,Kurtosis,Cornish-Fisher VaR (5%),Historic CVaR (5%)
Mean Return,11.39298588280926,16.286271494035162,0.29169727256244876,-23.914599370190334,-0.3548613421124783,5.203518591931457,0.03630630790715035,0.048927103650304095
