,Annualized Return,Annualized Vol,Sharpe Ratio,Max Drawdown,Skewness,Kurtosis,Cornish-Fisher VaR (5%),Historic CVaR (5%)
Mean Return,11.774487607202566,13.444692122972924,0.41361090194629324,-26.556932800204645,-0.8226222212342569,8.636736022725785,0.03178107162689699,0.04393106535370516
