,Annualized Return,Annualized Vol,Sharpe Ratio,Max Drawdown,Skewness,Kurtosis,Cornish-Fisher VaR (5%),Historic CVaR (5%)
Mean Return,13.806572715119847,14.923749857835592,0.4613593160652541,-28.53886317746268,-1.607600573391036,19.973211853670154,0.03264333607212375,0.044051025475523434
