,Annualized Return,Annualized Vol,Sharpe Ratio,Max Drawdown,Skewness,Kurtosis,Cornish-Fisher VaR (5%),Historic CVaR (5%)
Mean Return,10.57885612658942,16.190500949971824,0.2613696956048707,-32.2479953267591,-1.3421879517964541,12.461765301878089,0.0392893327701257,0.05299644253156443
