,Annualized Return,Annualized Vol,Sharpe Ratio,Max Drawdown,Skewness,Kurtosis,Cornish-Fisher VaR (5%),Historic CVaR (5%)
Mean Return,16.012783390853123,17.41155879829349,0.5144648048522048,-26.356355284749583,-0.7719844614434803,8.419971709061802,0.03889181881744042,0.051424114763701165
