,Annualized Return,Annualized Vol,Sharpe Ratio,Max Drawdown,Skewness,Kurtosis,Cornish-Fisher VaR (5%),Historic CVaR (5%)
Mean Return,8.983187642311808,14.581363935335867,0.19298651174410444,-27.039215204888396,-1.588593288924129,16.538643895338794,0.035307432094898,0.046093985885962564
