,Annualized Return,Annualized Vol,Sharpe Ratio,Max Drawdown,Skewness,Kurtosis,Cornish-Fisher VaR (5%),Historic CVaR (5%)
Mean Return,16.115311434673263,13.74460038041207,0.6559992609969907,-26.234983443815047,-1.148609061945042,10.388666815344175,0.031180765899846533,0.0431615262972421
