,Annualized Return,Annualized Vol,Sharpe Ratio,Max Drawdown,Skewness,Kurtosis,Cornish-Fisher VaR (5%),Historic CVaR (5%)
Mean Return,18.309351717209932,14.57117368051885,0.76418364381044,-27.979303781594272,-0.8382922051638643,8.822597710506974,0.031908078835017006,0.046213430249357965
