,Annualized Return,Annualized Vol,Sharpe Ratio,Max Drawdown,Skewness,Kurtosis,Cornish-Fisher VaR (5%),Historic CVaR (5%)
Mean Return,14.596446648910465,15.81641729824333,0.47894308184398643,-28.108245528743055,-1.4149356300332818,15.168558372175877,0.0357831887809774,0.04565039182957561
