,Annualized Return,Annualized Vol,Sharpe Ratio,Max Drawdown,Skewness,Kurtosis,Cornish-Fisher VaR (5%),Historic CVaR (5%)
Mean Return,10.31976046929881,15.605443281776141,0.23243342436074735,-33.36205431307543,0.10055896966196923,6.5096243425615725,0.03127355345266751,0.045159865017369114
