,Annualized Return,Annualized Vol,Sharpe Ratio,Max Drawdown,Skewness,Kurtosis,Cornish-Fisher VaR (5%),Historic CVaR (5%)
Mean Return,18.39994248806043,16.07070321014151,0.6972598730909694,-29.530583325378963,-0.7828411191073688,9.259608117674619,0.03497898943019289,0.050417941677218664
