,Annualized Return,Annualized Vol,Sharpe Ratio,Max Drawdown,Skewness,Kurtosis,Cornish-Fisher VaR (5%),Historic CVaR (5%)
Mean Return,12.248370345266245,13.978682510372131,0.3842648081521433,-34.75776353723584,-0.982128421341972,8.34620840440534,0.03242341570849241,0.04478903099193571
