,Annualized Return,Annualized Vol,Sharpe Ratio,Max Drawdown,Skewness,Kurtosis,Cornish-Fisher VaR (5%),Historic CVaR (5%)
Mean Return,8.159586671249386,16.728297563253822,0.0910456758273282,-31.431039425252383,-0.9568293543634354,11.241684650649315,0.03838035577069124,0.05361622406734239
