,Annualized Return,Annualized Vol,Sharpe Ratio,Max Drawdown,Skewness,Kurtosis,Cornish-Fisher VaR (5%),Historic CVaR (5%)
Mean Return,13.33029567468531,14.906533873215555,0.42971443046371244,-31.517846263731546,-1.1966619406716195,11.793023502178379,0.034148981025925666,0.046315904387741275
