,Annualized Return,Annualized Vol,Skewness,Kurtosis,Cornish-Fisher VaR (5%),Historic CVaR (5%),Sharpe Ratio,Max Drawdown
Mean Return,0.09824096480750688,0.1479922189464095,-1.2548417864892034,10.848037513306018,0.03548345686470329,0.04938648816085697,0.21715517611705062,-0.3200813582873968
