,Annualized Return,Annualized Vol,Sharpe Ratio,Max Drawdown,Skewness,Kurtosis,Cornish-Fisher VaR (5%),Historic CVaR (5%)
Mean Return,11.991250213683479,13.09327776902475,0.40587640573314426,-23.013508267459052,-0.02962739993738828,4.860724848760707,0.027194443228569936,0.037804836689433435
