,Annualized Return,Annualized Vol,Sharpe Ratio,Max Drawdown,Skewness,Kurtosis,Cornish-Fisher VaR (5%),Historic CVaR (5%)
Mean Return,13.801048419863694,14.424101527787315,0.4765350648976195,-28.02232015694634,-0.8330098259978913,10.35495198732368,0.031685015533844334,0.04391072951816797
