,Annualized Return,Annualized Vol,Sharpe Ratio,Max Drawdown,Skewness,Kurtosis,Cornish-Fisher VaR (5%),Historic CVaR (5%)
Mean Return,17.073454502410602,14.292062136935787,0.6932378668553432,-28.560165919060516,-1.5246638528340102,15.520291547760932,0.03205471024633268,0.04426610301677838
