,Annualized Return,Annualized Vol,Sharpe Ratio,Max Drawdown,Skewness,Kurtosis,Cornish-Fisher VaR (5%),Historic CVaR (5%)
Mean Return,18.848656875765446,17.820955484002504,0.6493112142768638,-29.84993806445275,-0.41597613722066734,12.425501270893038,0.03512499484062608,0.052462164655924196
