,Annualized Return,Annualized Vol,Sharpe Ratio,Max Drawdown,Skewness,Kurtosis,Cornish-Fisher VaR (5%),Historic CVaR (5%)
Mean Return,17.24685730563287,13.905038044301854,0.7273948393094434,-26.343040391386545,-1.4610026576743653,18.230631897673703,0.029737945238135055,0.04080209076692724
