,Annualized Return,Annualized Vol,Sharpe Ratio,Max Drawdown,Skewness,Kurtosis,Cornish-Fisher VaR (5%),Historic CVaR (5%)
Mean Return,8.291858584914479,17.13639086006827,0.10633539066446944,-35.07979041231121,-0.25157084776340394,5.341628633661054,0.03811204177051604,0.0516391828158801
