,Annualized Return,Annualized Vol,Sharpe Ratio,Max Drawdown,Skewness,Kurtosis,Cornish-Fisher VaR (5%),Historic CVaR (5%)
Mean Return,9.269862590389376,16.340005368505917,0.1614410163610152,-29.496530354875038,-0.9674574182407669,11.249507713937172,0.03730212722060199,0.05168272830069602
