,Annualized Return,Annualized Vol,Sharpe Ratio,Max Drawdown,Skewness,Kurtosis,Cornish-Fisher VaR (5%),Historic CVaR (5%)
Mean Return,11.893737964088992,15.887355846229646,0.3180625856063634,-39.63295473500611,-0.9586747683943406,9.372190897292358,0.036578667112036424,0.05042755367255515
