,Annualized Return,Annualized Vol,Sharpe Ratio,Max Drawdown,Skewness,Kurtosis,Cornish-Fisher VaR (5%),Historic CVaR (5%)
Mean Return,8.23856304135111,15.030356416984889,0.10741295017630428,-29.631498735397066,-1.7455062011466294,18.31316960807497,0.03519716761496862,0.04871626930745458
