,Annualized Return,Annualized Vol,Sharpe Ratio,Max Drawdown,Skewness,Kurtosis,Cornish-Fisher VaR (5%),Historic CVaR (5%)
Mean Return,11.249668387408152,14.789544028144583,0.3087343726935509,-30.910317644024023,-1.0732352108680703,9.592777339712816,0.03482827716799988,0.046909298238679877
