,Annualized Return,Annualized Vol,Sharpe Ratio,Max Drawdown,Skewness,Kurtosis,Cornish-Fisher VaR (5%),Historic CVaR (5%)
Mean Return,15.92085036486457,14.89678446691185,0.5966799381893534,-27.675361477085993,-0.7755314859918881,8.28740725923229,0.032992943126181194,0.04797685495016534
