,Annualized Return,Annualized Vol,Sharpe Ratio,Max Drawdown,Skewness,Kurtosis,Cornish-Fisher VaR (5%),Historic CVaR (5%)
Mean Return,19.965957908422883,14.757184594788262,0.8601270769457817,-24.810048360185416,-0.9356700323593665,10.408453335693556,0.03192965952383544,0.04591742098365065
