,Annualized Return,Annualized Vol,Sharpe Ratio,Max Drawdown,Skewness,Kurtosis,Cornish-Fisher VaR (5%),Historic CVaR (5%)
Mean Return,13.213366859984866,14.750415786025641,0.4277892386447126,-26.487835179905883,-0.9229093380634026,7.49039287366113,0.03417972396702142,0.048223009608317505
