,Annualized Return,Annualized Vol,Sharpe Ratio,Max Drawdown,Skewness,Kurtosis,Cornish-Fisher VaR (5%),Historic CVaR (5%)
Mean Return,10.005163397715243,14.719418120183361,0.22377780307241432,-24.912550735190152,-1.3717398623442154,9.635953879831993,0.035979272580478394,0.04995966098205858
