,Annualized Return,Annualized Vol,Sharpe Ratio,Max Drawdown,Skewness,Kurtosis,Cornish-Fisher VaR (5%),Historic CVaR (5%)
Mean Return,13.436777629439089,14.05944934814829,0.46150085585492884,-31.233171687855414,-1.1501414454721444,14.150444294384915,0.0309371360718555,0.04088313406166569
