,Annualized Return,Annualized Vol,Sharpe Ratio,Max Drawdown,Skewness,Kurtosis,Cornish-Fisher VaR (5%),Historic CVaR (5%)
Mean Return,15.776427465985755,14.347430988732787,0.6111074797270963,-28.74911105417408,-0.940507936191341,11.969055082282782,0.031042927071582547,0.043667352369458914
