,Annualized Return,Annualized Vol,Sharpe Ratio,Max Drawdown,Skewness,Kurtosis,Cornish-Fisher VaR (5%),Historic CVaR (5%)
Mean Return,4.4210314412068685,19.032885165654488,-0.10190571591712144,-34.773064121276,-0.17690108957861053,6.3372188969430905,0.04170550548881082,0.060050257027223
