,Annualized Return,Annualized Vol,Sharpe Ratio,Max Drawdown,Skewness,Kurtosis,Cornish-Fisher VaR (5%),Historic CVaR (5%)
Mean Return,9.79368174936457,16.14497045333533,0.21621056565379923,-33.89380872347698,-1.3771272234010725,13.583632657940944,0.03898586644534377,0.05405222559817013
