,Annualized Return,Annualized Vol,Sharpe Ratio,Max Drawdown,Skewness,Kurtosis,Cornish-Fisher VaR (5%),Historic CVaR (5%)
Mean Return,12.672023889343631,16.210139729315774,0.35785204579417185,-28.37255793504022,-0.6317214443126333,8.852858455918929,0.03558684889261221,0.048873901193984604
