,Annualized Return,Annualized Vol,Sharpe Ratio,Max Drawdown,Skewness,Kurtosis,Cornish-Fisher VaR (5%),Historic CVaR (5%)
Mean Return,8.270320815134259,15.77129103114,0.10447505589103141,-28.95083494261499,-1.0168326480984724,11.632903311456333,0.03624832636573243,0.04925388890290785
