,Annualized Return,Annualized Vol,Sharpe Ratio,Max Drawdown,Skewness,Kurtosis,Cornish-Fisher VaR (5%),Historic CVaR (5%)
Mean Return,16.77710045162335,17.999618162827907,0.5394614018838686,-32.88661269370768,0.4216456649492721,9.900204433270625,0.031146868760566347,0.05060846179320134
