,Annualized Return,Annualized Vol,Sharpe Ratio,Max Drawdown,Skewness,Kurtosis,Cornish-Fisher VaR (5%),Historic CVaR (5%)
Mean Return,10.65738044628648,15.28887533746973,0.2566527698045056,-32.15181577881106,-1.6900717433260575,18.88496576888315,0.0348925894405828,0.04720088378474914
