,Annualized Return,Annualized Vol,Sharpe Ratio,Max Drawdown,Skewness,Kurtosis,Cornish-Fisher VaR (5%),Historic CVaR (5%)
Mean Return,14.021488848745944,14.76848450342019,0.4809145957099555,-26.494050807485113,-0.8052171372778062,12.041013778951692,0.03159656398037083,0.0453618834534865
