,Annualized Return,Annualized Vol,Sharpe Ratio,Max Drawdown,Skewness,Kurtosis,Cornish-Fisher VaR (5%),Historic CVaR (5%)
Mean Return,4.990299422549205,17.62182613545227,-0.08201099814240377,-42.13388765707328,-0.7355117279885385,11.95254919068093,0.0393664796359857,0.05112907247866717
