,Annualized Return,Annualized Vol,Sharpe Ratio,Max Drawdown,Skewness,Kurtosis,Cornish-Fisher VaR (5%),Historic CVaR (5%)
Mean Return,11.670419463686965,15.129663018954467,0.3201258130104272,-34.56604706274856,-1.2554472407232775,11.689658814481861,0.03530906877814078,0.048495762324713323
