,Annualized Return,Annualized Vol,Sharpe Ratio,Max Drawdown,Skewness,Kurtosis,Cornish-Fisher VaR (5%),Historic CVaR (5%)
Mean Return,12.381589094957345,16.01344216167737,0.3462777431079772,-27.73297170652787,-0.7856303829484761,10.840973205282197,0.0351634141436,0.04858355698431396
