,Annualized Return,Annualized Vol,Sharpe Ratio,Max Drawdown,Skewness,Kurtosis,Cornish-Fisher VaR (5%),Historic CVaR (5%)
Mean Return,10.453527584973553,15.751349816358445,0.24301292854514292,-29.19422440650544,-0.7161853387644193,9.382626688837606,0.035482215627217525,0.05070133821338251
