,Annualized Return,Annualized Vol,Sharpe Ratio,Max Drawdown,Skewness,Kurtosis,Cornish-Fisher VaR (5%),Historic CVaR (5%)
Mean Return,11.244525724356812,14.368864814136954,0.3118215140263674,-24.1953778550877,-0.9309344562123748,8.10710321864724,0.03338269045741075,0.047327517479494284
