,Annualized Return,Annualized Vol,Sharpe Ratio,Max Drawdown,Skewness,Kurtosis,Cornish-Fisher VaR (5%),Historic CVaR (5%)
Mean Return,14.287362847482665,13.908838121572591,0.527984143590535,-26.455334065903614,-0.48919881782958474,7.701483932837327,0.02969587589943182,0.04305404729864313
