,Annualized Return,Annualized Vol,Sharpe Ratio,Max Drawdown,Skewness,Kurtosis,Cornish-Fisher VaR (5%),Historic CVaR (5%)
Mean Return,5.970177988987269,13.137235721628878,-0.025991807451651187,-29.70098838384007,-0.843881307065269,7.533865776849326,0.031388547409002744,0.044880947110523255
