,Annualized Return,Annualized Vol,Sharpe Ratio,Max Drawdown,Skewness,Kurtosis,Cornish-Fisher VaR (5%),Historic CVaR (5%)
Mean Return,9.167452408102195,15.992725352556949,0.1549137054924181,-47.66725342646054,-1.8840393754591682,17.512994452387225,0.0384046236153808,0.05112692974278355
