,Annualized Return,Annualized Vol,Sharpe Ratio,Max Drawdown,Skewness,Kurtosis,Cornish-Fisher VaR (5%),Historic CVaR (5%)
Mean Return,13.105253787015503,14.513223356554256,0.4300028573057442,-29.625021580398563,-0.8538900497749021,11.30529260956973,0.031726189227248264,0.044500493430335145
