,Annualized Return,Annualized Vol,Sharpe Ratio,Max Drawdown,Skewness,Kurtosis,Cornish-Fisher VaR (5%),Historic CVaR (5%)
Mean Return,8.286726489302376,14.206153828766185,0.15121923344110685,-30.13484327092868,-1.1334737301549376,11.023633884134647,0.03460635278275642,0.04453407337238898
