,Annualized Return,Annualized Vol,Sharpe Ratio,Max Drawdown,Skewness,Kurtosis,Cornish-Fisher VaR (5%),Historic CVaR (5%)
Mean Return,10.789709876133058,14.023901571320222,0.29474647765896794,-25.610575912758893,0.17798329027310208,5.504100549391337,0.028073700927500094,0.03891332199829012
