,Annualized Return,Annualized Vol,Sharpe Ratio,Max Drawdown,Skewness,Kurtosis,Cornish-Fisher VaR (5%),Historic CVaR (5%)
Mean Return,15.364920389807214,15.267076033936194,0.5479589131693121,-25.520651011639018,-0.6774140992632322,10.920130348595114,0.032300435100968417,0.04648284500516692
