,Annualized Return,Annualized Vol,Skewness,Kurtosis,Cornish-Fisher VaR (5%),Historic CVaR (5%),Sharpe Ratio,Max Drawdown
Mean Return,0.12447500739939343,0.14441141133189572,-0.8994016558461441,8.37371937677429,0.0330615019565992,0.04716783919854089,0.3896360473287871,-0.2695312563890874
