,Annualized Return,Annualized Vol,Sharpe Ratio,Max Drawdown,Skewness,Kurtosis,Cornish-Fisher VaR (5%),Historic CVaR (5%)
Mean Return,12.565485007572196,14.554800095257155,0.3988023730880879,-39.945943442585666,-0.7225451600912541,7.303767264627297,0.033175314529594616,0.047066379939715734
