,Annualized Return,Annualized Vol,Sharpe Ratio,Max Drawdown,Skewness,Kurtosis,Cornish-Fisher VaR (5%),Historic CVaR (5%)
Mean Return,6.3549171464097,14.769078008485915,-0.010026621337612857,-39.227970701105185,-0.36762561878122846,5.866531354623497,0.03316937933693893,0.04835257901503183
