,Annualized Return,Annualized Vol,Sharpe Ratio,Max Drawdown,Skewness,Kurtosis,Cornish-Fisher VaR (5%),Historic CVaR (5%)
Mean Return,6.98396401619874,15.374927520801412,0.02830297639156259,-33.834520985031084,-1.5764794652430751,16.04234978959023,0.0364352794038047,0.05053283615236282
