,Annualized Return,Annualized Vol,Sharpe Ratio,Max Drawdown,Skewness,Kurtosis,Cornish-Fisher VaR (5%),Historic CVaR (5%)
Mean Return,13.33766738329507,14.906705482675676,0.4289645754651496,-31.260240730943874,-1.4832627136602512,16.48490473234643,0.033577944082112905,0.045574880236943595
