,Annualized Return,Annualized Vol,Sharpe Ratio,Max Drawdown,Skewness,Kurtosis,Cornish-Fisher VaR (5%),Historic CVaR (5%)
Mean Return,11.063472752511917,14.736388812186469,0.2910365215064516,-27.984867186854817,-1.3675283130742142,10.920572003237243,0.03529254922980413,0.04831559898555375
