,Annualized Return,Annualized Vol,Sharpe Ratio,Max Drawdown,Skewness,Kurtosis,Cornish-Fisher VaR (5%),Historic CVaR (5%)
Mean Return,11.747695290398518,15.426374303726007,0.31846996335835526,-28.564729438950216,-1.1590703998921765,12.127896457679846,0.03533676612043392,0.04732687549095788
