,Annualized Return,Annualized Vol,Sharpe Ratio,Max Drawdown,Skewness,Kurtosis,Cornish-Fisher VaR (5%),Historic CVaR (5%)
Mean Return,9.99624324636892,13.650336560877024,0.27589934585992315,-31.320345735661796,-1.65976462729656,13.831311787883909,0.034149845104408126,0.045965808903215256
