,Annualized Return,Annualized Vol,Sharpe Ratio,Max Drawdown,Skewness,Kurtosis,Cornish-Fisher VaR (5%),Historic CVaR (5%)
Mean Return,15.06897745677156,15.211237920221562,0.5316721550434151,-29.243004323091643,-0.7005220299821354,8.488828519668296,0.033396905978446884,0.04914679683281347
