,Annualized Return,Annualized Vol,Skewness,Kurtosis,Cornish-Fisher VaR (5%),Historic CVaR (5%),Sharpe Ratio,Max Drawdown
Mean Return,0.040355182144054424,0.15485308001317352,-0.7651317670773168,6.447383858406708,0.037213791056412454,0.05007932325181732,-0.1486130772181689,-0.33809235164900997
