,Annualized Return,Annualized Vol,Sharpe Ratio,Max Drawdown,Skewness,Kurtosis,Cornish-Fisher VaR (5%),Historic CVaR (5%)
Mean Return,8.767872765671413,16.1397840618723,0.13419651827883516,-29.402735387973316,-0.8406342447211581,11.10630624675063,0.036271984570457716,0.050604411086824334
