,Annualized Return,Annualized Vol,Sharpe Ratio,Max Drawdown,Skewness,Kurtosis,Cornish-Fisher VaR (5%),Historic CVaR (5%)
Mean Return,15.12456395677031,15.308074793075527,0.5306298113439756,-28.022322932694287,-0.916770705699654,11.38617195246697,0.033532485907144687,0.04714164665821616
