,Annualized Return,Annualized Vol,Sharpe Ratio,Max Drawdown,Skewness,Kurtosis,Cornish-Fisher VaR (5%),Historic CVaR (5%)
Mean Return,12.814893861010713,14.327674687099679,0.41520039933073805,-27.396856301468937,-1.4832786879831787,16.231636106182016,0.03237007397618004,0.04397422444273083
