,Annualized Return,Annualized Vol,Sharpe Ratio,Max Drawdown,Skewness,Kurtosis,Cornish-Fisher VaR (5%),Historic CVaR (5%)
Mean Return,11.237468666389749,14.075046392393675,0.3453093552694212,-27.621649377142006,-1.2005322253211224,10.296689903230387,0.033995477120902305,0.04685531004756477
