,Annualized Return,Annualized Vol,Sharpe Ratio,Max Drawdown,Skewness,Kurtosis,Cornish-Fisher VaR (5%),Historic CVaR (5%)
Mean Return,7.147372665429086,19.478443114160214,0.032024013288382454,-31.782081604363295,0.16892564205432167,7.982094740633242,0.03865195742378213,0.05931602949301961
