,Annualized Return,Annualized Vol,Sharpe Ratio,Max Drawdown,Skewness,Kurtosis,Cornish-Fisher VaR (5%),Historic CVaR (5%)
Mean Return,12.842552221038872,14.765349917994493,0.4048112213346726,-26.68527575444885,-1.3841487741528633,12.509806151716944,0.034480956683671224,0.04804233514854645
