,Annualized Return,Annualized Vol,Sharpe Ratio,Max Drawdown,Skewness,Kurtosis,Cornish-Fisher VaR (5%),Historic CVaR (5%)
Mean Return,12.53501044486125,15.083104723884597,0.3737870723826345,-26.541551643217776,-1.302631732943289,15.549008845210166,0.033655131303168,0.044713961029814044
