,Annualized Return,Annualized Vol,Sharpe Ratio,Max Drawdown,Skewness,Kurtosis,Cornish-Fisher VaR (5%),Historic CVaR (5%)
Mean Return,15.261156406041533,14.453267432754647,0.5720696813271053,-29.384400123552673,-0.8365458959770606,7.909218121175774,0.03250544443272131,0.047007832554055856
