,Annualized Return,Annualized Vol,Sharpe Ratio,Max Drawdown,Skewness,Kurtosis,Cornish-Fisher VaR (5%),Historic CVaR (5%)
Mean Return,10.271842305475776,13.561049174845252,0.3044477119340315,-29.913261805561948,-0.613764563721314,7.3919673329621265,0.03180135978368616,0.041452736253920146
