,Annualized Return,Annualized Vol,Sharpe Ratio,Max Drawdown,Skewness,Kurtosis,Cornish-Fisher VaR (5%),Historic CVaR (5%)
Mean Return,19.347812497782833,14.841777619267987,0.8148782169698094,-29.249208551865596,-1.4630617987082157,14.729617366457065,0.033040219526973405,0.04567748835399328
