,Annualized Return,Annualized Vol,Sharpe Ratio,Max Drawdown,Skewness,Kurtosis,Cornish-Fisher VaR (5%),Historic CVaR (5%)
Mean Return,11.556230843576909,14.782228765627078,0.32292559798235576,-24.942988174078764,-0.6792698242783268,7.058178710505498,0.03346711792279178,0.04685167657435403
