,Annualized Return,Annualized Vol,Sharpe Ratio,Max Drawdown,Skewness,Kurtosis,Cornish-Fisher VaR (5%),Historic CVaR (5%)
Mean Return,13.841767664271565,15.002556709916885,0.45814852138474205,-28.235709246624165,-1.1293840373190802,14.509364840733625,0.03282765738561788,0.041905091450624
