,Annualized Return,Annualized Vol,Sharpe Ratio,Max Drawdown,Skewness,Kurtosis,Cornish-Fisher VaR (5%),Historic CVaR (5%)
Mean Return,14.237191321254006,14.555192624829871,0.5022215560264498,-32.32464903095348,-1.4195609339528217,10.565475304990606,0.034663473597994314,0.04804763158062576
