,Annualized Return,Annualized Vol,Sharpe Ratio,Max Drawdown,Skewness,Kurtosis,Cornish-Fisher VaR (5%),Historic CVaR (5%)
Mean Return,11.960574326639195,14.45648249239237,0.3596044441954361,-27.89140655338582,-0.5108436476148237,8.265945473963153,0.031540484631770165,0.04646446128061663
