,Annualized Return,Annualized Vol,Sharpe Ratio,Max Drawdown,Skewness,Kurtosis,Cornish-Fisher VaR (5%),Historic CVaR (5%)
Mean Return,9.986547601363927,13.966341942706057,0.2448577138438721,-21.550193936605474,-0.5261111602599635,6.917369357004382,0.031332772721684554,0.043381678424883566
