,Annualized Return,Annualized Vol,Skewness,Kurtosis,Cornish-Fisher VaR (5%),Historic CVaR (5%),Sharpe Ratio,Max Drawdown
Mean Return,0.09846522361553878,0.1499607128274458,-1.313261505928457,10.30603955079789,0.037170833740661664,0.05040335398092418,0.23616805739820423,-0.2914873885269406
