,Annualized Return,Annualized Vol,Sharpe Ratio,Max Drawdown,Skewness,Kurtosis,Cornish-Fisher VaR (5%),Historic CVaR (5%)
Mean Return,16.547128973044202,13.635671595516078,0.693515260575343,-26.6221654731862,-1.5738610470576577,18.78182979568886,0.02949584470574998,0.040661463901191235
