,Annualized Return,Annualized Vol,Sharpe Ratio,Max Drawdown,Skewness,Kurtosis,Cornish-Fisher VaR (5%),Historic CVaR (5%)
Mean Return,14.609620169418246,15.18193319856665,0.5000562091754426,-27.807815092126635,-1.339561615796274,15.100249932061173,0.0339151221007537,0.04537416633405957
