,Annualized Return,Annualized Vol,Skewness,Kurtosis,Cornish-Fisher VaR (5%),Historic CVaR (5%),Sharpe Ratio,Max Drawdown
Mean Return,0.03104836793773469,0.16203227408795495,-0.4052803565174213,4.7705255205432096,0.03814626932992243,0.05320263342889999,-0.1912357494738187,-0.3820566844220069
