,Annualized Return,Annualized Vol,Skewness,Kurtosis,Cornish-Fisher VaR (5%),Historic CVaR (5%),Sharpe Ratio,Max Drawdown
Mean Return,0.13880647102095867,0.15565102135095088,-0.786281476888504,8.100158222131174,0.035052284942781876,0.04807547466044156,0.4480809346098592,-0.30545203884447986
