,Annualized Return,Annualized Vol,Sharpe Ratio,Max Drawdown,Skewness,Kurtosis,Cornish-Fisher VaR (5%),Historic CVaR (5%)
Mean Return,14.173584378625147,13.680122557090854,0.527262508012612,-26.544087491004824,-1.5599844551477364,11.337811739373102,0.03277085696866661,0.04737459606522567
