,Annualized Return,Annualized Vol,Sharpe Ratio,Max Drawdown,Skewness,Kurtosis,Cornish-Fisher VaR (5%),Historic CVaR (5%)
Mean Return,6.186150075581209,16.38681168781767,0.01000759123242127,-38.98785759959916,-0.17801410950906404,4.446591346622259,0.03782094023379002,0.05026267199274437
