,Annualized Return,Annualized Vol,Sharpe Ratio,Max Drawdown,Skewness,Kurtosis,Cornish-Fisher VaR (5%),Historic CVaR (5%)
Mean Return,14.69586566228529,14.202698145307274,0.5473604846575234,-33.13788023626976,-0.8406265587996079,7.195424636372745,0.0326189255207728,0.04519606793157016
