,Annualized Return,Annualized Vol,Sharpe Ratio,Max Drawdown,Skewness,Kurtosis,Cornish-Fisher VaR (5%),Historic CVaR (5%)
Mean Return,14.16089162459584,13.943890927009061,0.5172159412296825,-28.485780372447394,-1.4834697376992794,17.077658820724885,0.030895264867418365,0.041902006074309224
