,Annualized Return,Annualized Vol,Sharpe Ratio,Max Drawdown,Skewness,Kurtosis,Cornish-Fisher VaR (5%),Historic CVaR (5%)
Mean Return,17.997062215723037,13.523349948837925,0.8004212653082364,-25.29232309951012,-1.185698285319706,10.191040656731948,0.030537683409433466,0.04281928570775159
