,Annualized Return,Annualized Vol,Sharpe Ratio,Max Drawdown,Skewness,Kurtosis,Cornish-Fisher VaR (5%),Historic CVaR (5%)
Mean Return,16.50848437551906,15.161491269754467,0.6194419499436002,-41.05009319072346,-0.9436640620456478,10.642246345199837,0.0334267694565769,0.045630190325190154
