,Annualized Return,Annualized Vol,Skewness,Kurtosis,Cornish-Fisher VaR (5%),Historic CVaR (5%),Sharpe Ratio,Max Drawdown
Mean Return,0.04590407321723067,0.17819922661038223,-1.2204439848502642,9.669675055140244,0.04396049420534442,0.06680696451170035,-0.09893132665539102,-0.4122286149560957
