,Annualized Return,Annualized Vol,Sharpe Ratio,Max Drawdown,Skewness,Kurtosis,Cornish-Fisher VaR (5%),Historic CVaR (5%)
Mean Return,16.9951054570165,15.270072603361792,0.6472425170795465,-30.677367377852427,-1.4907711225018816,14.240332460690066,0.03480821366204598,0.04882718582413677
