,Annualized Return,Annualized Vol,Sharpe Ratio,Max Drawdown,Skewness,Kurtosis,Cornish-Fisher VaR (5%),Historic CVaR (5%)
Mean Return,14.285282267502408,13.904184042688422,0.5238619207721344,-29.590385686371068,-1.3068813714728624,15.70828006259999,0.030539990369807854,0.040485113003658535
