,Annualized Return,Annualized Vol,Sharpe Ratio,Max Drawdown,Skewness,Kurtosis,Cornish-Fisher VaR (5%),Historic CVaR (5%)
Mean Return,12.03649755589593,19.11906775619675,0.273020047347874,-33.222185818931266,-0.7587709399319664,8.060749866768933,0.043725215975538495,0.060713842833364395
