,Annualized Return,Annualized Vol,Sharpe Ratio,Max Drawdown,Skewness,Kurtosis,Cornish-Fisher VaR (5%),Historic CVaR (5%)
Mean Return,10.769348246541387,13.562366114423252,0.3315316972584484,-27.59163486995536,-1.2297717057154884,10.790850325157217,0.033040124615141594,0.0430985671877671
