,Annualized Return,Annualized Vol,Sharpe Ratio,Max Drawdown,Skewness,Kurtosis,Cornish-Fisher VaR (5%),Historic CVaR (5%)
Mean Return,11.681988189003478,17.221198002395624,0.28277600778764267,-29.173017986729853,-1.8251067322686294,16.03364625046422,0.04142761329099906,0.057522953367559776
