,Annualized Return,Annualized Vol,Sharpe Ratio,Max Drawdown,Skewness,Kurtosis,Cornish-Fisher VaR (5%),Historic CVaR (5%)
Mean Return,7.5990113296537265,19.574999081697957,0.054233487967285936,-41.24842128555157,0.7688242039296281,8.14667323030403,0.033775079401353436,0.052964391868646335
