,Annualized Return,Annualized Vol,Sharpe Ratio,Max Drawdown,Skewness,Kurtosis,Cornish-Fisher VaR (5%),Historic CVaR (5%)
Mean Return,11.920538130173597,17.312402588311283,0.2942436315586695,-33.82497381820824,-0.8445811215884989,9.671561320681827,0.039182289658943624,0.05150636223418849
