,Annualized Return,Annualized Vol,Skewness,Kurtosis,Cornish-Fisher VaR (5%),Historic CVaR (5%),Sharpe Ratio,Max Drawdown
Mean Return,0.11048573251057303,0.14100383428900137,-1.1598813028814214,9.498473000683093,0.033280228610200135,0.04704572381241261,0.30574972805239703,-0.28614417032691875
