,Annualized Return,Annualized Vol,Sharpe Ratio,Max Drawdown,Skewness,Kurtosis,Cornish-Fisher VaR (5%),Historic CVaR (5%)
Mean Return,13.314777216607766,13.538524495518518,0.4811261738555567,-21.91140519414904,-0.5275734020780853,4.879175525868659,0.03055404702351498,0.04412851162131309
