,Annualized Return,Annualized Vol,Sharpe Ratio,Max Drawdown,Skewness,Kurtosis,Cornish-Fisher VaR (5%),Historic CVaR (5%)
Mean Return,7.859840148960506,12.953805152440525,0.1105826657197352,-29.700988383840066,-0.9106625089419896,8.110187073201573,0.030679757989354836,0.043383981344037904
