,Annualized Return,Annualized Vol,Sharpe Ratio,Max Drawdown,Skewness,Kurtosis,Cornish-Fisher VaR (5%),Historic CVaR (5%)
Mean Return,12.122681921752543,14.993057006219331,0.35246762146240634,-27.532442437883475,-1.6140583756240885,18.45208938813055,0.03376743760159725,0.04536247848965992
