,Annualized Return,Annualized Vol,Sharpe Ratio,Max Drawdown,Skewness,Kurtosis,Cornish-Fisher VaR (5%),Historic CVaR (5%)
Mean Return,13.721034022711587,14.072274134075693,0.4800652981618847,-30.555201660533555,-1.224456851135657,15.082787360751336,0.030899544166463094,0.040735007216210706
