,Annualized Return,Annualized Vol,Sharpe Ratio,Max Drawdown,Skewness,Kurtosis,Cornish-Fisher VaR (5%),Historic CVaR (5%)
Mean Return,9.03573439372547,18.495086154938825,0.1271400463843199,-49.65163488160954,-0.6924101674388177,10.01287551504408,0.04133438730447831,0.055919952503146846
