,Annualized Return,Annualized Vol,Sharpe Ratio,Max Drawdown,Skewness,Kurtosis,Cornish-Fisher VaR (5%),Historic CVaR (5%)
Mean Return,15.956162310236977,16.28230363597299,0.5468938188577736,-28.023779645462216,-0.7433832570360955,9.763218459715779,0.035434586198830775,0.04858824826758505
