,Annualized Return,Annualized Vol,Sharpe Ratio,Max Drawdown,Skewness,Kurtosis,Cornish-Fisher VaR (5%),Historic CVaR (5%)
Mean Return,12.0309124222042,15.026304876281674,0.3448808481191822,-34.695125575839334,-1.1858835688239995,11.321181566434232,0.03480280817643574,0.047497659007159666
