,Annualized Return,Annualized Vol,Sharpe Ratio,Max Drawdown,Skewness,Kurtosis,Cornish-Fisher VaR (5%),Historic CVaR (5%)
Mean Return,12.698896819628104,14.858503407124047,0.396339712084317,-29.401617381755425,-1.0175308025068581,8.338412228913603,0.035007885095336914,0.04986487916743219
