,Annualized Return,Annualized Vol,Sharpe Ratio,Max Drawdown,Skewness,Kurtosis,Cornish-Fisher VaR (5%),Historic CVaR (5%)
Mean Return,10.99060603294173,15.36121808330862,0.27573933856299293,-31.757097528033874,-1.4199901600057414,14.048795221736633,0.03579257556260241,0.049624257904652684
