,Annualized Return,Annualized Vol,Sharpe Ratio,Max Drawdown,Skewness,Kurtosis,Cornish-Fisher VaR (5%),Historic CVaR (5%)
Mean Return,12.241012869111456,15.209245959999777,0.35304030703784167,-31.265886748685723,-1.0912495706606486,13.010987003881239,0.03402598063368698,0.042680359137486135
