,Annualized Return,Annualized Vol,Sharpe Ratio,Max Drawdown,Skewness,Kurtosis,Cornish-Fisher VaR (5%),Historic CVaR (5%)
Mean Return,12.556305793879275,13.216429488028252,0.43884636445985453,-22.76592939356718,-0.6514827858876711,5.168702190922544,0.030396971369760425,0.043551448519618306
