,Annualized Return,Annualized Vol,Sharpe Ratio,Max Drawdown,Skewness,Kurtosis,Cornish-Fisher VaR (5%),Historic CVaR (5%)
Mean Return,13.295526227387544,13.213117325924614,0.49211303355736097,-23.013508267459052,-0.05881282328547462,4.9349090846352865,0.02737029190770485,0.03819001118120246
