,Annualized Return,Annualized Vol,Sharpe Ratio,Max Drawdown,Skewness,Kurtosis,Cornish-Fisher VaR (5%),Historic CVaR (5%)
Mean Return,15.696173401024183,14.333061513018134,0.6042349670116737,-26.823935527501085,-1.7952211586015652,20.467436503867525,0.03156967915865964,0.043465198967072065
