,Annualized Return,Annualized Vol,Sharpe Ratio,Max Drawdown,Skewness,Kurtosis,Cornish-Fisher VaR (5%),Historic CVaR (5%)
Mean Return,8.116668005479966,16.27272956326684,0.09443284085002153,-29.999405013786962,-0.8457562705095045,12.80193818752796,0.03595776968998954,0.05193026650954725
