,Annualized Return,Annualized Vol,Sharpe Ratio,Max Drawdown,Skewness,Kurtosis,Cornish-Fisher VaR (5%),Historic CVaR (5%)
Mean Return,12.624200205541847,15.147339788689646,0.3819120560589453,-28.022322932694287,-0.9299264585698143,10.999401696499598,0.033810104931257294,0.047806270308803904
