,Annualized Return,Annualized Vol,Sharpe Ratio,Max Drawdown,Skewness,Kurtosis,Cornish-Fisher VaR (5%),Historic CVaR (5%)
Mean Return,18.099356218521546,14.495163821517314,0.7545666159121572,-27.97930378159428,-0.8725145432788275,8.877595323596402,0.031911022462857805,0.04594524782454096
