,Annualized Return,Annualized Vol,Sharpe Ratio,Max Drawdown,Skewness,Kurtosis,Cornish-Fisher VaR (5%),Historic CVaR (5%)
Mean Return,16.52681364168471,14.31751745481034,0.6616823125947879,-27.614643323716354,-0.882677739810017,11.356159149376738,0.030805976948401707,0.04324339890982451
