,Annualized Return,Annualized Vol,Sharpe Ratio,Max Drawdown,Skewness,Kurtosis,Cornish-Fisher VaR (5%),Historic CVaR (5%)
Mean Return,14.335323460078797,13.707829291799847,0.538893240127629,-24.760461917817356,-1.4369315227823931,15.79307961481996,0.030588263685925297,0.042373444719084455
