,Annualized Return,Annualized Vol,Sharpe Ratio,Max Drawdown,Skewness,Kurtosis,Cornish-Fisher VaR (5%),Historic CVaR (5%)
Mean Return,8.45719339260851,17.218795520227438,0.13415878000100614,-29.834346764276088,-0.7898294987202009,13.02001558874307,0.03909455745890205,0.05299202590900493
