,Annualized Return,Annualized Vol,Sharpe Ratio,Max Drawdown,Skewness,Kurtosis,Cornish-Fisher VaR (5%),Historic CVaR (5%)
Mean Return,13.661663092301435,14.22336064065054,0.47660845668244217,-24.99617728680341,-0.7509160719502814,9.598747781812747,0.031109190578690188,0.04382116161393004
