,Annualized Return,Annualized Vol,Sharpe Ratio,Max Drawdown,Skewness,Kurtosis,Cornish-Fisher VaR (5%),Historic CVaR (5%)
Mean Return,12.650947388708623,15.207488550842863,0.379116140127811,-29.173017986729853,-1.5724243257912163,17.67158357983405,0.03433231533327438,0.04546556424122614
