,Annualized Return,Annualized Vol,Sharpe Ratio,Max Drawdown,Skewness,Kurtosis,Cornish-Fisher VaR (5%),Historic CVaR (5%)
Mean Return,12.873142663154491,15.18732743070692,0.3972439080043978,-25.520651011639007,-0.6419867262482264,10.149087931288777,0.03267633735572053,0.046470114094651856
