,Annualized Return,Annualized Vol,Sharpe Ratio,Max Drawdown,Skewness,Kurtosis,Cornish-Fisher VaR (5%),Historic CVaR (5%)
Mean Return,11.064737325260454,14.885554638202358,0.2927668846495268,-28.067967480911733,-0.4757564192595929,8.372190441506858,0.03245102610968817,0.04661174392207527
