,Annualized Return,Annualized Vol,Skewness,Kurtosis,Cornish-Fisher VaR (5%),Historic CVaR (5%),Sharpe Ratio,Max Drawdown
Mean Return,0.09828423539070474,0.14644571087078573,-1.7186909888803676,15.12995414324557,0.035174158050181974,0.0490634382147843,0.21128635331231907,-0.36694777685995916
