,Annualized Return,Annualized Vol,Sharpe Ratio,Max Drawdown,Skewness,Kurtosis,Cornish-Fisher VaR (5%),Historic CVaR (5%)
Mean Return,10.6058945686899,14.540721825520404,0.2700278548657786,-29.347738823562263,-0.6606096223895461,8.704348294143175,0.03258898137889503,0.046417410723965616
