,Annualized Return,Annualized Vol,Sharpe Ratio,Max Drawdown,Skewness,Kurtosis,Cornish-Fisher VaR (5%),Historic CVaR (5%)
Mean Return,10.87197122153285,14.890454411225864,0.27358236178597434,-27.34475785570611,-0.9466438406983927,9.626826474369242,0.034172760630110925,0.04600453069399859
