,Annualized Return,Annualized Vol,Sharpe Ratio,Max Drawdown,Skewness,Kurtosis,Cornish-Fisher VaR (5%),Historic CVaR (5%)
Mean Return,12.73201534276296,14.74199319525672,0.3963052584822024,-39.79815804750155,-1.4197695132664667,10.970752706293144,0.03525714357480171,0.0479006610807542
