,Annualized Return,Annualized Vol,Sharpe Ratio,Max Drawdown,Skewness,Kurtosis,Cornish-Fisher VaR (5%),Historic CVaR (5%)
Mean Return,7.738107488890411,14.000532457217771,0.11632443695932163,-26.67006643610267,-1.142028230244013,13.165517732418516,0.033366034928552175,0.04498242645266982
