,Annualized Return,Annualized Vol,Sharpe Ratio,Max Drawdown,Skewness,Kurtosis,Cornish-Fisher VaR (5%),Historic CVaR (5%)
Mean Return,9.520737793175925,15.080054759612807,0.2149474836956777,-30.21716466438839,-1.272526098295967,10.247601680985017,0.0372672099362963,0.05103248349403939
