,Annualized Return,Annualized Vol,Sharpe Ratio,Max Drawdown,Skewness,Kurtosis,Cornish-Fisher VaR (5%),Historic CVaR (5%)
Mean Return,17.404108309336674,14.965142304559276,0.6883000546665827,-20.35433846777157,-0.19271585714263254,7.10839243052665,0.030168495204103165,0.043874698606693026
