,Annualized Return,Annualized Vol,Sharpe Ratio,Max Drawdown,Skewness,Kurtosis,Cornish-Fisher VaR (5%),Historic CVaR (5%)
Mean Return,9.954934495910406,16.198805410290802,0.19833596045739246,-29.250692021013077,-1.0597949006527125,11.684911690589532,0.03718212673030195,0.050845225213557374
