,Annualized Return,Annualized Vol,Sharpe Ratio,Max Drawdown,Skewness,Kurtosis,Cornish-Fisher VaR (5%),Historic CVaR (5%)
Mean Return,10.943233442840583,13.907826650679352,0.2977397159880997,-29.71198249532911,-1.3686044104865522,10.865955312487289,0.0332625808910968,0.04734740440203992
