,Annualized Return,Annualized Vol,Sharpe Ratio,Max Drawdown,Skewness,Kurtosis,Cornish-Fisher VaR (5%),Historic CVaR (5%)
Mean Return,14.08845451238987,14.45577272945454,0.4912996287848729,-27.10820526640924,-1.5329630652922086,17.505092145118933,0.032185354998444785,0.04256738577975839
