,Annualized Return,Annualized Vol,Sharpe Ratio,Max Drawdown,Skewness,Kurtosis,Cornish-Fisher VaR (5%),Historic CVaR (5%)
Mean Return,7.4994963607335485,16.41203254403601,0.05929211235826155,-32.8869387691015,-1.1989656286709311,8.57486417331331,0.04029665261941169,0.058473780080124445
