,Annualized Return,Annualized Vol,Sharpe Ratio,Max Drawdown,Skewness,Kurtosis,Cornish-Fisher VaR (5%),Historic CVaR (5%)
Mean Return,9.85245438007951,15.493436683324468,0.20332279937894346,-28.74911283493778,-1.0221312115694707,12.893749727516811,0.034778218401693345,0.049967065352475325
