,Annualized Return,Annualized Vol,Sharpe Ratio,Max Drawdown,Skewness,Kurtosis,Cornish-Fisher VaR (5%),Historic CVaR (5%)
Mean Return,12.946881853582282,15.338599693913677,0.3962452818743445,-28.847365554380218,-0.7370046976620975,7.787037130162278,0.034542031640647716,0.049212759241016896
