,Annualized Return,Annualized Vol,Sharpe Ratio,Max Drawdown,Skewness,Kurtosis,Cornish-Fisher VaR (5%),Historic CVaR (5%)
Mean Return,14.082615402018185,17.922638113001966,0.4073666582446516,-27.080492579435145,-0.646110934530011,7.869257846531093,0.04025740994669006,0.05624529905230088
