,Annualized Return,Annualized Vol,Sharpe Ratio,Max Drawdown,Skewness,Kurtosis,Cornish-Fisher VaR (5%),Historic CVaR (5%)
Mean Return,17.846681275098895,14.852883183103097,0.7159875648403851,-28.329348286861507,-1.1340305166008948,14.282586054515352,0.03192826888145684,0.04353991198235664
