,Annualized Return,Annualized Vol,Sharpe Ratio,Max Drawdown,Skewness,Kurtosis,Cornish-Fisher VaR (5%),Historic CVaR (5%)
Mean Return,13.34836065433156,15.80276385434847,0.40831890019519707,-26.76105444827133,-1.4419258216601656,14.40508471792851,0.036419415484095025,0.04867885940164295
