,Annualized Return,Annualized Vol,Sharpe Ratio,Max Drawdown,Skewness,Kurtosis,Cornish-Fisher VaR (5%),Historic CVaR (5%)
Mean Return,10.678838214136977,14.9746854819677,0.2943200661337535,-25.619257540941913,-1.4103356107337939,15.438441497333223,0.0355903254574719,0.048822288631350665
