,Annualized Return,Annualized Vol,Sharpe Ratio,Max Drawdown,Skewness,Kurtosis,Cornish-Fisher VaR (5%),Historic CVaR (5%)
Mean Return,10.90346056400049,14.309555444896876,0.2873934517341898,-28.268120798089885,-1.184230065976024,14.18551683449677,0.032100075716232565,0.04154252426800384
