,Annualized Return,Annualized Vol,Sharpe Ratio,Max Drawdown,Skewness,Kurtosis,Cornish-Fisher VaR (5%),Historic CVaR (5%)
Mean Return,15.15092953284336,13.97359716861434,0.5827351866524176,-26.343040391386545,-1.3602611655824997,16.868785970687256,0.030330601068221066,0.04135356307990499
