,Annualized Return,Annualized Vol,Sharpe Ratio,Max Drawdown,Skewness,Kurtosis,Cornish-Fisher VaR (5%),Historic CVaR (5%)
Mean Return,12.123621078407298,18.252367742177462,0.2886781819934655,-35.14571332928946,-0.8652783839613765,11.936517857410953,0.04036532629882841,0.04911393734541169
