,Annualized Return,Annualized Vol,Sharpe Ratio,Max Drawdown,Skewness,Kurtosis,Cornish-Fisher VaR (5%),Historic CVaR (5%)
Mean Return,8.406939329954511,14.02756398824803,0.16134098924797557,-27.952790912009945,-1.4325232588080388,12.257899403897364,0.035055383810227526,0.04705743294302291
