,Annualized Return,Annualized Vol,Sharpe Ratio,Max Drawdown,Skewness,Kurtosis,Cornish-Fisher VaR (5%),Historic CVaR (5%)
Mean Return,11.421540939722474,13.97251564956121,0.3612637616316382,-29.092698004319217,-1.0687974880581168,9.510752886150517,0.03339026618584343,0.04450292140177366
