,Annualized Return,Annualized Vol,Skewness,Kurtosis,Cornish-Fisher VaR (5%),Historic CVaR (5%),Sharpe Ratio,Max Drawdown
Mean Return,0.07750635136139739,0.1441017062807633,-0.8474425013558528,7.169391588038583,0.034041192408722235,0.04508128009892542,0.08272035822604895,-0.2921329263274581
