,Annualized Return,Annualized Vol,Sharpe Ratio,Max Drawdown,Skewness,Kurtosis,Cornish-Fisher VaR (5%),Historic CVaR (5%)
Mean Return,-3.527762461583195,19.183211148412113,-0.4873832843487422,-53.49570225499668,-0.7382652097412657,6.702249827194575,0.047806848612355686,0.06695274570197224
