,Annualized Return,Annualized Vol,Sharpe Ratio,Max Drawdown,Skewness,Kurtosis,Cornish-Fisher VaR (5%),Historic CVaR (5%)
Mean Return,13.069141267327034,19.180583836992366,0.32276736306432574,-33.48362642159434,-0.7740765455611995,8.198372905587956,0.043724521736710445,0.05918124822982466
