,Annualized Return,Annualized Vol,Sharpe Ratio,Max Drawdown,Skewness,Kurtosis,Cornish-Fisher VaR (5%),Historic CVaR (5%)
Mean Return,11.919525917185393,14.886937035151664,0.33985841302804337,-28.880655111394898,-1.313847733634844,14.027261110009443,0.03398365392272866,0.04546499849237706
