,Annualized Return,Annualized Vol,Sharpe Ratio,Max Drawdown,Skewness,Kurtosis,Cornish-Fisher VaR (5%),Historic CVaR (5%)
Mean Return,12.859731541308017,13.583697145916407,0.4846394042247472,-27.51489994564495,-0.9828073110481987,9.082517001519667,0.032545335855280404,0.0437090733367123
