,Annualized Return,Annualized Vol,Sharpe Ratio,Max Drawdown,Skewness,Kurtosis,Cornish-Fisher VaR (5%),Historic CVaR (5%)
Mean Return,7.296926863052722,13.077760236587304,0.06941527304251938,-26.905440538077404,-0.9316031067652528,7.428835761715332,0.03143751620789222,0.0461532947749571
