,Annualized Return,Annualized Vol,Sharpe Ratio,Max Drawdown,Skewness,Kurtosis,Cornish-Fisher VaR (5%),Historic CVaR (5%)
Mean Return,8.774061704181513,14.54636657375404,0.17417408018796554,-28.049383361456275,-1.2567011919213376,9.551666909965597,0.03624402932596997,0.0495692496080792
