,Annualized Return,Annualized Vol,Skewness,Kurtosis,Cornish-Fisher VaR (5%),Historic CVaR (5%),Sharpe Ratio,Max Drawdown
Mean Return,-0.08284217793753201,0.19094683565147424,-0.8830097352019324,7.982875846508891,0.04888032699441029,0.06758432592173168,-0.7218878368865802,-0.6009108468054786
