,Annualized Return,Annualized Vol,Sharpe Ratio,Max Drawdown,Skewness,Kurtosis,Cornish-Fisher VaR (5%),Historic CVaR (5%)
Mean Return,10.333406788603817,15.713998775551266,0.22829460058859447,-45.988671611702344,-1.2971985009591969,10.54978595276536,0.037694826737144055,0.05084011238049117
