,Annualized Return,Annualized Vol,Sharpe Ratio,Max Drawdown,Skewness,Kurtosis,Cornish-Fisher VaR (5%),Historic CVaR (5%)
Mean Return,14.415803930833327,14.527265478126042,0.5132796003893386,-27.396856301468937,-1.6486823798497618,17.726528324396778,0.032713849706762596,0.04430417938302982
