,Annualized Return,Annualized Vol,Sharpe Ratio,Max Drawdown,Skewness,Kurtosis,Cornish-Fisher VaR (5%),Historic CVaR (5%)
Mean Return,8.926344428715494,16.12226576328697,0.15143780563952133,-24.447681631238208,-0.32649763103485446,4.982910261284781,0.03629215153116337,0.04826602906176461
