,Annualized Return,Annualized Vol,Sharpe Ratio,Max Drawdown,Skewness,Kurtosis,Cornish-Fisher VaR (5%),Historic CVaR (5%)
Mean Return,9.611024916598954,13.226497038407897,0.23237498656116792,-21.772327744501673,-0.5478197492749461,7.097699914302036,0.02969032742812973,0.0424494534522439
