,Annualized Return,Annualized Vol,Sharpe Ratio,Max Drawdown,Skewness,Kurtosis,Cornish-Fisher VaR (5%),Historic CVaR (5%)
Mean Return,9.760098099187008,13.342334549265052,0.2653262201524728,-24.59832113135178,-1.004459610972564,12.825725587813675,0.0308416539007235,0.040952899553744856
