,Annualized Return,Annualized Vol,Sharpe Ratio,Max Drawdown,Skewness,Kurtosis,Cornish-Fisher VaR (5%),Historic CVaR (5%)
Mean Return,11.366534620353242,13.39756404758351,0.3492579891792865,-19.9896443982837,-0.749876206420135,5.188201487640817,0.03150812238617724,0.045331431395726526
