,Annualized Return,Annualized Vol,Sharpe Ratio,Max Drawdown,Skewness,Kurtosis,Cornish-Fisher VaR (5%),Historic CVaR (5%)
Mean Return,12.061913730348572,14.958542500074639,0.3536302701689841,-25.563932455500726,-0.6520285351886763,8.51823337352107,0.03335930688337638,0.04814770605366287
