,Annualized Return,Annualized Vol,Skewness,Kurtosis,Cornish-Fisher VaR (5%),Historic CVaR (5%),Sharpe Ratio,Max Drawdown
Mean Return,0.020623351158489456,0.16486068035194357,-0.4419229846726838,5.137311238455175,0.03907236987773857,0.05491511352951779,-0.24746074415072983,-0.403052911912972
