,Annualized Return,Annualized Vol,Sharpe Ratio,Max Drawdown,Skewness,Kurtosis,Cornish-Fisher VaR (5%),Historic CVaR (5%)
Mean Return,13.309612337071552,14.768451204150912,0.4341302650270336,-30.445467847516284,-1.1258312447397578,11.492605101737304,0.033591625792864295,0.04718967545748157
