,Annualized Return,Annualized Vol,Sharpe Ratio,Max Drawdown,Skewness,Kurtosis,Cornish-Fisher VaR (5%),Historic CVaR (5%)
Mean Return,12.787849405379404,14.49784022290884,0.4149986065381634,-27.83526935655779,-1.0634581325462433,9.90031710312822,0.033666019728195114,0.04753131669314459
