,Annualized Return,Annualized Vol,Sharpe Ratio,Max Drawdown,Skewness,Kurtosis,Cornish-Fisher VaR (5%),Historic CVaR (5%)
Mean Return,12.297851708861153,13.418724373911514,0.40611730802165563,-24.335706015420204,-1.3333054480771362,10.737451847168192,0.031675909519307814,0.045373009058726
