,Annualized Return,Annualized Vol,Sharpe Ratio,Max Drawdown,Skewness,Kurtosis,Cornish-Fisher VaR (5%),Historic CVaR (5%)
Mean Return,11.725620137865288,15.911893917615345,0.31042550870247093,-28.690651736778445,-0.9010022715879417,10.782650271097246,0.035713438207063485,0.0489180772126803
