,Annualized Return,Annualized Vol,Sharpe Ratio,Max Drawdown,Skewness,Kurtosis,Cornish-Fisher VaR (5%),Historic CVaR (5%)
Mean Return,14.136837810823199,14.446640939769784,0.4946252921802502,-27.3631573135929,-1.3107329857382288,16.309492252712936,0.0316106433061726,0.04405079955656879
