,Annualized Return,Annualized Vol,Sharpe Ratio,Max Drawdown,Skewness,Kurtosis,Cornish-Fisher VaR (5%),Historic CVaR (5%)
Mean Return,8.183084362749572,16.172965910307095,0.09773293869795713,-29.570683289459705,-0.9255986839171931,10.969622037896109,0.03700140262167181,0.05163882396707386
