,Annualized Return,Annualized Vol,Sharpe Ratio,Max Drawdown,Skewness,Kurtosis,Cornish-Fisher VaR (5%),Historic CVaR (5%)
Mean Return,10.544700637911998,16.468174596693846,0.2392364050814386,-24.97294993191175,-0.32900591070718443,5.221489080458063,0.036715594286071705,0.048748979936808955
