,Annualized Return,Annualized Vol,Skewness,Kurtosis,Cornish-Fisher VaR (5%),Historic CVaR (5%),Sharpe Ratio,Max Drawdown
Mean Return,0.12194246383241358,0.13698701628382687,-0.9079945505601297,5.819571447141816,0.032633062503372806,0.047287760509335655,0.3974224752449352,-0.22929243094630125
