,Annualized Return,Annualized Vol,Sharpe Ratio,Max Drawdown,Skewness,Kurtosis,Cornish-Fisher VaR (5%),Historic CVaR (5%)
Mean Return,18.880001417531034,15.902609738254561,0.729517028632007,-28.93315069909552,-1.0304768589164912,15.027610638501807,0.03333302684643313,0.046960535981564785
