,Annualized Return,Annualized Vol,Sharpe Ratio,Max Drawdown,Skewness,Kurtosis,Cornish-Fisher VaR (5%),Historic CVaR (5%)
Mean Return,12.109097738386865,16.18089348559428,0.3321542220212799,-28.443077580637166,-0.6365219028281184,9.077509815355484,0.035872875537277964,0.049362220330903095
