,Annualized Return,Annualized Vol,Skewness,Kurtosis,Cornish-Fisher VaR (5%),Historic CVaR (5%),Sharpe Ratio,Max Drawdown
Mean Return,-0.03657720466689196,0.1964808622429279,-0.6690384058276464,7.6570525583647395,0.047951558752608155,0.0661860590613289,-0.4815991102883722,-0.5619596585027687
