,Annualized Return,Annualized Vol,Sharpe Ratio,Max Drawdown,Skewness,Kurtosis,Cornish-Fisher VaR (5%),Historic CVaR (5%)
Mean Return,13.293927116137949,15.559575927981207,0.4124776972537051,-28.640593555079597,-0.9330304925065502,11.141717248521879,0.03462071170408731,0.048521981906542236
