,Annualized Return,Annualized Vol,Sharpe Ratio,Max Drawdown,Skewness,Kurtosis,Cornish-Fisher VaR (5%),Historic CVaR (5%)
Mean Return,14.745830461911602,16.038797522073654,0.48527992051223984,-37.61327362834759,-1.2012374950999352,12.813094190533215,0.03621153160402132,0.05115807252286542
