,Annualized Return,Annualized Vol,Sharpe Ratio,Max Drawdown,Skewness,Kurtosis,Cornish-Fisher VaR (5%),Historic CVaR (5%)
Mean Return,11.354091878132056,13.903075423245062,0.3362578001617155,-25.64028379220681,0.16012526571694188,5.190372226395415,0.02793856864993078,0.03881190431169718
