,Annualized Return,Annualized Vol,Sharpe Ratio,Max Drawdown,Skewness,Kurtosis,Cornish-Fisher VaR (5%),Historic CVaR (5%)
Mean Return,8.81497013836212,14.147321170853155,0.15267822650813884,-28.587846978024345,-0.832853095268899,8.817374630324233,0.032499551270652995,0.04557555422413707
