,Annualized Return,Annualized Vol,Sharpe Ratio,Max Drawdown,Skewness,Kurtosis,Cornish-Fisher VaR (5%),Historic CVaR (5%)
Mean Return,8.298937255576956,13.42273108674234,0.16092430697965948,-25.737554808183216,-0.9844254328188953,8.847148812792016,0.03277517353677768,0.043714313004761654
