,Annualized Return,Annualized Vol,Sharpe Ratio,Max Drawdown,Skewness,Kurtosis,Cornish-Fisher VaR (5%),Historic CVaR (5%)
Mean Return,13.150256069140465,13.940036455226032,0.4518957650759475,-26.02651961756265,-1.2025763396443134,11.03156923790638,0.03211952717411367,0.0451683204659589
