,Annualized Return,Annualized Vol,Sharpe Ratio,Max Drawdown,Skewness,Kurtosis,Cornish-Fisher VaR (5%),Historic CVaR (5%)
Mean Return,15.75022740560943,14.5633173041634,0.5970591835117264,-26.85735527292474,-1.6172427870396322,14.811262479363815,0.03362491692868899,0.046223073593369454
