,Annualized Return,Annualized Vol,Sharpe Ratio,Max Drawdown,Skewness,Kurtosis,Cornish-Fisher VaR (5%),Historic CVaR (5%)
Mean Return,11.578472774215086,13.97188732090689,0.3408479535129721,-31.24346893191163,-1.0975644959629263,10.66625440642232,0.03215492243254895,0.042522101164242175
