,Annualized Return,Annualized Vol,Sharpe Ratio,Max Drawdown,Skewness,Kurtosis,Cornish-Fisher VaR (5%),Historic CVaR (5%)
Mean Return,8.773303632740049,18.2954934337753,0.11820936229348107,-34.45744736934401,0.1337184944892725,7.2137893376558555,0.0366141361222719,0.055872421440085224
