,Annualized Return,Annualized Vol,Sharpe Ratio,Max Drawdown,Skewness,Kurtosis,Cornish-Fisher VaR (5%),Historic CVaR (5%)
Mean Return,8.272483438176724,12.670262707612848,0.17667661629279183,-26.247493509006297,-0.551994500098444,8.42679337002788,0.029291071639495313,0.03977428675808672
