,Annualized Return,Annualized Vol,Sharpe Ratio,Max Drawdown,Skewness,Kurtosis,Cornish-Fisher VaR (5%),Historic CVaR (5%)
Mean Return,11.286623338728097,14.343490710672349,0.3182361230187464,-30.064240645179773,-0.7286763795756194,8.428785438248173,0.03246976316684642,0.04696866488878011
