,Annualized Return,Annualized Vol,Sharpe Ratio,Max Drawdown,Skewness,Kurtosis,Cornish-Fisher VaR (5%),Historic CVaR (5%)
Mean Return,8.804980200913825,14.302416100038846,0.1623600873405237,-31.013698563774305,-0.6775080307719058,6.163195371075011,0.03343771544998781,0.04644790402256046
