,Annualized Return,Annualized Vol,Skewness,Kurtosis,Cornish-Fisher VaR (5%),Historic CVaR (5%),Sharpe Ratio,Max Drawdown
Mean Return,0.08841877337498483,0.19620132804754561,-0.6785275271765245,6.192132127984085,0.04594207759560635,0.06304838227113242,0.11294211705178918,-0.4067503492544327
