,Annualized Return,Annualized Vol,Sharpe Ratio,Max Drawdown,Skewness,Kurtosis,Cornish-Fisher VaR (5%),Historic CVaR (5%)
Mean Return,12.868958392099849,14.734534363901286,0.4104095978206467,-29.401617381755425,-0.854691908163178,7.723028333539963,0.03374136697080291,0.04844898547551004
