,Annualized Return,Annualized Vol,Sharpe Ratio,Max Drawdown,Skewness,Kurtosis,Cornish-Fisher VaR (5%),Historic CVaR (5%)
Mean Return,12.034702600456715,12.832584208318071,0.417949472951483,-21.77241330018771,-0.4895629023359083,6.172109131272705,0.028394690493260932,0.039350400819889934
