,Annualized Return,Annualized Vol,Sharpe Ratio,Max Drawdown,Skewness,Kurtosis,Cornish-Fisher VaR (5%),Historic CVaR (5%)
Mean Return,9.141425451276808,14.299560538037584,0.18400503733704326,-22.804472098016664,-0.6515279482778001,7.205389172485924,0.03281425101931386,0.04437639982408266
