,Annualized Return,Annualized Vol,Sharpe Ratio,Max Drawdown,Skewness,Kurtosis,Cornish-Fisher VaR (5%),Historic CVaR (5%)
Mean Return,8.207264495733767,14.179967293964937,0.11309838602852472,-29.636786788702267,-1.5724980539158893,12.42504529685441,0.034713514471306925,0.047455137570413315
