,Annualized Return,Annualized Vol,Sharpe Ratio,Max Drawdown,Skewness,Kurtosis,Cornish-Fisher VaR (5%),Historic CVaR (5%)
Mean Return,15.374493809395396,12.795423499237394,0.6610257434120862,-21.9341496914919,-0.9673198561757187,7.197899112398278,0.029561617045039203,0.040345077612960085
