,Annualized Return,Annualized Vol,Sharpe Ratio,Max Drawdown,Skewness,Kurtosis,Cornish-Fisher VaR (5%),Historic CVaR (5%)
Mean Return,14.148154710291827,14.556246263105907,0.4916291538551372,-27.05994459117257,-1.6031542060798154,18.527329170429415,0.0323161124909136,0.04310061477386425
