,Annualized Return,Annualized Vol,Sharpe Ratio,Max Drawdown,Skewness,Kurtosis,Cornish-Fisher VaR (5%),Historic CVaR (5%)
Mean Return,13.373423630137937,16.635488732367264,0.3893844261052197,-29.261451557477375,-0.7013508560614079,9.682175868644325,0.036478378596117245,0.05071512441934637
