,Annualized Return,Annualized Vol,Sharpe Ratio,Max Drawdown,Skewness,Kurtosis,Cornish-Fisher VaR (5%),Historic CVaR (5%)
Mean Return,14.958389679881833,13.705193766276274,0.5785365060091724,-25.680764415231756,-1.0575144912350114,14.06633674323296,0.029446704573052165,0.039745112554936804
