,Annualized Return,Annualized Vol,Sharpe Ratio,Max Drawdown,Skewness,Kurtosis,Cornish-Fisher VaR (5%),Historic CVaR (5%)
Mean Return,11.745199403720097,15.794476619370007,0.3131946974655973,-27.428017116156322,-0.7810220010434458,11.045201854254222,0.034649062082305566,0.04830151082432806
