,Annualized Return,Annualized Vol,Sharpe Ratio,Max Drawdown,Skewness,Kurtosis,Cornish-Fisher VaR (5%),Historic CVaR (5%)
Mean Return,8.747964364555694,13.538855214713836,0.1661082503291178,-22.75379214109885,-0.5860518617028084,6.788287568938394,0.030896094942918045,0.04407945562759392
