,Annualized Return,Annualized Vol,Sharpe Ratio,Max Drawdown,Skewness,Kurtosis,Cornish-Fisher VaR (5%),Historic CVaR (5%)
Mean Return,12.23187506713912,15.1467304101116,0.36247437151724937,-28.229995466394325,-0.7835275596869652,9.896091884693146,0.03388317144524378,0.04696535994499607
