,Annualized Return,Annualized Vol,Sharpe Ratio,Max Drawdown,Skewness,Kurtosis,Cornish-Fisher VaR (5%),Historic CVaR (5%)
Mean Return,10.047290780214912,12.906469311909202,0.2699658595682638,-20.125106555546438,-0.4698739917141344,7.097105756590158,0.028481322056445404,0.04036624508205261
