,Annualized Return,Annualized Vol,Skewness,Kurtosis,Cornish-Fisher VaR (5%),Historic CVaR (5%),Sharpe Ratio,Max Drawdown
Mean Return,0.12851708928585492,0.17626902648900936,-1.2580234417967469,11.730875060231277,0.041208814225057705,0.05473775317837174,0.3407421159666295,-0.3117148337799996
