,Annualized Return,Annualized Vol,Sharpe Ratio,Max Drawdown,Skewness,Kurtosis,Cornish-Fisher VaR (5%),Historic CVaR (5%)
Mean Return,9.062593178334112,14.895020523533143,0.15925065463480115,-29.388157089175515,-1.1785539664677962,11.542120467570108,0.03486842360798153,0.046673680740667516
