,Annualized Return,Annualized Vol,Sharpe Ratio,Max Drawdown,Skewness,Kurtosis,Cornish-Fisher VaR (5%),Historic CVaR (5%)
Mean Return,11.09929572221513,12.432824636306577,0.35973716169339404,-21.03432295072149,-0.4520932762391162,6.195415110879899,0.0274338972072804,0.03847954065023706
