,Annualized Return,Annualized Vol,Sharpe Ratio,Max Drawdown,Skewness,Kurtosis,Cornish-Fisher VaR (5%),Historic CVaR (5%)
Mean Return,9.021197643174062,14.417334255008225,0.16430873714375,-28.878152120690597,-1.191319242617698,8.699710407796044,0.03490919061355023,0.05009777109538577
