,Annualized Return,Annualized Vol,Sharpe Ratio,Max Drawdown,Skewness,Kurtosis,Cornish-Fisher VaR (5%),Historic CVaR (5%)
Mean Return,13.209255033036849,13.961146503656883,0.45326523903502375,-29.1522795172042,-1.3351699785432392,14.403867635174606,0.03147477079964197,0.043407147777274536
