,Annualized Return,Annualized Vol,Sharpe Ratio,Max Drawdown,Skewness,Kurtosis,Cornish-Fisher VaR (5%),Historic CVaR (5%)
Mean Return,11.610179409231502,14.105757586524309,0.37012469750828786,-29.092680352135165,-1.1307602294742298,9.693674369204462,0.033921498748409204,0.045681702297522817
