,Annualized Return,Annualized Vol,Skewness,Kurtosis,Cornish-Fisher VaR (5%),Historic CVaR (5%),Sharpe Ratio,Max Drawdown
Mean Return,0.022363727179875337,0.16295712833792342,-0.4681285968526258,4.727872443599299,0.03893129553404207,0.054895913768914346,-0.24091452596886123,-0.3820566844220069
