,Annualized Return,Annualized Vol,Sharpe Ratio,Max Drawdown,Skewness,Kurtosis,Cornish-Fisher VaR (5%),Historic CVaR (5%)
Mean Return,10.828661422115292,15.697693281841326,0.25729291748409516,-36.855302164570084,-1.179090897760836,14.53442702683116,0.0352144990918478,0.046912691117254976
