,Annualized Return,Annualized Vol,Sharpe Ratio,Max Drawdown,Skewness,Kurtosis,Cornish-Fisher VaR (5%),Historic CVaR (5%)
Mean Return,9.555196634324625,13.814781972802745,0.24233186205718676,-28.748810439129073,-1.456078128955968,12.589057879619842,0.034257110821600385,0.046764665522086385
