,Annualized Return,Annualized Vol,Sharpe Ratio,Max Drawdown,Skewness,Kurtosis,Cornish-Fisher VaR (5%),Historic CVaR (5%)
Mean Return,2.525224989619157,17.192653425122987,-0.21826611895852407,-50.816321863266126,-0.11631713790033879,5.793677047408765,0.03784649238590206,0.05425147298913649
