,Annualized Return,Annualized Vol,Sharpe Ratio,Max Drawdown,Skewness,Kurtosis,Cornish-Fisher VaR (5%),Historic CVaR (5%)
Mean Return,7.125480922087735,19.02901625552895,0.030026004851255915,-49.2711159441887,-0.3375788314577057,6.174920609117539,0.042468942607862464,0.060115786318649715
