,Annualized Return,Annualized Vol,Sharpe Ratio,Max Drawdown,Skewness,Kurtosis,Cornish-Fisher VaR (5%),Historic CVaR (5%)
Mean Return,7.644522671153253,18.89747833732886,0.0560037644327875,-54.21904426764611,-0.7331301222785952,8.093651697001674,0.043791616328004684,0.058003477621102736
