,Annualized Return,Annualized Vol,Sharpe Ratio,Max Drawdown,Skewness,Kurtosis,Cornish-Fisher VaR (5%),Historic CVaR (5%)
Mean Return,13.406231096571464,14.926654251576856,0.4359428324954761,-27.552130144250526,-1.44849496282939,15.420955905649938,0.03387684798471027,0.045920283917897035
