,Annualized Return,Annualized Vol,Sharpe Ratio,Max Drawdown,Skewness,Kurtosis,Cornish-Fisher VaR (5%),Historic CVaR (5%)
Mean Return,10.821066386667066,17.75286056018598,0.22871090911146574,-30.456006619816517,-1.1735021384660924,14.755669753834928,0.039885349233277696,0.05350502296856406
