,Annualized Return,Annualized Vol,Sharpe Ratio,Max Drawdown,Skewness,Kurtosis,Cornish-Fisher VaR (5%),Historic CVaR (5%)
Mean Return,13.37004143070757,13.611495984923385,0.47905172978307836,-26.85172874728485,-1.085655433106952,8.031857056575305,0.032211441860524326,0.04563665946805701
