,Annualized Return,Annualized Vol,Sharpe Ratio,Max Drawdown,Skewness,Kurtosis,Cornish-Fisher VaR (5%),Historic CVaR (5%)
Mean Return,12.08641509078403,18.394942483229528,0.3113551456586444,-30.188168253509772,-0.548439399775783,13.409102491656379,0.03930132715147478,0.05505106995573209
