,Annualized Return,Annualized Vol,Sharpe Ratio,Max Drawdown,Skewness,Kurtosis,Cornish-Fisher VaR (5%),Historic CVaR (5%)
Mean Return,13.487771715225726,15.6626069672637,0.4183588970244028,-40.474660412853616,-0.9100245812031984,10.018100950256747,0.03521893128994366,0.04735417252612193
