,Annualized Return,Annualized Vol,Sharpe Ratio,Max Drawdown,Skewness,Kurtosis,Cornish-Fisher VaR (5%),Historic CVaR (5%)
Mean Return,10.534465910675618,14.037286880714927,0.270111216212206,-29.760176559576085,-1.2369676101189815,8.768511067507443,0.03387122431522016,0.048864408448690604
