,Annualized Return,Annualized Vol,Sharpe Ratio,Max Drawdown,Skewness,Kurtosis,Cornish-Fisher VaR (5%),Historic CVaR (5%)
Mean Return,17.601175822058977,14.973552428018966,0.6945211157080596,-28.409420483079423,-1.2393428341326267,15.394230974513983,0.03230590847720761,0.04468869064682764
