,Annualized Return,Annualized Vol,Sharpe Ratio,Max Drawdown,Skewness,Kurtosis,Cornish-Fisher VaR (5%),Historic CVaR (5%)
Mean Return,8.430713905666076,14.286629538604508,0.1599837903893927,-25.844639013208837,-1.2949747471511184,14.739051700321678,0.03403401706451852,0.04604957524498315
