,Annualized Return,Annualized Vol,Sharpe Ratio,Max Drawdown,Skewness,Kurtosis,Cornish-Fisher VaR (5%),Historic CVaR (5%)
Mean Return,13.73901536203217,14.944535382800542,0.45746911031284326,-28.6908421703521,-0.8540530047037063,10.7707403994224,0.03284954111962718,0.04580570159168891
