,Annualized Return,Annualized Vol,Sharpe Ratio,Max Drawdown,Skewness,Kurtosis,Cornish-Fisher VaR (5%),Historic CVaR (5%)
Mean Return,10.21921425290715,14.38764463839712,0.2840210501635196,-28.3158176775662,-0.9357478207074816,9.212171289386143,0.034812309575970896,0.04564212119480478
