,Annualized Return,Annualized Vol,Sharpe Ratio,Max Drawdown,Skewness,Kurtosis,Cornish-Fisher VaR (5%),Historic CVaR (5%)
Mean Return,10.086929594333572,14.490055576220035,0.260796369462885,-28.991844088754366,-1.3801325193887133,11.01063359469355,0.0358426526656474,0.04877056331829986
