,Annualized Return,Annualized Vol,Sharpe Ratio,Max Drawdown,Skewness,Kurtosis,Cornish-Fisher VaR (5%),Historic CVaR (5%)
Mean Return,11.272670364310876,14.477748758063875,0.3089460989683933,-32.93441244990864,-1.0482234931971128,10.724743974770641,0.03317145552437685,0.04445315230138021
