,Annualized Return,Annualized Vol,Sharpe Ratio,Max Drawdown,Skewness,Kurtosis,Cornish-Fisher VaR (5%),Historic CVaR (5%)
Mean Return,10.470468799033949,14.4884872958439,0.2564838574698468,-28.726527653064927,-1.0477955702217012,10.619206425943261,0.0333707931420553,0.04522402391488585
