,Annualized Return,Annualized Vol,Sharpe Ratio,Max Drawdown,Skewness,Kurtosis,Cornish-Fisher VaR (5%),Historic CVaR (5%)
Mean Return,9.152172387191149,13.698504346155291,0.19219319664861637,-22.754603193668235,-0.6030464659112987,6.854230437305155,0.03126239408709723,0.044546105886318806
