,Annualized Return,Annualized Vol,Sharpe Ratio,Max Drawdown,Skewness,Kurtosis,Cornish-Fisher VaR (5%),Historic CVaR (5%)
Mean Return,11.92551327655571,16.503854831597543,0.3108892361582175,-37.57569727933349,-0.4008629372710419,8.685397114945298,0.03508546413405126,0.05354691523144999
