,Annualized Return,Annualized Vol,Sharpe Ratio,Max Drawdown,Skewness,Kurtosis,Cornish-Fisher VaR (5%),Historic CVaR (5%)
Mean Return,7.520661944483842,17.17057404069628,0.06373348419385451,-35.07979041231121,-0.24752024063911177,5.260746046595731,0.03834493926674058,0.050882065518787926
