,Annualized Return,Annualized Vol,Sharpe Ratio,Max Drawdown,Skewness,Kurtosis,Cornish-Fisher VaR (5%),Historic CVaR (5%)
Mean Return,8.198635140650335,15.163884663622998,0.11428196132825817,-27.271513379573488,-0.5491630168942103,6.646674771553502,0.034731672397198765,0.04624010210405003
