,Annualized Return,Annualized Vol,Sharpe Ratio,Max Drawdown,Skewness,Kurtosis,Cornish-Fisher VaR (5%),Historic CVaR (5%)
Mean Return,2.2363727179875337,16.295712833792344,-0.24091452596886123,-38.20566844220069,-0.4681285968526258,4.727872443599299,0.03893129553404207,0.054895913768914346
