,Annualized Return,Annualized Vol,Sharpe Ratio,Max Drawdown,Skewness,Kurtosis,Cornish-Fisher VaR (5%),Historic CVaR (5%)
Mean Return,10.450537209688825,19.215348163026817,0.19414237904211923,-33.222185818931266,-0.8497763816904494,8.501112396624828,0.04460072942710841,0.06278236738164844
