,Annualized Return,Annualized Vol,Sharpe Ratio,Max Drawdown,Skewness,Kurtosis,Cornish-Fisher VaR (5%),Historic CVaR (5%)
Mean Return,18.126371850782853,14.573093550243824,0.7522728739873896,-32.32464903095349,-1.2723748139655897,9.71731366924035,0.03372026358602087,0.04720126922625618
