,Annualized Return,Annualized Vol,Sharpe Ratio,Max Drawdown,Skewness,Kurtosis,Cornish-Fisher VaR (5%),Historic CVaR (5%)
Mean Return,12.42787614076497,14.090035044938501,0.39885984872007485,-26.29313778182401,-1.3179984043393056,11.480798307938963,0.032969586050929874,0.0461580420137912
