,Annualized Return,Annualized Vol,Sharpe Ratio,Max Drawdown,Skewness,Kurtosis,Cornish-Fisher VaR (5%),Historic CVaR (5%)
Mean Return,9.262873678479266,14.763525058982117,0.17584095855584952,-29.54646907509267,-1.1242627334696176,11.440021364559273,0.03427982927215738,0.04647756754310172
