,Annualized Return,Annualized Vol,Sharpe Ratio,Max Drawdown,Skewness,Kurtosis,Cornish-Fisher VaR (5%),Historic CVaR (5%)
Mean Return,12.10851414270413,15.79777778214293,0.3348198456917523,-32.73500473468485,-0.9760326940216291,9.184967020683866,0.03648339994967774,0.05254598994342381
