,Annualized Return,Annualized Vol,Sharpe Ratio,Max Drawdown,Skewness,Kurtosis,Cornish-Fisher VaR (5%),Historic CVaR (5%)
Mean Return,14.709539491522406,13.490406435729621,0.5806453795090533,-23.18473909152913,-0.23331332953855483,5.139340281132063,0.028588765278545654,0.040445533675376934
