,Annualized Return,Annualized Vol,Sharpe Ratio,Max Drawdown,Skewness,Kurtosis,Cornish-Fisher VaR (5%),Historic CVaR (5%)
Mean Return,10.803082740517468,15.381875237329085,0.26510006956439175,-30.026332092215117,-1.017179229754326,12.107944979811613,0.0346553086936603,0.04738931607757167
