,Annualized Return,Annualized Vol,Sharpe Ratio,Max Drawdown,Skewness,Kurtosis,Cornish-Fisher VaR (5%),Historic CVaR (5%)
Mean Return,8.970874955818386,16.856445752681054,0.1355828471386133,-31.817150878648707,-0.9837219239709322,10.95069311487097,0.03883317386324464,0.05333258143806908
