,Annualized Return,Annualized Vol,Sharpe Ratio,Max Drawdown,Skewness,Kurtosis,Cornish-Fisher VaR (5%),Historic CVaR (5%)
Mean Return,11.987154716626724,17.74083229152323,0.2906603397143123,-33.82163417458573,-1.3022707482586284,12.51834452262374,0.04151534427669681,0.05568991850511287
