,Annualized Return,Annualized Vol,Sharpe Ratio,Max Drawdown,Skewness,Kurtosis,Cornish-Fisher VaR (5%),Historic CVaR (5%)
Mean Return,11.465241800377445,14.257009086086954,0.3573122717510637,-36.51727828435254,-1.2921892658354293,10.30561766243205,0.03485290924182832,0.04790246445307044
