,Annualized Return,Annualized Vol,Sharpe Ratio,Max Drawdown,Skewness,Kurtosis,Cornish-Fisher VaR (5%),Historic CVaR (5%)
Mean Return,15.85424317296944,17.923192377715242,0.4923957257126662,-29.299482992610535,-0.6501040273958996,7.233131766617556,0.03996133183347405,0.055413179963543654
