,Annualized Return,Annualized Vol,Sharpe Ratio,Max Drawdown,Skewness,Kurtosis,Cornish-Fisher VaR (5%),Historic CVaR (5%)
Mean Return,15.074816598531694,14.88837549646457,0.5393469318699653,-31.084904171505052,-1.5757632301632205,17.44327853630223,0.03327822861316945,0.04525277872980448
