,Annualized Return,Annualized Vol,Sharpe Ratio,Max Drawdown,Skewness,Kurtosis,Cornish-Fisher VaR (5%),Historic CVaR (5%)
Mean Return,8.5208618486591,14.711837987116258,0.16159141600047194,-25.84463901320885,-1.413480138201268,15.02932391217995,0.035526114076554226,0.047845989870434556
