,Annualized Return,Annualized Vol,Skewness,Kurtosis,Cornish-Fisher VaR (5%),Historic CVaR (5%),Sharpe Ratio,Max Drawdown
Mean Return,-0.00734680531036247,0.1484389170116114,-0.5511308502337665,5.094397617022921,0.03632665527191119,0.04846072974845421,-0.4498526775339393,-0.33763619371375714
