,Annualized Return,Annualized Vol,Sharpe Ratio,Max Drawdown,Skewness,Kurtosis,Cornish-Fisher VaR (5%),Historic CVaR (5%)
Mean Return,8.029774235987697,19.484368275412034,0.07368743240143169,-41.80820798013317,-0.6974638211468288,9.850455151099643,0.043912968362576535,0.05928201338654505
