,Annualized Return,Annualized Vol,Sharpe Ratio,Max Drawdown,Skewness,Kurtosis,Cornish-Fisher VaR (5%),Historic CVaR (5%)
Mean Return,9.90961541512232,14.956495008466131,0.24050721211741802,-29.148738852694063,-1.3093779432690063,10.30951586531838,0.03703737070315409,0.05040335398092418
