,Annualized Return,Annualized Vol,Skewness,Kurtosis,Cornish-Fisher VaR (5%),Historic CVaR (5%),Sharpe Ratio,Max Drawdown
Mean Return,0.07968015853905852,0.1794328843930173,-0.39333597987273716,5.054692014860097,0.04075769895039559,0.05612028353576189,0.07778477820648368,-0.35305279559571284
