,Annualized Return,Annualized Vol,Sharpe Ratio,Max Drawdown,Skewness,Kurtosis,Cornish-Fisher VaR (5%),Historic CVaR (5%)
Mean Return,9.857111900599168,17.53922928823128,0.1857497889172669,-34.49987881997064,-0.2835563259837778,7.522920713195752,0.03791050405073283,0.052168925994351384
