,Annualized Return,Annualized Vol,Sharpe Ratio,Max Drawdown,Skewness,Kurtosis,Cornish-Fisher VaR (5%),Historic CVaR (5%)
Mean Return,9.988884732375535,14.960132344965146,0.2236521460274073,-33.489266023007445,-0.8074452716890624,7.282346208743975,0.03507665800162923,0.04770280030997389
