,Annualized Return,Annualized Vol,Skewness,Kurtosis,Cornish-Fisher VaR (5%),Historic CVaR (5%),Sharpe Ratio,Max Drawdown
Mean Return,0.11584212133930594,0.1404398384752226,-0.7218235827568154,7.142632123081469,0.03186072931127571,0.046464644560186,0.34147853088051966,-0.2142356808889849
