,Annualized Return,Annualized Vol,Skewness,Kurtosis,Cornish-Fisher VaR (5%),Historic CVaR (5%),Sharpe Ratio,Max Drawdown
Mean Return,0.10513814616113959,0.17920780434348774,-0.49030519982143883,7.604103752871832,0.04000120283557993,0.0547772136957848,0.21550890789808774,-0.303539456019761
