,Annualized Return,Annualized Vol,Sharpe Ratio,Max Drawdown,Skewness,Kurtosis,Cornish-Fisher VaR (5%),Historic CVaR (5%)
Mean Return,8.376700484815935,18.481882622980685,0.09349257767265898,-33.922631979269376,-0.7827197979665259,8.741425493952718,0.04266369919643231,0.058431502630655954
