,Annualized Return,Annualized Vol,Sharpe Ratio,Max Drawdown,Skewness,Kurtosis,Cornish-Fisher VaR (5%),Historic CVaR (5%)
Mean Return,17.925397553188116,14.0109231040521,0.7689734667886009,-27.393873733637577,-1.548419781564897,13.632823301581059,0.03204059807214269,0.04513994600997296
