,Annualized Return,Annualized Vol,Sharpe Ratio,Max Drawdown,Skewness,Kurtosis,Cornish-Fisher VaR (5%),Historic CVaR (5%)
Mean Return,12.158406581173375,14.535324918513409,0.36428012170849017,-33.48213835316175,-1.101185193463182,10.34137392665145,0.03358062422145801,0.0448882811045387
