,Annualized Return,Annualized Vol,Sharpe Ratio,Max Drawdown,Skewness,Kurtosis,Cornish-Fisher VaR (5%),Historic CVaR (5%)
Mean Return,12.746206520659452,14.80240404998672,0.39462087952504665,-31.681485038704583,-1.6753725697184518,18.88803611538016,0.033321765884898664,0.045315759172883045
