,Annualized Return,Annualized Vol,Sharpe Ratio,Max Drawdown,Skewness,Kurtosis,Cornish-Fisher VaR (5%),Historic CVaR (5%)
Mean Return,9.334077717211775,14.301214296593818,0.2140668901153634,-43.2007237508012,-1.7576686277627376,14.174978712685224,0.0359262766697445,0.04760338056204947
