,Annualized Return,Annualized Vol,Sharpe Ratio,Max Drawdown,Skewness,Kurtosis,Cornish-Fisher VaR (5%),Historic CVaR (5%)
Mean Return,11.251396922524348,18.19052219717414,0.24699725387143703,-35.98094264389651,-0.6265601475112278,8.177330168481115,0.04073509986433656,0.06092649169324954
