,Annualized Return,Annualized Vol,Sharpe Ratio,Max Drawdown,Skewness,Kurtosis,Cornish-Fisher VaR (5%),Historic CVaR (5%)
Mean Return,12.50513161854756,14.93378913963629,0.37794704631292003,-26.329608513606413,-0.8915900950062058,7.271785664676593,0.03468188057567128,0.04912800779121035
