,Annualized Return,Annualized Vol,Sharpe Ratio,Max Drawdown,Skewness,Kurtosis,Cornish-Fisher VaR (5%),Historic CVaR (5%)
Mean Return,9.77188442239676,16.362497212752356,0.22387029839582748,-26.646263088912725,-0.3403042912691485,6.447277777026608,0.03756157665731998,0.05013108825835931
