,Annualized Return,Annualized Vol,Sharpe Ratio,Max Drawdown,Skewness,Kurtosis,Cornish-Fisher VaR (5%),Historic CVaR (5%)
Mean Return,13.295603897083708,14.061503261819674,0.45655378460463275,-26.801380619704428,-0.7326687298013006,10.499872408319842,0.030354282257943677,0.04239494814648515
