,Annualized Return,Annualized Vol,Sharpe Ratio,Max Drawdown,Skewness,Kurtosis,Cornish-Fisher VaR (5%),Historic CVaR (5%)
Mean Return,12.195488670090304,15.498829275358636,0.34323830559405316,-32.61177419072305,-1.3510755459393924,15.144766898454737,0.035116456298075645,0.0467478886677812
