,Annualized Return,Annualized Vol,Sharpe Ratio,Max Drawdown,Skewness,Kurtosis,Cornish-Fisher VaR (5%),Historic CVaR (5%)
Mean Return,9.597693777153072,14.785982938928111,0.20294232133687787,-30.910317644024023,-1.1600096567748914,10.04328444578757,0.0353582758838922,0.048976958497844204
