,Annualized Return,Annualized Vol,Sharpe Ratio,Max Drawdown,Skewness,Kurtosis,Cornish-Fisher VaR (5%),Historic CVaR (5%)
Mean Return,8.293427935121755,14.962700542626504,0.11056049711686611,-35.612997559648406,-0.6312214930922604,7.14941595045403,0.034189061888328015,0.04720337341690464
