,Annualized Return,Annualized Vol,Sharpe Ratio,Max Drawdown,Skewness,Kurtosis,Cornish-Fisher VaR (5%),Historic CVaR (5%)
Mean Return,10.852729335504607,14.770961516653824,0.28153682981907086,-26.094510468177855,-0.5730444926297733,7.691003863187882,0.033039741164506954,0.047230943423105555
