,Annualized Return,Annualized Vol,Sharpe Ratio,Max Drawdown,Skewness,Kurtosis,Cornish-Fisher VaR (5%),Historic CVaR (5%)
Mean Return,17.354270090960867,15.409676139102462,0.6637033102084932,-26.8630686521507,-0.5129893590539449,6.7106388429850305,0.03320550245043187,0.04849029819248389
