,Annualized Return,Annualized Vol,Sharpe Ratio,Max Drawdown,Skewness,Kurtosis,Cornish-Fisher VaR (5%),Historic CVaR (5%)
Mean Return,9.387395064137927,14.770931501720447,0.2101666840414686,-28.490242954296562,-1.335199277355916,10.467418764898166,0.03671477694288298,0.04980780214910782
