,Annualized Return,Annualized Vol,Sharpe Ratio,Max Drawdown,Skewness,Kurtosis,Cornish-Fisher VaR (5%),Historic CVaR (5%)
Mean Return,9.75473327589027,13.631180718653239,0.2548919882445852,-35.15451387987652,-1.0250875274746898,8.007088435397453,0.03321762446438172,0.04528755568135818
