,Annualized Return,Annualized Vol,Sharpe Ratio,Max Drawdown,Skewness,Kurtosis,Cornish-Fisher VaR (5%),Historic CVaR (5%)
Mean Return,7.155296030861447,13.660665911445918,0.0790516720273472,-26.835286397267932,-0.6725495060668149,6.697278724136158,0.0329029090868711,0.043236874912155526
