,Annualized Return,Annualized Vol,Sharpe Ratio,Max Drawdown,Skewness,Kurtosis,Cornish-Fisher VaR (5%),Historic CVaR (5%)
Mean Return,15.151507163209255,13.930161052534912,0.5821522433881015,-26.343728648714603,-1.2122221090477807,15.792815450989306,0.029986447696160375,0.04014028784479207
