,Annualized Return,Annualized Vol,Sharpe Ratio,Max Drawdown,Skewness,Kurtosis,Cornish-Fisher VaR (5%),Historic CVaR (5%)
Mean Return,12.507996611948812,13.806458009658861,0.406733998568947,-28.268156256142067,-1.0968090041556238,13.414198301028012,0.030535567076852295,0.040044287953908964
