,Annualized Return,Annualized Vol,Sharpe Ratio,Max Drawdown,Skewness,Kurtosis,Cornish-Fisher VaR (5%),Historic CVaR (5%)
Mean Return,9.009341333805644,13.384329943141587,0.18641187210771853,-21.772327744501673,-0.5300541445594708,6.972761866427021,0.03013394641314395,0.043329558784896575
