,Annualized Return,Annualized Vol,Sharpe Ratio,Max Drawdown,Skewness,Kurtosis,Cornish-Fisher VaR (5%),Historic CVaR (5%)
Mean Return,10.898557807769205,17.65564193725206,0.23732097555304088,-31.815428795950968,-0.9871320553411902,7.750598989953186,0.041986284855857814,0.06110943741365336
