,Annualized Return,Annualized Vol,Sharpe Ratio,Max Drawdown,Skewness,Kurtosis,Cornish-Fisher VaR (5%),Historic CVaR (5%)
Mean Return,6.6519640070144215,15.748091818137274,0.007201708265331521,-37.17976369428387,-1.273020182645362,12.665077095324753,0.03738041747673987,0.05200607455551285
