,Annualized Return,Annualized Vol,Sharpe Ratio,Max Drawdown,Skewness,Kurtosis,Cornish-Fisher VaR (5%),Historic CVaR (5%)
Mean Return,11.980632317581685,14.461997820026637,0.3634990064912999,-27.594575541340756,-0.9942620708217993,9.80647691614805,0.03341288455549969,0.04767401213839799
