,Annualized Return,Annualized Vol,Sharpe Ratio,Max Drawdown,Skewness,Kurtosis,Cornish-Fisher VaR (5%),Historic CVaR (5%)
Mean Return,13.89500876180556,14.204826683189156,0.49268111804765063,-27.364441910602505,-0.9750896298140029,11.057758063752667,0.03155685189727313,0.043552228782622895
