,Annualized Return,Annualized Vol,Sharpe Ratio,Max Drawdown,Skewness,Kurtosis,Cornish-Fisher VaR (5%),Historic CVaR (5%)
Mean Return,14.173642537186094,13.691636572690843,0.5319161624809365,-25.446983094321524,-0.5021438082383288,7.726975064481805,0.029560835049485226,0.04336025088950346
