,Annualized Return,Annualized Vol,Sharpe Ratio,Max Drawdown,Skewness,Kurtosis,Cornish-Fisher VaR (5%),Historic CVaR (5%)
Mean Return,11.170919520690582,13.941813086000243,0.3494739193276362,-25.805347342597223,-1.797056742346085,19.609452151941014,0.03296172623847197,0.04433498672085127
