,Annualized Return,Annualized Vol,Sharpe Ratio,Max Drawdown,Skewness,Kurtosis,Cornish-Fisher VaR (5%),Historic CVaR (5%)
Mean Return,19.425207635389174,16.742503568022364,0.7266080361951869,-27.935554345524487,-1.055990251248576,12.148490279199043,0.03664196815921944,0.046982107752779174
