,Annualized Return,Annualized Vol,Sharpe Ratio,Max Drawdown,Skewness,Kurtosis,Cornish-Fisher VaR (5%),Historic CVaR (5%)
Mean Return,11.916105107998298,17.545976985358436,0.2900814578771769,-29.733888526807732,-1.8530242859893373,16.2996954762526,0.04221816984076018,0.05901545416901449
