,Annualized Return,Annualized Vol,Sharpe Ratio,Max Drawdown,Skewness,Kurtosis,Cornish-Fisher VaR (5%),Historic CVaR (5%)
Mean Return,11.052875796266704,15.673123095585662,0.27603637287128696,-26.148728651618914,-1.0989937198236048,10.605147684300515,0.03639202218264756,0.05144192467641419
