,Annualized Return,Annualized Vol,Sharpe Ratio,Max Drawdown,Skewness,Kurtosis,Cornish-Fisher VaR (5%),Historic CVaR (5%)
Mean Return,17.347497938683667,14.328755134684265,0.7139817569262822,-27.701756667921305,-1.2199476931659692,10.424502807561103,0.03270233936109858,0.04657095706764839
