,Annualized Return,Annualized Vol,Sharpe Ratio,Max Drawdown,Skewness,Kurtosis,Cornish-Fisher VaR (5%),Historic CVaR (5%)
Mean Return,10.825761614900497,14.023880536106919,0.28989923551822677,-23.747396465084837,-0.607729678300971,4.869399449757467,0.032265726964456246,0.045709979598884246
