,Annualized Return,Annualized Vol,Sharpe Ratio,Max Drawdown,Skewness,Kurtosis,Cornish-Fisher VaR (5%),Historic CVaR (5%)
Mean Return,15.155021739313579,14.975715388335667,0.5464322964185999,-28.858286288527474,-0.7246518558314807,9.918787463452372,0.032348120874892965,0.0453691270961726
