,Annualized Return,Annualized Vol,Skewness,Kurtosis,Cornish-Fisher VaR (5%),Historic CVaR (5%),Sharpe Ratio,Max Drawdown
Mean Return,0.12933657286500888,0.13781613681789998,-1.1710178788083092,7.52328967160937,0.033294278255009795,0.04797612294004528,0.4455150586193292,-0.2669281348581306
