,Annualized Return,Annualized Vol,Sharpe Ratio,Max Drawdown,Skewness,Kurtosis,Cornish-Fisher VaR (5%),Historic CVaR (5%)
Mean Return,15.578275528108954,16.15015571016812,0.5290538229420116,-27.93103114198879,-0.9072991507882914,10.793104921982442,0.03566825921286507,0.04712857248227296
