,Annualized Return,Annualized Vol,Sharpe Ratio,Max Drawdown,Skewness,Kurtosis,Cornish-Fisher VaR (5%),Historic CVaR (5%)
Mean Return,3.306200801648851,16.994256626777286,-0.1786946523935845,-50.81632186326613,-0.16555129121188428,6.176516021050249,0.03739892957282512,0.05402172416817439
