,Annualized Return,Annualized Vol,Sharpe Ratio,Max Drawdown,Skewness,Kurtosis,Cornish-Fisher VaR (5%),Historic CVaR (5%)
Mean Return,15.186933558917515,15.289204358699617,0.5351212922763008,-26.57139592221483,-0.7788272493222793,10.768608017617975,0.03300466500301911,0.045540737231603075
