,Annualized Return,Annualized Vol,Sharpe Ratio,Max Drawdown,Skewness,Kurtosis,Cornish-Fisher VaR (5%),Historic CVaR (5%)
Mean Return,12.248980996376769,14.27883974562042,0.37636877938858754,-35.11081606795588,-1.682793855278181,14.720869510568258,0.03385021805211647,0.046648590822268424
