,Annualized Return,Annualized Vol,Sharpe Ratio,Max Drawdown,Skewness,Kurtosis,Cornish-Fisher VaR (5%),Historic CVaR (5%)
Mean Return,14.286312980063819,14.9240386479367,0.49113864984352,-30.378779560923462,-0.7300976685072225,11.44384050811042,0.03178351811368453,0.045046962665510164
