,Annualized Return,Annualized Vol,Sharpe Ratio,Max Drawdown,Skewness,Kurtosis,Cornish-Fisher VaR (5%),Historic CVaR (5%)
Mean Return,12.731450353972896,14.905377444065293,0.3961892633225101,-24.995980834100326,-0.7580169198590356,10.320444053597036,0.0325941323884986,0.04594791170220468
