,Annualized Return,Annualized Vol,Sharpe Ratio,Max Drawdown,Skewness,Kurtosis,Cornish-Fisher VaR (5%),Historic CVaR (5%)
Mean Return,11.114988474352128,14.594396789047675,0.30418103746623953,-29.373465502612728,-1.0081563247385203,10.211729400306677,0.03378739024932224,0.04717637689304592
