,Annualized Return,Annualized Vol,Sharpe Ratio,Max Drawdown,Skewness,Kurtosis,Cornish-Fisher VaR (5%),Historic CVaR (5%)
Mean Return,13.49774632097185,16.491479524121043,0.39671308094078506,-33.26517482968042,-1.3889217036832266,15.184449124128951,0.03745053739170337,0.05009715461766606
