,Annualized Return,Annualized Vol,Sharpe Ratio,Max Drawdown,Skewness,Kurtosis,Cornish-Fisher VaR (5%),Historic CVaR (5%)
Mean Return,14.840455922486395,13.770893450754379,0.5779985082444079,-27.594801186194722,-0.9287228012815577,9.49621362415046,0.03103789020077089,0.0433967275695258
