,Annualized Return,Annualized Vol,Sharpe Ratio,Max Drawdown,Skewness,Kurtosis,Cornish-Fisher VaR (5%),Historic CVaR (5%)
Mean Return,17.688930455103336,13.51517362374601,0.7794673794730739,-22.047376292305778,-0.9159338402148807,8.128291826421952,0.030111730605031042,0.04273355086553103
