,Annualized Return,Annualized Vol,Sharpe Ratio,Max Drawdown,Skewness,Kurtosis,Cornish-Fisher VaR (5%),Historic CVaR (5%)
Mean Return,13.692949423548528,16.82996230025574,0.4027353807632833,-27.67260904910514,-0.544064381191817,9.324509784372855,0.036088121866526296,0.051083064407846226
