,Annualized Return,Annualized Vol,Sharpe Ratio,Max Drawdown,Skewness,Kurtosis,Cornish-Fisher VaR (5%),Historic CVaR (5%)
Mean Return,9.99295966090401,12.881652786948822,0.2665154361554836,-19.980677561068273,-0.3969893569646895,6.796117741572769,0.028190716045839153,0.040576784147428976
