,Annualized Return,Annualized Vol,Sharpe Ratio,Max Drawdown,Skewness,Kurtosis,Cornish-Fisher VaR (5%),Historic CVaR (5%)
Mean Return,14.81435298053455,13.99989923896546,0.5566825325322912,-27.108471907963267,-1.2320420361944642,14.700075070817752,0.030725680934117997,0.04023469892965521
