,Annualized Return,Annualized Vol,Sharpe Ratio,Max Drawdown,Skewness,Kurtosis,Cornish-Fisher VaR (5%),Historic CVaR (5%)
Mean Return,9.504558668273756,17.824839438352306,0.15647695715372373,-34.27144651168674,-0.8801731911029989,11.816674398860473,0.03998291464387058,0.05766778728468328
