,Annualized Return,Annualized Vol,Sharpe Ratio,Max Drawdown,Skewness,Kurtosis,Cornish-Fisher VaR (5%),Historic CVaR (5%)
Mean Return,10.554180514442502,14.770807455015959,0.29834322723133666,-28.82917214945643,-0.6830980142515576,10.052108384840643,0.033976405660258446,0.04753927302777743
