,Annualized Return,Annualized Vol,Sharpe Ratio,Max Drawdown,Skewness,Kurtosis,Cornish-Fisher VaR (5%),Historic CVaR (5%)
Mean Return,18.474024378723918,14.517808642926177,0.7776602722131093,-30.222578755055157,-1.196256606615219,9.849104254392987,0.03310655369422215,0.046981372051003646
