,Annualized Return,Annualized Vol,Sharpe Ratio,Max Drawdown,Skewness,Kurtosis,Cornish-Fisher VaR (5%),Historic CVaR (5%)
Mean Return,9.045764207691587,13.8628120204961,0.1700701694054314,-31.596022183534835,-1.3964035862277562,11.58840026668232,0.03332362836901273,0.04684081265760714
