,Annualized Return,Annualized Vol,Sharpe Ratio,Max Drawdown,Skewness,Kurtosis,Cornish-Fisher VaR (5%),Historic CVaR (5%)
Mean Return,10.564377644447042,14.562289991799343,0.2599803908983158,-29.919670825632537,-1.0901818146850986,11.067625365042382,0.033560529391598544,0.04562965497436102
