,Annualized Return,Annualized Vol,Sharpe Ratio,Max Drawdown,Skewness,Kurtosis,Cornish-Fisher VaR (5%),Historic CVaR (5%)
Mean Return,9.180107935695613,16.410669858588378,0.15570845347649576,-34.457447369344024,0.4937283537118885,7.6677809381869375,0.030003222710474044,0.04619179468367362
