,Annualized Return,Annualized Vol,Skewness,Kurtosis,Cornish-Fisher VaR (5%),Historic CVaR (5%),Sharpe Ratio,Max Drawdown
Mean Return,0.0949345966316959,0.15462938202901252,-1.531281313451705,16.45085950082716,0.03580531484568376,0.04812955703916048,0.18298534627345145,-0.3182830027980485
