,Annualized Return,Annualized Vol,Sharpe Ratio,Max Drawdown,Skewness,Kurtosis,Cornish-Fisher VaR (5%),Historic CVaR (5%)
Mean Return,18.99634765475153,16.97678827755521,0.693924297735608,-23.937406921400473,-0.12054479867000253,7.216865594223214,0.033832586492665934,0.04993957540824244
