,Annualized Return,Annualized Vol,Sharpe Ratio,Max Drawdown,Skewness,Kurtosis,Cornish-Fisher VaR (5%),Historic CVaR (5%)
Mean Return,11.333908069408505,13.709507112970599,0.3618065042530478,-28.486662888537506,-1.2061686191280603,10.192876022567742,0.03311921395124069,0.044842327854265576
