,Annualized Return,Annualized Vol,Sharpe Ratio,Max Drawdown,Skewness,Kurtosis,Cornish-Fisher VaR (5%),Historic CVaR (5%)
Mean Return,10.75130719801356,16.57901721623522,0.2431457103183431,-29.845098235576312,-1.0925068127558766,11.570277222206393,0.038163967081726625,0.05208108214159002
