,Annualized Return,Annualized Vol,Sharpe Ratio,Max Drawdown,Skewness,Kurtosis,Cornish-Fisher VaR (5%),Historic CVaR (5%)
Mean Return,15.095634602151442,14.363184680385846,0.5659751378487344,-26.522874226117604,-0.7211128100070474,9.469784398099565,0.031081977489383152,0.044139636643781385
