,Annualized Return,Annualized Vol,Skewness,Kurtosis,Cornish-Fisher VaR (5%),Historic CVaR (5%),Sharpe Ratio,Max Drawdown
Mean Return,-0.056052923209648275,0.19506111259411332,-0.8970613878124718,7.473370865431066,0.04968988614913556,0.06856311192809904,-0.5795192325246832,-0.5610924790679875
