,Annualized Return,Annualized Vol,Sharpe Ratio,Max Drawdown,Skewness,Kurtosis,Cornish-Fisher VaR (5%),Historic CVaR (5%)
Mean Return,7.963901585934918,14.061720699339489,0.126472305275473,-27.502006929286555,-1.18664906200735,10.219602062512566,0.034543319823839944,0.046696279381639526
