,Annualized Return,Annualized Vol,Sharpe Ratio,Max Drawdown,Skewness,Kurtosis,Cornish-Fisher VaR (5%),Historic CVaR (5%)
Mean Return,8.314950778850406,13.029933046672673,0.1428219542058818,-30.34632291954872,-1.0389278426788717,8.7357275510156,0.031133236119631,0.044042297398513716
