,Annualized Return,Annualized Vol,Sharpe Ratio,Max Drawdown,Skewness,Kurtosis,Cornish-Fisher VaR (5%),Historic CVaR (5%)
Mean Return,11.670414661047058,14.547902735019614,0.33403155694288955,-26.299712537771775,-1.755904100494129,15.197743683274417,0.034732562393318,0.04734126192158461
