,Annualized Return,Annualized Vol,Sharpe Ratio,Max Drawdown,Skewness,Kurtosis,Cornish-Fisher VaR (5%),Historic CVaR (5%)
Mean Return,1.5053780786328241,18.36947084968596,-0.25049476563698864,-47.9007204944774,-0.3275014887686872,4.99253648337696,0.04294331533391428,0.06041519462346037
