,Annualized Return,Annualized Vol,Sharpe Ratio,Max Drawdown,Skewness,Kurtosis,Cornish-Fisher VaR (5%),Historic CVaR (5%)
Mean Return,8.804183219365825,15.194079548653061,0.16993908548708825,-29.192054175156372,-1.1126167455765248,9.725990176902252,0.037096520822985195,0.0493855078622292
