,Annualized Return,Annualized Vol,Sharpe Ratio,Max Drawdown,Skewness,Kurtosis,Cornish-Fisher VaR (5%),Historic CVaR (5%)
Mean Return,15.233662430856532,14.868709612845631,0.5553407463930234,-28.640607436718284,-0.8346151453511199,10.338776856592782,0.032488387123293584,0.045115442565575474
