,Annualized Return,Annualized Vol,Sharpe Ratio,Max Drawdown,Skewness,Kurtosis,Cornish-Fisher VaR (5%),Historic CVaR (5%)
Mean Return,15.143000724491952,17.90436562588136,0.4526176387042469,-31.007848737064514,-1.0127295885616123,9.333134392883563,0.04125203593792132,0.055991351326284286
