,Annualized Return,Annualized Vol,Sharpe Ratio,Max Drawdown,Skewness,Kurtosis,Cornish-Fisher VaR (5%),Historic CVaR (5%)
Mean Return,8.250163811105482,13.83997612106711,0.14842934676437589,-38.26670542053014,-1.0053982408162618,8.054274955527202,0.03392222965189917,0.04577998233849407
