,Annualized Return,Annualized Vol,Sharpe Ratio,Max Drawdown,Skewness,Kurtosis,Cornish-Fisher VaR (5%),Historic CVaR (5%)
Mean Return,13.150597436160162,15.064209537856973,0.41725002946253564,-25.93901916359545,-0.7665305755650083,10.407655346862482,0.032902755069695824,0.04615536211544199
