,Annualized Return,Annualized Vol,Skewness,Kurtosis,Cornish-Fisher VaR (5%),Historic CVaR (5%),Sharpe Ratio,Max Drawdown
Mean Return,0.0906280393299772,0.1546619809415577,-0.47008074083221524,6.103921823209925,0.03475913775901814,0.05134675391540028,0.1567685770955314,-0.2314169804232479
