,Annualized Return,Annualized Vol,Sharpe Ratio,Max Drawdown,Skewness,Kurtosis,Cornish-Fisher VaR (5%),Historic CVaR (5%)
Mean Return,12.009282862753757,16.94295182632296,0.3067216701904938,-27.67260904910514,-0.5855704363537296,9.876415211856996,0.03662169688075582,0.05276324620431463
