,Annualized Return,Annualized Vol,Sharpe Ratio,Max Drawdown,Skewness,Kurtosis,Cornish-Fisher VaR (5%),Historic CVaR (5%)
Mean Return,9.76354259151504,16.20036316919564,0.1990285450855007,-24.99159366972564,-0.33624926978185726,5.229251099821454,0.03626980333952987,0.04829256609172172
