,Annualized Return,Annualized Vol,Sharpe Ratio,Max Drawdown,Skewness,Kurtosis,Cornish-Fisher VaR (5%),Historic CVaR (5%)
Mean Return,8.384946254110082,15.0680333879539,0.1266499483238629,-25.595557497026395,-0.5757306866624232,6.934815037285214,0.03449459566057444,0.0468892756272955
