,Annualized Return,Annualized Vol,Sharpe Ratio,Max Drawdown,Skewness,Kurtosis,Cornish-Fisher VaR (5%),Historic CVaR (5%)
Mean Return,14.22761462158595,17.184053917775145,0.42456098329933784,-33.82163417458573,-1.2843881698793116,12.585307111776473,0.03963446521727637,0.05330512252424327
