,Annualized Return,Annualized Vol,Sharpe Ratio,Max Drawdown,Skewness,Kurtosis,Cornish-Fisher VaR (5%),Historic CVaR (5%)
Mean Return,10.101406609332496,17.63621798607798,0.19345057074329633,-33.36205431307543,-0.18841586183972606,6.689561478387217,0.037498534785422394,0.05588684261274255
