,Annualized Return,Annualized Vol,Sharpe Ratio,Max Drawdown,Skewness,Kurtosis,Cornish-Fisher VaR (5%),Historic CVaR (5%)
Mean Return,18.286043899392944,14.249054487077807,0.7792747256661495,-27.064343740900508,-0.820193375185961,7.669755298597554,0.03152379698846759,0.04598300767341386
