,Annualized Return,Annualized Vol,Skewness,Kurtosis,Cornish-Fisher VaR (5%),Historic CVaR (5%),Sharpe Ratio,Max Drawdown
Mean Return,0.07386343035410481,0.14967083150735067,-1.800057266081003,16.185876432714934,0.03634017696909841,0.05052390012318188,0.05338650393497827,-0.3864514496911165
