,Annualized Return,Annualized Vol,Sharpe Ratio,Max Drawdown,Skewness,Kurtosis,Cornish-Fisher VaR (5%),Historic CVaR (5%)
Mean Return,8.625223408705418,18.479719666358488,0.10720871310117998,-48.59364885091863,-0.53066089966755,6.167390809056214,0.042274836216718854,0.05815006130009446
