,Annualized Return,Annualized Vol,Skewness,Kurtosis,Cornish-Fisher VaR (5%),Historic CVaR (5%),Sharpe Ratio,Max Drawdown
Mean Return,0.13111961015633278,0.1840736819744571,-0.6416533787734809,6.658828539994956,0.04178555267688979,0.05672041067163812,0.3395843393310566,-0.3567468148873604
