,Annualized Return,Annualized Vol,Sharpe Ratio,Max Drawdown,Skewness,Kurtosis,Cornish-Fisher VaR (5%),Historic CVaR (5%)
Mean Return,13.865577163721522,13.678528409560117,0.508529494450973,-23.7665330459272,-0.8158265908610793,7.448530875293626,0.03093894797431568,0.044141409763435474
