,Annualized Return,Annualized Vol,Sharpe Ratio,Max Drawdown,Skewness,Kurtosis,Cornish-Fisher VaR (5%),Historic CVaR (5%)
Mean Return,8.940093115838742,14.458864424241558,0.18649706200069538,-27.664562427055913,-1.3313125614229302,10.773394863391697,0.03584082844307946,0.04936358588565168
