,Annualized Return,Annualized Vol,Sharpe Ratio,Max Drawdown,Skewness,Kurtosis,Cornish-Fisher VaR (5%),Historic CVaR (5%)
Mean Return,11.418704593014173,14.667484015621978,0.3140884221207854,-27.103319436217383,-0.9927830300000757,10.93103274237411,0.033236113668994996,0.044504736464954606
