,Annualized Return,Annualized Vol,Skewness,Kurtosis,Cornish-Fisher VaR (5%),Historic CVaR (5%),Sharpe Ratio,Max Drawdown
Mean Return,-0.004057745953040981,0.19295560582957752,-0.42062375770282556,6.049580640012495,0.04512895460240052,0.06021447331854154,-0.33743999695341004,-0.45670217731181073
