,Annualized Return,Annualized Vol,Sharpe Ratio,Max Drawdown,Skewness,Kurtosis,Cornish-Fisher VaR (5%),Historic CVaR (5%)
Mean Return,17.604389884998817,21.889565690321998,0.4751509788901314,-28.320455924649284,0.2902939496599403,7.571019560648194,0.04095597116879716,0.0639748232233117
