,Annualized Return,Annualized Vol,Sharpe Ratio,Max Drawdown,Skewness,Kurtosis,Cornish-Fisher VaR (5%),Historic CVaR (5%)
Mean Return,10.679391961006623,14.394137886104552,0.2708642058624669,-35.554090509158506,-1.6988078654151635,14.782814230150064,0.034455390149060884,0.047773174400632626
