,Annualized Return,Annualized Vol,Sharpe Ratio,Max Drawdown,Skewness,Kurtosis,Cornish-Fisher VaR (5%),Historic CVaR (5%)
Mean Return,13.588085573384024,14.09138613828858,0.47681814977095377,-27.36446424715608,-0.9397029875060615,10.968733739887835,0.03120010484273216,0.04301208808073813
