,Annualized Return,Annualized Vol,Skewness,Kurtosis,Cornish-Fisher VaR (5%),Historic CVaR (5%),Sharpe Ratio,Max Drawdown
Mean Return,0.1423527643530733,0.1524597564244323,-1.5573218920725709,17.519252903376664,0.034131718415776176,0.0456077000269235,0.4780453178590909,-0.29900826707301786
