,Annualized Return,Annualized Vol,Sharpe Ratio,Max Drawdown,Skewness,Kurtosis,Cornish-Fisher VaR (5%),Historic CVaR (5%)
Mean Return,10.860694995349718,14.527599961215984,0.28427840700190105,-25.11944800131666,-0.4336190692263802,5.873096886183689,0.032155778231637115,0.04561807646968412
