,Annualized Return,Annualized Vol,Sharpe Ratio,Max Drawdown,Skewness,Kurtosis,Cornish-Fisher VaR (5%),Historic CVaR (5%)
Mean Return,11.245873447791666,15.825186341276924,0.28361896621200916,-28.589686779740177,-0.9386121229299615,10.231143388953004,0.03604153342616572,0.049531044142697045
