,Annualized Return,Annualized Vol,Sharpe Ratio,Max Drawdown,Skewness,Kurtosis,Cornish-Fisher VaR (5%),Historic CVaR (5%)
Mean Return,14.423281058199745,15.02192333225202,0.49893292659085087,-28.338297268699918,-0.8234168191761798,10.182477643133684,0.03299293576346528,0.046015097928833903
