,Annualized Return,Annualized Vol,Sharpe Ratio,Max Drawdown,Skewness,Kurtosis,Cornish-Fisher VaR (5%),Historic CVaR (5%)
Mean Return,18.293921470119678,13.71635734084544,0.8095070037333992,-26.555092891844644,-1.3069206947424465,10.958495585947816,0.03122020552550726,0.04400076249808339
