,Annualized Return,Annualized Vol,Sharpe Ratio,Max Drawdown,Skewness,Kurtosis,Cornish-Fisher VaR (5%),Historic CVaR (5%)
Mean Return,-0.4564976584589764,16.386804511512548,-0.3901305689666405,-47.44717551259326,-0.10693384938403003,5.616282825856565,0.03700729477658504,0.05241014291563729
