,Annualized Return,Annualized Vol,Sharpe Ratio,Max Drawdown,Skewness,Kurtosis,Cornish-Fisher VaR (5%),Historic CVaR (5%)
Mean Return,9.768378134631162,15.565237440154473,0.1985136749584652,-27.21780176617155,-0.7950438724605398,11.569881240665135,0.03430613605502632,0.049142143788419274
