,Annualized Return,Annualized Vol,Skewness,Kurtosis,Cornish-Fisher VaR (5%),Historic CVaR (5%),Sharpe Ratio,Max Drawdown
Mean Return,0.009564482570699084,0.2004572364009976,-0.4271974925153224,6.474334968489662,0.0478022836833541,0.06942779737658951,-0.24155954569978194,-0.4884933116099363
