,Annualized Return,Annualized Vol,Sharpe Ratio,Max Drawdown,Skewness,Kurtosis,Cornish-Fisher VaR (5%),Historic CVaR (5%)
Mean Return,10.565881836478086,17.6706160528784,0.21779107913323847,-32.42046400508024,-0.34614602714636866,6.662831240030301,0.03856445373746288,0.057896484544218925
