,Annualized Return,Annualized Vol,Sharpe Ratio,Max Drawdown,Skewness,Kurtosis,Cornish-Fisher VaR (5%),Historic CVaR (5%)
Mean Return,9.488799430744944,13.918080220917355,0.23581097284511202,-25.805347342597234,-1.530352775355276,17.214721751665525,0.03300971341793534,0.0439850203348061
