,Annualized Return,Annualized Vol,Sharpe Ratio,Max Drawdown,Skewness,Kurtosis,Cornish-Fisher VaR (5%),Historic CVaR (5%)
Mean Return,10.867384640914057,15.417379875185668,0.2662153599128753,-30.21716466438839,-1.287637789608053,10.373896256986228,0.03687638736425777,0.04988805422655007
