,Annualized Return,Annualized Vol,Sharpe Ratio,Max Drawdown,Skewness,Kurtosis,Cornish-Fisher VaR (5%),Historic CVaR (5%)
Mean Return,10.31710928366618,14.708554403750021,0.24847376583789355,-31.369296264037917,-0.7901132828162525,7.769164968402863,0.034108665007424134,0.047101701544387024
