,Annualized Return,Annualized Vol,Sharpe Ratio,Max Drawdown,Skewness,Kurtosis,Cornish-Fisher VaR (5%),Historic CVaR (5%)
Mean Return,16.433514817695617,15.291461725327332,0.6095659425472199,-39.97838514102612,-1.09967839216721,10.504216367665544,0.03461990496006399,0.046957482014914294
