,Annualized Return,Annualized Vol,Sharpe Ratio,Max Drawdown,Skewness,Kurtosis,Cornish-Fisher VaR (5%),Historic CVaR (5%)
Mean Return,9.475994607270998,14.704301700439038,0.19017552364438642,-29.378701975565747,-1.2588997142471867,11.86391284474361,0.03458084591575381,0.04639108173423853
