,Annualized Return,Annualized Vol,Sharpe Ratio,Max Drawdown,Skewness,Kurtosis,Cornish-Fisher VaR (5%),Historic CVaR (5%)
Mean Return,18.732562375966566,14.585685354119802,0.7907120953775367,-26.888514311357785,-0.8426180130791306,9.563810878984125,0.031593525900150174,0.04598112222979955
