,Annualized Return,Annualized Vol,Sharpe Ratio,Max Drawdown,Skewness,Kurtosis,Cornish-Fisher VaR (5%),Historic CVaR (5%)
Mean Return,11.203036982668358,18.420791885581977,0.2662327763829062,-30.188168253509772,-0.5421039888845204,13.207094955742777,0.03958422776206838,0.05577717264613708
