,Annualized Return,Annualized Vol,Sharpe Ratio,Max Drawdown,Skewness,Kurtosis,Cornish-Fisher VaR (5%),Historic CVaR (5%)
Mean Return,9.455990928183855,14.136399267089361,0.22542681301672346,-28.48624588987682,-1.2380256397387586,10.35148087983004,0.03464547436826457,0.0470542014548511
