,Annualized Return,Annualized Vol,Sharpe Ratio,Max Drawdown,Skewness,Kurtosis,Cornish-Fisher VaR (5%),Historic CVaR (5%)
Mean Return,1.3315488794417574,17.237818582004046,-0.2735110634383208,-46.9900877720091,0.2417040402236692,8.69255526388897,0.03465068558775458,0.05260342680005743
