,Annualized Return,Annualized Vol,Skewness,Kurtosis,Cornish-Fisher VaR (5%),Historic CVaR (5%),Sharpe Ratio,Max Drawdown
Mean Return,0.13111556792353563,0.15051320097232643,-1.1676120388503142,14.344953293985807,0.03331947998754753,0.04470791604820493,0.4105786703529929,-0.2630574354871222
