,Annualized Return,Annualized Vol,Sharpe Ratio,Max Drawdown,Skewness,Kurtosis,Cornish-Fisher VaR (5%),Historic CVaR (5%)
Mean Return,14.206563988036102,21.091186737970798,0.34426564166127616,-39.74948031553842,-0.5113690509193124,7.341251835252065,0.04659009523545048,0.06251413093989654
