,Annualized Return,Annualized Vol,Sharpe Ratio,Max Drawdown,Skewness,Kurtosis,Cornish-Fisher VaR (5%),Historic CVaR (5%)
Mean Return,6.935525270839915,20.562098764772163,0.0204536807193269,-44.56815462360991,0.07288710074804026,8.971410892517946,0.04112688295371786,0.06280849911384283
