,Annualized Return,Annualized Vol,Sharpe Ratio,Max Drawdown,Skewness,Kurtosis,Cornish-Fisher VaR (5%),Historic CVaR (5%)
Mean Return,9.035010572513013,14.706437083787883,0.18874709217914942,-26.02155519572084,-1.2264607883806817,9.565239090108713,0.03645550943479681,0.0496028392300243
