,Annualized Return,Annualized Vol,Sharpe Ratio,Max Drawdown,Skewness,Kurtosis,Cornish-Fisher VaR (5%),Historic CVaR (5%)
Mean Return,14.795943225428632,17.88614543426717,0.4359367332038312,-28.50804994602511,-1.194668974880838,12.866299037813313,0.04059160071222557,0.051841653490950754
