,Annualized Return,Annualized Vol,Sharpe Ratio,Max Drawdown,Skewness,Kurtosis,Cornish-Fisher VaR (5%),Historic CVaR (5%)
Mean Return,8.233437697623858,16.270649804702952,0.10222529516512553,-30.13310762213411,-0.8519763214732159,11.058883199221619,0.03675858903019882,0.05151569371774897
