,Annualized Return,Annualized Vol,Sharpe Ratio,Max Drawdown,Skewness,Kurtosis,Cornish-Fisher VaR (5%),Historic CVaR (5%)
Mean Return,12.299750306426361,13.620000327435248,0.39793433802546413,-27.989597630422175,-1.0829247569796603,12.98437622635098,0.030230728539503,0.03962555225581679
