,Annualized Return,Annualized Vol,Sharpe Ratio,Max Drawdown,Skewness,Kurtosis,Cornish-Fisher VaR (5%),Historic CVaR (5%)
Mean Return,17.157933984543796,14.371387912968444,0.6955772300377937,-27.787280122058235,-0.774806629156896,8.582366637091328,0.031432676631245715,0.044077559436004485
