,Annualized Return,Annualized Vol,Skewness,Kurtosis,Cornish-Fisher VaR (5%),Historic CVaR (5%),Sharpe Ratio,Max Drawdown
Mean Return,0.1214004817002372,0.15244415798252656,-1.1367233218044948,12.908730523183038,0.034394617145148465,0.04779298510737807,0.3454801056671626,-0.2718045084258148
