,Annualized Return,Annualized Vol,Skewness,Kurtosis,Cornish-Fisher VaR (5%),Historic CVaR (5%),Sharpe Ratio,Max Drawdown
Mean Return,0.13535950124038032,0.15942417007080437,-1.7101254114142523,17.56109757939032,0.03664843142837052,0.04874548545096761,0.4159040835838548,-0.3187431741043992
