,Annualized Return,Annualized Vol,Sharpe Ratio,Max Drawdown,Skewness,Kurtosis,Cornish-Fisher VaR (5%),Historic CVaR (5%)
Mean Return,9.618305369360503,14.268934759193927,0.23878989814488846,-26.203818707140147,-1.4668101016953818,15.8992599183669,0.03410286032889864,0.04551761728983387
