,Annualized Return,Annualized Vol,Sharpe Ratio,Max Drawdown,Skewness,Kurtosis,Cornish-Fisher VaR (5%),Historic CVaR (5%)
Mean Return,14.626057896610023,15.63332773540474,0.489600989735951,-24.772438811091696,-0.32414711057373224,7.436674186825014,0.03276113235123137,0.044052281475222194
