,Annualized Return,Annualized Vol,Sharpe Ratio,Max Drawdown,Skewness,Kurtosis,Cornish-Fisher VaR (5%),Historic CVaR (5%)
Mean Return,9.388315744284114,18.35186140772967,0.1478438053137604,-41.80820798013317,-0.6405346119391432,10.879012292724546,0.04015503904181512,0.05323325654717073
