,Annualized Return,Annualized Vol,Sharpe Ratio,Max Drawdown,Skewness,Kurtosis,Cornish-Fisher VaR (5%),Historic CVaR (5%)
Mean Return,8.306801710862533,14.56269104647983,0.11654711403489419,-25.343958857607213,-1.4449395212637919,12.067691645340123,0.03522819408652722,0.047826646298140735
