,Annualized Return,Annualized Vol,Sharpe Ratio,Max Drawdown,Skewness,Kurtosis,Cornish-Fisher VaR (5%),Historic CVaR (5%)
Mean Return,12.158401627363858,14.447243887426852,0.36938579547332395,-23.18961445578705,-0.5750200432645545,7.593567825131274,0.03178332057399667,0.045370900132295076
