,Annualized Return,Annualized Vol,Sharpe Ratio,Max Drawdown,Skewness,Kurtosis,Cornish-Fisher VaR (5%),Historic CVaR (5%)
Mean Return,10.186401680078493,14.626603046909118,0.23684991425986138,-30.064240645179773,-0.7109045202565476,8.33864588633389,0.032964266869559514,0.04696866488878011
