,Annualized Return,Annualized Vol,Sharpe Ratio,Max Drawdown,Skewness,Kurtosis,Cornish-Fisher VaR (5%),Historic CVaR (5%)
Mean Return,15.192356156385367,14.016694334738588,0.5812963282225915,-27.108471364160607,-1.2859602458973565,15.193154433440043,0.03075627411447601,0.040758180483865265
