,Annualized Return,Annualized Vol,Sharpe Ratio,Max Drawdown,Skewness,Kurtosis,Cornish-Fisher VaR (5%),Historic CVaR (5%)
Mean Return,16.835462803956027,16.134596580092648,0.6021363177202637,-24.23826199738086,-0.24124595267374008,7.883989204525883,0.032813779768539386,0.04461997561215085
