,Annualized Return,Annualized Vol,Sharpe Ratio,Max Drawdown,Skewness,Kurtosis,Cornish-Fisher VaR (5%),Historic CVaR (5%)
Mean Return,14.385452237785978,15.711328649674067,0.4717487729714858,-28.235709246624175,-1.2685027916329834,15.093437494035275,0.03484017126067105,0.04481893998998608
