,Annualized Return,Annualized Vol,Sharpe Ratio,Max Drawdown,Skewness,Kurtosis,Cornish-Fisher VaR (5%),Historic CVaR (5%)
Mean Return,9.76672909089007,16.315537403226227,0.19032332205831518,-29.874620184699275,-0.9910379810704396,11.92011569852446,0.03698216779471346,0.05095061393710369
