,Annualized Return,Annualized Vol,Sharpe Ratio,Max Drawdown,Skewness,Kurtosis,Cornish-Fisher VaR (5%),Historic CVaR (5%)
Mean Return,-0.23525397192650788,22.581063166395886,-0.27908450325709744,-58.8483592868881,-1.073969080871239,11.461140983141998,0.054508301705415936,0.0829814776072585
