,Annualized Return,Annualized Vol,Sharpe Ratio,Max Drawdown,Skewness,Kurtosis,Cornish-Fisher VaR (5%),Historic CVaR (5%)
Mean Return,14.906860053925453,18.06808648665193,0.43913365069167265,-34.05586741948449,-0.43532250436312797,7.365743304556005,0.038979109951884215,0.051014979376549065
