,Annualized Return,Annualized Vol,Sharpe Ratio,Max Drawdown,Skewness,Kurtosis,Cornish-Fisher VaR (5%),Historic CVaR (5%)
Mean Return,9.748495051138285,18.390654605472427,0.16789552903489544,-32.65608197246406,-0.998504168482084,8.878767209419161,0.04349053894946707,0.059713731204158446
