,Annualized Return,Annualized Vol,Sharpe Ratio,Max Drawdown,Skewness,Kurtosis,Cornish-Fisher VaR (5%),Historic CVaR (5%)
Mean Return,11.59643741877272,15.08355728746109,0.31868876775753013,-31.532237274172044,-1.7674593208850586,19.63912720775663,0.034274018623332035,0.045965988122105825
