,Annualized Return,Annualized Vol,Sharpe Ratio,Max Drawdown,Skewness,Kurtosis,Cornish-Fisher VaR (5%),Historic CVaR (5%)
Mean Return,10.642785888263816,14.817660157381482,0.2664650535086907,-28.295345116294378,-1.1443052603325001,10.717522740298872,0.03456872475801324,0.04690416222466022
