,Annualized Return,Annualized Vol,Sharpe Ratio,Max Drawdown,Skewness,Kurtosis,Cornish-Fisher VaR (5%),Historic CVaR (5%)
Mean Return,14.608866268741094,13.108696701256683,0.5887194405515126,-23.000709786403238,-0.13515254952704703,5.634666234909345,0.02704926473110747,0.03742803187596585
