,Annualized Return,Annualized Vol,Sharpe Ratio,Max Drawdown,Skewness,Kurtosis,Cornish-Fisher VaR (5%),Historic CVaR (5%)
Mean Return,9.528621211138532,16.997109022165528,0.16543840657909137,-28.902690453005015,-1.0019561385533469,11.854769183099641,0.03875020073011038,0.054804727455541255
