,Annualized Return,Annualized Vol,Sharpe Ratio,Max Drawdown,Skewness,Kurtosis,Cornish-Fisher VaR (5%),Historic CVaR (5%)
Mean Return,7.684192836758785,21.72272551988579,0.0556713552167073,-57.79254011711325,-0.23060678812612212,5.879562232238602,0.04826110077393147,0.06966668152443525
