,Annualized Return,Annualized Vol,Sharpe Ratio,Max Drawdown,Skewness,Kurtosis,Cornish-Fisher VaR (5%),Historic CVaR (5%)
Mean Return,11.188955662067833,14.470190820864168,0.3089468146724901,-25.486977366941343,-0.5706773407785538,4.8197091274552175,0.033109347294923944,0.04641508394869212
