,Annualized Return,Annualized Vol,Skewness,Kurtosis,Cornish-Fisher VaR (5%),Historic CVaR (5%),Sharpe Ratio,Max Drawdown
Mean Return,0.007145986580616492,0.14731590270127817,-1.1970892488978406,8.036120840508955,0.0390447559612685,0.052032851676264605,-0.3391095090066105,-0.3981049768546212
