,Annualized Return,Annualized Vol,Sharpe Ratio,Max Drawdown,Skewness,Kurtosis,Cornish-Fisher VaR (5%),Historic CVaR (5%)
Mean Return,18.06543070347102,14.357771454562181,0.7595661196823158,-27.1679818321336,-1.1259868023484954,10.41654579880711,0.032210831887241505,0.046372725106533716
