,Annualized Return,Annualized Vol,Sharpe Ratio,Max Drawdown,Skewness,Kurtosis,Cornish-Fisher VaR (5%),Historic CVaR (5%)
Mean Return,13.737642124007365,13.8324755015368,0.4893684850467025,-28.602723497950894,-1.2454386355092633,14.946117570027347,0.03047908121532096,0.04011408091645923
