,Annualized Return,Annualized Vol,Skewness,Kurtosis,Cornish-Fisher VaR (5%),Historic CVaR (5%),Sharpe Ratio,Max Drawdown
Mean Return,0.06899046371660367,0.1489339878721053,-0.3786471851106908,4.491031922701058,0.03429528313608386,0.04808112036382499,0.03168837405433446,-0.31005298008498894
