,Annualized Return,Annualized Vol,Sharpe Ratio,Max Drawdown,Skewness,Kurtosis,Cornish-Fisher VaR (5%),Historic CVaR (5%)
Mean Return,12.22714600417898,15.394664070212807,0.34862762093966276,-28.29138645162021,-1.235451101761243,14.120188450920276,0.03471858474660769,0.04549427618533824
