,Annualized Return,Annualized Vol,Skewness,Kurtosis,Cornish-Fisher VaR (5%),Historic CVaR (5%),Sharpe Ratio,Max Drawdown
Mean Return,0.13497746320971848,0.16491479524121044,-1.3889217036832266,15.184449124128951,0.03745053739170337,0.05009715461766606,0.39671308094078506,-0.33265174829680416
