,Annualized Return,Annualized Vol,Sharpe Ratio,Max Drawdown,Skewness,Kurtosis,Cornish-Fisher VaR (5%),Historic CVaR (5%)
Mean Return,14.16068018210488,16.139970039681526,0.4439614734754673,-27.60169421201692,-1.476017078867082,15.85813256670053,0.036639014797771076,0.046798218486189605
