,Annualized Return,Annualized Vol,Sharpe Ratio,Max Drawdown,Skewness,Kurtosis,Cornish-Fisher VaR (5%),Historic CVaR (5%)
Mean Return,9.809381137796347,15.302994528192851,0.2052580606586572,-29.086577000880553,-0.4025483784760818,5.405771023518329,0.034174570328926374,0.04833647153755967
