,Annualized Return,Annualized Vol,Sharpe Ratio,Max Drawdown,Skewness,Kurtosis,Cornish-Fisher VaR (5%),Historic CVaR (5%)
Mean Return,13.793107283263062,14.645436829854583,0.4692654779375762,-27.72841525473059,-1.833413936010825,20.423797889364568,0.03281525622524592,0.04499393179257023
