,Annualized Return,Annualized Vol,Sharpe Ratio,Max Drawdown,Skewness,Kurtosis,Cornish-Fisher VaR (5%),Historic CVaR (5%)
Mean Return,12.982843582003788,17.12742207197568,0.3563707833407,-30.854451596612147,-0.5700677916584496,7.919559889281525,0.03774257764685018,0.04987746543279224
