,Annualized Return,Annualized Vol,Sharpe Ratio,Max Drawdown,Skewness,Kurtosis,Cornish-Fisher VaR (5%),Historic CVaR (5%)
Mean Return,0.7544465521377219,18.354708419845178,-0.29513754347713345,-59.988490468872435,-0.025195125836148656,8.280116941390014,0.03882272167255412,0.05989332422256754
