,Annualized Return,Annualized Vol,Sharpe Ratio,Max Drawdown,Skewness,Kurtosis,Cornish-Fisher VaR (5%),Historic CVaR (5%)
Mean Return,8.221988994160267,13.790221220748913,0.15136134577496624,-26.895248347575002,-0.9253537622514748,8.629178023900833,0.033523016219121606,0.044584103552936814
