,Annualized Return,Annualized Vol,Sharpe Ratio,Max Drawdown,Skewness,Kurtosis,Cornish-Fisher VaR (5%),Historic CVaR (5%)
Mean Return,15.113977300179894,14.430282146354365,0.5694182562002432,-33.8362779137401,-1.1214409607204523,9.528994032681698,0.033539937493764875,0.04553390202173985
