,Annualized Return,Annualized Vol,Sharpe Ratio,Max Drawdown,Skewness,Kurtosis,Cornish-Fisher VaR (5%),Historic CVaR (5%)
Mean Return,15.40741018941112,15.485492530492248,0.5416330453609277,-31.547140844719397,-1.4751361439372908,15.108223597652275,0.035159954454047994,0.04976626325465509
