,Annualized Return,Annualized Vol,Skewness,Kurtosis,Cornish-Fisher VaR (5%),Historic CVaR (5%),Sharpe Ratio,Max Drawdown
Mean Return,0.0890644065639501,0.1938483773276341,-0.7973051412609908,6.634469669977031,0.045942123725310924,0.06290978764000524,0.11744714499018442,-0.40141318536636394
