,Annualized Return,Annualized Vol,Sharpe Ratio,Max Drawdown,Skewness,Kurtosis,Cornish-Fisher VaR (5%),Historic CVaR (5%)
Mean Return,6.8125403336098955,14.292722493377783,0.020468015586233512,-26.151881730730075,-1.100965775319207,8.006284753875383,0.03483403636895234,0.04793413816706326
