,Annualized Return,Annualized Vol,Sharpe Ratio,Max Drawdown,Skewness,Kurtosis,Cornish-Fisher VaR (5%),Historic CVaR (5%)
Mean Return,14.136157010225103,16.332066631331468,0.4373259488088814,-27.410003556870016,-1.4315934242871626,14.679566906512202,0.037413724831517066,0.04804724485530145
