,Annualized Return,Annualized Vol,Sharpe Ratio,Max Drawdown,Skewness,Kurtosis,Cornish-Fisher VaR (5%),Historic CVaR (5%)
Mean Return,15.650245751232106,17.14377293148403,0.5036010922827779,-30.68100855104487,-1.1953406485635463,11.584372427059314,0.039274033826404486,0.05257495141720779
