,Annualized Return,Annualized Vol,Sharpe Ratio,Max Drawdown,Skewness,Kurtosis,Cornish-Fisher VaR (5%),Historic CVaR (5%)
Mean Return,8.756184310994385,16.50114371703096,0.13126356730754837,-28.29505208878992,-1.3243660391901806,10.90499192830573,0.039904379221957706,0.05463737024900171
