,Annualized Return,Annualized Vol,Sharpe Ratio,Max Drawdown,Skewness,Kurtosis,Cornish-Fisher VaR (5%),Historic CVaR (5%)
Mean Return,10.972523022333558,15.12850404635739,0.2758610287254712,-33.417630360431524,-1.5408641356345458,14.23080241292942,0.03574404566191761,0.04811971917054665
