,Annualized Return,Annualized Vol,Sharpe Ratio,Max Drawdown,Skewness,Kurtosis,Cornish-Fisher VaR (5%),Historic CVaR (5%)
Mean Return,9.881524678941256,14.841526834097065,0.21307675940546691,-31.24358985711975,-1.2237300462537808,11.393849766038793,0.03487992709163423,0.04683079140038484
