,Annualized Return,Annualized Vol,Sharpe Ratio,Max Drawdown,Skewness,Kurtosis,Cornish-Fisher VaR (5%),Historic CVaR (5%)
Mean Return,9.446370809519777,17.855507977369147,0.15815985943165797,-34.02205431692652,-0.9876119152907128,7.457136097820786,0.04288631285611667,0.0630762051043216
