,Annualized Return,Annualized Vol,Sharpe Ratio,Max Drawdown,Skewness,Kurtosis,Cornish-Fisher VaR (5%),Historic CVaR (5%)
Mean Return,7.629556190704556,13.42628850386369,0.08898004292701747,-27.55629351502598,-0.7118132072628922,7.263340887760659,0.031264530209535506,0.04451620550143063
