,Annualized Return,Annualized Vol,Sharpe Ratio,Max Drawdown,Skewness,Kurtosis,Cornish-Fisher VaR (5%),Historic CVaR (5%)
Mean Return,11.18727580075447,13.993574413207416,0.31258809545264504,-34.211272554395975,-0.9892848444737814,8.457124038443807,0.03263313869852679,0.045161908864012945
