,Annualized Return,Annualized Vol,Sharpe Ratio,Max Drawdown,Skewness,Kurtosis,Cornish-Fisher VaR (5%),Historic CVaR (5%)
Mean Return,12.305092599086276,13.559343815252214,0.40714731302460316,-25.182723668354846,-0.7718522825060206,5.931739469093988,0.031270130997961505,0.0453384156041874
