,Annualized Return,Annualized Vol,Skewness,Kurtosis,Cornish-Fisher VaR (5%),Historic CVaR (5%),Sharpe Ratio,Max Drawdown
Mean Return,0.1253501044486125,0.15083104723884597,-1.302631732943289,15.549008845210166,0.033655131303168,0.044713961029814044,0.3737870723826345,-0.26541551643217776
