,Annualized Return,Annualized Vol,Sharpe Ratio,Max Drawdown,Skewness,Kurtosis,Cornish-Fisher VaR (5%),Historic CVaR (5%)
Mean Return,5.331663487910454,15.187507553352331,-0.04699459627114329,-47.057693386113684,-0.7332776759896572,6.917192700563577,0.036926274635209484,0.04936862572296072
