,Annualized Return,Annualized Vol,Sharpe Ratio,Max Drawdown,Skewness,Kurtosis,Cornish-Fisher VaR (5%),Historic CVaR (5%)
Mean Return,7.463656308646116,12.656821842699564,0.11644887148746019,-23.948377270123625,-0.36660687640683565,7.167088408788049,0.028973247540588606,0.04019150743777627
