,Annualized Return,Annualized Vol,Sharpe Ratio,Max Drawdown,Skewness,Kurtosis,Cornish-Fisher VaR (5%),Historic CVaR (5%)
Mean Return,11.237103545816574,16.00594859793099,0.27813600483586925,-27.2870245331868,-0.7761626023819734,10.605415923321688,0.03539807402014019,0.04942376105425219
