,Annualized Return,Annualized Vol,Sharpe Ratio,Max Drawdown,Skewness,Kurtosis,Cornish-Fisher VaR (5%),Historic CVaR (5%)
Mean Return,8.8215211328595,13.260011994518136,0.17471757061666368,-30.08947652097813,-1.0223769866464245,8.639638106267205,0.031578647393644105,0.0450847479362993
