,Annualized Return,Annualized Vol,Sharpe Ratio,Max Drawdown,Skewness,Kurtosis,Cornish-Fisher VaR (5%),Historic CVaR (5%)
Mean Return,13.326647014127225,16.46818044437854,0.3875781037286504,-33.26517482968042,-1.352921131096972,14.815457635617024,0.03740364618559879,0.049434237640398934
