,Annualized Return,Annualized Vol,Sharpe Ratio,Max Drawdown,Skewness,Kurtosis,Cornish-Fisher VaR (5%),Historic CVaR (5%)
Mean Return,11.998058490197616,13.964581122208358,0.3683838746523139,-27.103299801802113,-0.9425794310450559,10.196451491322138,0.031513443620630854,0.04264062259085102
