,Annualized Return,Annualized Vol,Sharpe Ratio,Max Drawdown,Skewness,Kurtosis,Cornish-Fisher VaR (5%),Historic CVaR (5%)
Mean Return,10.244413476976844,15.353237844583264,0.2291827076397373,-28.368241264415733,-0.8784856207991317,11.819150835077432,0.03408315084307584,0.04863120043732542
