,Annualized Return,Annualized Vol,Sharpe Ratio,Max Drawdown,Skewness,Kurtosis,Cornish-Fisher VaR (5%),Historic CVaR (5%)
Mean Return,12.075873466152643,15.777490635333939,0.3321463301911495,-32.093682454864386,-0.9751809959298032,9.212153069401866,0.03642913285259954,0.05243867752935133
