,Annualized Return,Annualized Vol,Sharpe Ratio,Max Drawdown,Skewness,Kurtosis,Cornish-Fisher VaR (5%),Historic CVaR (5%)
Mean Return,11.54950076972916,14.582244462729758,0.3236562111327299,-31.233171475463074,-1.2523457033329013,14.964518036020515,0.03264454395979125,0.042861651424443245
