,Annualized Return,Annualized Vol,Sharpe Ratio,Max Drawdown,Skewness,Kurtosis,Cornish-Fisher VaR (5%),Historic CVaR (5%)
Mean Return,13.034496763995174,14.951680546278357,0.4136570646123287,-27.614510959356963,-0.9061414437228652,11.370475201715472,0.03299342768859732,0.046760421163480274
