,Annualized Return,Annualized Vol,Sharpe Ratio,Max Drawdown,Skewness,Kurtosis,Cornish-Fisher VaR (5%),Historic CVaR (5%)
Mean Return,10.5569655442598,14.466290967360745,0.26149945431990756,-35.60080053554972,-1.6027383897489915,14.361211762704553,0.03440002332890446,0.0462219162649465
