,Annualized Return,Annualized Vol,Sharpe Ratio,Max Drawdown,Skewness,Kurtosis,Cornish-Fisher VaR (5%),Historic CVaR (5%)
Mean Return,8.90904251256699,12.880679844972237,0.18790603659680877,-26.905440538077404,-1.0284496529498302,8.01155306315078,0.030869518304885338,0.044996570079254464
