,Annualized Return,Annualized Vol,Sharpe Ratio,Max Drawdown,Skewness,Kurtosis,Cornish-Fisher VaR (5%),Historic CVaR (5%)
Mean Return,17.344082394705417,14.509698259240237,0.7036732840510874,-26.342626196169196,-1.722058939015685,20.291052099199238,0.03146836469419696,0.04216441806150829
