,Annualized Return,Annualized Vol,Sharpe Ratio,Max Drawdown,Skewness,Kurtosis,Cornish-Fisher VaR (5%),Historic CVaR (5%)
Mean Return,16.063138122364997,13.705614944476515,0.6567699867665574,-27.80042832615593,-1.6261927360488586,18.913226084579776,0.02991399065275644,0.040779281818292136
