,Annualized Return,Annualized Vol,Sharpe Ratio,Max Drawdown,Skewness,Kurtosis,Cornish-Fisher VaR (5%),Historic CVaR (5%)
Mean Return,8.068682474689925,14.265829327811542,0.13198602692446149,-35.97521907973018,-0.7579434173993466,6.97353442260825,0.034223721769233426,0.04594838091641635
