,Annualized Return,Annualized Vol,Sharpe Ratio,Max Drawdown,Skewness,Kurtosis,Cornish-Fisher VaR (5%),Historic CVaR (5%)
Mean Return,9.760047911396219,18.506032500891862,0.1654947290367201,-38.23375052138797,-0.6927693369864772,7.465083918794556,0.042539308388300584,0.060092352420359915
