,Annualized Return,Annualized Vol,Sharpe Ratio,Max Drawdown,Skewness,Kurtosis,Cornish-Fisher VaR (5%),Historic CVaR (5%)
Mean Return,16.760066520997242,14.09636746657097,0.6819679916548782,-28.426221746813958,-1.655918275994102,15.716658404592557,0.03212634167494832,0.044183778972653576
