,Annualized Return,Annualized Vol,Sharpe Ratio,Max Drawdown,Skewness,Kurtosis,Cornish-Fisher VaR (5%),Historic CVaR (5%)
Mean Return,18.175596638528724,15.382986771429927,0.7159896626451554,-20.35433846777157,-0.19112999643183579,7.103098231781155,0.030956969134866348,0.04551945077655963
