,Annualized Return,Annualized Vol,Sharpe Ratio,Max Drawdown,Skewness,Kurtosis,Cornish-Fisher VaR (5%),Historic CVaR (5%)
Mean Return,12.55922561377718,13.12725736692425,0.44556181541250606,-22.157972301120253,-0.13818279506614156,5.017415513351712,0.02767266716261469,0.037824175162874916
