,Annualized Return,Annualized Vol,Sharpe Ratio,Max Drawdown,Skewness,Kurtosis,Cornish-Fisher VaR (5%),Historic CVaR (5%)
Mean Return,10.762194969314098,15.613219572104548,0.2576320447466445,-29.70807666109542,-0.8760268916703423,11.509842850451397,0.03471720551445914,0.04843915297658376
