,Annualized Return,Annualized Vol,Sharpe Ratio,Max Drawdown,Skewness,Kurtosis,Cornish-Fisher VaR (5%),Historic CVaR (5%)
Mean Return,13.158054841553568,17.143160851527337,0.36565334472452915,-30.350432829048785,-0.551922004477894,7.346194824027478,0.037910793843456164,0.05067022076174329
