,Annualized Return,Annualized Vol,Sharpe Ratio,Max Drawdown,Skewness,Kurtosis,Cornish-Fisher VaR (5%),Historic CVaR (5%)
Mean Return,10.513814616113958,17.920780434348774,0.21550890789808774,-30.3539456019761,-0.49030519982143883,7.604103752871832,0.04000120283557993,0.0547772136957848
