,Annualized Return,Annualized Vol,Sharpe Ratio,Max Drawdown,Skewness,Kurtosis,Cornish-Fisher VaR (5%),Historic CVaR (5%)
Mean Return,14.867097394668782,15.167872780167338,0.5195755263233287,-26.57139592221483,-0.7840959691280027,11.054183932095464,0.032683737783494204,0.04509895024224701
