,Annualized Return,Annualized Vol,Sharpe Ratio,Max Drawdown,Skewness,Kurtosis,Cornish-Fisher VaR (5%),Historic CVaR (5%)
Mean Return,9.439858106650266,14.546321244785542,0.19708622771780268,-29.807637804338366,-0.3224057673634484,4.248303968318726,0.03281680988019836,0.04553737978924618
