,Annualized Return,Annualized Vol,Skewness,Kurtosis,Cornish-Fisher VaR (5%),Historic CVaR (5%),Sharpe Ratio,Max Drawdown
Mean Return,0.08810417385367386,0.16628560675029283,-0.48347656552185886,6.717210890040921,0.03731688829731679,0.05192740925722737,0.13158561276089067,-0.2710266116305338
