,Annualized Return,Annualized Vol,Sharpe Ratio,Max Drawdown,Skewness,Kurtosis,Cornish-Fisher VaR (5%),Historic CVaR (5%)
Mean Return,13.897780444189966,13.00376815756789,0.5428002025880736,-25.45706402576145,-1.1068997404214118,8.266534803766968,0.03056973881668948,0.0415930700313152
