,Annualized Return,Annualized Vol,Sharpe Ratio,Max Drawdown,Skewness,Kurtosis,Cornish-Fisher VaR (5%),Historic CVaR (5%)
Mean Return,12.756364102253027,14.852149139381886,0.39380108156682897,-30.63679756778091,-0.977621162100004,12.657387093487177,0.03267465211032985,0.042270894267334665
