,Annualized Return,Annualized Vol,Sharpe Ratio,Max Drawdown,Skewness,Kurtosis,Cornish-Fisher VaR (5%),Historic CVaR (5%)
Mean Return,17.071097447007453,17.71065923079238,0.5610384900123898,-27.18172624587845,-0.8768118256205409,9.284666566718009,0.039653316597067646,0.05166052237379407
