,Annualized Return,Annualized Vol,Sharpe Ratio,Max Drawdown,Skewness,Kurtosis,Cornish-Fisher VaR (5%),Historic CVaR (5%)
Mean Return,10.834815397083597,15.565236405499755,0.2931728218371604,-26.624137062689734,-1.4159664190828234,15.402232957804877,0.037077536802253654,0.05144434916710347
