,Annualized Return,Annualized Vol,Sharpe Ratio,Max Drawdown,Skewness,Kurtosis,Cornish-Fisher VaR (5%),Historic CVaR (5%)
Mean Return,17.157896084080782,14.932052592466693,0.6735060200892231,-24.810048360185405,-1.0426978889204175,10.937484184660315,0.033123698546932125,0.047513168572951056
