,Annualized Return,Annualized Vol,Skewness,Kurtosis,Cornish-Fisher VaR (5%),Historic CVaR (5%),Sharpe Ratio,Max Drawdown
Mean Return,0.08457824810036252,0.168496467381584,-0.5221439859684303,6.042609219365627,0.038450728864546715,0.05329253441595625,0.11018019322931613,-0.2823957832448195
