,Annualized Return,Annualized Vol,Sharpe Ratio,Max Drawdown,Skewness,Kurtosis,Cornish-Fisher VaR (5%),Historic CVaR (5%)
Mean Return,17.455957202763315,16.795395611144805,0.6143120563550513,-28.82231887451222,-0.5315938455841569,8.419686117739072,0.03572478900646187,0.05129859504977173
