,Annualized Return,Annualized Vol,Sharpe Ratio,Max Drawdown,Skewness,Kurtosis,Cornish-Fisher VaR (5%),Historic CVaR (5%)
Mean Return,14.996198668425475,15.887546769028116,0.5037674513035361,-28.519821083319393,-1.8023313552531677,18.12435001548376,0.03646016018552057,0.04826322018707006
