,Annualized Return,Annualized Vol,Skewness,Kurtosis,Cornish-Fisher VaR (5%),Historic CVaR (5%),Sharpe Ratio,Max Drawdown
Mean Return,-0.024017165652084893,0.15579884662461346,-0.688658525676893,5.91353647368903,0.038863047318792185,0.05205625153485541,-0.5293247616818955,-0.4028591080486688
