,Annualized Return,Annualized Vol,Sharpe Ratio,Max Drawdown,Skewness,Kurtosis,Cornish-Fisher VaR (5%),Historic CVaR (5%)
Mean Return,13.850189472975893,15.341991812309974,0.45031069034920707,-28.480740625169883,-0.916467543599186,10.981141559887794,0.03400124803418162,0.0452397292007708
