,Annualized Return,Annualized Vol,Sharpe Ratio,Max Drawdown,Skewness,Kurtosis,Cornish-Fisher VaR (5%),Historic CVaR (5%)
Mean Return,15.377546558623933,14.652304464667147,0.5727819336310382,-29.624988038084858,-0.9350853285110542,11.819225103289034,0.03185952827148054,0.044873068443639724
