,Annualized Return,Annualized Vol,Sharpe Ratio,Max Drawdown,Skewness,Kurtosis,Cornish-Fisher VaR (5%),Historic CVaR (5%)
Mean Return,12.477195190813983,15.011010718303217,0.3754752147788048,-28.91393907657651,-0.6197052425805015,8.200428432272068,0.03303537696490914,0.04832114416528689
