,Annualized Return,Annualized Vol,Sharpe Ratio,Max Drawdown,Skewness,Kurtosis,Cornish-Fisher VaR (5%),Historic CVaR (5%)
Mean Return,13.001137541360075,13.756366884005983,0.4517539109533185,-28.61987954924806,-1.1762073833647144,8.150809115812686,0.03299719213220567,0.045967763225023
