,Annualized Return,Annualized Vol,Sharpe Ratio,Max Drawdown,Skewness,Kurtosis,Cornish-Fisher VaR (5%),Historic CVaR (5%)
Index Return,10.941545350560045,17.90146174246778,0.2351670638920701,-34.3959508131868,-0.978353561283604,10.112129823725015,0.04134461201872182,0.05813317215915833
