,Annualized Return,Annualized Vol,Sharpe Ratio,Max Drawdown,Skewness,Kurtosis,Cornish-Fisher VaR (5%),Historic CVaR (5%)
Mean Return,10.054981386645068,19.30324194863079,0.17464514644113802,-31.782081604363295,0.17818260368200955,7.5082643745005315,0.03796528173181183,0.05753312743667666
