,Annualized Return,Annualized Vol,Sharpe Ratio,Max Drawdown,Skewness,Kurtosis,Cornish-Fisher VaR (5%),Historic CVaR (5%)
Mean Return,14.790680815320133,15.195118364691016,0.5150081994272867,-29.761194224054044,-0.8147230337062041,9.064578212759958,0.033761279906814684,0.04930468757095596
