,Annualized Return,Annualized Vol,Sharpe Ratio,Max Drawdown,Skewness,Kurtosis,Cornish-Fisher VaR (5%),Historic CVaR (5%)
Mean Return,8.905310407228795,16.156678175480877,0.16910767143293445,-29.835741761264067,-0.7014798628213094,12.407245409780147,0.036286257461750834,0.04894322149678178
