,Annualized Return,Annualized Vol,Sharpe Ratio,Max Drawdown,Skewness,Kurtosis,Cornish-Fisher VaR (5%),Historic CVaR (5%)
Mean Return,15.21982986777395,15.618546843287731,0.5226680963743532,-28.108245528743055,-1.3945998908765656,15.033613508146798,0.03516124188369182,0.04518135365910184
