,Annualized Return,Annualized Vol,Sharpe Ratio,Max Drawdown,Skewness,Kurtosis,Cornish-Fisher VaR (5%),Historic CVaR (5%)
Mean Return,11.043969231069962,15.644271288484092,0.2760104205035353,-27.614510959356984,-1.0604341967297315,11.129443798966495,0.035890513684316214,0.05099227191426864
