,Annualized Return,Annualized Vol,Sharpe Ratio,Max Drawdown,Skewness,Kurtosis,Cornish-Fisher VaR (5%),Historic CVaR (5%)
Mean Return,9.892867154923257,17.68835607440619,0.1834003723846993,-33.22878289038963,-1.0112302562259405,7.6415360448154495,0.04244373634725409,0.06233393613802622
