,Annualized Return,Annualized Vol,Sharpe Ratio,Max Drawdown,Skewness,Kurtosis,Cornish-Fisher VaR (5%),Historic CVaR (5%)
Mean Return,8.853103789566363,13.80766629705944,0.19421657016472985,-25.022162313232926,-1.4194433022060107,16.244428457319096,0.03274041363641327,0.043817357046654466
