,Annualized Return,Annualized Vol,Sharpe Ratio,Max Drawdown,Skewness,Kurtosis,Cornish-Fisher VaR (5%),Historic CVaR (5%)
Mean Return,12.501686689521762,19.167340600623223,0.2951538849338522,-29.692510547061147,-0.5171310358067231,7.300426671897783,0.04249948293352659,0.058996212960100346
