,Annualized Return,Annualized Vol,Sharpe Ratio,Max Drawdown,Skewness,Kurtosis,Cornish-Fisher VaR (5%),Historic CVaR (5%)
Mean Return,10.437916383037482,14.528937425271081,0.2525881676118288,-33.00322672879293,-0.8623269718097024,8.030965692775581,0.033617177154849485,0.046868027922006436
