,Annualized Return,Annualized Vol,Sharpe Ratio,Max Drawdown,Skewness,Kurtosis,Cornish-Fisher VaR (5%),Historic CVaR (5%)
Mean Return,15.636935044340694,13.539229467704745,0.6351912294553502,-22.11834625918213,-0.6859790494538456,6.57225150480469,0.030018222889330242,0.04273729379584144
