,Annualized Return,Annualized Vol,Sharpe Ratio,Max Drawdown,Skewness,Kurtosis,Cornish-Fisher VaR (5%),Historic CVaR (5%)
Mean Return,13.478263669695068,13.457691788015596,0.4922321938027328,-25.484235383078012,-0.7742007925932137,5.926597798674967,0.030830999310763767,0.045004055189260234
