,Annualized Return,Annualized Vol,Sharpe Ratio,Max Drawdown,Skewness,Kurtosis,Cornish-Fisher VaR (5%),Historic CVaR (5%)
Mean Return,11.55293044056962,15.198547091540714,0.3114073451311336,-32.41874277826536,-1.3081297038478226,11.994967662446014,0.035630631606125486,0.04924630644080441
