,Annualized Return,Annualized Vol,Sharpe Ratio,Max Drawdown,Skewness,Kurtosis,Cornish-Fisher VaR (5%),Historic CVaR (5%)
Mean Return,9.889070781658882,13.741697791862709,0.24193412685268062,-20.229555693903713,-0.43344197205001467,6.77395142225125,0.030403075839296627,0.04208495601248819
