,Annualized Return,Annualized Vol,Sharpe Ratio,Max Drawdown,Skewness,Kurtosis,Cornish-Fisher VaR (5%),Historic CVaR (5%)
Mean Return,9.659870079718246,13.50817192767745,0.2505856097338363,-27.33623977648556,-1.098804222130893,9.891474939769608,0.03253397247509679,0.04369114659529558
