,Annualized Return,Annualized Vol,Sharpe Ratio,Max Drawdown,Skewness,Kurtosis,Cornish-Fisher VaR (5%),Historic CVaR (5%)
Mean Return,14.159174234433557,14.315242972506459,0.5045681768364059,-29.481170336208606,-0.6909516062039803,9.008966921469224,0.03117987568777005,0.045172651495300586
