,Annualized Return,Annualized Vol,Sharpe Ratio,Max Drawdown,Skewness,Kurtosis,Cornish-Fisher VaR (5%),Historic CVaR (5%)
Mean Return,4.902800343566094,19.12658294551958,-0.07556993754246101,-52.569523167897195,0.06923248513415949,4.9797631818737775,0.0411164511553028,0.057843214100558905
