,Annualized Return,Annualized Vol,Sharpe Ratio,Max Drawdown,Skewness,Kurtosis,Cornish-Fisher VaR (5%),Historic CVaR (5%)
Mean Return,12.708137182546174,15.015964905358834,0.3905126552327817,-25.82182180340181,-0.6746108100749021,10.464961305782989,0.032360030114766805,0.046207555805568144
