,Annualized Return,Annualized Vol,Sharpe Ratio,Max Drawdown,Skewness,Kurtosis,Cornish-Fisher VaR (5%),Historic CVaR (5%)
Mean Return,10.933811389692426,14.808616416594763,0.28138260037387,-25.814903600259708,-1.828508990420442,19.167023067207722,0.034199741690588405,0.04597228583223139
