,Annualized Return,Annualized Vol,Sharpe Ratio,Max Drawdown,Skewness,Kurtosis,Cornish-Fisher VaR (5%),Historic CVaR (5%)
Mean Return,12.281504487544348,13.1640114870681,0.42086819946229836,-21.9341496914919,-0.9768200008075759,6.6890617577396005,0.03125904225106973,0.04383542189957402
