,Annualized Return,Annualized Vol,Sharpe Ratio,Max Drawdown,Skewness,Kurtosis,Cornish-Fisher VaR (5%),Historic CVaR (5%)
Mean Return,11.320952966950415,12.682329702426454,0.36991160907861975,-19.16107129254802,-0.36718568110694033,6.108790681792988,0.02760469659829459,0.0391414465061308
