,Annualized Return,Annualized Vol,Sharpe Ratio,Max Drawdown,Skewness,Kurtosis,Cornish-Fisher VaR (5%),Historic CVaR (5%)
Mean Return,14.579171879937425,13.876779728145333,0.548958650832501,-24.76046117962695,-1.49107119376161,15.975486495150646,0.031118989649066103,0.04334782129724533
