,Annualized Return,Annualized Vol,Skewness,Kurtosis,Cornish-Fisher VaR (5%),Historic CVaR (5%),Sharpe Ratio,Max Drawdown
Mean Return,0.08910185762097966,0.16168538460684662,-1.2405335567077456,8.798711103128912,0.039550133807604554,0.0553174438791236,0.1422401763099332,-0.29511048973564624
