,Annualized Return,Annualized Vol,Sharpe Ratio,Max Drawdown,Skewness,Kurtosis,Cornish-Fisher VaR (5%),Historic CVaR (5%)
Mean Return,11.374729562653929,14.865300440977105,0.30934729204974737,-28.07014332339552,-1.6664890515620703,17.6096284651307,0.034175934423449864,0.04633387960484772
