,Annualized Return,Annualized Vol,Sharpe Ratio,Max Drawdown,Skewness,Kurtosis,Cornish-Fisher VaR (5%),Historic CVaR (5%)
Mean Return,13.60482244518506,15.77618218053764,0.42534427875177744,-28.690651736778445,-0.9989701813787633,12.083093453002611,0.035021711945558184,0.048543003903639734
