,Annualized Return,Annualized Vol,Sharpe Ratio,Max Drawdown,Skewness,Kurtosis,Cornish-Fisher VaR (5%),Historic CVaR (5%)
Mean Return,13.551921786053512,13.185864198893338,0.5098450219089813,-23.013508267459052,-0.050538915335500534,5.193573492642327,0.027130535191393617,0.03819518093040696
