,Annualized Return,Annualized Vol,Sharpe Ratio,Max Drawdown,Skewness,Kurtosis,Cornish-Fisher VaR (5%),Historic CVaR (5%)
Mean Return,12.07871094750248,14.52916303921305,0.3608832521121133,-29.62231989145715,-1.484740788450252,14.241916178509284,0.03379088232961546,0.0466798552311231
