,Annualized Return,Annualized Vol,Sharpe Ratio,Max Drawdown,Skewness,Kurtosis,Cornish-Fisher VaR (5%),Historic CVaR (5%)
Mean Return,3.3491876551460464,20.910759312629747,-0.14016110724772657,-52.387378357427494,-0.6492343595140877,8.881459454182496,0.04824613026068532,0.07490478069585009
