,Annualized Return,Annualized Vol,Sharpe Ratio,Max Drawdown,Skewness,Kurtosis,Cornish-Fisher VaR (5%),Historic CVaR (5%)
Mean Return,13.124599343211951,14.675323335199126,0.42208548047758465,-29.462955245342716,-1.459263669335971,15.535697333488894,0.033336794719913104,0.04494796652339837
