,Annualized Return,Annualized Vol,Sharpe Ratio,Max Drawdown,Skewness,Kurtosis,Cornish-Fisher VaR (5%),Historic CVaR (5%)
Mean Return,11.54626266720944,15.062779944634192,0.31485796419139067,-27.808122841315313,-1.6060244102557182,16.8081838432019,0.03468704677677683,0.047654110446146106
