,Annualized Return,Annualized Vol,Sharpe Ratio,Max Drawdown,Skewness,Kurtosis,Cornish-Fisher VaR (5%),Historic CVaR (5%)
Mean Return,11.810495305205704,14.759253048638355,0.3410536377153382,-26.494050807485113,-0.7586861580391491,11.029763856201901,0.032130532368778136,0.045587541047782176
