,Annualized Return,Annualized Vol,Sharpe Ratio,Max Drawdown,Skewness,Kurtosis,Cornish-Fisher VaR (5%),Historic CVaR (5%)
Mean Return,12.023397631276577,14.418557902292564,0.35782415748687124,-29.68212896955542,-1.4455757847339852,15.129039615266263,0.03300465361748748,0.044493170283404083
