,Annualized Return,Annualized Vol,Sharpe Ratio,Max Drawdown,Skewness,Kurtosis,Cornish-Fisher VaR (5%),Historic CVaR (5%)
Mean Return,11.95154443644224,14.989656815829195,0.3465472598939574,-26.683943032713742,-0.6246826059800877,8.380149613523692,0.03335249737450589,0.04795683435804486
