,Annualized Return,Annualized Vol,Sharpe Ratio,Max Drawdown,Skewness,Kurtosis,Cornish-Fisher VaR (5%),Historic CVaR (5%)
Mean Return,9.60468176156375,14.122608128152706,0.20413212664277083,-32.2514826423284,-1.359302091157561,12.1022802871434,0.0335061232125617,0.04670061519847907
