,Annualized Return,Annualized Vol,Sharpe Ratio,Max Drawdown,Skewness,Kurtosis,Cornish-Fisher VaR (5%),Historic CVaR (5%)
Mean Return,18.37086304826334,14.42761660484981,0.7757980939237907,-30.222578755055157,-1.2175334711159072,10.018291381564035,0.03293196119498926,0.04653746611953767
