,Annualized Return,Annualized Vol,Sharpe Ratio,Max Drawdown,Skewness,Kurtosis,Cornish-Fisher VaR (5%),Historic CVaR (5%)
Mean Return,13.371522392469704,15.839083935994145,0.40685234362115835,-33.632886168003154,-0.7475233607857795,7.791451649852547,0.035746396387572224,0.047954882585343785
