,Annualized Return,Annualized Vol,Sharpe Ratio,Max Drawdown,Skewness,Kurtosis,Cornish-Fisher VaR (5%),Historic CVaR (5%)
Mean Return,9.76811734937375,13.699365166138008,0.2589488945857467,-28.85609467816248,-1.7359127044430211,14.861231937318562,0.0342474592860343,0.04600418713293829
