,Annualized Return,Annualized Vol,Sharpe Ratio,Max Drawdown,Skewness,Kurtosis,Cornish-Fisher VaR (5%),Historic CVaR (5%)
Mean Return,9.58696261431089,13.355671357782947,0.2278951200374661,-21.045540741839854,-0.45914472404725204,6.995461953768179,0.029598981343022572,0.0425512225942382
