,Annualized Return,Annualized Vol,Sharpe Ratio,Max Drawdown,Skewness,Kurtosis,Cornish-Fisher VaR (5%),Historic CVaR (5%)
Mean Return,9.78730409476305,14.017388830633621,0.2544648993597479,-25.805347342597223,-1.6650181150413448,18.21297879223878,0.03339857671185879,0.044928737527916554
