,Annualized Return,Annualized Vol,Sharpe Ratio,Max Drawdown,Skewness,Kurtosis,Cornish-Fisher VaR (5%),Historic CVaR (5%)
Mean Return,12.146852500028448,15.680735951122903,0.3404940384236211,-28.338304239977774,-0.934546039086677,11.050220497101815,0.035152581717997886,0.049565900695250686
