,Annualized Return,Annualized Vol,Sharpe Ratio,Max Drawdown,Skewness,Kurtosis,Cornish-Fisher VaR (5%),Historic CVaR (5%)
Mean Return,10.121544768572544,12.839247706819329,0.2774329160606624,-20.146045252527717,-0.5005063316309427,7.054662195891684,0.0284720958665159,0.04081460641970832
