,Annualized Return,Annualized Vol,Sharpe Ratio,Max Drawdown,Skewness,Kurtosis,Cornish-Fisher VaR (5%),Historic CVaR (5%)
Index Return,12.955995492791095,18.519204786582684,0.32861264228185677,-38.30235109253167,-1.3621140378144083,10.84836969429922,0.04446922755498149,0.061767141257409876
