,Annualized Return,Annualized Vol,Sharpe Ratio,Max Drawdown,Skewness,Kurtosis,Cornish-Fisher VaR (5%),Historic CVaR (5%)
Mean Return,10.646652896799935,15.209197456996352,0.2553868810863622,-34.449343509764304,-1.0225092748189366,10.393163940749517,0.035056638525487405,0.04704661096159138
