,Annualized Return,Annualized Vol,Sharpe Ratio,Max Drawdown,Skewness,Kurtosis,Cornish-Fisher VaR (5%),Historic CVaR (5%)
Mean Return,15.75261621211519,15.34515075524015,0.5657208256162876,-40.28753754979776,-0.9713294379537785,10.225057393560416,0.034314548620586895,0.04658879611713998
