,Annualized Return,Annualized Vol,Sharpe Ratio,Max Drawdown,Skewness,Kurtosis,Cornish-Fisher VaR (5%),Historic CVaR (5%)
Mean Return,10.471444994382061,14.673871482521935,0.25262463729332413,-32.6518107865671,-1.5717176965370612,17.739219589743076,0.033410306012242305,0.044519299230017954
