,Annualized Return,Annualized Vol,Sharpe Ratio,Max Drawdown,Skewness,Kurtosis,Cornish-Fisher VaR (5%),Historic CVaR (5%)
Mean Return,10.834207071795255,13.992014424312929,0.3255016402470584,-27.929497922983305,-1.0728501964413582,12.875190233809914,0.032543526063593134,0.04244362097426686
