,Annualized Return,Annualized Vol,Sharpe Ratio,Max Drawdown,Skewness,Kurtosis,Cornish-Fisher VaR (5%),Historic CVaR (5%)
Mean Return,15.421547801046298,14.227665205315738,0.5905690922200063,-21.793303554111056,-0.46273815020511105,5.8785286747720855,0.030819535380928405,0.04309885605473604
