,Annualized Return,Annualized Vol,Sharpe Ratio,Max Drawdown,Skewness,Kurtosis,Cornish-Fisher VaR (5%),Historic CVaR (5%)
Mean Return,10.450414407163189,14.20482907434717,0.2951967542664747,-28.889033305828754,-1.207586820313211,11.381342163017807,0.034410623797123306,0.045351646782515624
