,Annualized Return,Annualized Vol,Sharpe Ratio,Max Drawdown,Skewness,Kurtosis,Cornish-Fisher VaR (5%),Historic CVaR (5%)
Mean Return,13.75879380646634,14.847121648114687,0.45747540875338455,-27.807815092126635,-1.4297972062634783,16.21484668080416,0.033225569594786376,0.0439350131802037
