,Annualized Return,Annualized Vol,Sharpe Ratio,Max Drawdown,Skewness,Kurtosis,Cornish-Fisher VaR (5%),Historic CVaR (5%)
Mean Return,12.950313788993073,13.29423718982289,0.4676608151824174,-22.58622296945237,-0.2085872643154604,5.172472117218611,0.02828903192668815,0.03824867870936544
