,Annualized Return,Annualized Vol,Sharpe Ratio,Max Drawdown,Skewness,Kurtosis,Cornish-Fisher VaR (5%),Historic CVaR (5%)
Mean Return,5.696204814537631,14.685800172627161,-0.020227329659884007,-33.23567762782235,-1.0211138925091052,9.566136733042704,0.036371663772980185,0.04721798394615386
