,Annualized Return,Annualized Vol,Sharpe Ratio,Max Drawdown,Skewness,Kurtosis,Cornish-Fisher VaR (5%),Historic CVaR (5%)
Mean Return,13.114152759206599,13.740611112267672,0.45014576873078416,-28.60269997831163,-1.1721297953771306,14.488519072489165,0.030210524618371714,0.039598748732364325
