,Annualized Return,Annualized Vol,Sharpe Ratio,Max Drawdown,Skewness,Kurtosis,Cornish-Fisher VaR (5%),Historic CVaR (5%)
Mean Return,13.273436501858438,14.54533567729034,0.4387919250117197,-26.85735527292474,-1.563160309155854,13.859268255481478,0.034138313207767494,0.04793595171718468
