,Annualized Return,Annualized Vol,Sharpe Ratio,Max Drawdown,Skewness,Kurtosis,Cornish-Fisher VaR (5%),Historic CVaR (5%)
Mean Return,13.040649426763128,14.656218788740324,0.42681815228585784,-25.730075162297357,-0.550138169734641,8.49701285268887,0.03193439877051152,0.044777647805774035
