,Annualized Return,Annualized Vol,Sharpe Ratio,Max Drawdown,Skewness,Kurtosis,Cornish-Fisher VaR (5%),Historic CVaR (5%)
Mean Return,11.933204294652322,15.466712218375783,0.3284545558050402,-30.63671263170577,-1.0299731207498908,13.212400177026204,0.03428038831269696,0.043329682113040224
