,Annualized Return,Annualized Vol,Sharpe Ratio,Max Drawdown,Skewness,Kurtosis,Cornish-Fisher VaR (5%),Historic CVaR (5%)
Mean Return,10.611370043589474,15.141445347393438,0.2551741959545461,-33.07020200279332,-1.3822335533818093,11.648758828092927,0.03615382365726914,0.05149277635254722
