,Annualized Return,Annualized Vol,Sharpe Ratio,Max Drawdown,Skewness,Kurtosis,Cornish-Fisher VaR (5%),Historic CVaR (5%)
Mean Return,8.727349026701559,15.44122620465248,0.1616160925585308,-30.172452134639236,-1.2871976724867817,10.208235330477178,0.03844241244285272,0.05137625557592821
