,Annualized Return,Annualized Vol,Sharpe Ratio,Max Drawdown,Skewness,Kurtosis,Cornish-Fisher VaR (5%),Historic CVaR (5%)
Mean Return,12.100760813820877,14.284340539459375,0.373172083503825,-29.25922416094422,-0.7938076370393979,8.627261416907883,0.032438712858144564,0.04633592824497814
