,Annualized Return,Annualized Vol,Sharpe Ratio,Max Drawdown,Skewness,Kurtosis,Cornish-Fisher VaR (5%),Historic CVaR (5%)
Mean Return,18.59557289063862,15.100678099879902,0.7540595420233462,-30.14091021586376,-1.4972210669055597,15.082506837555085,0.03380877882799604,0.048019806561180364
