,Annualized Return,Annualized Vol,Sharpe Ratio,Max Drawdown,Skewness,Kurtosis,Cornish-Fisher VaR (5%),Historic CVaR (5%)
Mean Return,10.40330533356224,14.699084496711976,0.24955218550850958,-27.46362000401479,-1.341908620763248,10.420770881857647,0.0353972082154767,0.048369950306358024
