,Annualized Return,Annualized Vol,Skewness,Kurtosis,Cornish-Fisher VaR (5%),Historic CVaR (5%),Sharpe Ratio,Max Drawdown
Mean Return,0.06455195944309522,0.1511530221216066,-1.8220827321539732,16.002494913691976,0.0370551939355312,0.0517974029076223,-0.0050329070478355165,-0.3816097669631383
