,Annualized Return,Annualized Vol,Sharpe Ratio,Max Drawdown,Skewness,Kurtosis,Cornish-Fisher VaR (5%),Historic CVaR (5%)
Mean Return,9.66566192008116,14.810293970191813,0.22733870642123505,-28.389287618672586,-1.3130436139044273,10.14145571794904,0.03679411317739898,0.05026510576314422
