,Annualized Return,Annualized Vol,Sharpe Ratio,Max Drawdown,Skewness,Kurtosis,Cornish-Fisher VaR (5%),Historic CVaR (5%)
Mean Return,15.041542678324982,14.428781816229078,0.557271143340454,-25.822019966919097,-0.6410040121907228,10.075509894132862,0.03061294688016808,0.04301346304586853
