,Annualized Return,Annualized Vol,Sharpe Ratio,Max Drawdown,Skewness,Kurtosis,Cornish-Fisher VaR (5%),Historic CVaR (5%)
Mean Return,6.713186146145067,12.97360636730607,0.02760754615721272,-27.48176342554621,-0.8939945373800434,7.340039671414953,0.031147170274831687,0.04545256380691397
