,Annualized Return,Annualized Vol,Sharpe Ratio,Max Drawdown,Skewness,Kurtosis,Cornish-Fisher VaR (5%),Historic CVaR (5%)
Mean Return,8.960892973402768,17.14438309995811,0.14311250827862093,-35.07979041231121,-0.2597614960106177,5.382679974763799,0.0380421737206439,0.0516391828158801
