,Annualized Return,Annualized Vol,Skewness,Kurtosis,Cornish-Fisher VaR (5%),Historic CVaR (5%),Sharpe Ratio,Max Drawdown
Mean Return,-0.03527762461583195,0.19183211148412113,-0.7382652097412657,6.702249827194575,0.047806848612355686,0.06695274570197224,-0.4873832843487422,-0.5349570225499668
