,Annualized Return,Annualized Vol,Sharpe Ratio,Max Drawdown,Skewness,Kurtosis,Cornish-Fisher VaR (5%),Historic CVaR (5%)
Mean Return,13.616749949682315,15.543586678377292,0.4315407081977242,-29.761194224054044,-0.8903568285209107,9.23584858491566,0.03512513595213112,0.05138118535684407
