,Annualized Return,Annualized Vol,Sharpe Ratio,Max Drawdown,Skewness,Kurtosis,Cornish-Fisher VaR (5%),Historic CVaR (5%)
Mean Return,7.372420581415007,14.243673616392277,0.06871053260909221,-22.883570225509196,-0.6158399185683949,6.727138277573711,0.03301130713101207,0.04456815417918491
