,Annualized Return,Annualized Vol,Sharpe Ratio,Max Drawdown,Skewness,Kurtosis,Cornish-Fisher VaR (5%),Historic CVaR (5%)
Mean Return,8.180459988533384,14.111192335249239,0.12289215217805886,-22.63006475211414,-0.6887664305725921,7.3335641301105765,0.03267595886293557,0.044826392134198964
