,Annualized Return,Annualized Vol,Sharpe Ratio,Max Drawdown,Skewness,Kurtosis,Cornish-Fisher VaR (5%),Historic CVaR (5%)
Mean Return,17.579879393443942,15.364040572545266,0.679073780274331,-30.89299986897085,-1.4295313857348866,13.891068294418341,0.03479447151456718,0.04847223222845178
