,Annualized Return,Annualized Vol,Sharpe Ratio,Max Drawdown,Skewness,Kurtosis,Cornish-Fisher VaR (5%),Historic CVaR (5%)
Mean Return,11.668313947665832,17.081140341945645,0.28434494911840164,-28.314075256843484,-1.6192501553904468,13.89766191498826,0.04102979239830372,0.05678716366487715
