,Annualized Return,Annualized Vol,Sharpe Ratio,Max Drawdown,Skewness,Kurtosis,Cornish-Fisher VaR (5%),Historic CVaR (5%)
Mean Return,7.730433294530603,13.992444912469997,0.11135090531041562,-27.335849094404534,-1.199932914270632,10.321135582404589,0.03443345420844569,0.0467737258491876
