,Annualized Return,Annualized Vol,Sharpe Ratio,Max Drawdown,Skewness,Kurtosis,Cornish-Fisher VaR (5%),Historic CVaR (5%)
Mean Return,12.618660628246904,14.950367579094895,0.38236564672539325,-27.296351044055907,-1.4610988965127076,17.64700051820564,0.03321192366933015,0.045511967545076124
