,Annualized Return,Annualized Vol,Sharpe Ratio,Max Drawdown,Skewness,Kurtosis,Cornish-Fisher VaR (5%),Historic CVaR (5%)
Mean Return,5.464129257907535,21.933035748443963,-0.04330861511139917,-46.712373189242165,0.694039010190953,8.273812162935027,0.03898888424100101,0.06380767893102218
