,Annualized Return,Annualized Vol,Sharpe Ratio,Max Drawdown,Skewness,Kurtosis,Cornish-Fisher VaR (5%),Historic CVaR (5%)
Mean Return,13.381567064513277,17.03925102089308,0.37797444305315175,-28.50804994602512,-1.0757934043592836,12.515918075599846,0.03830759892205269,0.048858023910984
