,Annualized Return,Annualized Vol,Sharpe Ratio,Max Drawdown,Skewness,Kurtosis,Cornish-Fisher VaR (5%),Historic CVaR (5%)
Mean Return,16.383147153114464,15.991614133449056,0.5824357477533729,-26.168233518040722,-0.4115354879475851,6.785766854326796,0.034094852124924406,0.05042959073489439
