,Annualized Return,Annualized Vol,Skewness,Kurtosis,Cornish-Fisher VaR (5%),Historic CVaR (5%),Sharpe Ratio,Max Drawdown
Mean Return,0.10491325310786492,0.1675090301184422,-1.13528211242268,11.388219722248117,0.03894838492050792,0.05312358754942962,0.22605196732570645,-0.2963522909370213
