,Annualized Return,Annualized Vol,Sharpe Ratio,Max Drawdown,Skewness,Kurtosis,Cornish-Fisher VaR (5%),Historic CVaR (5%)
Mean Return,16.031306075382968,19.61705160284747,0.45834774815130525,-33.241021995882456,-0.5060628129222564,7.653608803802873,0.04266876609643489,0.05541326045639422
