,Annualized Return,Annualized Vol,Sharpe Ratio,Max Drawdown,Skewness,Kurtosis,Cornish-Fisher VaR (5%),Historic CVaR (5%)
Mean Return,12.194246383241358,13.698701628382686,0.3974224752449352,-22.929243094630124,-0.9079945505601297,5.819571447141816,0.032633062503372806,0.047287760509335655
