,Annualized Return,Annualized Vol,Sharpe Ratio,Max Drawdown,Skewness,Kurtosis,Cornish-Fisher VaR (5%),Historic CVaR (5%)
Mean Return,8.244703957257627,13.76714640458934,0.11796230412348654,-29.751931741677595,-1.2827957292216194,10.713479256609714,0.033055912773741356,0.04570714696399831
