,Annualized Return,Annualized Vol,Sharpe Ratio,Max Drawdown,Skewness,Kurtosis,Cornish-Fisher VaR (5%),Historic CVaR (5%)
Mean Return,7.621670729556174,15.368188381245945,0.0669168748426419,-35.98464520616387,-1.1111472409779066,13.452180560145617,0.03512255724103328,0.0458533967914118
