,Annualized Return,Annualized Vol,Skewness,Kurtosis,Cornish-Fisher VaR (5%),Historic CVaR (5%),Sharpe Ratio,Max Drawdown
Mean Return,0.09183513817606848,0.1512088844488963,-1.2770048661557427,10.471708724583415,0.03667521572870701,0.05017173384915925,0.17266909474311992,-0.3424329928924891
