,Annualized Return,Annualized Vol,Sharpe Ratio,Max Drawdown,Skewness,Kurtosis,Cornish-Fisher VaR (5%),Historic CVaR (5%)
Mean Return,15.343753500072665,15.069024576342152,0.5524427322137639,-30.378779560923462,-0.7730904284185641,11.696622809238564,0.032058288742558484,0.04581939062223545
