,Annualized Return,Annualized Vol,Sharpe Ratio,Max Drawdown,Skewness,Kurtosis,Cornish-Fisher VaR (5%),Historic CVaR (5%)
Mean Return,15.549430805466358,16.62313700017962,0.5103713759639512,-34.40756299073134,-0.1658901579513715,7.769681973926391,0.033704125365757516,0.050074677531097705
