,Annualized Return,Annualized Vol,Sharpe Ratio,Max Drawdown,Skewness,Kurtosis,Cornish-Fisher VaR (5%),Historic CVaR (5%)
Mean Return,14.925862699634408,14.34958459102162,0.5528916103867616,-26.342626196169196,-1.509575280550232,18.31477885620006,0.031348095159708975,0.04288384892039024
