,Annualized Return,Annualized Vol,Sharpe Ratio,Max Drawdown,Skewness,Kurtosis,Cornish-Fisher VaR (5%),Historic CVaR (5%)
Mean Return,9.26910398446621,14.960122126943748,0.17391864954388084,-27.664562427055913,-1.3212388250255938,10.683713682091769,0.036044440631969904,0.04936358588565168
