,Annualized Return,Annualized Vol,Sharpe Ratio,Max Drawdown,Skewness,Kurtosis,Cornish-Fisher VaR (5%),Historic CVaR (5%)
Mean Return,13.032349909913732,14.993278711367289,0.410735863051651,-27.59017571341798,-0.9147559979058683,8.010832892930237,0.034542207680817935,0.04915859505600116
