,Annualized Return,Annualized Vol,Sharpe Ratio,Max Drawdown,Skewness,Kurtosis,Cornish-Fisher VaR (5%),Historic CVaR (5%)
Mean Return,11.341975240495895,14.110401615463235,0.33043747994933914,-29.34888479268278,-0.3356120663490749,4.326293370515029,0.03147332362194131,0.04268741371465068
