,Annualized Return,Annualized Vol,Sharpe Ratio,Max Drawdown,Skewness,Kurtosis,Cornish-Fisher VaR (5%),Historic CVaR (5%)
Mean Return,6.954887823682565,20.379320463775024,0.0201936400539313,-52.85917992538371,-0.14271098453084885,6.3180625211716475,0.04398873053803548,0.06282603463223524
