,Annualized Return,Annualized Vol,Sharpe Ratio,Max Drawdown,Skewness,Kurtosis,Cornish-Fisher VaR (5%),Historic CVaR (5%)
Mean Return,15.625191169175912,15.24416519166307,0.5658156436094501,-29.113232134732687,-0.982467764323401,11.029981511370654,0.0337926815011361,0.04644778915887519
