,Annualized Return,Annualized Vol,Sharpe Ratio,Max Drawdown,Skewness,Kurtosis,Cornish-Fisher VaR (5%),Historic CVaR (5%)
Mean Return,13.11775170367573,20.673395919741115,0.3008115913983126,-39.45513706684627,-0.5441785602686938,7.140422224622957,0.0461807389874299,0.059997821447260055
