,Annualized Return,Annualized Vol,Sharpe Ratio,Max Drawdown,Skewness,Kurtosis,Cornish-Fisher VaR (5%),Historic CVaR (5%)
Mean Return,9.78460170179214,18.117553258804595,0.1729222842637877,-31.24730197215615,-0.9805241126877778,8.92982496383149,0.0426838004275475,0.05887688674366644
