,Annualized Return,Annualized Vol,Skewness,Kurtosis,Cornish-Fisher VaR (5%),Historic CVaR (5%),Sharpe Ratio,Max Drawdown
Mean Return,0.12281826697542053,0.16166340085419068,-0.7829922056654494,8.98348089256951,0.03670425390982911,0.05120628102166671,0.3418270950242922,-0.28443077580637216
