,Annualized Return,Annualized Vol,Sharpe Ratio,Max Drawdown,Skewness,Kurtosis,Cornish-Fisher VaR (5%),Historic CVaR (5%)
Mean Return,8.456571903833243,13.793114058862258,0.1449714299106683,-25.63544592339433,-0.5591984299904151,6.112402128352771,0.031683410690071925,0.0445787688096071
