,Annualized Return,Annualized Vol,Sharpe Ratio,Max Drawdown,Skewness,Kurtosis,Cornish-Fisher VaR (5%),Historic CVaR (5%)
Mean Return,12.24753922859756,14.922281292070375,0.3620071465506862,-29.17301798672985,-1.4892664400432993,16.568932862029342,0.033790467191717695,0.04572366511690471
