,Annualized Return,Annualized Vol,Sharpe Ratio,Max Drawdown,Skewness,Kurtosis,Cornish-Fisher VaR (5%),Historic CVaR (5%)
Mean Return,14.808284424288477,14.464415746331538,0.5415633822972385,-29.76110035034222,-0.7258995257090852,8.4262023205852,0.031835731426907835,0.04528063944768948
