,Annualized Return,Annualized Vol,Sharpe Ratio,Max Drawdown,Skewness,Kurtosis,Cornish-Fisher VaR (5%),Historic CVaR (5%)
Mean Return,13.454588283780877,19.756643697933043,0.3298313524510287,-32.09960180023472,0.10904367105668095,8.756031204656038,0.038170832726355304,0.055410688362799825
