,Annualized Return,Annualized Vol,Skewness,Kurtosis,Cornish-Fisher VaR (5%),Historic CVaR (5%),Sharpe Ratio,Max Drawdown
Mean Return,0.19177845950187278,0.17367199916475334,-1.345132671816924,13.45152942930424,0.039185110795673224,0.04994069225561062,0.6872446180768994,-0.2742457686192745
