,Annualized Return,Annualized Vol,Skewness,Kurtosis,Cornish-Fisher VaR (5%),Historic CVaR (5%),Sharpe Ratio,Max Drawdown
Mean Return,0.08785216907905569,0.14561872548069857,-1.225991771809794,9.44179801232744,0.036178429266517265,0.0495692496080792,0.17443402242904668,-0.28049383361456276
