,Annualized Return,Annualized Vol,Sharpe Ratio,Max Drawdown,Skewness,Kurtosis,Cornish-Fisher VaR (5%),Historic CVaR (5%)
Mean Return,16.67516822022734,21.320484850395584,0.4470752159254348,-28.320455924649302,0.27675772184290465,7.535607785067281,0.040117665614499594,0.06165241634840046
