,Annualized Return,Annualized Vol,Skewness,Kurtosis,Cornish-Fisher VaR (5%),Historic CVaR (5%),Sharpe Ratio,Max Drawdown
Mean Return,0.13068930027675973,0.19286065370708805,-0.5900595581678384,9.290378426660862,0.04213635960058336,0.0553417895297549,0.31829935177547203,-0.2931406633762797
