,Annualized Return,Annualized Vol,Sharpe Ratio,Max Drawdown,Skewness,Kurtosis,Cornish-Fisher VaR (5%),Historic CVaR (5%)
Mean Return,10.878983272989217,17.935023105694263,0.2313102805100488,-29.824219318961404,-1.0281956199433446,9.083940547050519,0.04226151264928742,0.0578398604216253
