,Annualized Return,Annualized Vol,Sharpe Ratio,Max Drawdown,Skewness,Kurtosis,Cornish-Fisher VaR (5%),Historic CVaR (5%)
Mean Return,17.546742591076068,14.438987023793908,0.7169919834882684,-27.890807207528272,-1.2685379919019575,14.060087917377333,0.03173844595022763,0.04329466297312808
