,Annualized Return,Annualized Vol,Sharpe Ratio,Max Drawdown,Skewness,Kurtosis,Cornish-Fisher VaR (5%),Historic CVaR (5%)
Mean Return,10.217170555853006,17.829681846378616,0.2231606708363543,-30.04945595804522,-0.8709945625695028,13.242598391149926,0.040596954373417635,0.05390985047011121
