,Annualized Return,Annualized Vol,Sharpe Ratio,Max Drawdown,Skewness,Kurtosis,Cornish-Fisher VaR (5%),Historic CVaR (5%)
Mean Return,15.113028810225115,14.972131681746104,0.5429341301280763,-27.614510959356963,-0.9786605488430418,12.387408730159011,0.03263610727735638,0.04708896658109959
