,Annualized Return,Annualized Vol,Sharpe Ratio,Max Drawdown,Skewness,Kurtosis,Cornish-Fisher VaR (5%),Historic CVaR (5%)
Mean Return,15.565442634463,16.708046029522773,0.5110596210482308,-27.861350497633264,-0.42318377769925797,10.283230360915034,0.03430347693088703,0.052380296241549475
