,Annualized Return,Annualized Vol,Sharpe Ratio,Max Drawdown,Skewness,Kurtosis,Cornish-Fisher VaR (5%),Historic CVaR (5%)
Mean Return,6.098711311537053,13.602263009913152,0.013474205810688594,-36.30566824539388,-1.000206578519624,8.247415338592672,0.03432150543235854,0.0462404109512538
