,Annualized Return,Annualized Vol,Sharpe Ratio,Max Drawdown,Skewness,Kurtosis,Cornish-Fisher VaR (5%),Historic CVaR (5%)
Mean Return,13.882882887090965,15.66411917607258,0.4440262717995053,-30.378780620641972,-0.8062602124301307,13.015781749410987,0.03326245144634197,0.04740416181542742
