,Annualized Return,Annualized Vol,Sharpe Ratio,Max Drawdown,Skewness,Kurtosis,Cornish-Fisher VaR (5%),Historic CVaR (5%)
Mean Return,13.650739906990017,15.094971971198076,0.44329018566055384,-32.708643632980575,-1.558704464582557,17.04652613324842,0.03410029330929489,0.04618002156621915
