,Annualized Return,Annualized Vol,Skewness,Kurtosis,Cornish-Fisher VaR (5%),Historic CVaR (5%),Sharpe Ratio,Max Drawdown
Mean Return,0.08078705815617782,0.2416147148877155,-0.6362903498744421,10.924724254928394,0.05343031727226413,0.0811073907405936,0.05990633858954086,-0.529394943668053
