,Annualized Return,Annualized Vol,Sharpe Ratio,Max Drawdown,Skewness,Kurtosis,Cornish-Fisher VaR (5%),Historic CVaR (5%)
Mean Return,8.942768880616736,13.640741647717238,0.17866896712420785,-22.754603193668235,-0.6237044220189839,6.998152556507148,0.031208445564999132,0.044546105886318806
