,Annualized Return,Annualized Vol,Sharpe Ratio,Max Drawdown,Skewness,Kurtosis,Cornish-Fisher VaR (5%),Historic CVaR (5%)
Mean Return,13.81592319257181,19.61017441825472,0.35250000833925493,-29.766128572153033,-0.8789782689010731,8.321964572751344,0.045263065620923915,0.06312067803899032
