,Annualized Return,Annualized Vol,Sharpe Ratio,Max Drawdown,Skewness,Kurtosis,Cornish-Fisher VaR (5%),Historic CVaR (5%)
Mean Return,11.684940291553158,14.660222480474342,0.3372304057615352,-26.094510468177855,-0.6335155086920178,8.067070693330088,0.03279917485886788,0.04790252278738652
