,Annualized Return,Annualized Vol,Sharpe Ratio,Max Drawdown,Skewness,Kurtosis,Cornish-Fisher VaR (5%),Historic CVaR (5%)
Mean Return,13.099043430526702,14.315368827840427,0.43587157651000374,-26.805680694568736,-1.3292855617364758,12.266961699934205,0.03315030969938512,0.04592332986065442
