,Annualized Return,Annualized Vol,Skewness,Kurtosis,Cornish-Fisher VaR (5%),Historic CVaR (5%),Sharpe Ratio,Max Drawdown
Mean Return,-0.08446812479377741,0.20094414437091723,-1.1851365313480566,10.742777346110833,0.051880588498565534,0.07157213442186736,-0.6936007823823458,-0.6129319481791946
