,Annualized Return,Annualized Vol,Skewness,Kurtosis,Cornish-Fisher VaR (5%),Historic CVaR (5%),Sharpe Ratio,Max Drawdown
Mean Return,0.1416068018210488,0.16139970039681525,-1.476017078867082,15.85813256670053,0.036639014797771076,0.046798218486189605,0.4439614734754673,-0.2760169421201692
