,Annualized Return,Annualized Vol,Sharpe Ratio,Max Drawdown,Skewness,Kurtosis,Cornish-Fisher VaR (5%),Historic CVaR (5%)
Mean Return,13.208527472084231,13.995658500209068,0.4545703249504083,-26.719556350179165,-0.9324680268774707,10.59148159969745,0.03115044602370465,0.043004264745758865
