,Annualized Return,Annualized Vol,Sharpe Ratio,Max Drawdown,Skewness,Kurtosis,Cornish-Fisher VaR (5%),Historic CVaR (5%)
Mean Return,13.700164838431018,17.992504766745256,0.3769881367963632,-27.879778115384347,-0.13319821321294056,6.522137599813751,0.037367287567628034,0.05129715491229305
