,Annualized Return,Annualized Vol,Sharpe Ratio,Max Drawdown,Skewness,Kurtosis,Cornish-Fisher VaR (5%),Historic CVaR (5%)
Mean Return,10.202839135006192,14.415512180316266,0.24784742357207298,-27.594575541340717,-0.8821208141661411,9.005901495420785,0.033383052152976336,0.0459420651659799
