,Annualized Return,Annualized Vol,Sharpe Ratio,Max Drawdown,Skewness,Kurtosis,Cornish-Fisher VaR (5%),Historic CVaR (5%)
Mean Return,8.402471566251357,15.828757528676709,0.1375893560309109,-32.868115226498674,-1.1891575936941048,11.40238306402058,0.0384445763480893,0.05336448540365605
