,Annualized Return,Annualized Vol,Sharpe Ratio,Max Drawdown,Skewness,Kurtosis,Cornish-Fisher VaR (5%),Historic CVaR (5%)
Mean Return,10.328935373848779,13.111901623566741,0.2865535104280668,-19.16096574115608,-0.3971472509898378,6.77142768833222,0.028674657942740843,0.04189660536794595
