,Annualized Return,Annualized Vol,Sharpe Ratio,Max Drawdown,Skewness,Kurtosis,Cornish-Fisher VaR (5%),Historic CVaR (5%)
Mean Return,12.453318720268737,15.141941299050393,0.36953046166561215,-28.291386451620216,-1.1595053566160003,13.143184689817058,0.034111231400187535,0.045497738260862
