,Annualized Return,Annualized Vol,Sharpe Ratio,Max Drawdown,Skewness,Kurtosis,Cornish-Fisher VaR (5%),Historic CVaR (5%)
Mean Return,13.847629102816494,14.339091608670662,0.48424225141639116,-27.70175666792129,-1.3540425739181732,11.340121229247254,0.033567532475979614,0.047323570361977506
