,Annualized Return,Annualized Vol,Sharpe Ratio,Max Drawdown,Skewness,Kurtosis,Cornish-Fisher VaR (5%),Historic CVaR (5%)
Mean Return,4.486880256117676,13.424370879987368,-0.14105817974574406,-27.791809856727234,-0.8933413351002779,6.395292690327031,0.03272713948037194,0.04646706230056503
