,Annualized Return,Annualized Vol,Sharpe Ratio,Max Drawdown,Skewness,Kurtosis,Cornish-Fisher VaR (5%),Historic CVaR (5%)
Mean Return,9.117954314284393,14.625099739298953,0.1774741793091039,-31.013698563774284,-0.6806940561529172,6.0379030655269075,0.03423914527749307,0.047796198313644324
