,Annualized Return,Annualized Vol,Sharpe Ratio,Max Drawdown,Skewness,Kurtosis,Cornish-Fisher VaR (5%),Historic CVaR (5%)
Mean Return,14.305707039802895,13.897891984541724,0.5323761042044124,-27.72781793870643,-1.034993577803642,7.654023175068643,0.032347139064544936,0.047324656294329935
