,Annualized Return,Annualized Vol,Sharpe Ratio,Max Drawdown,Skewness,Kurtosis,Cornish-Fisher VaR (5%),Historic CVaR (5%)
Mean Return,12.702405219210755,15.609823264489794,0.371446598056213,-33.52098833417973,-1.491221545234741,15.656585925806144,0.03577342148225551,0.04765972025264853
