,Annualized Return,Annualized Vol,Sharpe Ratio,Max Drawdown,Skewness,Kurtosis,Cornish-Fisher VaR (5%),Historic CVaR (5%)
Mean Return,16.541459104494095,15.197863332729646,0.6226609067081386,-28.622942367553183,-0.7508509752207841,7.150135154184579,0.03396152837621013,0.04676697217368719
