,Annualized Return,Annualized Vol,Sharpe Ratio,Max Drawdown,Skewness,Kurtosis,Cornish-Fisher VaR (5%),Historic CVaR (5%)
Mean Return,15.137767619061382,14.325988892766436,0.5675862136882043,-27.44649826173569,-0.8632310001645142,10.708881503004987,0.031235819055477957,0.04357435963663216
