,Annualized Return,Annualized Vol,Sharpe Ratio,Max Drawdown,Skewness,Kurtosis,Cornish-Fisher VaR (5%),Historic CVaR (5%)
Mean Return,3.9946506678231186,19.063378101373896,-0.1037860298460832,-51.799468004378234,-0.04686554310866405,5.212444532512428,0.04270987359917874,0.0599992346360407
