,Annualized Return,Annualized Vol,Sharpe Ratio,Max Drawdown,Skewness,Kurtosis,Cornish-Fisher VaR (5%),Historic CVaR (5%)
Mean Return,22.24126060864564,21.229719564103977,0.698620298417517,-35.674681488736056,0.6226719048489888,13.065510965261351,0.032659037793212733,0.06233372895219297
