,Annualized Return,Annualized Vol,Skewness,Kurtosis,Cornish-Fisher VaR (5%),Historic CVaR (5%),Sharpe Ratio,Max Drawdown
Mean Return,-0.016341963847810725,0.15651113926450666,-1.059471449227688,7.72091715576045,0.03973479440602543,0.05787351860123119,-0.4906436984609302,-0.48677717116982633
