,Annualized Return,Annualized Vol,Sharpe Ratio,Max Drawdown,Skewness,Kurtosis,Cornish-Fisher VaR (5%),Historic CVaR (5%)
Mean Return,13.291887669542724,14.676368684033156,0.43295828078097714,-30.555067734349795,-1.5294297043956844,17.30618832605866,0.0329123864332151,0.044509172095458564
