,Annualized Return,Annualized Vol,Sharpe Ratio,Max Drawdown,Skewness,Kurtosis,Cornish-Fisher VaR (5%),Historic CVaR (5%)
Mean Return,10.400231637952428,15.728726353954606,0.23416587643221506,-25.966765492214943,-0.6932043773408261,10.876831124261772,0.03431117946678179,0.04950206559654703
