,Annualized Return,Annualized Vol,Sharpe Ratio,Max Drawdown,Skewness,Kurtosis,Cornish-Fisher VaR (5%),Historic CVaR (5%)
Mean Return,16.256175840351528,13.327673055243958,0.6889649784561616,-22.811082282875113,-0.7471675587324302,6.609167332613776,0.029681888553309034,0.04248205511336275
