,Annualized Return,Annualized Vol,Sharpe Ratio,Max Drawdown,Skewness,Kurtosis,Cornish-Fisher VaR (5%),Historic CVaR (5%)
Mean Return,13.05652810800666,14.806908243940192,0.4232188169923835,-36.00304936468914,-0.4388426104533541,5.624582452906186,0.03286183856262837,0.04738491354065225
