,Annualized Return,Annualized Vol,Sharpe Ratio,Max Drawdown,Skewness,Kurtosis,Cornish-Fisher VaR (5%),Historic CVaR (5%)
Mean Return,12.93641178225695,14.883507738443742,0.4136344198078284,-26.44735447336463,-0.7844472786971916,9.346937460202511,0.03337657777160012,0.047472424075857986
