,Annualized Return,Annualized Vol,Sharpe Ratio,Max Drawdown,Skewness,Kurtosis,Cornish-Fisher VaR (5%),Historic CVaR (5%)
Mean Return,10.133077145591773,14.066739337396191,0.27197625530144315,-28.19514206344133,-1.1940670462018488,9.972726627592806,0.034282905374131305,0.04739437503221933
