,Annualized Return,Annualized Vol,Sharpe Ratio,Max Drawdown,Skewness,Kurtosis,Cornish-Fisher VaR (5%),Historic CVaR (5%)
Mean Return,9.85630348029578,14.400367201829885,0.2527210133262712,-27.039215204888396,-1.613756634996376,16.877846614752187,0.03466008570339156,0.046093985885962564
