,Annualized Return,Annualized Vol,Sharpe Ratio,Max Drawdown,Skewness,Kurtosis,Cornish-Fisher VaR (5%),Historic CVaR (5%)
Mean Return,10.085945980346667,15.784918914676654,0.21646387053332788,-28.29505208878992,-1.2044353159960033,11.29082398809081,0.03708664517010941,0.049529773971447755
