,Annualized Return,Annualized Vol,Sharpe Ratio,Max Drawdown,Skewness,Kurtosis,Cornish-Fisher VaR (5%),Historic CVaR (5%)
Mean Return,10.3795195571019,14.152873849662132,0.28652699342774235,-27.62164937714199,-1.3168247135589437,10.266485486772796,0.034918026487792256,0.04807030799247881
