,Annualized Return,Annualized Vol,Sharpe Ratio,Max Drawdown,Skewness,Kurtosis,Cornish-Fisher VaR (5%),Historic CVaR (5%)
Mean Return,8.993096678971169,14.653015619988471,0.19155227727906768,-25.9900870442346,-1.495471285403834,16.209071291362648,0.03518549820312916,0.0478465770898405
