,Annualized Return,Annualized Vol,Sharpe Ratio,Max Drawdown,Skewness,Kurtosis,Cornish-Fisher VaR (5%),Historic CVaR (5%)
Mean Return,8.241135158791923,13.880008101764396,0.15168447850985953,-25.179375885769513,-0.6912924350691758,7.229941231105994,0.03312334660654858,0.04379679768167302
