,Annualized Return,Annualized Vol,Sharpe Ratio,Max Drawdown,Skewness,Kurtosis,Cornish-Fisher VaR (5%),Historic CVaR (5%)
Mean Return,16.50935384664127,14.326725894102838,0.6545514045270672,-28.696358606490957,-1.5222317840834942,15.117625760923998,0.03238233597316776,0.04473677916225625
