,Annualized Return,Annualized Vol,Sharpe Ratio,Max Drawdown,Skewness,Kurtosis,Cornish-Fisher VaR (5%),Historic CVaR (5%)
Mean Return,14.958021515857478,14.412497275151065,0.5550568710716467,-26.522874226117604,-0.7266644940816468,9.378036388359567,0.0312860288820195,0.04478420115078092
