,Annualized Return,Annualized Vol,Sharpe Ratio,Max Drawdown,Skewness,Kurtosis,Cornish-Fisher VaR (5%),Historic CVaR (5%)
Mean Return,8.951211168034678,14.019140053136377,0.16183278257504405,-32.19167163711704,-1.5131559615654988,12.169245813396724,0.034025116116322654,0.04769752502630111
