,Annualized Return,Annualized Vol,Sharpe Ratio,Max Drawdown,Skewness,Kurtosis,Cornish-Fisher VaR (5%),Historic CVaR (5%)
Mean Return,12.509297836379085,14.150117850316276,0.3970236154219996,-35.200846959555484,-1.7980023149564568,15.757660101759019,0.03356545453920624,0.045421032329890976
