,Annualized Return,Annualized Vol,Sharpe Ratio,Max Drawdown,Skewness,Kurtosis,Cornish-Fisher VaR (5%),Historic CVaR (5%)
Mean Return,4.594296252222563,15.438685314807007,-0.09015108575081619,-46.906346415490994,-0.6788855847273403,6.425102676664783,0.03760458889259806,0.050343965395786276
