,Annualized Return,Annualized Vol,Sharpe Ratio,Max Drawdown,Skewness,Kurtosis,Cornish-Fisher VaR (5%),Historic CVaR (5%)
Mean Return,16.251099435694073,16.30863008697909,0.5633892204694788,-26.356355284749604,-0.6515929177679964,8.006277237924811,0.0357249622555543,0.04763257736309402
