,Annualized Return,Annualized Vol,Sharpe Ratio,Max Drawdown,Skewness,Kurtosis,Cornish-Fisher VaR (5%),Historic CVaR (5%)
Mean Return,10.277206470640943,15.376760702524669,0.23318346933350062,-27.292978170101605,-0.9098516940219474,11.800776443474483,0.03429663778740146,0.04825901868133295
