,Annualized Return,Annualized Vol,Skewness,Kurtosis,Cornish-Fisher VaR (5%),Historic CVaR (5%),Sharpe Ratio,Max Drawdown
Mean Return,0.05320503322440562,0.15454904416141332,-1.0893585151388256,9.72036216931443,0.03722207310764093,0.04869631656372629,-0.0730089761222736,-0.2767083293830101
