,Annualized Return,Annualized Vol,Sharpe Ratio,Max Drawdown,Skewness,Kurtosis,Cornish-Fisher VaR (5%),Historic CVaR (5%)
Mean Return,11.853748059188662,13.603792987618737,0.3690981376439273,-28.72635639683066,-0.9433041731286133,9.98506676914206,0.030754281548635194,0.04114211799898655
