,Annualized Return,Annualized Vol,Sharpe Ratio,Max Drawdown,Skewness,Kurtosis,Cornish-Fisher VaR (5%),Historic CVaR (5%)
Mean Return,14.499707168107667,14.428860792614365,0.524549062734892,-29.308058763416884,-1.0755755460745695,10.484240557093836,0.03270090781686072,0.045532010377492625
