,Annualized Return,Annualized Vol,Sharpe Ratio,Max Drawdown,Skewness,Kurtosis,Cornish-Fisher VaR (5%),Historic CVaR (5%)
Mean Return,9.508912286710602,14.680750554054537,0.2200387310968691,-28.991844088754366,-1.3569803391847597,10.754566748542192,0.03644030236446327,0.04990352122196295
