,Annualized Return,Annualized Vol,Sharpe Ratio,Max Drawdown,Skewness,Kurtosis,Cornish-Fisher VaR (5%),Historic CVaR (5%)
Mean Return,14.342182887938426,14.585943367347573,0.506881315469753,-26.761635595753276,-1.2786786497416238,14.088198903325472,0.03264936088706006,0.04410922335582932
