,Annualized Return,Annualized Vol,Sharpe Ratio,Max Drawdown,Skewness,Kurtosis,Cornish-Fisher VaR (5%),Historic CVaR (5%)
Mean Return,12.895178731422853,14.023660816347878,0.4309333227220822,-26.494222909371018,-0.6813817830084304,10.461737427941936,0.030093446140117063,0.04236038504844219
