,Annualized Return,Annualized Vol,Sharpe Ratio,Max Drawdown,Skewness,Kurtosis,Cornish-Fisher VaR (5%),Historic CVaR (5%)
Mean Return,14.46166938532687,15.3941568231897,0.4882511067475294,-29.62499021442116,-0.9962718034568453,12.68625955091417,0.03370042904520079,0.048227519008132796
