,Annualized Return,Annualized Vol,Sharpe Ratio,Max Drawdown,Skewness,Kurtosis,Cornish-Fisher VaR (5%),Historic CVaR (5%)
Mean Return,-5.6052923209648275,19.506111259411334,-0.5795192325246832,-56.10924790679876,-0.8970613878124718,7.473370865431066,0.04968988614913556,0.06856311192809904
