,Annualized Return,Annualized Vol,Sharpe Ratio,Max Drawdown,Skewness,Kurtosis,Cornish-Fisher VaR (5%),Historic CVaR (5%)
Mean Return,13.528756343645721,13.92570312210401,0.4784867638188548,-24.12106910373069,-0.5996765493384654,7.022194701503199,0.030679034678226153,0.04395001571994673
