,Annualized Return,Annualized Vol,Sharpe Ratio,Max Drawdown,Skewness,Kurtosis,Cornish-Fisher VaR (5%),Historic CVaR (5%)
Mean Return,9.25580320575592,14.105749836841158,0.21292383300522297,-33.99082815795095,-0.853649687203457,7.161151311188783,0.03401230204650464,0.046020782845887245
