,Annualized Return,Annualized Vol,Sharpe Ratio,Max Drawdown,Skewness,Kurtosis,Cornish-Fisher VaR (5%),Historic CVaR (5%)
Mean Return,11.57455346654086,15.836462348773688,0.3056102555247149,-30.603996328683113,-0.623186190125277,9.181250636350109,0.03504638022185409,0.05049345590932036
