,Annualized Return,Annualized Vol,Sharpe Ratio,Max Drawdown,Skewness,Kurtosis,Cornish-Fisher VaR (5%),Historic CVaR (5%)
Mean Return,12.746747403069914,14.863779875669,0.39269465138460474,-28.536603632108147,-1.1053629082452403,12.382016427880792,0.03344582947314218,0.04581428042483259
