,Annualized Return,Annualized Vol,Sharpe Ratio,Max Drawdown,Skewness,Kurtosis,Cornish-Fisher VaR (5%),Historic CVaR (5%)
Mean Return,16.461566040658226,14.253956734201074,0.6580820400287622,-26.621878071192324,-1.8284964479108663,20.772407567765573,0.03127403455794771,0.04287816186825383
