,Annualized Return,Annualized Vol,Sharpe Ratio,Max Drawdown,Skewness,Kurtosis,Cornish-Fisher VaR (5%),Historic CVaR (5%)
Mean Return,14.54789878676137,14.317988063487459,0.5261900365123251,-26.002387550174337,-1.3901153407442237,16.72589314744999,0.031441864832090216,0.04201223607858301
