,Annualized Return,Annualized Vol,Sharpe Ratio,Max Drawdown,Skewness,Kurtosis,Cornish-Fisher VaR (5%),Historic CVaR (5%)
Mean Return,17.758568686407685,14.783881118821087,0.7137281845706172,-28.329348286861507,-1.1639882136344935,14.439791186777004,0.03186353355768464,0.043330637039053356
