,Annualized Return,Annualized Vol,Sharpe Ratio,Max Drawdown,Skewness,Kurtosis,Cornish-Fisher VaR (5%),Historic CVaR (5%)
Mean Return,13.037065603614884,13.904056733415073,0.4459670270817983,-25.825507282060293,-0.6858204114966372,7.472728974537152,0.030968467348079363,0.04465572630784158
