,Annualized Return,Annualized Vol,Sharpe Ratio,Max Drawdown,Skewness,Kurtosis,Cornish-Fisher VaR (5%),Historic CVaR (5%)
Mean Return,17.56693367840356,16.147413519519205,0.6463211493410714,-28.82231887451222,-0.5240853502100121,8.670152526326818,0.03406111415998965,0.04902237382804424
