,Annualized Return,Annualized Vol,Sharpe Ratio,Max Drawdown,Skewness,Kurtosis,Cornish-Fisher VaR (5%),Historic CVaR (5%)
Mean Return,12.43601649787822,15.294506889129536,0.3647800914600182,-28.229995466394325,-0.7835275596869652,9.896091884693146,0.03388317144524378,0.04696535994499607
