,Annualized Return,Annualized Vol,Sharpe Ratio,Max Drawdown,Skewness,Kurtosis,Cornish-Fisher VaR (5%),Historic CVaR (5%)
Mean Return,11.806333646516777,13.85798437970508,0.3598943567018946,-25.70567149873825,-0.915160107139141,6.155409362279022,0.03270272103040385,0.04615093012268982
