,Annualized Return,Annualized Vol,Sharpe Ratio,Max Drawdown,Skewness,Kurtosis,Cornish-Fisher VaR (5%),Historic CVaR (5%)
Mean Return,10.391923956940019,15.364388517473031,0.23804198912906915,-28.534691723768162,-0.9680566359330974,12.021724370143929,0.034471423710957565,0.04846981977323129
