,Annualized Return,Annualized Vol,Sharpe Ratio,Max Drawdown,Skewness,Kurtosis,Cornish-Fisher VaR (5%),Historic CVaR (5%)
Mean Return,15.656420570374463,18.11349235332078,0.4848923966109867,-28.113497930571818,-0.6648489179886247,7.611336733134079,0.04069431761704482,0.05795215318383311
