,Annualized Return,Annualized Vol,Sharpe Ratio,Max Drawdown,Skewness,Kurtosis,Cornish-Fisher VaR (5%),Historic CVaR (5%)
Mean Return,10.88884783151598,17.02828791882557,0.24406066282348116,-34.45744736934401,0.5772878572438278,7.878234271173234,0.030179847961414152,0.04664620633585275
