,Annualized Return,Annualized Vol,Sharpe Ratio,Max Drawdown,Skewness,Kurtosis,Cornish-Fisher VaR (5%),Historic CVaR (5%)
Mean Return,7.317931911343845,18.636483086339837,0.04041245090297532,-53.120598820208706,-0.4735168076123159,7.46656346214563,0.041811027209964595,0.056166632105133375
