,Annualized Return,Annualized Vol,Sharpe Ratio,Max Drawdown,Skewness,Kurtosis,Cornish-Fisher VaR (5%),Historic CVaR (5%)
Mean Return,11.860814873794666,13.290320952287685,0.391229276378035,-25.634748038778365,-0.528858448870442,5.824779093936311,0.02983612743779981,0.040939672401258634
