,Annualized Return,Annualized Vol,Sharpe Ratio,Max Drawdown,Skewness,Kurtosis,Cornish-Fisher VaR (5%),Historic CVaR (5%)
Mean Return,11.841317285765918,12.88498370518697,0.4021170791745207,-22.76499711381752,-0.5382487852819126,6.141634120618246,0.028796765862829414,0.0398231979825214
