,Annualized Return,Annualized Vol,Sharpe Ratio,Max Drawdown,Skewness,Kurtosis,Cornish-Fisher VaR (5%),Historic CVaR (5%)
Mean Return,11.55190519140561,16.309930679093537,0.2928294069700817,-29.030765301452345,-0.6254390903576453,9.64728231258529,0.03561167339554676,0.050235322418533894
