,Annualized Return,Annualized Vol,Sharpe Ratio,Max Drawdown,Skewness,Kurtosis,Cornish-Fisher VaR (5%),Historic CVaR (5%)
Mean Return,9.598859781316026,15.343702957869333,0.18759046221990056,-34.59183436731264,-1.2160722586786366,11.35150839475317,0.0361431721076087,0.04809713813243442
