,Annualized Return,Annualized Vol,Sharpe Ratio,Max Drawdown,Skewness,Kurtosis,Cornish-Fisher VaR (5%),Historic CVaR (5%)
Mean Return,11.195571284952077,14.999041197559276,0.2953551282648038,-29.538536800280113,-1.804294164183392,19.45928771100786,0.03438237284547242,0.046871482943506064
