,Annualized Return,Annualized Vol,Sharpe Ratio,Max Drawdown,Skewness,Kurtosis,Cornish-Fisher VaR (5%),Historic CVaR (5%)
Mean Return,18.22005985293098,14.679896687534818,0.7528006083803456,-32.32464903095349,-1.2486792300651575,9.528505078147926,0.03393750613685213,0.04772951456739916
