,Annualized Return,Annualized Vol,Sharpe Ratio,Max Drawdown,Skewness,Kurtosis,Cornish-Fisher VaR (5%),Historic CVaR (5%)
Mean Return,10.275962796481618,17.94978303253723,0.2032948429640595,-34.49987881997064,-0.2673804540713489,7.604285337965525,0.038601392226488576,0.05230552384834528
