,Annualized Return,Annualized Vol,Sharpe Ratio,Max Drawdown,Skewness,Kurtosis,Cornish-Fisher VaR (5%),Historic CVaR (5%)
Mean Return,10.328690778784399,14.637661121252188,0.2862384880521951,-28.19396487577896,-0.7955580068781102,8.764461847093086,0.03486836185551107,0.04552537561456021
