,Annualized Return,Annualized Vol,Sharpe Ratio,Max Drawdown,Skewness,Kurtosis,Cornish-Fisher VaR (5%),Historic CVaR (5%)
Mean Return,8.521102758160648,16.159281237577225,0.12747696099395903,-24.99159366972564,-0.3213110457383377,5.071676625702993,0.03638001785350732,0.04807743055606337
