,Annualized Return,Annualized Vol,Sharpe Ratio,Max Drawdown,Skewness,Kurtosis,Cornish-Fisher VaR (5%),Historic CVaR (5%)
Mean Return,13.590145235552665,14.835374568352302,0.4470231593681999,-27.532442437883475,-1.575418242442778,18.177530970652803,0.03309141251852302,0.044507841302935086
