,Annualized Return,Annualized Vol,Sharpe Ratio,Max Drawdown,Skewness,Kurtosis,Cornish-Fisher VaR (5%),Historic CVaR (5%)
Mean Return,12.768114105770923,14.341345680344661,0.4123187411959186,-31.756947983128054,-1.2385582202288883,13.204927369238384,0.032495409625782054,0.044797914682557886
