,Annualized Return,Annualized Vol,Sharpe Ratio,Max Drawdown,Skewness,Kurtosis,Cornish-Fisher VaR (5%),Historic CVaR (5%)
Mean Return,12.006620476605168,14.340099025311329,0.3646894386238401,-25.446441834250894,-0.4593183400951482,7.7168408854783515,0.030901021993874685,0.044707231998744684
