,Annualized Return,Annualized Vol,Sharpe Ratio,Max Drawdown,Skewness,Kurtosis,Cornish-Fisher VaR (5%),Historic CVaR (5%)
Mean Return,3.6232134769826896,16.998111105167723,-0.16007483554686497,-50.81632186326613,-0.09355187141426469,6.037713155364641,0.03694414083843226,0.05350239411207986
