,Annualized Return,Annualized Vol,Sharpe Ratio,Max Drawdown,Skewness,Kurtosis,Cornish-Fisher VaR (5%),Historic CVaR (5%)
Mean Return,14.956392692666508,16.220125928646624,0.4920623783998837,-29.31450641662948,-0.8385612990459078,10.513106753464044,0.03565295038735596,0.04742024046418129
