,Annualized Return,Annualized Vol,Sharpe Ratio,Max Drawdown,Skewness,Kurtosis,Cornish-Fisher VaR (5%),Historic CVaR (5%)
Mean Return,9.200373118725924,15.771954336671252,0.1619895501317218,-29.624990214421143,-1.0122833146180028,12.82286944001813,0.03551990000138004,0.05076912989513988
