,Annualized Return,Annualized Vol,Sharpe Ratio,Max Drawdown,Skewness,Kurtosis,Cornish-Fisher VaR (5%),Historic CVaR (5%)
Mean Return,9.410187321077723,16.45894712165897,0.16829013587873878,-30.023248059152614,-1.1571609658618702,12.006638110613155,0.03826681796059781,0.052086963470916084
