,Annualized Return,Annualized Vol,Sharpe Ratio,Max Drawdown,Skewness,Kurtosis,Cornish-Fisher VaR (5%),Historic CVaR (5%)
Mean Return,8.563252824986979,16.011608044537184,0.12010073197626496,-29.45306575762825,-0.9926838392671261,11.422465535018324,0.036730440275480794,0.0497023275385611
