,Annualized Return,Annualized Vol,Sharpe Ratio,Max Drawdown,Skewness,Kurtosis,Cornish-Fisher VaR (5%),Historic CVaR (5%)
Mean Return,7.3403058787464115,13.178210155452252,0.07157792115373302,-27.41423219281714,-0.7153942002834475,7.354712254508781,0.030697752134068636,0.04354470542671865
