,Annualized Return,Annualized Vol,Sharpe Ratio,Max Drawdown,Skewness,Kurtosis,Cornish-Fisher VaR (5%),Historic CVaR (5%)
Mean Return,18.053672691314794,15.347699583177974,0.7088997894679556,-29.414160297484226,-1.015138538971004,9.918524320799005,0.034279422567012496,0.049449874246185105
