,Annualized Return,Annualized Vol,Skewness,Kurtosis,Cornish-Fisher VaR (5%),Historic CVaR (5%),Sharpe Ratio,Max Drawdown
Mean Return,0.0820130552503695,0.1591188604200962,-0.8517827621971956,6.250198610904088,0.03807101731425634,0.053890971078365525,0.10146306180439778,-0.38307487926088735
