,Annualized Return,Annualized Vol,Sharpe Ratio,Max Drawdown,Skewness,Kurtosis,Cornish-Fisher VaR (5%),Historic CVaR (5%)
Mean Return,17.662578830811704,17.385724707000676,0.6049182712424165,-30.54177517008454,-0.575938147072981,6.6131859398445565,0.03822301007846134,0.05349973340975635
