,Annualized Return,Annualized Vol,Sharpe Ratio,Max Drawdown,Skewness,Kurtosis,Cornish-Fisher VaR (5%),Historic CVaR (5%)
Mean Return,9.825112500337418,14.155550981783582,0.25429061838722655,-26.110901773969168,-1.5281552928751683,17.018940318191174,0.0336081238818824,0.044358212248980906
