,Annualized Return,Annualized Vol,Sharpe Ratio,Max Drawdown,Skewness,Kurtosis,Cornish-Fisher VaR (5%),Historic CVaR (5%)
Mean Return,9.680693816590779,15.191582428142564,0.22749957290890485,-26.8123892846776,-1.2830392462872369,14.68477177503861,0.035999871399312544,0.049029249483387084
