,Annualized Return,Annualized Vol,Sharpe Ratio,Max Drawdown,Skewness,Kurtosis,Cornish-Fisher VaR (5%),Historic CVaR (5%)
Mean Return,12.153938858421952,14.076391421053197,0.379055007631639,-24.207211163365265,-1.1054098110840638,9.026387380157065,0.03298284780422879,0.04728841227370435
