,Annualized Return,Annualized Vol,Sharpe Ratio,Max Drawdown,Skewness,Kurtosis,Cornish-Fisher VaR (5%),Historic CVaR (5%)
Mean Return,16.629716824129524,17.09042583552811,0.5585411946322054,-33.19725202332361,-0.564150595130672,6.605078172942337,0.0376265139792531,0.052216902110721074
