,Annualized Return,Annualized Vol,Sharpe Ratio,Max Drawdown,Skewness,Kurtosis,Cornish-Fisher VaR (5%),Historic CVaR (5%)
Mean Return,12.082429830166097,14.189272823631013,0.3720346365798123,-23.936999121140225,-0.4595664467370247,5.833312044161715,0.03130511589137789,0.04387224430894053
