,Annualized Return,Annualized Vol,Sharpe Ratio,Max Drawdown,Skewness,Kurtosis,Cornish-Fisher VaR (5%),Historic CVaR (5%)
Mean Return,17.071302815167265,14.998939209578543,0.6636140829005778,-26.199385879398196,-1.2321737175073024,11.79694732080105,0.0339059495828956,0.04713235353824115
