,Annualized Return,Annualized Vol,Sharpe Ratio,Max Drawdown,Skewness,Kurtosis,Cornish-Fisher VaR (5%),Historic CVaR (5%)
Mean Return,10.445963469731389,18.12490701400807,0.20455922450153607,-34.49987881997064,-0.2673804540713489,7.604285337965525,0.038601392226488576,0.05230552384834528
