,Annualized Return,Annualized Vol,Sharpe Ratio,Max Drawdown,Skewness,Kurtosis,Cornish-Fisher VaR (5%),Historic CVaR (5%)
Mean Return,14.331225913791856,15.33560705000534,0.48070641848232065,-28.02464534644255,-0.6427649414937019,8.9777286860862,0.033295540949201376,0.045791477682445396
