,Annualized Return,Annualized Vol,Sharpe Ratio,Max Drawdown,Skewness,Kurtosis,Cornish-Fisher VaR (5%),Historic CVaR (5%)
Mean Return,12.149371281417798,15.270158837936714,0.3488438759582103,-27.245963835566805,-0.7098724609906973,10.214369169363035,0.03333510311628752,0.04649088334563482
