,Annualized Return,Annualized Vol,Sharpe Ratio,Max Drawdown,Skewness,Kurtosis,Cornish-Fisher VaR (5%),Historic CVaR (5%)
Mean Return,9.350952911090449,15.139105878087303,0.17694287865825892,-28.360857733724032,-1.316046288600186,10.450051240811106,0.036552305593860294,0.04988408358995795
