,Annualized Return,Annualized Vol,Sharpe Ratio,Max Drawdown,Skewness,Kurtosis,Cornish-Fisher VaR (5%),Historic CVaR (5%)
Mean Return,11.342559961815478,15.021437278354895,0.3019797923465887,-42.13329610937071,-1.2864765144807204,10.386184847042536,0.03580181648749238,0.048509858479211056
