,Annualized Return,Annualized Vol,Sharpe Ratio,Max Drawdown,Skewness,Kurtosis,Cornish-Fisher VaR (5%),Historic CVaR (5%)
Mean Return,19.756509232032183,15.1177141288662,0.8265796871785402,-26.063104676235078,-0.7938880541761791,10.481115349344245,0.032046591404109176,0.04697601697744715
