,Annualized Return,Annualized Vol,Sharpe Ratio,Max Drawdown,Skewness,Kurtosis,Cornish-Fisher VaR (5%),Historic CVaR (5%)
Mean Return,10.937630665517961,13.290800401561073,0.3507505564042657,-24.795849913374095,-1.3688864909921106,15.971107086141926,0.030945224238625738,0.040902143923636454
