,Annualized Return,Annualized Vol,Sharpe Ratio,Max Drawdown,Skewness,Kurtosis,Cornish-Fisher VaR (5%),Historic CVaR (5%)
Mean Return,10.184880678392382,14.115377625399978,0.2752740750473785,-37.76322431980187,-1.2936884181443002,10.247917297642912,0.034755147442607756,0.04694729555672365
