,Annualized Return,Annualized Vol,Sharpe Ratio,Max Drawdown,Skewness,Kurtosis,Cornish-Fisher VaR (5%),Historic CVaR (5%)
Mean Return,13.680144478775592,17.060089638522186,0.396593706576243,-27.978142542546426,-0.6217109916449989,9.201628581302323,0.03715336438882054,0.051896893006823694
