,Annualized Return,Annualized Vol,Sharpe Ratio,Max Drawdown,Skewness,Kurtosis,Cornish-Fisher VaR (5%),Historic CVaR (5%)
Mean Return,13.296093369524552,14.631289980168138,0.4344193307079025,-31.265893248131395,-1.0242244445643363,12.439509520094395,0.03238823446756623,0.041612199938510244
