,Annualized Return,Annualized Vol,Sharpe Ratio,Max Drawdown,Skewness,Kurtosis,Cornish-Fisher VaR (5%),Historic CVaR (5%)
Mean Return,11.199120131473904,17.577766678909057,0.2528203503877748,-32.52547080982894,-0.2613854252378251,7.2248671660321095,0.03740377067901729,0.05701016493025438
