,Annualized Return,Annualized Vol,Sharpe Ratio,Max Drawdown,Skewness,Kurtosis,Cornish-Fisher VaR (5%),Historic CVaR (5%)
Mean Return,15.19824553215856,15.542002375403582,0.5239384931721504,-28.235709246624175,-1.2448273978033326,14.870042815938975,0.03429533196279361,0.04442234795239958
