,Annualized Return,Annualized Vol,Sharpe Ratio,Max Drawdown,Skewness,Kurtosis,Cornish-Fisher VaR (5%),Historic CVaR (5%)
Mean Return,10.423112537984537,15.663526554634974,0.23305790563868625,-27.53211091260006,-0.9909258371834929,10.538355843251555,0.03595270436206945,0.049531451855377585
