,Annualized Return,Annualized Vol,Sharpe Ratio,Max Drawdown,Skewness,Kurtosis,Cornish-Fisher VaR (5%),Historic CVaR (5%)
Mean Return,12.789287681521277,12.971792010782801,0.4637195150073892,-23.80923317454854,-0.9389571442397407,7.13530109029105,0.03034576549263423,0.041103518862828994
