,Annualized Return,Annualized Vol,Sharpe Ratio,Max Drawdown,Skewness,Kurtosis,Cornish-Fisher VaR (5%),Historic CVaR (5%)
Mean Return,13.852195096444087,14.020734448231648,0.49638407818431707,-25.593747452266275,-1.1970746232593965,10.30005675788479,0.03245931186194058,0.04620424576775109
