,Annualized Return,Annualized Vol,Sharpe Ratio,Max Drawdown,Skewness,Kurtosis,Cornish-Fisher VaR (5%),Historic CVaR (5%)
Mean Return,10.358965881916005,15.136382712192772,0.2372813626617617,-27.75780188860024,-1.005361301822285,10.523252316415284,0.0347802834012907,0.047051577853486924
