,Annualized Return,Annualized Vol,Sharpe Ratio,Max Drawdown,Skewness,Kurtosis,Cornish-Fisher VaR (5%),Historic CVaR (5%)
Mean Return,12.867513006412779,17.911833412763794,0.336148617293985,-30.315103552213536,-1.078728658361975,10.00587920311837,0.04170052290548561,0.05637089824585976
