,Annualized Return,Annualized Vol,Sharpe Ratio,Max Drawdown,Skewness,Kurtosis,Cornish-Fisher VaR (5%),Historic CVaR (5%)
Mean Return,12.375308845718514,15.065325415806896,0.3665415463614643,-31.260240730943874,-1.47122009117275,16.25975857678884,0.03414706159687712,0.045574880236943595
