,Annualized Return,Annualized Vol,Sharpe Ratio,Max Drawdown,Skewness,Kurtosis,Cornish-Fisher VaR (5%),Historic CVaR (5%)
Mean Return,7.853357553814599,14.119987949206516,0.12325568641732115,-26.67006643610267,-1.242267606722554,13.80388791728189,0.033861440404755964,0.0457555619017189
