,Annualized Return,Annualized Vol,Sharpe Ratio,Max Drawdown,Skewness,Kurtosis,Cornish-Fisher VaR (5%),Historic CVaR (5%)
Mean Return,12.251406619059392,14.828510761788738,0.36261869598287577,-31.681485038704583,-1.613873694815701,18.27535809432691,0.03344253324327647,0.044871122500803634
