,Annualized Return,Annualized Vol,Sharpe Ratio,Max Drawdown,Skewness,Kurtosis,Cornish-Fisher VaR (5%),Historic CVaR (5%)
Mean Return,11.349647061523637,14.915905460772608,0.3099905320138337,-34.76187511844844,-0.881165549167614,7.649018763787408,0.034964839929142594,0.04840839479218906
