,Annualized Return,Annualized Vol,Sharpe Ratio,Max Drawdown,Skewness,Kurtosis,Cornish-Fisher VaR (5%),Historic CVaR (5%)
Mean Return,12.372757265399215,14.41675239365187,0.38287620000708444,-27.4580366655816,-0.8373697348372131,7.9195988381331315,0.03289902768331852,0.04750075897708581
