,Annualized Return,Annualized Vol,Sharpe Ratio,Max Drawdown,Skewness,Kurtosis,Cornish-Fisher VaR (5%),Historic CVaR (5%)
Mean Return,13.447380800062781,14.623190338049705,0.44433679251654884,-28.9506419834236,-1.5425430321728566,16.788032945254244,0.033028282732178636,0.044693148076925704
