,Annualized Return,Annualized Vol,Sharpe Ratio,Max Drawdown,Skewness,Kurtosis,Cornish-Fisher VaR (5%),Historic CVaR (5%)
Mean Return,14.560360572599883,15.166308089438383,0.5006116456491014,-25.821821803401807,-0.6969335832972137,10.78853550720912,0.032375141674946685,0.045866234423064145
