,Annualized Return,Annualized Vol,Sharpe Ratio,Max Drawdown,Skewness,Kurtosis,Cornish-Fisher VaR (5%),Historic CVaR (5%)
Mean Return,12.922620035705812,14.134081968314804,0.4310893063718627,-24.99621498308766,-0.7240929686086753,9.455161574741776,0.030946223667514542,0.043360140728380105
