,Annualized Return,Annualized Vol,Skewness,Kurtosis,Cornish-Fisher VaR (5%),Historic CVaR (5%),Sharpe Ratio,Max Drawdown
Mean Return,0.11483160248091706,0.14821669441640994,-1.2238322604199678,13.21479698571812,0.033800755731262205,0.04562504929857514,0.31368627614872985,-0.2890005234938547
