,Annualized Return,Annualized Vol,Sharpe Ratio,Max Drawdown,Skewness,Kurtosis,Cornish-Fisher VaR (5%),Historic CVaR (5%)
Mean Return,6.98106789193802,15.298971105399625,0.028266415853406193,-32.91171120898633,-1.6252142058205206,16.410371243740396,0.03632445029146323,0.050158506430904304
