,Annualized Return,Annualized Vol,Sharpe Ratio,Max Drawdown,Skewness,Kurtosis,Cornish-Fisher VaR (5%),Historic CVaR (5%)
Mean Return,12.106718158147123,15.060550311280563,0.3510355831279955,-31.914202613981402,-1.631352785226814,18.78299359981106,0.0338658168128352,0.04538988017552187
