,Annualized Return,Annualized Vol,Sharpe Ratio,Max Drawdown,Skewness,Kurtosis,Cornish-Fisher VaR (5%),Historic CVaR (5%)
Mean Return,14.352271484663204,16.62559190322487,0.44392003012167935,-30.14117426143974,-0.8873320404767726,7.114699981988401,0.03857472095523667,0.05288553255257931
