,Annualized Return,Annualized Vol,Sharpe Ratio,Max Drawdown,Skewness,Kurtosis,Cornish-Fisher VaR (5%),Historic CVaR (5%)
Mean Return,14.514502660371843,14.84932948690037,0.5095192529239818,-26.801167822789466,-0.8764493840552249,11.987161192291975,0.03209099702535038,0.04542065611277871
