,Annualized Return,Annualized Vol,Sharpe Ratio,Max Drawdown,Skewness,Kurtosis,Cornish-Fisher VaR (5%),Historic CVaR (5%)
Mean Return,13.954981188945336,14.241951630672117,0.49660554283529595,-32.892339783906124,-0.7855722566883098,7.00007011588365,0.03230806987452034,0.04420658848980901
