,Annualized Return,Annualized Vol,Sharpe Ratio,Max Drawdown,Skewness,Kurtosis,Cornish-Fisher VaR (5%),Historic CVaR (5%)
Mean Return,9.527526535998021,13.573985877754904,0.20881140112014984,-27.53486985389129,-0.8121570116233352,7.803297485007301,0.03129544236516834,0.04351640887427054
