,Annualized Return,Annualized Vol,Sharpe Ratio,Max Drawdown,Skewness,Kurtosis,Cornish-Fisher VaR (5%),Historic CVaR (5%)
Mean Return,8.740790221863538,14.691823195898909,0.170310340647704,-27.514289367486132,-1.3031112875640465,9.854266321160353,0.03672930397887946,0.04979689664599701
