,Annualized Return,Annualized Vol,Sharpe Ratio,Max Drawdown,Skewness,Kurtosis,Cornish-Fisher VaR (5%),Historic CVaR (5%)
Mean Return,8.49554266727317,15.062367855943748,0.15021978868270588,-27.02092820410818,-1.2164857584625939,9.518388324675367,0.03744769077463538,0.050386976230374025
