,Annualized Return,Annualized Vol,Sharpe Ratio,Max Drawdown,Skewness,Kurtosis,Cornish-Fisher VaR (5%),Historic CVaR (5%)
Mean Return,8.391510576054628,16.74221014517735,0.10406167211695026,-31.817150878648707,-0.9663167113946872,10.8664309814902,0.03860402221992694,0.05333258143806908
