,Annualized Return,Annualized Vol,Sharpe Ratio,Max Drawdown,Skewness,Kurtosis,Cornish-Fisher VaR (5%),Historic CVaR (5%)
Mean Return,13.509470003357027,14.867080636992124,0.44184660535386233,-26.951575154781178,-1.6316760174866425,15.10287417038402,0.03470419262706485,0.04647463235418336
