,Annualized Return,Annualized Vol,Sharpe Ratio,Max Drawdown,Skewness,Kurtosis,Cornish-Fisher VaR (5%),Historic CVaR (5%)
Mean Return,12.871927278248174,13.668610358818356,0.4429032833938829,-27.310255338148394,-0.6198041090558819,8.074234635623673,0.029878936144167822,0.042968990743618034
