,Annualized Return,Annualized Vol,Sharpe Ratio,Max Drawdown,Skewness,Kurtosis,Cornish-Fisher VaR (5%),Historic CVaR (5%)
Mean Return,10.761651956765682,16.862067956026888,0.2393739092655058,-35.66609633910356,0.3429469900196474,7.824596274659499,0.031565240866168603,0.04768883522080401
