,Annualized Return,Annualized Vol,Sharpe Ratio,Max Drawdown,Skewness,Kurtosis,Cornish-Fisher VaR (5%),Historic CVaR (5%)
Mean Return,9.758262208449375,13.180714387960748,0.24428989482347427,-21.772327744501652,-0.5703431570637365,6.99805975995909,0.02970164935716122,0.042707111816400495
