,Annualized Return,Annualized Vol,Sharpe Ratio,Max Drawdown,Skewness,Kurtosis,Cornish-Fisher VaR (5%),Historic CVaR (5%)
Mean Return,15.722004768068087,13.825669541266233,0.6270068214998069,-25.528738668675878,-1.3052384962181294,11.212153504855692,0.0318153080049519,0.04529782543275546
