,Annualized Return,Annualized Vol,Sharpe Ratio,Max Drawdown,Skewness,Kurtosis,Cornish-Fisher VaR (5%),Historic CVaR (5%)
Mean Return,9.828230213199006,13.104870010545897,0.28304769637173094,-28.706664793616927,-0.6382256900987056,8.041096869293792,0.030625343896212208,0.04041646352419902
