,Annualized Return,Annualized Vol,Sharpe Ratio,Max Drawdown,Skewness,Kurtosis,Cornish-Fisher VaR (5%),Historic CVaR (5%)
Mean Return,11.76461577852621,14.588049810651047,0.3373868872840516,-30.555067734349795,-1.361033251941031,16.025855199750985,0.032704665198340074,0.04300884639318084
