,Annualized Return,Annualized Vol,Sharpe Ratio,Max Drawdown,Skewness,Kurtosis,Cornish-Fisher VaR (5%),Historic CVaR (5%)
Mean Return,9.03109977026988,13.681628453254044,0.2089985151274509,-31.20002627311824,-1.4750219880144795,12.586515635053164,0.034088269477078076,0.04560079508698994
