,Annualized Return,Annualized Vol,Sharpe Ratio,Max Drawdown,Skewness,Kurtosis,Cornish-Fisher VaR (5%),Historic CVaR (5%)
Mean Return,10.20450889665292,14.648565731686514,0.23657899077847358,-31.24358985711975,-1.2537239754075935,12.077085437157946,0.034212938428474594,0.04567753607564934
