,Annualized Return,Annualized Vol,Sharpe Ratio,Max Drawdown,Skewness,Kurtosis,Cornish-Fisher VaR (5%),Historic CVaR (5%)
Mean Return,13.675825003557108,14.55293028910879,0.46242041992073485,-39.57690843499721,-1.4519285937659037,11.18537904566552,0.0346797903963015,0.047474492652180664
