,Annualized Return,Annualized Vol,Sharpe Ratio,Max Drawdown,Skewness,Kurtosis,Cornish-Fisher VaR (5%),Historic CVaR (5%)
Mean Return,11.828394611163828,15.13593093096939,0.3286050595950032,-27.604624303565835,-1.430385792454224,16.113144296353383,0.03428558182026676,0.045314413886730236
