,Annualized Return,Annualized Vol,Sharpe Ratio,Max Drawdown,Skewness,Kurtosis,Cornish-Fisher VaR (5%),Historic CVaR (5%)
Mean Return,14.997584538443087,15.102799550348475,0.532027334952419,-28.851541550145477,-0.7641786884489503,10.425638748431282,0.03266832473296839,0.046283928183347735
