,Annualized Return,Annualized Vol,Sharpe Ratio,Max Drawdown,Skewness,Kurtosis,Cornish-Fisher VaR (5%),Historic CVaR (5%)
Mean Return,13.92385729186203,14.290993351331577,0.4908971282043404,-26.131363324504726,-1.0945412343766197,11.052459435940387,0.03232596257949695,0.04579506819926228
