,Annualized Return,Annualized Vol,Sharpe Ratio,Max Drawdown,Skewness,Kurtosis,Cornish-Fisher VaR (5%),Historic CVaR (5%)
Mean Return,11.220607260203641,15.038926108367551,0.2949989516291995,-26.110901773969168,-1.8304895139469968,19.010394762830146,0.03478414906394215,0.04608385556327258
