,Annualized Return,Annualized Vol,Sharpe Ratio,Max Drawdown,Skewness,Kurtosis,Cornish-Fisher VaR (5%),Historic CVaR (5%)
Mean Return,9.986390079649322,15.970722328724635,0.20630397887640012,-27.428017116156322,-0.8306139799363312,11.572958559127889,0.03540007311881192,0.05022190626942556
