,Annualized Return,Annualized Vol,Sharpe Ratio,Max Drawdown,Skewness,Kurtosis,Cornish-Fisher VaR (5%),Historic CVaR (5%)
Mean Return,13.539651587781144,17.050036663876796,0.3894359049824385,-25.052543970886433,-0.15281782705161356,6.504322745420217,0.035469270812023224,0.052879704911248965
