,Annualized Return,Annualized Vol,Sharpe Ratio,Max Drawdown,Skewness,Kurtosis,Cornish-Fisher VaR (5%),Historic CVaR (5%)
Mean Return,8.665600510397663,14.497200135452779,0.14976740843797157,-22.804472098016664,-0.6350475570702048,7.031105876000811,0.03336096569284648,0.04525656169025424
