,Annualized Return,Annualized Vol,Sharpe Ratio,Max Drawdown,Skewness,Kurtosis,Cornish-Fisher VaR (5%),Historic CVaR (5%)
Mean Return,14.163496466255165,16.101126372083378,0.44637220172311265,-40.54107561745155,-0.6520769079119708,8.96934390043468,0.03515694047397612,0.04741103374468154
