,Annualized Return,Annualized Vol,Sharpe Ratio,Max Drawdown,Skewness,Kurtosis,Cornish-Fisher VaR (5%),Historic CVaR (5%)
Mean Return,11.94803002433349,14.142181261310377,0.36634996730291247,-26.85172874728485,-1.0711214585434568,7.608429147610497,0.033554473011667064,0.04864509656063362
