,Annualized Return,Annualized Vol,Sharpe Ratio,Max Drawdown,Skewness,Kurtosis,Cornish-Fisher VaR (5%),Historic CVaR (5%)
Mean Return,11.354456888373399,19.090107109294514,0.26438241971705295,-31.768902026730288,-0.3432188177985455,11.530897390890132,0.040528557831764546,0.05755184068997735
