,Annualized Return,Annualized Vol,Sharpe Ratio,Max Drawdown,Skewness,Kurtosis,Cornish-Fisher VaR (5%),Historic CVaR (5%)
Mean Return,13.90402906496595,15.360693566861732,0.4507928031148234,-26.096115101804052,-1.3098378810080935,15.031563841422,0.034338253366660756,0.045656814096036676
