,Annualized Return,Annualized Vol,Sharpe Ratio,Max Drawdown,Skewness,Kurtosis,Cornish-Fisher VaR (5%),Historic CVaR (5%)
Mean Return,10.826839605577486,16.881735755828743,0.2441157629618517,-31.248243925421633,-0.91249725609693,8.789575478127098,0.03916994082816576,0.05422919831760106
