,Annualized Return,Annualized Vol,Sharpe Ratio,Max Drawdown,Skewness,Kurtosis,Cornish-Fisher VaR (5%),Historic CVaR (5%)
Mean Return,16.314591073408092,13.806470787522338,0.6695290632724813,-25.292323099510135,-1.1954044062819824,10.177562885817476,0.03156258711149189,0.04483177292596146
