,Annualized Return,Annualized Vol,Sharpe Ratio,Max Drawdown,Skewness,Kurtosis,Cornish-Fisher VaR (5%),Historic CVaR (5%)
Mean Return,12.62714949699426,14.23668362357137,0.43351519484027934,-28.195142063441352,-1.2716763424439472,10.766443562416175,0.03430443519725998,0.04779892258398277
