,Annualized Return,Annualized Vol,Skewness,Kurtosis,Cornish-Fisher VaR (5%),Historic CVaR (5%),Sharpe Ratio,Max Drawdown
Mean Return,0.1141950876853739,0.1373391303191335,-0.9960692947073644,6.36191677287342,0.03306751772640938,0.0479509659026264,0.3433222082587271,-0.25705671498738253
