,Annualized Return,Annualized Vol,Sharpe Ratio,Max Drawdown,Skewness,Kurtosis,Cornish-Fisher VaR (5%),Historic CVaR (5%)
Mean Return,9.759103571085227,14.058216487318449,0.2523454444340422,-24.79568229081152,-1.7231885168728995,18.037191631494427,0.03383070008593449,0.045999564973385025
