,Annualized Return,Annualized Vol,Sharpe Ratio,Max Drawdown,Skewness,Kurtosis,Cornish-Fisher VaR (5%),Historic CVaR (5%)
Mean Return,3.7917053577228854,18.27864539025186,-0.13418486724482998,-49.455933231808544,-0.025464866422577864,4.926460692055786,0.04018186227142122,0.05555187077907434
