,Annualized Return,Annualized Vol,Sharpe Ratio,Max Drawdown,Skewness,Kurtosis,Cornish-Fisher VaR (5%),Historic CVaR (5%)
Mean Return,12.364121945949513,13.956089329849885,0.4059275428617034,-26.79966079457618,-0.29378103004656403,5.507366950204481,0.030235369381680574,0.0405457146370585
