,Annualized Return,Annualized Vol,Sharpe Ratio,Max Drawdown,Skewness,Kurtosis,Cornish-Fisher VaR (5%),Historic CVaR (5%)
Mean Return,10.13754408439025,13.07056627395096,0.2615544280102241,-19.980677561068273,-0.3929061130359453,6.7351151102101285,0.028356086625398385,0.041321056000360894
