,Annualized Return,Annualized Vol,Sharpe Ratio,Max Drawdown,Skewness,Kurtosis,Cornish-Fisher VaR (5%),Historic CVaR (5%)
Mean Return,2.561881397750443,14.763675092093543,-0.21407569608649554,-49.463183607887274,-0.9546618094594218,9.156279478619922,0.037419186948360925,0.05142929699218048
