,Annualized Return,Annualized Vol,Sharpe Ratio,Max Drawdown,Skewness,Kurtosis,Cornish-Fisher VaR (5%),Historic CVaR (5%)
Mean Return,14.632985090032058,14.977868528387992,0.5114718813357885,-25.97768629682594,-0.7085963998000143,10.26019937027217,0.03221438711176046,0.04546318210061484
