,Annualized Return,Annualized Vol,Sharpe Ratio,Max Drawdown,Skewness,Kurtosis,Cornish-Fisher VaR (5%),Historic CVaR (5%)
Mean Return,19.337824151358475,16.82223952934156,0.7152043088230852,-28.623681953219165,-0.7662918565521893,13.25483766674106,0.03465599066528882,0.04903945065797471
