,Annualized Return,Annualized Vol,Sharpe Ratio,Max Drawdown,Skewness,Kurtosis,Cornish-Fisher VaR (5%),Historic CVaR (5%)
Mean Return,9.944506828093358,15.696597925189652,0.20734586584675269,-32.7477103356052,-0.6493316782637683,10.986297597568663,0.03402266997133157,0.04949742764151
