,Annualized Return,Annualized Vol,Skewness,Kurtosis,Cornish-Fisher VaR (5%),Historic CVaR (5%),Sharpe Ratio,Max Drawdown
Mean Return,0.08089249211456084,0.1614529196037666,-0.705287417212987,10.790984642919026,0.03577648515568439,0.0504487423957399,0.09462236264372083,-0.3028064238669461
