,Annualized Return,Annualized Vol,Sharpe Ratio,Max Drawdown,Skewness,Kurtosis,Cornish-Fisher VaR (5%),Historic CVaR (5%)
Mean Return,14.615996071003924,14.570265945395036,0.5225274635729316,-38.76295821914296,-1.4292598613046161,11.056305187058815,0.03451272433758406,0.0473398747203731
