,Annualized Return,Annualized Vol,Sharpe Ratio,Max Drawdown,Skewness,Kurtosis,Cornish-Fisher VaR (5%),Historic CVaR (5%)
Mean Return,13.911459159057893,13.680473555959916,0.5140022716159475,-27.405274374692002,-0.7162479057621319,7.76681908638385,0.030319517862798344,0.042973485819155874
