,Annualized Return,Annualized Vol,Sharpe Ratio,Max Drawdown,Skewness,Kurtosis,Cornish-Fisher VaR (5%),Historic CVaR (5%)
Mean Return,14.686478799381874,14.360020276160167,0.5392984860829567,-29.308058763416888,-1.071453221958603,10.629087227830945,0.03242355438284373,0.04472155649863866
