,Annualized Return,Annualized Vol,Sharpe Ratio,Max Drawdown,Skewness,Kurtosis,Cornish-Fisher VaR (5%),Historic CVaR (5%)
Mean Return,14.161628062899556,15.25100193379813,0.47433343649608667,-29.03072852694742,-0.6121877327726705,9.754143742801892,0.032620058356266836,0.04651790257323368
