,Annualized Return,Annualized Vol,Sharpe Ratio,Max Drawdown,Skewness,Kurtosis,Cornish-Fisher VaR (5%),Historic CVaR (5%)
Mean Return,14.056285389729561,14.190309785127702,0.5013004639946199,-27.55226189846478,-1.219541126615712,13.68129618228603,0.031637403648950055,0.04256135100735029
