,Annualized Return,Annualized Vol,Sharpe Ratio,Max Drawdown,Skewness,Kurtosis,Cornish-Fisher VaR (5%),Historic CVaR (5%)
Mean Return,12.559750117992085,15.806500010205504,0.3612273615013371,-32.3993334233107,-1.4688954761836468,17.056499670762584,0.03553133552284338,0.05115598608160068
