,Annualized Return,Annualized Vol,Sharpe Ratio,Max Drawdown,Skewness,Kurtosis,Cornish-Fisher VaR (5%),Historic CVaR (5%)
Mean Return,13.272510103439817,14.002160614031798,0.4529466866525004,-29.906894750963854,-1.1172138874076627,10.416345133123968,0.032131750413563774,0.04275861886953547
