,Annualized Return,Annualized Vol,Sharpe Ratio,Max Drawdown,Skewness,Kurtosis,Cornish-Fisher VaR (5%),Historic CVaR (5%)
Mean Return,9.61072419818012,13.747729036532316,0.2114943135995058,-29.398073121351427,-1.1755944112241843,11.005587011278216,0.03216731681601015,0.044815120354280466
