,Annualized Return,Annualized Vol,Sharpe Ratio,Max Drawdown,Skewness,Kurtosis,Cornish-Fisher VaR (5%),Historic CVaR (5%)
Mean Return,14.491389447029878,14.759045676359689,0.510036578645988,-26.168426461003904,-0.8103599657746154,11.067150413888331,0.031931044552640196,0.044413451833920134
