,Annualized Return,Annualized Vol,Sharpe Ratio,Max Drawdown,Skewness,Kurtosis,Cornish-Fisher VaR (5%),Historic CVaR (5%)
Mean Return,13.790447526468231,18.505463321179054,0.36920791567228567,-27.879778115384347,-0.08929977583499193,6.766664402134059,0.03803997037033212,0.052569572047094594
