,Annualized Return,Annualized Vol,Sharpe Ratio,Max Drawdown,Skewness,Kurtosis,Cornish-Fisher VaR (5%),Historic CVaR (5%)
Mean Return,11.068708153792905,14.587693443533862,0.2943441711073857,-29.25922416094422,-0.7726448369443156,8.48791155260555,0.03297729695475223,0.04633592824497814
