,Annualized Return,Annualized Vol,Sharpe Ratio,Max Drawdown,Skewness,Kurtosis,Cornish-Fisher VaR (5%),Historic CVaR (5%)
Mean Return,9.579164477509927,13.69696787433228,0.22217794186848183,-25.64028379220681,0.16581847432666258,5.1315519929803814,0.02779411318619936,0.03826626534596473
