,Annualized Return,Annualized Vol,Sharpe Ratio,Max Drawdown,Skewness,Kurtosis,Cornish-Fisher VaR (5%),Historic CVaR (5%)
Mean Return,7.351389105363082,14.392487808059506,0.06556785436657905,-30.689646698308497,-0.04986107137118948,5.226301464163717,0.030902162866957922,0.04558934284595499
