,Annualized Return,Annualized Vol,Sharpe Ratio,Max Drawdown,Skewness,Kurtosis,Cornish-Fisher VaR (5%),Historic CVaR (5%)
Mean Return,12.798296747555394,15.476100150855693,0.3812577364403295,-27.778786418800898,-0.903203840001707,11.013811822210673,0.03441343569940219,0.046177422340150064
