,Annualized Return,Annualized Vol,Sharpe Ratio,Max Drawdown,Skewness,Kurtosis,Cornish-Fisher VaR (5%),Historic CVaR (5%)
Mean Return,10.746739752624745,17.707611598540417,0.2253512836030356,-35.14571332928946,-0.8440195375108878,11.611879369854481,0.03937415524769115,0.049652113010714025
