,Annualized Return,Annualized Vol,Sharpe Ratio,Max Drawdown,Skewness,Kurtosis,Cornish-Fisher VaR (5%),Historic CVaR (5%)
Mean Return,12.034032711822306,20.54080877627436,0.25493410193016214,-29.840884964055174,-0.534967047174414,6.508661584855642,0.04633887661817894,0.06394858994398492
