,Annualized Return,Annualized Vol,Sharpe Ratio,Max Drawdown,Skewness,Kurtosis,Cornish-Fisher VaR (5%),Historic CVaR (5%)
Mean Return,9.433426590715133,17.284778183386816,0.18690573343738062,-29.834346764276088,-0.8387118903935072,13.488167624587737,0.03913409228457866,0.05283775192120155
