,Annualized Return,Annualized Vol,Sharpe Ratio,Max Drawdown,Skewness,Kurtosis,Cornish-Fisher VaR (5%),Historic CVaR (5%)
Mean Return,13.205651022341103,15.331196329369185,0.41391278078094473,-26.501711372146502,-0.7225081879373247,10.120540774724722,0.033403140631219214,0.04609814145982758
