,Annualized Return,Annualized Vol,Sharpe Ratio,Max Drawdown,Skewness,Kurtosis,Cornish-Fisher VaR (5%),Historic CVaR (5%)
Mean Return,7.870268043683026,13.171339543644327,0.14107779307036641,-33.208262396879284,-1.0157851542848482,9.248665940865482,0.03253645342046381,0.04450608771293051
