,Annualized Return,Annualized Vol,Sharpe Ratio,Max Drawdown,Skewness,Kurtosis,Cornish-Fisher VaR (5%),Historic CVaR (5%)
Mean Return,14.899265017738571,15.70984292283207,0.5004508741356605,-32.35963144225876,-1.324548433309422,14.039826587466123,0.035515914101081375,0.04674188457737614
