,Annualized Return,Annualized Vol,Skewness,Kurtosis,Cornish-Fisher VaR (5%),Historic CVaR (5%),Sharpe Ratio,Max Drawdown
Mean Return,-0.0023525397192650788,0.22581063166395884,-1.073969080871239,11.461140983141998,0.054508301705415936,0.0829814776072585,-0.27908450325709744,-0.588483592868881
