,Annualized Return,Annualized Vol,Sharpe Ratio,Max Drawdown,Skewness,Kurtosis,Cornish-Fisher VaR (5%),Historic CVaR (5%)
Mean Return,11.389715941075051,13.483664926605126,0.38543254648354164,-26.907984885027762,-0.7946094458050355,9.31681427382906,0.03154316050991356,0.04389557728422726
