,Annualized Return,Annualized Vol,Sharpe Ratio,Max Drawdown,Skewness,Kurtosis,Cornish-Fisher VaR (5%),Historic CVaR (5%)
Mean Return,-3.1925423800933217,19.724005209756385,-0.4633442243306559,-67.31762671588373,-0.4928589567224122,6.374270265877802,0.04702711924362765,0.06403820212440003
