,Annualized Return,Annualized Vol,Sharpe Ratio,Max Drawdown,Skewness,Kurtosis,Cornish-Fisher VaR (5%),Historic CVaR (5%)
Mean Return,15.517879269486379,15.787239770750041,0.535526490998633,-35.51384074032781,-0.38906984223345653,7.436402693263783,0.033371065861814916,0.04804287476451265
