,Annualized Return,Annualized Vol,Sharpe Ratio,Max Drawdown,Skewness,Kurtosis,Cornish-Fisher VaR (5%),Historic CVaR (5%)
Mean Return,18.283433093885737,14.4571773403128,0.7685240005489297,-27.16798183213361,-1.108812859283909,10.201140232525477,0.032422700247574064,0.04670886587443227
