,Annualized Return,Annualized Vol,Sharpe Ratio,Max Drawdown,Skewness,Kurtosis,Cornish-Fisher VaR (5%),Historic CVaR (5%)
Mean Return,12.85116477684134,14.952778211516748,0.39691835025867434,-26.414078727241602,-1.3464840559305729,15.879550096075365,0.033367625465748556,0.043913343702949206
