,Annualized Return,Annualized Vol,Sharpe Ratio,Max Drawdown,Skewness,Kurtosis,Cornish-Fisher VaR (5%),Historic CVaR (5%)
Mean Return,9.236068400762875,15.438707688324534,0.17033064061426012,-28.47782425919266,-0.5798912382278338,5.298425449083663,0.03562697322599117,0.05011294273807243
