,Annualized Return,Annualized Vol,Sharpe Ratio,Max Drawdown,Skewness,Kurtosis,Cornish-Fisher VaR (5%),Historic CVaR (5%)
Mean Return,18.151418097154213,15.581620798170498,0.704153440651634,-29.308091073752152,-0.9220723909124917,9.630297888395853,0.034459206027634824,0.0498562989266756
