,Annualized Return,Annualized Vol,Sharpe Ratio,Max Drawdown,Skewness,Kurtosis,Cornish-Fisher VaR (5%),Historic CVaR (5%)
Mean Return,5.723618391226437,14.025559798935985,-0.05212674536074161,-28.284716694168655,-1.4223608466993642,10.937136117336776,0.03468694680429537,0.047119631112603914
