,Annualized Return,Annualized Vol,Sharpe Ratio,Max Drawdown,Skewness,Kurtosis,Cornish-Fisher VaR (5%),Historic CVaR (5%)
Mean Return,13.723902579082559,14.445453525781296,0.4708093935436905,-26.571807297083165,-0.6643904874155472,9.747547266556452,0.03112976278458,0.04298190889467803
