,Annualized Return,Annualized Vol,Sharpe Ratio,Max Drawdown,Skewness,Kurtosis,Cornish-Fisher VaR (5%),Historic CVaR (5%)
Mean Return,12.714621825556893,18.23555772595706,0.3192161898603916,-33.16996623884864,-1.132839365245711,9.977766844198692,0.04287949298532292,0.05743363340959603
