,Annualized Return,Annualized Vol,Sharpe Ratio,Max Drawdown,Skewness,Kurtosis,Cornish-Fisher VaR (5%),Historic CVaR (5%)
Mean Return,9.256619945470801,14.616214057800459,0.2090616680500863,-25.788780829880302,-1.5692855057629538,16.719404642991247,0.035178402999644656,0.04707210186547808
