,Annualized Return,Annualized Vol,Sharpe Ratio,Max Drawdown,Skewness,Kurtosis,Cornish-Fisher VaR (5%),Historic CVaR (5%)
Mean Return,2.5335374650021336,18.23105645586906,-0.18306639151642234,-50.32523401982169,-0.1228229783394311,4.635427453756505,0.04197825631354223,0.0578586236656533
