,Annualized Return,Annualized Vol,Sharpe Ratio,Max Drawdown,Skewness,Kurtosis,Cornish-Fisher VaR (5%),Historic CVaR (5%)
Mean Return,15.277702969656005,14.12416903041155,0.5875583320874916,-26.49419487356981,-0.7465242358476364,10.98274021919628,0.030033840273816618,0.04212987728067743
