,Annualized Return,Annualized Vol,Sharpe Ratio,Max Drawdown,Skewness,Kurtosis,Cornish-Fisher VaR (5%),Historic CVaR (5%)
Mean Return,13.380937970280659,14.76901188397584,0.43694123446259814,-32.934412449908656,-1.110202147102107,11.014713933678488,0.03370064449166844,0.045467039155463074
