,Annualized Return,Annualized Vol,Sharpe Ratio,Max Drawdown,Skewness,Kurtosis,Cornish-Fisher VaR (5%),Historic CVaR (5%)
Mean Return,10.373316881466653,15.522539672416654,0.23448652905712197,-34.81486357803119,-1.3365626790450975,13.01576392674233,0.03632627118899084,0.05262066746071801
