,Annualized Return,Annualized Vol,Sharpe Ratio,Max Drawdown,Skewness,Kurtosis,Cornish-Fisher VaR (5%),Historic CVaR (5%)
Mean Return,15.722862309661622,15.431132561843143,0.5639459849730646,-26.501711372146485,-0.7723985472837389,10.850598486924238,0.0331662223834594,0.04619878656781666
