,Annualized Return,Annualized Vol,Sharpe Ratio,Max Drawdown,Skewness,Kurtosis,Cornish-Fisher VaR (5%),Historic CVaR (5%)
Mean Return,10.864100443292424,14.771493237076152,0.27679799140030276,-34.005622743000465,-1.0717083507705094,10.853254849358507,0.034016887037136075,0.04573613846317513
