,Annualized Return,Annualized Vol,Sharpe Ratio,Max Drawdown,Skewness,Kurtosis,Cornish-Fisher VaR (5%),Historic CVaR (5%)
Mean Return,3.986977956777027,13.140934051173705,-0.17985898217759183,-28.999219847172824,-0.8965491827347117,6.403029953662423,0.03212718352419329,0.045230594469521865
