,Annualized Return,Annualized Vol,Sharpe Ratio,Max Drawdown,Skewness,Kurtosis,Cornish-Fisher VaR (5%),Historic CVaR (5%)
Mean Return,3.1187609083353607,17.632026198236336,-0.17442450811344964,-31.61596627050654,-0.7340071807189813,7.503005278314495,0.042312308961843514,0.056396786757600736
