,Annualized Return,Annualized Vol,Sharpe Ratio,Max Drawdown,Skewness,Kurtosis,Cornish-Fisher VaR (5%),Historic CVaR (5%)
Mean Return,13.473280611931472,17.373065013572795,0.37548343999376105,-27.801723480762774,-1.0810992546669342,12.364595017460724,0.03918479203763746,0.049652140102404825
