,Annualized Return,Annualized Vol,Sharpe Ratio,Max Drawdown,Skewness,Kurtosis,Cornish-Fisher VaR (5%),Historic CVaR (5%)
Mean Return,8.908660935473156,15.671584011110298,0.1701573049679609,-30.845969919304107,-1.2131574436951023,9.75395796756416,0.03881592871461135,0.05254854094034679
