,Annualized Return,Annualized Vol,Sharpe Ratio,Max Drawdown,Skewness,Kurtosis,Cornish-Fisher VaR (5%),Historic CVaR (5%)
Mean Return,12.545589483721887,13.74559778895415,0.41841181832305957,-28.80551466989939,-1.0813477595918786,8.11451297642119,0.032634336039854404,0.046336462777154634
