,Annualized Return,Annualized Vol,Sharpe Ratio,Max Drawdown,Skewness,Kurtosis,Cornish-Fisher VaR (5%),Historic CVaR (5%)
Mean Return,11.266603583223777,15.424736451078433,0.2882181967682775,-31.499237106371254,-1.4555022397145976,15.600663888821384,0.03541700650362967,0.047561998907453426
