,Annualized Return,Annualized Vol,Sharpe Ratio,Max Drawdown,Skewness,Kurtosis,Cornish-Fisher VaR (5%),Historic CVaR (5%)
Mean Return,16.286021172647057,15.168738292575929,0.6080211096727324,-26.984724129813003,-0.6340008469830772,7.009025092207746,0.033359688120378976,0.04854163075691785
