,Annualized Return,Annualized Vol,Sharpe Ratio,Max Drawdown,Skewness,Kurtosis,Cornish-Fisher VaR (5%),Historic CVaR (5%)
Mean Return,7.754740997126408,14.482457090863587,0.1141886093099643,-26.67006643610267,-1.3595270646437636,14.212986774639665,0.03517932564250753,0.04734831867172079
