,Annualized Return,Annualized Vol,Skewness,Kurtosis,Cornish-Fisher VaR (5%),Historic CVaR (5%),Sharpe Ratio,Max Drawdown
Mean Return,0.12171581388933261,0.152125733105455,-0.9734241531853918,9.200758242450469,0.035021520931928174,0.049055783178516686,0.3528093206691395,-0.24810048360185422
