,Annualized Return,Annualized Vol,Skewness,Kurtosis,Cornish-Fisher VaR (5%),Historic CVaR (5%),Sharpe Ratio,Max Drawdown
Mean Return,0.09767955334298106,0.1514152864783134,-1.2403314935476208,9.594269908774269,0.03750070836075642,0.05114385296519262,0.22900069087032268,-0.291235145868486
