,Annualized Return,Annualized Vol,Sharpe Ratio,Max Drawdown,Skewness,Kurtosis,Cornish-Fisher VaR (5%),Historic CVaR (5%)
Mean Return,12.04261304451608,15.207093467609873,0.34150174087495316,-33.90128106146684,-1.1366648128445935,10.998184702121613,0.035131045943011995,0.04798018247820727
