,Annualized Return,Annualized Vol,Skewness,Kurtosis,Cornish-Fisher VaR (5%),Historic CVaR (5%),Sharpe Ratio,Max Drawdown
Mean Return,0.09028106628317101,0.2071310244284221,-0.323423179262821,5.2475260325810495,0.0463789200898209,0.06307945438282099,0.11547355703439591,-0.44169132775205544
