,Annualized Return,Annualized Vol,Sharpe Ratio,Max Drawdown,Skewness,Kurtosis,Cornish-Fisher VaR (5%),Historic CVaR (5%)
Mean Return,12.326062910211434,14.91631778536934,0.3648026968300505,-27.567700915745956,-1.5593598707341119,17.34131407328355,0.0337705084229187,0.04481590646909753
