,Annualized Return,Annualized Vol,Sharpe Ratio,Max Drawdown,Skewness,Kurtosis,Cornish-Fisher VaR (5%),Historic CVaR (5%)
Mean Return,9.102219513553123,15.67828756568303,0.16302917238032336,-29.753735603580804,-0.7274710960327985,9.516366312639391,0.03555539945942282,0.05028638838521727
