,Annualized Return,Annualized Vol,Sharpe Ratio,Max Drawdown,Skewness,Kurtosis,Cornish-Fisher VaR (5%),Historic CVaR (5%)
Mean Return,9.95305441251948,16.33559466017492,0.2050421820147118,-34.49940751796255,-0.2609705071545543,7.417125663654522,0.03510471074175965,0.048077175956458135
