,Annualized Return,Annualized Vol,Sharpe Ratio,Max Drawdown,Skewness,Kurtosis,Cornish-Fisher VaR (5%),Historic CVaR (5%)
Mean Return,13.941742159615567,14.488818135483465,0.4839910381105098,-21.793303554111056,-0.48407685036631254,5.847107656018833,0.0318039061542978,0.04480161525620421
