,Annualized Return,Annualized Vol,Sharpe Ratio,Max Drawdown,Skewness,Kurtosis,Cornish-Fisher VaR (5%),Historic CVaR (5%)
Mean Return,9.260369502619902,16.744640205010153,0.1542371232701528,-33.9199818681893,-0.7900258468829953,8.967318694359712,0.03833316811459874,0.05285751210139836
