,Annualized Return,Annualized Vol,Sharpe Ratio,Max Drawdown,Skewness,Kurtosis,Cornish-Fisher VaR (5%),Historic CVaR (5%)
Mean Return,12.300891152419414,14.723983171666166,0.3710290010522597,-24.783560009658416,-0.30247955321765924,4.8031574411231786,0.03208906944122812,0.04480210708689059
