,Annualized Return,Annualized Vol,Skewness,Kurtosis,Cornish-Fisher VaR (5%),Historic CVaR (5%),Sharpe Ratio,Max Drawdown
Mean Return,0.11953303934378812,0.19996703632641832,-0.7154557654990211,7.102337755698869,0.046047989842997405,0.06352940140500704,0.2580803314150977,-0.3030050446504045
