,Annualized Return,Annualized Vol,Sharpe Ratio,Max Drawdown,Skewness,Kurtosis,Cornish-Fisher VaR (5%),Historic CVaR (5%)
Mean Return,13.94054582266575,14.09152255671675,0.4972724658687405,-26.621878071192324,-1.6198083574717879,18.764430597613465,0.031213814331120273,0.04337548042860205
