,Annualized Return,Annualized Vol,Sharpe Ratio,Max Drawdown,Skewness,Kurtosis,Cornish-Fisher VaR (5%),Historic CVaR (5%)
Mean Return,9.825821599403639,16.354059021060536,0.19664773475573644,-40.35698766517869,0.14457356560523008,5.53254753422381,0.03341457198159937,0.0474193451581261
