,Annualized Return,Annualized Vol,Sharpe Ratio,Max Drawdown,Skewness,Kurtosis,Cornish-Fisher VaR (5%),Historic CVaR (5%)
Mean Return,13.382916503287202,15.891273179884188,0.4070920500665868,-32.35963144225876,-1.2951333421120657,13.782162048064997,0.036158022815952505,0.04674188457737614
