,Annualized Return,Annualized Vol,Sharpe Ratio,Max Drawdown,Skewness,Kurtosis,Cornish-Fisher VaR (5%),Historic CVaR (5%)
Mean Return,18.278550383264957,15.171686185437064,0.7320133177612489,-29.308091073752156,-0.8803327244793258,9.491969180441922,0.03329201067832179,0.04807259711962683
