,Annualized Return,Annualized Vol,Sharpe Ratio,Max Drawdown,Skewness,Kurtosis,Cornish-Fisher VaR (5%),Historic CVaR (5%)
Mean Return,15.862964104210286,17.74034380923594,0.4979353643159697,-29.766334388342464,-0.7005464609455382,7.878246484860449,0.03952700138843095,0.05472563779477881
