,Annualized Return,Annualized Vol,Sharpe Ratio,Max Drawdown,Skewness,Kurtosis,Cornish-Fisher VaR (5%),Historic CVaR (5%)
Mean Return,16.66493960268367,14.819153772794822,0.6464143777425442,-27.720225256442305,-0.751122903222875,7.291124419089799,0.03296955037822134,0.047486191871513386
