,Annualized Return,Annualized Vol,Sharpe Ratio,Max Drawdown,Skewness,Kurtosis,Cornish-Fisher VaR (5%),Historic CVaR (5%)
Mean Return,12.271409711449177,13.626538540096883,0.4340834649724991,-31.993902967035925,-1.5909192683045517,13.296620923112778,0.033571693537877624,0.04584468772797148
