,Annualized Return,Annualized Vol,Sharpe Ratio,Max Drawdown,Skewness,Kurtosis,Cornish-Fisher VaR (5%),Historic CVaR (5%)
Mean Return,3.14197812808672,13.76356069939558,-0.229444173874102,-31.39307664787055,-0.8294313695057639,5.925436725305436,0.033694115144970053,0.047926096507152766
