,Annualized Return,Annualized Vol,Sharpe Ratio,Max Drawdown,Skewness,Kurtosis,Cornish-Fisher VaR (5%),Historic CVaR (5%)
Mean Return,9.039667297192189,14.63563065032061,0.19066370116409523,-28.360857733724032,-1.325144151418148,10.528613119694556,0.03635197409113229,0.04988408358995795
