,Annualized Return,Annualized Vol,Sharpe Ratio,Max Drawdown,Skewness,Kurtosis,Cornish-Fisher VaR (5%),Historic CVaR (5%)
Mean Return,8.626420777596188,14.147773465132532,0.14120902994710535,-28.29000469246472,-1.5291875581683343,12.437991263603207,0.03436048913326771,0.046343835225166136
