,Annualized Return,Annualized Vol,Sharpe Ratio,Max Drawdown,Skewness,Kurtosis,Cornish-Fisher VaR (5%),Historic CVaR (5%)
Mean Return,9.032648852140944,18.25323435575068,0.13032583282155266,-38.940124213989726,-0.7427006404355934,7.447517710929889,0.042399787430623725,0.05964163945331763
