,Annualized Return,Annualized Vol,Skewness,Kurtosis,Cornish-Fisher VaR (5%),Historic CVaR (5%),Sharpe Ratio,Max Drawdown
Mean Return,0.057765030007428164,0.19835672024004514,-0.7350799537162044,8.792806230979483,0.04596967033048253,0.06650795510914001,-0.03359265095238713,-0.4620775565551932
