,Annualized Return,Annualized Vol,Sharpe Ratio,Max Drawdown,Skewness,Kurtosis,Cornish-Fisher VaR (5%),Historic CVaR (5%)
Mean Return,10.62787269806853,14.46141501835903,0.2731020302766249,-28.102238613253416,-0.7764733150899383,8.937562020641769,0.032902819065219885,0.04780319541824682
