,Annualized Return,Annualized Vol,Sharpe Ratio,Max Drawdown,Skewness,Kurtosis,Cornish-Fisher VaR (5%),Historic CVaR (5%)
Mean Return,14.127354531447246,14.112233007332255,0.5060859332170788,-26.002387550174337,-1.2747486979067746,15.996408112679966,0.030788764481435867,0.04120732631651207
