,Annualized Return,Annualized Vol,Sharpe Ratio,Max Drawdown,Skewness,Kurtosis,Cornish-Fisher VaR (5%),Historic CVaR (5%)
Mean Return,13.256756115373536,19.604229420085442,0.3257929428641225,-37.00845739031998,0.5430215805306967,13.873429653025836,0.03158113801004745,0.05861249296825419
