,Annualized Return,Annualized Vol,Sharpe Ratio,Max Drawdown,Skewness,Kurtosis,Cornish-Fisher VaR (5%),Historic CVaR (5%)
Mean Return,5.702902852121827,18.899384982382532,-0.03784959760170855,-41.248421285551565,0.6932737591315228,7.872062607668628,0.03368483253807865,0.05183399929379859
