,Annualized Return,Annualized Vol,Sharpe Ratio,Max Drawdown,Skewness,Kurtosis,Cornish-Fisher VaR (5%),Historic CVaR (5%)
Mean Return,17.44998886728166,15.377157601728394,0.6718707867366035,-26.063104676235067,-0.8571407153903401,10.913253268714966,0.03317623007479811,0.048816011792270485
