,Annualized Return,Annualized Vol,Sharpe Ratio,Max Drawdown,Skewness,Kurtosis,Cornish-Fisher VaR (5%),Historic CVaR (5%)
Mean Return,14.613811081847516,13.676895224035079,0.5584543010741607,-26.622149498797658,-1.4649925541008,17.481229449163845,0.029947528154150627,0.041125206448930814
