,Annualized Return,Annualized Vol,Sharpe Ratio,Max Drawdown,Skewness,Kurtosis,Cornish-Fisher VaR (5%),Historic CVaR (5%)
Mean Return,11.8281969245281,15.329434548270088,0.3307260591291999,-33.67895007591891,-1.0553403761660203,7.903965519533271,0.036721410417506546,0.051748889689811596
