,Annualized Return,Annualized Vol,Sharpe Ratio,Max Drawdown,Skewness,Kurtosis,Cornish-Fisher VaR (5%),Historic CVaR (5%)
Mean Return,1.0021709538185153,16.46882573238769,-0.3088940741971962,-40.3052911912972,-0.5615729393623573,5.024923061854814,0.0400150970086161,0.05662533880070286
