,Annualized Return,Annualized Vol,Sharpe Ratio,Max Drawdown,Skewness,Kurtosis,Cornish-Fisher VaR (5%),Historic CVaR (5%)
Mean Return,9.011922914562875,14.96133815983382,0.15774372039078058,-26.67006643610267,-1.372409817301164,14.35795488711325,0.03480168806952551,0.04734831867172079
