,Annualized Return,Annualized Vol,Sharpe Ratio,Max Drawdown,Skewness,Kurtosis,Cornish-Fisher VaR (5%),Historic CVaR (5%)
Mean Return,9.858445763114432,16.36646061809632,0.19473004489510873,-35.50896050549448,0.11154373535460779,6.52282851485921,0.032876155222327466,0.047528217807020955
