,Annualized Return,Annualized Vol,Sharpe Ratio,Max Drawdown,Skewness,Kurtosis,Cornish-Fisher VaR (5%),Historic CVaR (5%)
Mean Return,8.789656316234119,13.88445053504256,0.16565880325622626,-25.63544592339431,-0.5879191464721721,6.431713160280074,0.031862043391841934,0.04522772931122465
