,Annualized Return,Annualized Vol,Sharpe Ratio,Max Drawdown,Skewness,Kurtosis,Cornish-Fisher VaR (5%),Historic CVaR (5%)
Mean Return,13.161896031760412,14.159775597656491,0.44316815817411465,-26.823935527501085,-1.6015416597576222,18.561470588470453,0.03150887925492583,0.043920357676681857
