,Annualized Return,Annualized Vol,Sharpe Ratio,Max Drawdown,Skewness,Kurtosis,Cornish-Fisher VaR (5%),Historic CVaR (5%)
Mean Return,11.72294000952403,13.66828316038578,0.40327550977449245,-28.758235554661166,-0.9775278651488786,9.946571338705326,0.03260104494333194,0.04441565913085076
