,Annualized Return,Annualized Vol,Sharpe Ratio,Max Drawdown,Skewness,Kurtosis,Cornish-Fisher VaR (5%),Historic CVaR (5%)
Mean Return,12.17581349075707,15.001497897994467,0.3566449642529058,-27.76635457187898,-1.209864424862462,11.9802617689731,0.03455027354388729,0.047380308866970484
