,Annualized Return,Annualized Vol,Sharpe Ratio,Max Drawdown,Skewness,Kurtosis,Cornish-Fisher VaR (5%),Historic CVaR (5%)
Mean Return,17.117733131023694,15.305936519744304,0.6531508576901033,-30.104119801035058,-1.492466107763719,15.811399434223105,0.034217480320553814,0.048768522394398335
