,Annualized Return,Annualized Vol,Sharpe Ratio,Max Drawdown,Skewness,Kurtosis,Cornish-Fisher VaR (5%),Historic CVaR (5%)
Mean Return,10.00449419934153,18.229470280501612,0.18061683850285973,-34.58221964502355,-0.3656549197239733,7.485024647933925,0.03964641733271162,0.05320035721923021
