,Annualized Return,Annualized Vol,Sharpe Ratio,Max Drawdown,Skewness,Kurtosis,Cornish-Fisher VaR (5%),Historic CVaR (5%)
Mean Return,15.369854564254727,16.29140867877567,0.5105453488184777,-24.23826199738086,-0.20662946158234646,8.234586166272818,0.0330306465613196,0.045147188521545076
