,Annualized Return,Annualized Vol,Sharpe Ratio,Max Drawdown,Skewness,Kurtosis,Cornish-Fisher VaR (5%),Historic CVaR (5%)
Mean Return,7.495948995747259,18.757610205935922,0.05143626514054708,-34.773064121276015,-0.15691877717990677,6.10150532916223,0.04051878367098838,0.05824765721606099
