,Annualized Return,Annualized Vol,Sharpe Ratio,Max Drawdown,Skewness,Kurtosis,Cornish-Fisher VaR (5%),Historic CVaR (5%)
Mean Return,6.392815129787355,13.533059166705588,0.03490367782157834,-29.444157586221927,-0.6040774788946267,7.9353411064208625,0.03221975123387559,0.048496616830746395
