,Annualized Return,Annualized Vol,Sharpe Ratio,Max Drawdown,Skewness,Kurtosis,Cornish-Fisher VaR (5%),Historic CVaR (5%)
Mean Return,17.145027899563537,15.782298644207104,0.6364537295239561,-23.006716478525796,0.023366111265815788,8.884410095145585,0.02990546832422393,0.046694145834624334
