,Annualized Return,Annualized Vol,Sharpe Ratio,Max Drawdown,Skewness,Kurtosis,Cornish-Fisher VaR (5%),Historic CVaR (5%)
Mean Return,12.50420627509856,17.009936624485945,0.3304779247353475,-28.5092595419593,-0.7947923925954196,11.10869440023079,0.03741445821114704,0.048719527254966574
