,Annualized Return,Annualized Vol,Sharpe Ratio,Max Drawdown,Skewness,Kurtosis,Cornish-Fisher VaR (5%),Historic CVaR (5%)
Mean Return,13.856558035652021,13.92127033111488,0.4980509596899102,-26.402370684519344,-1.1228943894051744,9.414521248184862,0.03221800575475895,0.04491361418914807
