,Annualized Return,Annualized Vol,Skewness,Kurtosis,Cornish-Fisher VaR (5%),Historic CVaR (5%),Sharpe Ratio,Max Drawdown
Mean Return,-0.043929625267774886,0.19423700624204038,-0.7782775382687639,5.9818479152970205,0.0492424835581758,0.06804108923593474,-0.524282980599468,-0.599198290873705
