,Annualized Return,Annualized Vol,Sharpe Ratio,Max Drawdown,Skewness,Kurtosis,Cornish-Fisher VaR (5%),Historic CVaR (5%)
Mean Return,9.631080273400872,15.817333881832912,0.18418236298148766,-48.16674773339909,-1.9172372316456894,17.681451690224346,0.03796680552974805,0.0511835750706942
