,Annualized Return,Annualized Vol,Sharpe Ratio,Max Drawdown,Skewness,Kurtosis,Cornish-Fisher VaR (5%),Historic CVaR (5%)
Mean Return,14.17599264474938,14.51770335855797,0.4977454245285655,-29.1522597472082,-0.7767154415213893,11.252176427829921,0.03119018568280263,0.04381694680920722
