,Annualized Return,Annualized Vol,Sharpe Ratio,Max Drawdown,Skewness,Kurtosis,Cornish-Fisher VaR (5%),Historic CVaR (5%)
Mean Return,17.849973981273926,13.525482375802964,0.7900690041649768,-25.82059387834081,-1.126839784261739,9.656639111944356,0.03050373133690188,0.04300198803555966
