,Annualized Return,Annualized Vol,Sharpe Ratio,Max Drawdown,Skewness,Kurtosis,Cornish-Fisher VaR (5%),Historic CVaR (5%)
Mean Return,10.959195710586078,14.567988454994415,0.28767312782236243,-29.68212896955542,-1.4305358544220057,14.929874990743178,0.033550363274278995,0.044493170283404083
