,Annualized Return,Annualized Vol,Sharpe Ratio,Max Drawdown,Skewness,Kurtosis,Cornish-Fisher VaR (5%),Historic CVaR (5%)
Mean Return,7.934969839358419,14.88018964229827,0.11767072587483922,-29.192054175156372,-1.0630854326957435,9.667294728774788,0.03624031168518697,0.04784259101678753
