,Annualized Return,Annualized Vol,Skewness,Kurtosis,Cornish-Fisher VaR (5%),Historic CVaR (5%),Sharpe Ratio,Max Drawdown
Mean Return,0.0102789766352549,0.18037399257652692,-0.810858880031443,7.839434309236898,0.04534036166725029,0.05862900883715755,-0.26059036325837986,-0.38310739551747747
