,Annualized Return,Annualized Vol,Sharpe Ratio,Max Drawdown,Skewness,Kurtosis,Cornish-Fisher VaR (5%),Historic CVaR (5%)
Mean Return,12.951380338890983,16.232516280553252,0.37552419016145233,-29.030765301452348,-0.6632459845905351,10.661197374062944,0.034947046088552015,0.05019890877484554
