,Annualized Return,Annualized Vol,Skewness,Kurtosis,Cornish-Fisher VaR (5%),Historic CVaR (5%),Sharpe Ratio,Max Drawdown
Mean Return,0.0748994010984445,0.14650525361030256,-0.7782031736295019,6.048650321440022,0.035121932372975596,0.049242318430817555,0.06792233074844575,-0.2534522539790363
