,Annualized Return,Annualized Vol,Sharpe Ratio,Max Drawdown,Skewness,Kurtosis,Cornish-Fisher VaR (5%),Historic CVaR (5%)
Mean Return,12.639219018925152,14.345400472892504,0.4001901449034653,-28.268120798089885,-1.3764564775173282,15.463742537492886,0.032273036481235154,0.04274693212541766
