,Annualized Return,Annualized Vol,Sharpe Ratio,Max Drawdown,Skewness,Kurtosis,Cornish-Fisher VaR (5%),Historic CVaR (5%)
Mean Return,11.600545711173105,13.871828545020387,0.3529866347853528,-25.64028379220681,0.17319551156392887,5.348293710678204,0.027694911684072447,0.03858567499656744
