,Annualized Return,Annualized Vol,Sharpe Ratio,Max Drawdown,Skewness,Kurtosis,Cornish-Fisher VaR (5%),Historic CVaR (5%)
Mean Return,12.024671759881178,14.637612557109192,0.3617668545618847,-27.37793506099685,-0.9613650028290656,9.89033785871013,0.03362941084699474,0.04648582106275449
