,Annualized Return,Annualized Vol,Sharpe Ratio,Max Drawdown,Skewness,Kurtosis,Cornish-Fisher VaR (5%),Historic CVaR (5%)
Mean Return,11.277057439169468,14.553314729433243,0.307623986071391,-31.517846263731546,-1.1543900737038844,11.589161035185512,0.03352131664871256,0.04516430247566005
