,Annualized Return,Annualized Vol,Sharpe Ratio,Max Drawdown,Skewness,Kurtosis,Cornish-Fisher VaR (5%),Historic CVaR (5%)
Mean Return,8.70583155422635,12.49758527429348,0.17756518263934756,-23.788291500041044,-0.6693849428369331,5.567204519319434,0.029237390113412656,0.04220344145217128
