,Annualized Return,Annualized Vol,Sharpe Ratio,Max Drawdown,Skewness,Kurtosis,Cornish-Fisher VaR (5%),Historic CVaR (5%)
Mean Return,15.464682090977732,14.703058363628116,0.5756960969134037,-26.659093449929617,-0.7313264719648174,9.488179356094435,0.0318596754458294,0.04583673891698758
