,Annualized Return,Annualized Vol,Sharpe Ratio,Max Drawdown,Skewness,Kurtosis,Cornish-Fisher VaR (5%),Historic CVaR (5%)
Mean Return,9.87045942384488,13.40284820837134,0.27260861240829376,-24.59832113135178,-1.092615594156635,13.274210565183697,0.0312056498303917,0.04147125439226653
