,Annualized Return,Annualized Vol,Sharpe Ratio,Max Drawdown,Skewness,Kurtosis,Cornish-Fisher VaR (5%),Historic CVaR (5%)
Mean Return,11.436515164939198,15.473227618197033,0.30094262876214467,-28.844695312494355,-0.854250767666681,11.556235881462554,0.034135661602111136,0.047755539033123545
