,Annualized Return,Annualized Vol,Sharpe Ratio,Max Drawdown,Skewness,Kurtosis,Cornish-Fisher VaR (5%),Historic CVaR (5%)
Mean Return,11.939438482800568,15.585852132062106,0.32677193838380153,-28.88814597874757,-1.4972810242395649,14.327280626014067,0.036440211213830814,0.04909160131893816
