,Annualized Return,Annualized Vol,Sharpe Ratio,Max Drawdown,Skewness,Kurtosis,Cornish-Fisher VaR (5%),Historic CVaR (5%)
Mean Return,12.761319110440406,14.78999319602947,0.3969392475919713,-32.5927714870555,-1.0160189646632347,10.028872128723975,0.03379350064854313,0.04608491691220887
