,Annualized Return,Annualized Vol,Sharpe Ratio,Max Drawdown,Skewness,Kurtosis,Cornish-Fisher VaR (5%),Historic CVaR (5%)
Mean Return,10.030627100394529,15.539194452515861,0.24474688760815963,-26.345449300521995,-1.4214632889639798,14.62094996002575,0.037543999159393784,0.05132017605528616
