,Annualized Return,Annualized Vol,Sharpe Ratio,Max Drawdown,Skewness,Kurtosis,Cornish-Fisher VaR (5%),Historic CVaR (5%)
Mean Return,13.137999939146528,15.667159975378562,0.399401360842838,-31.39440501461271,-0.8738371180347282,9.03279751873996,0.03550264473221261,0.051609700084668274
