,Annualized Return,Annualized Vol,Sharpe Ratio,Max Drawdown,Skewness,Kurtosis,Cornish-Fisher VaR (5%),Historic CVaR (5%)
Mean Return,9.340616450329264,13.970220196841293,0.2010153710334281,-21.550193936605474,-0.5015794574525794,6.764988901156705,0.03139320968371703,0.04243139264395453
