,Annualized Return,Annualized Vol,Sharpe Ratio,Max Drawdown,Skewness,Kurtosis,Cornish-Fisher VaR (5%),Historic CVaR (5%)
Mean Return,9.509966234734701,18.058110382333144,0.15812693876729858,-32.1946254532226,-0.04721588459208697,7.329795960968359,0.03722595479911804,0.056148836832330934
