,Annualized Return,Annualized Vol,Sharpe Ratio,Max Drawdown,Skewness,Kurtosis,Cornish-Fisher VaR (5%),Historic CVaR (5%)
Mean Return,15.430182486221945,15.412123947583318,0.546782044396803,-26.501711372146485,-0.7782347156235394,10.87696596026436,0.033191640980071435,0.04619878656781666
