,Annualized Return,Annualized Vol,Sharpe Ratio,Max Drawdown,Skewness,Kurtosis,Cornish-Fisher VaR (5%),Historic CVaR (5%)
Mean Return,10.308292509674999,15.478100338413627,0.23364979453212156,-33.20987094897426,-0.13782604758114833,7.147981110025884,0.03217916485920447,0.04688733323302122
