,Annualized Return,Annualized Vol,Sharpe Ratio,Max Drawdown,Skewness,Kurtosis,Cornish-Fisher VaR (5%),Historic CVaR (5%)
Mean Return,8.38324976035365,14.360684504199625,0.12319496940520847,-27.878725781263032,-1.0722105761592848,7.843244440128817,0.0346507688905181,0.04973937904777698
