,Annualized Return,Annualized Vol,Sharpe Ratio,Max Drawdown,Skewness,Kurtosis,Cornish-Fisher VaR (5%),Historic CVaR (5%)
Mean Return,16.158038128141182,16.15595554627428,0.5630216499237003,-27.540538199939423,-0.7666011336077132,9.93574493268071,0.03515565263788321,0.051559881711181435
