,Annualized Return,Annualized Vol,Sharpe Ratio,Max Drawdown,Skewness,Kurtosis,Cornish-Fisher VaR (5%),Historic CVaR (5%)
Mean Return,9.716615946678742,14.570130069395972,0.2355943515010455,-29.092511318493496,-1.153359089120215,9.797584794208461,0.03552119628640654,0.048170707329977795
