,Annualized Return,Annualized Vol,Sharpe Ratio,Max Drawdown,Skewness,Kurtosis,Cornish-Fisher VaR (5%),Historic CVaR (5%)
Mean Return,7.819252356479445,14.507831778298632,0.0946428646247345,-30.671127815698423,-0.4392280710964534,5.828990920743396,0.03298480834893643,0.046260603168642285
