,Annualized Return,Annualized Vol,Skewness,Kurtosis,Cornish-Fisher VaR (5%),Historic CVaR (5%),Sharpe Ratio,Max Drawdown
Mean Return,0.06549296683488293,0.2122553896222538,-0.3632054319384469,5.597334420176858,0.04811033985293215,0.06613311778150442,0.0028717635345099865,-0.4797685465577373
