,Annualized Return,Annualized Vol,Sharpe Ratio,Max Drawdown,Skewness,Kurtosis,Cornish-Fisher VaR (5%),Historic CVaR (5%)
Mean Return,16.899532564625687,15.62571795550477,0.6266480377913111,-32.14276358684211,-1.5828951741114536,18.055640966923963,0.03448972554949659,0.0499174783949179
