,Annualized Return,Annualized Vol,Sharpe Ratio,Max Drawdown,Skewness,Kurtosis,Cornish-Fisher VaR (5%),Historic CVaR (5%)
Mean Return,13.151800662744595,13.078872999394742,0.48674786977927653,-21.901472921802505,-0.5688913880490362,4.960485342064337,0.02962175116430067,0.041032739831955434
