,Annualized Return,Annualized Vol,Sharpe Ratio,Max Drawdown,Skewness,Kurtosis,Cornish-Fisher VaR (5%),Historic CVaR (5%)
Mean Return,6.653265548104681,16.130886681804242,0.032965170162180944,-30.56628986307091,-1.3367102096639993,10.136066814840175,0.04091875647128011,0.054071070617064676
