,Annualized Return,Annualized Vol,Sharpe Ratio,Max Drawdown,Skewness,Kurtosis,Cornish-Fisher VaR (5%),Historic CVaR (5%)
Mean Return,11.672795751974041,15.983810735135693,0.3112686510233387,-29.184968986632487,-0.6907967036248025,9.016538874999735,0.03583462171394179,0.05150041152346003
