,Annualized Return,Annualized Vol,Sharpe Ratio,Max Drawdown,Skewness,Kurtosis,Cornish-Fisher VaR (5%),Historic CVaR (5%)
Mean Return,11.807216498252583,13.858717851048418,0.3666205180968296,-25.64028379220686,0.1524910482758834,5.479598805276815,0.027697528642385092,0.03897140718895615
