,Annualized Return,Annualized Vol,Skewness,Kurtosis,Cornish-Fisher VaR (5%),Historic CVaR (5%),Sharpe Ratio,Max Drawdown
Mean Return,0.10374146876219137,0.1507370863479634,-1.4145850198646697,10.15680506554751,0.036796910592625916,0.05068559359970252,0.24392250180742395,-0.25685216621687446
