,Annualized Return,Annualized Vol,Sharpe Ratio,Max Drawdown,Skewness,Kurtosis,Cornish-Fisher VaR (5%),Historic CVaR (5%)
Mean Return,14.305599980461814,14.253388238793049,0.512597282978151,-26.115695787547317,-1.606108954806227,18.982467606974524,0.03140226576011493,0.04177943676997771
