,Annualized Return,Annualized Vol,Sharpe Ratio,Max Drawdown,Skewness,Kurtosis,Cornish-Fisher VaR (5%),Historic CVaR (5%)
Mean Return,12.439623671309107,14.208754476411928,0.39717824193890827,-27.932861232534034,-1.2139280015605187,8.424972394362754,0.03399020166238897,0.049566408022239265
