,Annualized Return,Annualized Vol,Sharpe Ratio,Max Drawdown,Skewness,Kurtosis,Cornish-Fisher VaR (5%),Historic CVaR (5%)
Mean Return,13.723812575493334,13.669443156614957,0.5018206133705255,-28.302874662440708,-0.7163761600419144,7.860314237442753,0.030604813299375724,0.04417324716801555
