,Annualized Return,Annualized Vol,Sharpe Ratio,Max Drawdown,Skewness,Kurtosis,Cornish-Fisher VaR (5%),Historic CVaR (5%)
Mean Return,13.105061818402497,15.396895044700386,0.40440409456692455,-30.61422365079125,-0.9017998282738409,9.110570431136686,0.034974864023704935,0.05106183240564957
