,Annualized Return,Annualized Vol,Sharpe Ratio,Max Drawdown,Skewness,Kurtosis,Cornish-Fisher VaR (5%),Historic CVaR (5%)
Mean Return,12.825600540758519,15.095182014225895,0.39190769990362323,-32.58877407370355,-1.3071283302359955,15.041211472079738,0.03387553034149209,0.04577384661579432
