,Annualized Return,Annualized Vol,Sharpe Ratio,Max Drawdown,Skewness,Kurtosis,Cornish-Fisher VaR (5%),Historic CVaR (5%)
Mean Return,11.905401172465302,14.108571214611437,0.3580253406667304,-27.98959702547646,-1.3662155909760736,15.075089507146819,0.03193805999782052,0.04239293864390158
