,Annualized Return,Annualized Vol,Sharpe Ratio,Max Drawdown,Skewness,Kurtosis,Cornish-Fisher VaR (5%),Historic CVaR (5%)
Mean Return,12.463797801083643,16.053516348715668,0.35558422902217784,-28.37255793504022,-0.6317214443126333,8.852858455918929,0.03558684889261221,0.048873901193984604
