,Annualized Return,Annualized Vol,Sharpe Ratio,Max Drawdown,Skewness,Kurtosis,Cornish-Fisher VaR (5%),Historic CVaR (5%)
Mean Return,11.999726213873352,17.069170820251934,0.30279832529659695,-28.296902258080337,-1.5822207570211055,13.674926193450538,0.04085289649743716,0.056358550435365466
