,Annualized Return,Annualized Vol,Sharpe Ratio,Max Drawdown,Skewness,Kurtosis,Cornish-Fisher VaR (5%),Historic CVaR (5%)
Mean Return,11.658398144376525,17.140175337353618,0.2809997016253849,-29.543873240324782,-0.5143294014320235,10.488955151894988,0.0364335186587769,0.04914582137251694
