,Annualized Return,Annualized Vol,Sharpe Ratio,Max Drawdown,Skewness,Kurtosis,Cornish-Fisher VaR (5%),Historic CVaR (5%)
Mean Return,11.480664055006006,15.229128170767881,0.3056942619146631,-33.23063421971406,-1.3038551410644592,14.40958817487305,0.03468123546623099,0.04598633724052421
