,Annualized Return,Annualized Vol,Sharpe Ratio,Max Drawdown,Skewness,Kurtosis,Cornish-Fisher VaR (5%),Historic CVaR (5%)
Mean Return,15.591600180247767,14.227390846137611,0.6015152515276777,-25.9776794317584,-0.6813126627412317,9.63132733847164,0.030441367468664653,0.042472125937255634
