,Annualized Return,Annualized Vol,Sharpe Ratio,Max Drawdown,Skewness,Kurtosis,Cornish-Fisher VaR (5%),Historic CVaR (5%)
Mean Return,8.396073487432542,15.735762524881949,0.12019962664967092,-28.99532471703157,-0.6182470474541061,9.511101034718344,0.03519844784198132,0.05024510835654417
