,Annualized Return,Annualized Vol,Sharpe Ratio,Max Drawdown,Skewness,Kurtosis,Cornish-Fisher VaR (5%),Historic CVaR (5%)
Mean Return,13.360414842628199,18.29592258052574,0.3505100507958031,-27.78582298773953,-1.0831668179572502,10.633590496825493,0.04229016982628873,0.054659900661780246
