,Annualized Return,Annualized Vol,Skewness,Kurtosis,Cornish-Fisher VaR (5%),Historic CVaR (5%),Sharpe Ratio,Max Drawdown
Mean Return,0.08777196904005535,0.15079636991783135,-1.2257036424268364,9.575607776230028,0.03745983862537659,0.05026761908343493,0.1679361649544903,-0.2702092820410818
