,Annualized Return,Annualized Vol,Sharpe Ratio,Max Drawdown,Skewness,Kurtosis,Cornish-Fisher VaR (5%),Historic CVaR (5%)
Mean Return,10.908852589875906,15.82901581889551,0.2656473539765513,-28.5847137058424,-0.5641129330221913,8.34577030044455,0.03518532985585856,0.05007213207756604
