,Annualized Return,Annualized Vol,Sharpe Ratio,Max Drawdown,Skewness,Kurtosis,Cornish-Fisher VaR (5%),Historic CVaR (5%)
Mean Return,12.813804260625062,15.514933090222321,0.38146677560622383,-27.09279834757863,-1.471978836129951,17.051017936762744,0.034819397349799365,0.0452853842646348
