,Annualized Return,Annualized Vol,Sharpe Ratio,Max Drawdown,Skewness,Kurtosis,Cornish-Fisher VaR (5%),Historic CVaR (5%)
Mean Return,11.213938918669708,13.938407985831175,0.3178602185365799,-23.311440123218958,-0.7150466496456894,5.130230575340411,0.032426338136411534,0.04626048295250855
