,Annualized Return,Annualized Vol,Sharpe Ratio,Max Drawdown,Skewness,Kurtosis,Cornish-Fisher VaR (5%),Historic CVaR (5%)
Mean Return,11.455443223036044,13.661735174388564,0.37702407503168966,-26.203975211109228,-1.295089228366349,14.916814024129955,0.03184555598395459,0.04204011341573434
