,Annualized Return,Annualized Vol,Sharpe Ratio,Max Drawdown,Skewness,Kurtosis,Cornish-Fisher VaR (5%),Historic CVaR (5%)
Mean Return,11.998807200063233,15.40756542621294,0.3354243763244583,-26.52396392368404,-0.7072035013521366,6.90751890209039,0.035091141378238835,0.05004701454451873
