,Annualized Return,Annualized Vol,Sharpe Ratio,Max Drawdown,Skewness,Kurtosis,Cornish-Fisher VaR (5%),Historic CVaR (5%)
Mean Return,8.519637622076504,12.608638902405506,0.16288462865506134,-28.1609347676027,-1.0633010694225262,7.964539668595128,0.030423355262390588,0.0444990103198172
