,Annualized Return,Annualized Vol,Sharpe Ratio,Max Drawdown,Skewness,Kurtosis,Cornish-Fisher VaR (5%),Historic CVaR (5%)
Mean Return,11.172928575862695,18.138519916140673,0.24549181587879645,-31.457059281739113,-0.2252929560588868,7.661753391578734,0.038560648189436705,0.055245721422075095
