,Annualized Return,Annualized Vol,Sharpe Ratio,Max Drawdown,Skewness,Kurtosis,Cornish-Fisher VaR (5%),Historic CVaR (5%)
Mean Return,8.573698661618767,18.60788385541519,0.1259497986184363,-35.00221730553933,-0.7347291208942673,6.948592143223584,0.04478047340108171,0.06014218672052588
