,Annualized Return,Annualized Vol,Sharpe Ratio,Max Drawdown,Skewness,Kurtosis,Cornish-Fisher VaR (5%),Historic CVaR (5%)
Mean Return,8.736658474587955,14.311197393760608,0.1804005665237688,-26.67006643610267,-1.3859177124300817,14.477763206498748,0.03457670324342541,0.04734831867172079
