,Annualized Return,Annualized Vol,Sharpe Ratio,Max Drawdown,Skewness,Kurtosis,Cornish-Fisher VaR (5%),Historic CVaR (5%)
Mean Return,11.153881725060133,17.812630789638458,0.24871065570751166,-32.17560471374454,-0.9329160063566911,7.600355058591996,0.042073087247669595,0.06160475224730494
