,Annualized Return,Annualized Vol,Sharpe Ratio,Max Drawdown,Skewness,Kurtosis,Cornish-Fisher VaR (5%),Historic CVaR (5%)
Mean Return,10.125507763050212,15.894751713720712,0.2164499091465078,-32.16002002206478,-0.9378273788191546,11.524157455118715,0.0358149419726074,0.04895938463484649
