,Annualized Return,Annualized Vol,Sharpe Ratio,Max Drawdown,Skewness,Kurtosis,Cornish-Fisher VaR (5%),Historic CVaR (5%)
Mean Return,14.169912709362077,15.207971384426328,0.4761881453154169,-29.313750287377232,-0.7203561720810924,9.553908002069708,0.0331957283821065,0.04420396822421117
