,Annualized Return,Annualized Vol,Sharpe Ratio,Max Drawdown,Skewness,Kurtosis,Cornish-Fisher VaR (5%),Historic CVaR (5%)
Mean Return,15.158465202437355,13.829597148168785,0.5936146551146643,-30.505936902411623,-1.0580344810186992,8.087947355749026,0.03230001466091216,0.045976241197959906
