,Annualized Return,Annualized Vol,Sharpe Ratio,Max Drawdown,Skewness,Kurtosis,Cornish-Fisher VaR (5%),Historic CVaR (5%)
Mean Return,9.016206085190802,13.644883158572174,0.21613135555296034,-32.20461012041638,-1.0825942399540978,8.585334362023474,0.0341228985800473,0.04731872595918442
