,Annualized Return,Annualized Vol,Sharpe Ratio,Max Drawdown,Skewness,Kurtosis,Cornish-Fisher VaR (5%),Historic CVaR (5%)
Mean Return,3.170886015705343,15.18165164170374,-0.16978963474516487,-44.91520568897125,-0.6163479638267858,5.946669543170971,0.037889200141944655,0.051661362636814985
