,Annualized Return,Annualized Vol,Sharpe Ratio,Max Drawdown,Skewness,Kurtosis,Cornish-Fisher VaR (5%),Historic CVaR (5%)
Mean Return,11.372708677043942,14.332532539763024,0.3170738831100074,-30.439654876327715,-1.134103462481574,10.61407456372915,0.03325613894478744,0.04675272763922761
