,Annualized Return,Annualized Vol,Sharpe Ratio,Max Drawdown,Skewness,Kurtosis,Cornish-Fisher VaR (5%),Historic CVaR (5%)
Mean Return,10.015217702026757,15.749478594097738,0.20766568338400462,-34.73179044190109,-1.3802230211208275,14.146815589860669,0.036679614460239464,0.05035918081594444
