,Annualized Return,Annualized Vol,Sharpe Ratio,Max Drawdown,Skewness,Kurtosis,Cornish-Fisher VaR (5%),Historic CVaR (5%)
Mean Return,14.073515177751549,13.740986457850035,0.5226957801627433,-27.932861232534034,-1.2515705103582604,8.981159700525607,0.032816731398570394,0.046673839861456456
