,Annualized Return,Annualized Vol,Sharpe Ratio,Max Drawdown,Skewness,Kurtosis,Cornish-Fisher VaR (5%),Historic CVaR (5%)
Mean Return,8.061632244581919,17.85363708145066,0.10439083357133176,-38.940124213989726,-0.7367351009723739,7.365223391152782,0.04280807215345322,0.060872545633745334
