,Annualized Return,Annualized Vol,Sharpe Ratio,Max Drawdown,Skewness,Kurtosis,Cornish-Fisher VaR (5%),Historic CVaR (5%)
Mean Return,10.935126751737755,14.757561194079061,0.2824439318479304,-30.785128514448722,-0.8172460880859742,7.971713970037247,0.033850267254418295,0.04667439609019364
