,Annualized Return,Annualized Vol,Sharpe Ratio,Max Drawdown,Skewness,Kurtosis,Cornish-Fisher VaR (5%),Historic CVaR (5%)
Mean Return,14.835111255927425,14.648085277399215,0.5327569476553832,-26.34323623519139,-1.3591593721880584,17.194058189948315,0.0318361238747563,0.04326888998438291
