,Annualized Return,Annualized Vol,Sharpe Ratio,Max Drawdown,Skewness,Kurtosis,Cornish-Fisher VaR (5%),Historic CVaR (5%)
Mean Return,12.97368115476647,14.901454579742646,0.4093859963667132,-26.9515751547812,-1.5004167659645056,13.03574991799548,0.03512852109533745,0.049397642755620794
