,Annualized Return,Annualized Vol,Sharpe Ratio,Max Drawdown,Skewness,Kurtosis,Cornish-Fisher VaR (5%),Historic CVaR (5%)
Mean Return,7.331333627289416,13.39789946659261,0.1014894433050398,-30.77172700012596,-0.6992821625841996,8.32648280235852,0.03202933281117999,0.0476227619119754
