,Annualized Return,Annualized Vol,Sharpe Ratio,Max Drawdown,Skewness,Kurtosis,Cornish-Fisher VaR (5%),Historic CVaR (5%)
Mean Return,10.570998185274515,15.17531091075969,0.25322268839579104,-31.547838005205502,-1.6808262185054026,18.094786102346657,0.03492801169361029,0.04691545961325567
