,Annualized Return,Annualized Vol,Sharpe Ratio,Max Drawdown,Skewness,Kurtosis,Cornish-Fisher VaR (5%),Historic CVaR (5%)
Mean Return,13.26944255972875,14.74411153530063,0.43154560893749666,-26.80368414514438,-1.5179343992190113,17.94781831900437,0.03274342460551566,0.0444800717532169
