,Annualized Return,Annualized Vol,Skewness,Kurtosis,Cornish-Fisher VaR (5%),Historic CVaR (5%),Sharpe Ratio,Max Drawdown
Mean Return,0.09504558668273755,0.17824839438352308,-0.8801731911029989,11.816674398860473,0.03998291464387058,0.05766778728468328,0.15647695715372373,-0.3427144651168674
