,Annualized Return,Annualized Vol,Sharpe Ratio,Max Drawdown,Skewness,Kurtosis,Cornish-Fisher VaR (5%),Historic CVaR (5%)
Mean Return,20.92192819119838,26.877219253632546,0.5033567783356006,-52.11403282101848,-0.7905414188932463,5.254441193227662,0.06313668446317493,0.09086360253627257
