,Annualized Return,Annualized Vol,Sharpe Ratio,Max Drawdown,Skewness,Kurtosis,Cornish-Fisher VaR (5%),Historic CVaR (5%)
Mean Return,29.57418781563095,30.451742395671204,0.7134173563558673,-63.50049293492134,-0.46301436841822163,4.622623454204017,0.06745835966662596,0.09495173715712173
