,Annualized Return,Annualized Vol,Sharpe Ratio,Max Drawdown,Skewness,Kurtosis,Cornish-Fisher VaR (5%),Historic CVaR (5%)
Mean Return,11.810563202343328,27.517447088184255,0.1870972445654386,-65.25239844218417,-0.5186169872857402,4.724474939398363,0.06451079863361445,0.0922275489999449
