,Annualized Return,Annualized Vol,Sharpe Ratio,Max Drawdown,Skewness,Kurtosis,Cornish-Fisher VaR (5%),Historic CVaR (5%)
Mean Return,5.0600662917956285,35.655704738546575,-0.037699745942754874,-72.93988088576943,-0.03874521834252194,4.482580050060494,0.07810705988910097,0.10594997699177781
