,Annualized Return,Annualized Vol,Sharpe Ratio,Max Drawdown,Skewness,Kurtosis,Cornish-Fisher VaR (5%),Historic CVaR (5%)
Mean Return,22.796230593081933,30.936382927699167,0.5096420953277808,-57.570430234491724,-0.6091548489486164,6.84842953098176,0.07129302295565729,0.10838184408961361
