,Annualized Return,Annualized Vol,Sharpe Ratio,Max Drawdown,Skewness,Kurtosis,Cornish-Fisher VaR (5%),Historic CVaR (5%)
Mean Return,16.14537424720355,28.699700786965987,0.3145293788291885,-69.82829253877033,-0.9540586929636071,7.57427778292216,0.06813128857636601,0.09581191376195164
