,Annualized Return,Annualized Vol,Sharpe Ratio,Max Drawdown,Skewness,Kurtosis,Cornish-Fisher VaR (5%),Historic CVaR (5%)
Mean Return,29.30580416342319,28.956583694243243,0.7421363676412704,-64.3571519332902,-0.37690745814534937,4.82541817837818,0.06290440174969117,0.08813645302429571
