,Annualized Return,Annualized Vol,Sharpe Ratio,Max Drawdown,Skewness,Kurtosis,Cornish-Fisher VaR (5%),Historic CVaR (5%)
Mean Return,22.259663019206855,32.42597903925634,0.47053614984219305,-54.46914431369245,-0.44404109164035654,5.795511798761197,0.07394606537258211,0.10884397066045456
