,Annualized Return,Annualized Vol,Sharpe Ratio,Max Drawdown,Skewness,Kurtosis,Cornish-Fisher VaR (5%),Historic CVaR (5%)
Mean Return,17.637736688133465,32.122525147410904,0.3303620623517549,-62.6847385100377,-0.46310494855661466,5.140072081825306,0.0734582919231594,0.10812862026281313
