,Annualized Return,Annualized Vol,Sharpe Ratio,Max Drawdown,Skewness,Kurtosis,Cornish-Fisher VaR (5%),Historic CVaR (5%)
Mean Return,31.34106626522446,33.70694081193886,0.6926703022892381,-48.84731317426059,0.0646727681520224,4.6361559224696345,0.0680403324775997,0.09806797713823626
