,Annualized Return,Annualized Vol,Sharpe Ratio,Max Drawdown,Skewness,Kurtosis,Cornish-Fisher VaR (5%),Historic CVaR (5%)
Mean Return,23.744601535741005,29.689640604180433,0.5476665987962096,-62.86485740151878,-0.448534320566494,4.836665149555618,0.06621267826762581,0.09194849017618223
