,Annualized Return,Annualized Vol,Sharpe Ratio,Max Drawdown,Skewness,Kurtosis,Cornish-Fisher VaR (5%),Historic CVaR (5%)
Mean Return,23.798329295022747,27.748596360178407,0.5886404920861469,-58.671764368665514,-0.4446270491322246,4.884466225116391,0.062195980514882024,0.0909869658027713
