,Annualized Return,Annualized Vol,Sharpe Ratio,Max Drawdown,Skewness,Kurtosis,Cornish-Fisher VaR (5%),Historic CVaR (5%)
Mean Return,12.133079799313728,26.62703644159552,0.199362966385245,-61.29161206044241,-0.5822509004261619,5.265550240907315,0.061939392865932516,0.08748750291552096
