,Annualized Return,Annualized Vol,Sharpe Ratio,Max Drawdown,Skewness,Kurtosis,Cornish-Fisher VaR (5%),Historic CVaR (5%)
Mean Return,24.486308586579696,36.38480629460938,0.47960959949641424,-60.90428861063892,-0.10815567658920117,4.531444749605566,0.08030191119079175,0.10673967055084177
