,Annualized Return,Annualized Vol,Sharpe Ratio,Max Drawdown,Skewness,Kurtosis,Cornish-Fisher VaR (5%),Historic CVaR (5%)
Mean Return,31.83310422651504,33.71261639618404,0.7078930000578048,-65.64914856841324,-0.2569917514007098,4.765180988514583,0.0720568433243551,0.10283842377510265
