,Annualized Return,Annualized Vol,Sharpe Ratio,Max Drawdown,Skewness,Kurtosis,Cornish-Fisher VaR (5%),Historic CVaR (5%)
Mean Return,22.107674324016035,25.614226149711516,0.5746796664181714,-62.05432532729227,-0.707752659524392,5.336272153823624,0.05899237815703299,0.08354745248344773
