,Annualized Return,Annualized Vol,Sharpe Ratio,Max Drawdown,Skewness,Kurtosis,Cornish-Fisher VaR (5%),Historic CVaR (5%)
Mean Return,24.119571826162023,33.327979576818485,0.5105182095909727,-52.25302689657233,-0.4087222310881258,6.023135776703676,0.07509841856648115,0.11396475131661364
