,Annualized Return,Annualized Vol,Sharpe Ratio,Max Drawdown,Skewness,Kurtosis,Cornish-Fisher VaR (5%),Historic CVaR (5%)
Mean Return,22.742612484485548,34.0041456041135,0.4482404161141438,-51.66932390517323,0.10585523242077813,4.76399121147969,0.0693069257094125,0.10144630791646093
