,Annualized Return,Annualized Vol,Sharpe Ratio,Max Drawdown,Skewness,Kurtosis,Cornish-Fisher VaR (5%),Historic CVaR (5%)
Mean Return,21.45919308732511,27.723752280982854,0.5057187413631378,-53.89522027719271,-0.8403395362485268,5.521394787573815,0.06538436493455993,0.09055500495881268
