,Annualized Return,Annualized Vol,Sharpe Ratio,Max Drawdown,Skewness,Kurtosis,Cornish-Fisher VaR (5%),Historic CVaR (5%)
Mean Return,14.134917047191852,27.603842401362797,0.2591382983789655,-59.69668115078485,-0.7462961254836787,6.70302074232882,0.0644420665894079,0.08853302090058028
