,Annualized Return,Annualized Vol,Sharpe Ratio,Max Drawdown,Skewness,Kurtosis,Cornish-Fisher VaR (5%),Historic CVaR (5%)
Mean Return,7.629161912682747,30.123441932506324,0.04018640886241567,-70.07302990326426,-0.44846301044383474,4.708143902318784,0.070730170823295,0.1002490262941831
