,Annualized Return,Annualized Vol,Sharpe Ratio,Max Drawdown,Skewness,Kurtosis,Cornish-Fisher VaR (5%),Historic CVaR (5%)
Mean Return,21.70503774411454,25.657377450616487,0.5559967275967546,-49.86013337537071,-0.8423957642238081,5.203531678833017,0.060516114386692826,0.08654509330197364
