,Annualized Return,Annualized Vol,Sharpe Ratio,Max Drawdown,Skewness,Kurtosis,Cornish-Fisher VaR (5%),Historic CVaR (5%)
Mean Return,24.933755389411584,38.40855845731958,0.4514114414007736,-84.7679218728422,-0.30134099934367736,5.070850452801842,0.08401737053842934,0.12331175529036918
