,Annualized Return,Annualized Vol,Sharpe Ratio,Max Drawdown,Skewness,Kurtosis,Cornish-Fisher VaR (5%),Historic CVaR (5%)
Mean Return,21.097904547544545,29.930389952101798,0.4761886153424334,-62.46692533451622,-0.9000172105549197,5.983274338543545,0.07380374038512194,0.10239701870746287
