,Annualized Return,Annualized Vol,Sharpe Ratio,Max Drawdown,Skewness,Kurtosis,Cornish-Fisher VaR (5%),Historic CVaR (5%)
Mean Return,13.411165621012966,26.55388915635569,0.2506562529909234,-59.23845096969027,-0.59087359524661,5.388912700042078,0.06210457828224702,0.09136272940666139
