,Annualized Return,Annualized Vol,Sharpe Ratio,Max Drawdown,Skewness,Kurtosis,Cornish-Fisher VaR (5%),Historic CVaR (5%)
Mean Return,18.824132034201902,31.206250449630264,0.38787924926683065,-67.90530075779168,-0.6043118045293046,4.77200330002762,0.07517546649298779,0.10403039471491062
