,Annualized Return,Annualized Vol,Sharpe Ratio,Max Drawdown,Skewness,Kurtosis,Cornish-Fisher VaR (5%),Historic CVaR (5%)
Mean Return,13.958696995423136,30.329727125470544,0.23156880993141454,-75.82989461327713,-0.9600678042414802,7.895045569182297,0.07224681063099189,0.10134054606514664
