,Annualized Return,Annualized Vol,Sharpe Ratio,Max Drawdown,Skewness,Kurtosis,Cornish-Fisher VaR (5%),Historic CVaR (5%)
Mean Return,18.065150710928712,35.474814460602616,0.3055669239955142,-59.89713476904118,-0.2128448411652603,4.57886664843949,0.0778084973579726,0.11094625847719392
