,Annualized Return,Annualized Vol,Sharpe Ratio,Max Drawdown,Skewness,Kurtosis,Cornish-Fisher VaR (5%),Historic CVaR (5%)
Mean Return,13.893494447244459,39.22199181259571,0.17740638757019342,-83.32401758767506,-0.21671965256175305,5.4807633492527215,0.08592408669383186,0.12667928428960185
