,Annualized Return,Annualized Vol,Sharpe Ratio,Max Drawdown,Skewness,Kurtosis,Cornish-Fisher VaR (5%),Historic CVaR (5%)
Mean Return,12.023174291572648,29.242929965694398,0.17671642275833138,-63.99439612116552,-0.5141153903142938,5.615865481900248,0.06717409611313901,0.09157669303395259
