,Annualized Return,Annualized Vol,Sharpe Ratio,Max Drawdown,Skewness,Kurtosis,Cornish-Fisher VaR (5%),Historic CVaR (5%)
Mean Return,12.957501464384746,31.081960978459605,0.19570587946572401,-66.46983004125715,-0.6228593705656742,5.310112091470636,0.07280402779683005,0.10198736986737575
