,Annualized Return,Annualized Vol,Sharpe Ratio,Max Drawdown,Skewness,Kurtosis,Cornish-Fisher VaR (5%),Historic CVaR (5%)
Mean Return,34.65390522905203,40.40845588576805,0.667045760673533,-45.516695688179645,-0.29978199596427807,4.853333161605731,0.08968560427691227,0.13398095416497868
