,Annualized Return,Annualized Vol,Sharpe Ratio,Max Drawdown,Skewness,Kurtosis,Cornish-Fisher VaR (5%),Historic CVaR (5%)
Mean Return,15.48625233888532,36.81999285599947,0.22826784559793048,-85.89154575660437,-0.2089128615763502,4.6467283874434715,0.0811371692443211,0.11461720772261813
