,Annualized Return,Annualized Vol,Sharpe Ratio,Max Drawdown,Skewness,Kurtosis,Cornish-Fisher VaR (5%),Historic CVaR (5%)
Mean Return,20.357006092108954,26.278423192868132,0.4968888090267012,-63.282135893029626,-0.841141146801103,6.31051366361776,0.06139307012318857,0.08789958130381248
