,Annualized Return,Annualized Vol,Sharpe Ratio,Max Drawdown,Skewness,Kurtosis,Cornish-Fisher VaR (5%),Historic CVaR (5%)
Mean Return,32.10075189715749,34.37367702393906,0.7021377254085667,-66.64474594821492,-0.1183041661437501,4.367101617797001,0.07277849568254631,0.1048694342937054
