,Annualized Return,Annualized Vol,Sharpe Ratio,Max Drawdown,Skewness,Kurtosis,Cornish-Fisher VaR (5%),Historic CVaR (5%)
Mean Return,24.30527607739217,26.809764755616694,0.6270505594502972,-59.47828805798869,-0.4901420485001211,4.441250945854422,0.06071474478325686,0.08842104493637931
