,Annualized Return,Annualized Vol,Sharpe Ratio,Max Drawdown,Skewness,Kurtosis,Cornish-Fisher VaR (5%),Historic CVaR (5%)
Mean Return,21.716867857021562,29.82548259555439,0.49448263241798074,-61.828353946557726,-0.5966275708404606,7.356187791750309,0.06822283876593839,0.10472470556146955
