,Annualized Return,Annualized Vol,Sharpe Ratio,Max Drawdown,Skewness,Kurtosis,Cornish-Fisher VaR (5%),Historic CVaR (5%)
Mean Return,21.32098349014797,27.310757442953896,0.5100202377822751,-59.10694145229299,-0.7110172148555963,6.488895283134245,0.06238536085765301,0.08550408791592123
