,Annualized Return,Annualized Vol,Sharpe Ratio,Max Drawdown,Skewness,Kurtosis,Cornish-Fisher VaR (5%),Historic CVaR (5%)
Mean Return,27.68738000558153,39.85957474702996,0.4985290267368353,-74.37341902212053,-0.06540021867507569,5.128465707528147,0.08324033055909479,0.11942322140507314
