,Annualized Return,Annualized Vol,Sharpe Ratio,Max Drawdown,Skewness,Kurtosis,Cornish-Fisher VaR (5%),Historic CVaR (5%)
Mean Return,20.950865244919513,25.170083777459197,0.5415953037795251,-63.18131240232403,-0.7400641022492488,5.544806054202062,0.058240684842532385,0.08233401952595377
