,Annualized Return,Annualized Vol,Sharpe Ratio,Max Drawdown,Skewness,Kurtosis,Cornish-Fisher VaR (5%),Historic CVaR (5%)
Mean Return,24.761795233531746,34.982959153797346,0.49202891622455847,-67.70712851259971,-0.12170769782939717,4.705642403818787,0.07424842784592482,0.10235768982933365
