,Annualized Return,Annualized Vol,Sharpe Ratio,Max Drawdown,Skewness,Kurtosis,Cornish-Fisher VaR (5%),Historic CVaR (5%)
Mean Return,14.745342936645557,26.639763852930987,0.29700225883548015,-59.05738429633022,-0.5076554776933465,4.772849398688686,0.061750531761409204,0.08906650036941638
