,Annualized Return,Annualized Vol,Sharpe Ratio,Max Drawdown,Skewness,Kurtosis,Cornish-Fisher VaR (5%),Historic CVaR (5%)
Mean Return,22.994462580355446,28.195297845192798,0.5486339286641673,-70.46741596901734,-0.9340242367967927,7.447501735491159,0.06571265373544678,0.09127232075367084
