,Annualized Return,Annualized Vol,Sharpe Ratio,Max Drawdown,Skewness,Kurtosis,Cornish-Fisher VaR (5%),Historic CVaR (5%)
Mean Return,33.45550167369979,28.685676819415644,0.8879759342880734,-54.20677999073968,-0.3841671385689086,4.923115729447919,0.0622295227409285,0.08834251932409105
