,Annualized Return,Annualized Vol,Sharpe Ratio,Max Drawdown,Skewness,Kurtosis,Cornish-Fisher VaR (5%),Historic CVaR (5%)
Mean Return,12.760750120357333,30.708278745837127,0.19206737688570577,-69.67789571841799,-0.6733285838691255,5.534530677023715,0.07230937877311933,0.10111439186870708
