,Annualized Return,Annualized Vol,Sharpe Ratio,Max Drawdown,Skewness,Kurtosis,Cornish-Fisher VaR (5%),Historic CVaR (5%)
Mean Return,29.306821242688798,33.119800033473034,0.6477402602125172,-77.58325168700851,-0.6422439555421001,6.116641476535745,0.07455145651700419,0.10870199384488712
