,Annualized Return,Annualized Vol,Sharpe Ratio,Max Drawdown,Skewness,Kurtosis,Cornish-Fisher VaR (5%),Historic CVaR (5%)
Mean Return,24.681925589303667,29.688586676864727,0.5761714372483199,-47.03009108247325,-0.2093568698116151,5.3254066347880755,0.06301213047520568,0.09129935809956034
