,Annualized Return,Annualized Vol,Sharpe Ratio,Max Drawdown,Skewness,Kurtosis,Cornish-Fisher VaR (5%),Historic CVaR (5%)
Mean Return,21.145220781828655,26.420955359431936,0.5228561631061899,-63.005879942674184,-0.6951809904661617,5.328508410081766,0.0609921651113018,0.08686154270889859
