,Annualized Return,Annualized Vol,Sharpe Ratio,Max Drawdown,Skewness,Kurtosis,Cornish-Fisher VaR (5%),Historic CVaR (5%)
Mean Return,23.168959875196336,25.748168655759013,0.6104706107931323,-51.90006518597915,-0.6537504705833131,4.795350938222452,0.059041257636583536,0.08360524382167754
