,Annualized Return,Annualized Vol,Sharpe Ratio,Max Drawdown,Skewness,Kurtosis,Cornish-Fisher VaR (5%),Historic CVaR (5%)
Mean Return,13.328941925449866,28.52759171003712,0.23973740766511356,-68.90817616894688,-0.5390223117605636,6.145157621907828,0.06699266351140407,0.09576196606531943
