,Annualized Return,Annualized Vol,Sharpe Ratio,Max Drawdown,Skewness,Kurtosis,Cornish-Fisher VaR (5%),Historic CVaR (5%)
Mean Return,12.70449903776274,29.308521361082324,0.19816940998949847,-64.90050548818647,-0.5842840597771548,6.458996126768083,0.06726926019937472,0.09217929416569814
