,Annualized Return,Annualized Vol,Sharpe Ratio,Max Drawdown,Skewness,Kurtosis,Cornish-Fisher VaR (5%),Historic CVaR (5%)
Mean Return,31.939776690041576,31.231476591306073,0.7650246244713964,-51.690920134494355,-0.45061409334290814,4.679568313468305,0.06878559937904793,0.0958922409777218
