,Annualized Return,Annualized Vol,Sharpe Ratio,Max Drawdown,Skewness,Kurtosis,Cornish-Fisher VaR (5%),Historic CVaR (5%)
Mean Return,34.14752950847348,26.920107757778585,0.9704396952139777,-50.25366190439318,-0.5292414364790357,5.2324828219649095,0.05921784666521135,0.08568464572453274
