,Annualized Return,Annualized Vol,Sharpe Ratio,Max Drawdown,Skewness,Kurtosis,Cornish-Fisher VaR (5%),Historic CVaR (5%)
Mean Return,18.158625648133352,31.621880028739856,0.351785154316955,-63.20163197064728,-0.3592463717886115,5.0543776517071795,0.07103552933818554,0.10307447255736205
