,Annualized Return,Annualized Vol,Sharpe Ratio,Max Drawdown,Skewness,Kurtosis,Cornish-Fisher VaR (5%),Historic CVaR (5%)
Mean Return,19.838870323204127,28.797151805355618,0.4339694616856342,-56.79631282832004,-0.7613059519446148,5.256440685183112,0.06770058566500685,0.09340263923448903
