,Annualized Return,Annualized Vol,Sharpe Ratio,Max Drawdown,Skewness,Kurtosis,Cornish-Fisher VaR (5%),Historic CVaR (5%)
Mean Return,9.812085533521309,26.43098350505899,0.11831231100229286,-62.385359433532294,-0.8906862615050007,6.21731611832263,0.06405892772256544,0.09046049075565127
