,Annualized Return,Annualized Vol,Sharpe Ratio,Max Drawdown,Skewness,Kurtosis,Cornish-Fisher VaR (5%),Historic CVaR (5%)
Mean Return,20.545285503665166,29.338458510005122,0.44988607720206014,-63.66258721528756,-0.5060144494942359,5.32919500046033,0.0661367094856527,0.09021209324987536
