,Annualized Return,Annualized Vol,Sharpe Ratio,Max Drawdown,Skewness,Kurtosis,Cornish-Fisher VaR (5%),Historic CVaR (5%)
Mean Return,9.680562210132827,26.796200114676743,0.11208019396306307,-59.515546388480075,-0.8539481034217185,6.056998346877562,0.06476022440171406,0.09270094861788021
