,Annualized Return,Annualized Vol,Sharpe Ratio,Max Drawdown,Skewness,Kurtosis,Cornish-Fisher VaR (5%),Historic CVaR (5%)
Mean Return,21.382106626123722,28.428602588398917,0.49256452989721977,-71.74987772580285,-0.9645393771867209,7.535927677654607,0.06673445264848941,0.09495119050042988
