,Annualized Return,Annualized Vol,Sharpe Ratio,Max Drawdown,Skewness,Kurtosis,Cornish-Fisher VaR (5%),Historic CVaR (5%)
Mean Return,20.08860296606656,26.018051453538376,0.4913207215056587,-63.084807492028695,-0.6714838986105535,5.140511260039393,0.060121767736901484,0.0866013640691425
