,Annualized Return,Annualized Vol,Sharpe Ratio,Max Drawdown,Skewness,Kurtosis,Cornish-Fisher VaR (5%),Historic CVaR (5%)
Mean Return,21.036637981619542,25.657897578880558,0.5344470114995521,-53.26285331333606,-0.6651525654237151,4.926960710773992,0.0591722222743281,0.0837808646393767
