,Annualized Return,Annualized Vol,Sharpe Ratio,Max Drawdown,Skewness,Kurtosis,Cornish-Fisher VaR (5%),Historic CVaR (5%)
Mean Return,21.167513884727462,27.969788988676004,0.49373108807456967,-65.43539504841995,-0.810658283928939,6.512391094367712,0.06496889574808236,0.093388421878365
