,Annualized Return,Annualized Vol,Sharpe Ratio,Max Drawdown,Skewness,Kurtosis,Cornish-Fisher VaR (5%),Historic CVaR (5%)
Mean Return,18.29180121920073,28.826329191959832,0.38315890396102475,-70.42963446494588,-0.7095445202352824,6.3095910656785055,0.06667547765948786,0.09425130018905273
