,Annualized Return,Annualized Vol,Sharpe Ratio,Max Drawdown,Skewness,Kurtosis,Cornish-Fisher VaR (5%),Historic CVaR (5%)
Mean Return,30.374565432634636,26.389357451417123,0.8553828819493265,-55.8767169268361,-0.6001686630023908,5.28706427967725,0.05915823012812917,0.08395186340150906
