,Annualized Return,Annualized Vol,Sharpe Ratio,Max Drawdown,Skewness,Kurtosis,Cornish-Fisher VaR (5%),Historic CVaR (5%)
Mean Return,18.225410513306883,26.321685920090943,0.4200927540741459,-59.586597372790294,-0.8677504587428937,6.379847382881704,0.06202474229757624,0.08855925460127559
