,Annualized Return,Annualized Vol,Sharpe Ratio,Max Drawdown,Skewness,Kurtosis,Cornish-Fisher VaR (5%),Historic CVaR (5%)
Mean Return,16.915342743771113,26.745871323702307,0.36654366098257324,-64.15615762188402,-0.6504027274325375,5.543527191599628,0.06187404563055677,0.0860265657875958
