,Annualized Return,Annualized Vol,Sharpe Ratio,Max Drawdown,Skewness,Kurtosis,Cornish-Fisher VaR (5%),Historic CVaR (5%)
Mean Return,32.409205004871055,29.062991720022683,0.8421624643878679,-53.288107977467845,-0.42447554072619964,5.015844306256352,0.0636326288795746,0.09122727153833199
