,Annualized Return,Annualized Vol,Sharpe Ratio,Max Drawdown,Skewness,Kurtosis,Cornish-Fisher VaR (5%),Historic CVaR (5%)
Mean Return,18.1911128452348,26.819653958049027,0.4290892268534393,-63.0805027374136,-0.9672877775021798,6.844775253081467,0.06629093568000041,0.09125449150963266
