,Annualized Return,Annualized Vol,Sharpe Ratio,Max Drawdown,Skewness,Kurtosis,Cornish-Fisher VaR (5%),Historic CVaR (5%)
Mean Return,22.71923679173391,35.804119282452454,0.44052016443223085,-62.81689160151146,-0.19408503459153725,4.530629899914462,0.08051487264752878,0.10893190835065267
