,Annualized Return,Annualized Vol,Sharpe Ratio,Max Drawdown,Skewness,Kurtosis,Cornish-Fisher VaR (5%),Historic CVaR (5%)
Mean Return,24.48141050806143,28.66695099632743,0.5889072116577843,-57.63631961942729,-0.7036502164014128,5.537843854776612,0.0658373635905038,0.09031348665936549
