,Annualized Return,Annualized Vol,Sharpe Ratio,Max Drawdown,Skewness,Kurtosis,Cornish-Fisher VaR (5%),Historic CVaR (5%)
Mean Return,21.71898568834092,27.161044973182985,0.5270696338574458,-72.23822703306648,-0.8383544756255333,7.047399824987193,0.06278136176605104,0.08964605731789148
