,Annualized Return,Annualized Vol,Sharpe Ratio,Max Drawdown,Skewness,Kurtosis,Cornish-Fisher VaR (5%),Historic CVaR (5%)
Mean Return,15.345011643463224,32.311306106032,0.2577232447126382,-63.64917566118976,-0.5354238735310284,4.99507940086227,0.07459321202803851,0.10453660999116363
