,Annualized Return,Annualized Vol,Sharpe Ratio,Max Drawdown,Skewness,Kurtosis,Cornish-Fisher VaR (5%),Historic CVaR (5%)
Mean Return,27.047391946300326,30.402745451877415,0.6339638116805808,-64.22735881511092,-0.7916278276937103,6.698560835384612,0.0696015398992027,0.09982766527504876
