,Annualized Return,Annualized Vol,Sharpe Ratio,Max Drawdown,Skewness,Kurtosis,Cornish-Fisher VaR (5%),Historic CVaR (5%)
Mean Return,16.83406288959688,27.639977215591077,0.3521839784809127,-62.150606265700745,-0.6153079130692618,5.215966703940849,0.06395373481941297,0.09055351538978919
