,Annualized Return,Annualized Vol,Sharpe Ratio,Max Drawdown,Skewness,Kurtosis,Cornish-Fisher VaR (5%),Historic CVaR (5%)
Mean Return,30.38768226343851,41.25622395465917,0.5460248323452163,-73.79575720548654,0.130118902107591,4.290589311538041,0.08441996131702866,0.12206959267551994
