,Annualized Return,Annualized Vol,Sharpe Ratio,Max Drawdown,Skewness,Kurtosis,Cornish-Fisher VaR (5%),Historic CVaR (5%)
Mean Return,16.440287687053967,21.764549240082797,0.4315345849272123,-39.60771059824804,-0.917568169693721,7.043263495798859,0.051095338296043215,0.07321555175921132
