,Annualized Return,Annualized Vol,Sharpe Ratio,Max Drawdown,Skewness,Kurtosis,Cornish-Fisher VaR (5%),Historic CVaR (5%)
Mean Return,13.610139163555491,22.20899291067825,0.3025076333166656,-43.23302462625016,-1.060480370251546,7.508140264674044,0.0534577621429469,0.07613034649573361
