,Annualized Return,Annualized Vol,Sharpe Ratio,Max Drawdown,Skewness,Kurtosis,Cornish-Fisher VaR (5%),Historic CVaR (5%)
Mean Return,13.786405302792804,20.189553748666945,0.34008026086815163,-46.64786582930108,-1.1642590279093246,8.59720636497989,0.048478650614749166,0.07122504883707984
