,Annualized Return,Annualized Vol,Sharpe Ratio,Max Drawdown,Skewness,Kurtosis,Cornish-Fisher VaR (5%),Historic CVaR (5%)
Mean Return,26.696631730510777,22.147819477247086,0.8555177819976718,-35.65813649695993,-1.0833373486747055,8.412825190309462,0.05085725376482255,0.07160652678754469
