,Annualized Return,Annualized Vol,Sharpe Ratio,Max Drawdown,Skewness,Kurtosis,Cornish-Fisher VaR (5%),Historic CVaR (5%)
Mean Return,13.17506740504928,28.26718204108465,0.2212469589736143,-52.65221124996796,-0.41156735377381304,5.086170610006372,0.06405504893452268,0.0886337092456003
