,Annualized Return,Annualized Vol,Sharpe Ratio,Max Drawdown,Skewness,Kurtosis,Cornish-Fisher VaR (5%),Historic CVaR (5%)
Mean Return,14.350115793019524,20.09922389960813,0.3652564469713661,-39.88841698634968,-1.3067881023278118,8.881987195713778,0.048963104584493475,0.07055175704816814
