,Annualized Return,Annualized Vol,Sharpe Ratio,Max Drawdown,Skewness,Kurtosis,Cornish-Fisher VaR (5%),Historic CVaR (5%)
Mean Return,16.302164442737887,19.017659586027126,0.49324284710323957,-29.280234463901017,-0.7450186886154692,4.736799181746295,0.044849412114387324,0.06321716593567694
