,Annualized Return,Annualized Vol,Sharpe Ratio,Max Drawdown,Skewness,Kurtosis,Cornish-Fisher VaR (5%),Historic CVaR (5%)
Mean Return,17.67285663290523,19.058251389212096,0.5782835266315424,-28.111426099477594,-0.8456279587477745,8.247437191963822,0.04473984883581571,0.059062426532596884
