,Annualized Return,Annualized Vol,Sharpe Ratio,Max Drawdown,Skewness,Kurtosis,Cornish-Fisher VaR (5%),Historic CVaR (5%)
Mean Return,30.312949608202942,21.258732828266318,1.0538819353145261,-43.462166063580725,-0.9895597371671312,7.140214576310832,0.04815715783062605,0.0676324834585079
