,Annualized Return,Annualized Vol,Sharpe Ratio,Max Drawdown,Skewness,Kurtosis,Cornish-Fisher VaR (5%),Historic CVaR (5%)
Mean Return,22.7367491941844,22.882364600024882,0.669950026871368,-40.67513973200463,-0.6842985046362028,5.438824923187272,0.05250639493614805,0.07444836249017907
