,Annualized Return,Annualized Vol,Sharpe Ratio,Max Drawdown,Skewness,Kurtosis,Cornish-Fisher VaR (5%),Historic CVaR (5%)
Mean Return,18.041711274077564,19.869932574377422,0.5441525139043906,-29.53362729079414,-1.3104465539564025,10.504481773900602,0.0468944879325934,0.06404035315229506
