,Annualized Return,Annualized Vol,Sharpe Ratio,Max Drawdown,Skewness,Kurtosis,Cornish-Fisher VaR (5%),Historic CVaR (5%)
Mean Return,25.686655488819966,21.684796126876005,0.8300133270379971,-34.61207736942186,-1.027042841212965,8.344133281479198,0.04949159576894302,0.06907696990036982
