,Annualized Return,Annualized Vol,Sharpe Ratio,Max Drawdown,Skewness,Kurtosis,Cornish-Fisher VaR (5%),Historic CVaR (5%)
Mean Return,21.87863289138523,18.455383778243082,0.7893741287652719,-29.617578233765503,-1.1170650303157719,7.577077551127306,0.043446830145013146,0.061193285015455824
