,Annualized Return,Annualized Vol,Sharpe Ratio,Max Drawdown,Skewness,Kurtosis,Cornish-Fisher VaR (5%),Historic CVaR (5%)
Mean Return,26.305894202808354,24.8413026386534,0.7504998343593636,-33.07737618948307,2.7137007181509567,38.44973222646339,-0.0044009601674670955,0.06700671415379246
