,Annualized Return,Annualized Vol,Sharpe Ratio,Max Drawdown,Skewness,Kurtosis,Cornish-Fisher VaR (5%),Historic CVaR (5%)
Mean Return,16.980905254073186,21.70561728143342,0.4776044652818976,-30.787255149513314,-0.7823254933488508,6.277019329158238,0.052228748188738426,0.07127851115642228
