,Annualized Return,Annualized Vol,Sharpe Ratio,Max Drawdown,Skewness,Kurtosis,Cornish-Fisher VaR (5%),Historic CVaR (5%)
Mean Return,28.80817112516898,20.454480004481436,1.0261460560461428,-39.103138982449465,-1.1088692429280718,8.27578456760754,0.04656029906535367,0.065041902593297
