,Annualized Return,Annualized Vol,Sharpe Ratio,Max Drawdown,Skewness,Kurtosis,Cornish-Fisher VaR (5%),Historic CVaR (5%)
Mean Return,18.224580891872733,20.476922433494316,0.5594214537819835,-29.879779499337594,-0.871939971401099,5.741081757618514,0.04938876705000553,0.07049751729886085
