,Annualized Return,Annualized Vol,Sharpe Ratio,Max Drawdown,Skewness,Kurtosis,Cornish-Fisher VaR (5%),Historic CVaR (5%)
Mean Return,21.24244777643842,19.72626089642916,0.7297079333837203,-29.1439356977262,-0.7647023196691359,6.9026665783412655,0.04600005131101469,0.06459612731068774
