,Annualized Return,Annualized Vol,Sharpe Ratio,Max Drawdown,Skewness,Kurtosis,Cornish-Fisher VaR (5%),Historic CVaR (5%)
Mean Return,26.152714381914265,21.186510881890534,0.8702182535096505,-36.16484731935553,-1.1957892735140754,9.468243377539205,0.04872656255395094,0.06769355222139728
