,Annualized Return,Annualized Vol,Sharpe Ratio,Max Drawdown,Skewness,Kurtosis,Cornish-Fisher VaR (5%),Historic CVaR (5%)
Mean Return,17.850397482700785,20.561685842954358,0.5441364321051064,-29.1079537051248,-0.8406087949432647,6.760619122030707,0.049323691520307626,0.06641482737180965
