,Annualized Return,Annualized Vol,Sharpe Ratio,Max Drawdown,Skewness,Kurtosis,Cornish-Fisher VaR (5%),Historic CVaR (5%)
Mean Return,27.59217097642519,20.360045202885512,0.9745080824191968,-36.083230635601424,-1.0613845753152966,8.135867586841151,0.0462811152752739,0.06530709800042056
