,Annualized Return,Annualized Vol,Sharpe Ratio,Max Drawdown,Skewness,Kurtosis,Cornish-Fisher VaR (5%),Historic CVaR (5%)
Mean Return,13.11607651053086,20.711422006964717,0.30196773330273047,-36.255937046318955,-1.01606913883336,8.131548432862216,0.04912909364048596,0.07066022344238632
