,Annualized Return,Annualized Vol,Sharpe Ratio,Max Drawdown,Skewness,Kurtosis,Cornish-Fisher VaR (5%),Historic CVaR (5%)
Mean Return,31.214713573467034,28.221482168199223,0.8260549326577263,-36.253711198316616,5.075791846964036,82.31134433260084,-0.08032469688216357,0.07466252558111326
