,Annualized Return,Annualized Vol,Sharpe Ratio,Max Drawdown,Skewness,Kurtosis,Cornish-Fisher VaR (5%),Historic CVaR (5%)
Mean Return,21.241936774649584,20.08976649929164,0.6953046361805065,-33.46189859835041,-1.1141963237148371,8.01953274723097,0.04743605819391985,0.06697223191898173
