,Annualized Return,Annualized Vol,Sharpe Ratio,Max Drawdown,Skewness,Kurtosis,Cornish-Fisher VaR (5%),Historic CVaR (5%)
Mean Return,2.1556682257769744,25.67511968420361,-0.1580864376385169,-69.51989634506307,-0.8433465348389751,7.182497351789136,0.062483104594120015,0.0893064987083071
