,Annualized Return,Annualized Vol,Sharpe Ratio,Max Drawdown,Skewness,Kurtosis,Cornish-Fisher VaR (5%),Historic CVaR (5%)
Mean Return,36.33395242402759,29.136153576002755,0.9800681230664875,-33.439747718352805,-0.1070784031834252,4.893404249912594,0.06082443760033813,0.08795652915300753
