,Annualized Return,Annualized Vol,Sharpe Ratio,Max Drawdown,Skewness,Kurtosis,Cornish-Fisher VaR (5%),Historic CVaR (5%)
Mean Return,29.884460623316645,28.756078177106076,0.7662535023509701,-49.49891509725454,-0.3558960124041088,5.117350742551535,0.06189166909914098,0.08417966146200259
