,Annualized Return,Annualized Vol,Sharpe Ratio,Max Drawdown,Skewness,Kurtosis,Cornish-Fisher VaR (5%),Historic CVaR (5%)
Mean Return,17.418123557132215,22.63340489439436,0.45559382010548694,-43.23302462625017,-0.9805145419430191,6.921760766579241,0.0536377122400482,0.07665294670412715
