,Annualized Return,Annualized Vol,Sharpe Ratio,Max Drawdown,Skewness,Kurtosis,Cornish-Fisher VaR (5%),Historic CVaR (5%)
Mean Return,22.38264481827814,20.26936623115429,0.7374899474972492,-39.10313898244945,-1.2723753231597077,8.770035133489447,0.047899865970247715,0.06673222637840227
