,Annualized Return,Annualized Vol,Sharpe Ratio,Max Drawdown,Skewness,Kurtosis,Cornish-Fisher VaR (5%),Historic CVaR (5%)
Mean Return,26.531136977049808,23.10883870787656,0.8131927768183614,-38.4590069291976,-1.1482982952830196,8.623351094485857,0.05363073457728209,0.07670883140754108
