,Annualized Return,Annualized Vol,Sharpe Ratio,Max Drawdown,Skewness,Kurtosis,Cornish-Fisher VaR (5%),Historic CVaR (5%)
Mean Return,11.984985196416309,18.477820290833037,0.2865684208026127,-32.235648759111136,-1.0109370590557656,6.202680121574177,0.04519473726611841,0.06482917847242
