,Annualized Return,Annualized Vol,Sharpe Ratio,Max Drawdown,Skewness,Kurtosis,Cornish-Fisher VaR (5%),Historic CVaR (5%)
Mean Return,23.029804862340676,20.666251411870377,0.7554988545744482,-32.281086229872756,-0.9076996502885194,6.153519756400607,0.048248440863744586,0.0687957735314567
