,Annualized Return,Annualized Vol,Sharpe Ratio,Max Drawdown,Skewness,Kurtosis,Cornish-Fisher VaR (5%),Historic CVaR (5%)
Mean Return,20.28163705994681,22.56190500799088,0.5741283853550437,-42.82827696297536,-1.415525931521765,10.916637734902299,0.05374075351525744,0.07392409420586649
