,Annualized Return,Annualized Vol,Sharpe Ratio,Max Drawdown,Skewness,Kurtosis,Cornish-Fisher VaR (5%),Historic CVaR (5%)
Mean Return,24.70927744096125,24.07393322494295,0.7131368298937859,-40.29409419704571,-0.688163788026522,5.7146285592111,0.05441540628882464,0.07637532568868434
