,Annualized Return,Annualized Vol,Sharpe Ratio,Max Drawdown,Skewness,Kurtosis,Cornish-Fisher VaR (5%),Historic CVaR (5%)
Mean Return,18.237174731891702,20.424528571769876,0.5383637370672014,-30.544286352615842,-1.3050079336910165,10.238703030763892,0.0483644949897539,0.0663286175911505
