,Annualized Return,Annualized Vol,Sharpe Ratio,Max Drawdown,Skewness,Kurtosis,Cornish-Fisher VaR (5%),Historic CVaR (5%)
Mean Return,17.95569071774206,24.44961552939536,0.4423359937945713,-42.98635274216102,-0.7584929562327829,6.02839548104784,0.056801389915365735,0.08084138788750116
