,Annualized Return,Annualized Vol,Sharpe Ratio,Max Drawdown,Skewness,Kurtosis,Cornish-Fisher VaR (5%),Historic CVaR (5%)
Mean Return,13.853308257395858,22.23619419796039,0.3124220440751765,-43.23302462625016,-1.0577412107554904,7.48415129202884,0.05347854462550847,0.07613034649573361
