,Annualized Return,Annualized Vol,Sharpe Ratio,Max Drawdown,Skewness,Kurtosis,Cornish-Fisher VaR (5%),Historic CVaR (5%)
Mean Return,6.580965472139977,21.672386114817137,0.0041765986208650765,-61.33576419847871,-1.1087227744115518,7.831667832143973,0.05351488285400023,0.07689418184730283
