,Annualized Return,Annualized Vol,Sharpe Ratio,Max Drawdown,Skewness,Kurtosis,Cornish-Fisher VaR (5%),Historic CVaR (5%)
Mean Return,20.99808943211867,29.415034970788312,0.46233180609960395,-47.60248815184973,-0.35033029300420904,5.351226047238295,0.06457033643174791,0.09122194504953286
