,Annualized Return,Annualized Vol,Sharpe Ratio,Max Drawdown,Skewness,Kurtosis,Cornish-Fisher VaR (5%),Historic CVaR (5%)
Mean Return,33.32308265208972,35.310819609104826,0.7163492731709614,-36.56655029761625,9.624932894358071,175.79090921942768,-0.31871792668851395,0.07589929011950637
