,Annualized Return,Annualized Vol,Sharpe Ratio,Max Drawdown,Skewness,Kurtosis,Cornish-Fisher VaR (5%),Historic CVaR (5%)
Mean Return,14.586973956606176,20.271008246382692,0.37314036230031394,-41.563479353945276,-1.31941328081642,8.726743736745485,0.04953149288151238,0.07183235530781223
