,Annualized Return,Annualized Vol,Sharpe Ratio,Max Drawdown,Skewness,Kurtosis,Cornish-Fisher VaR (5%),Historic CVaR (5%)
Mean Return,16.913536641559745,26.378022644952715,0.372241425128221,-43.22413473337136,-0.5249188101946619,6.781082867436374,0.058869335733397775,0.08315505761390832
