,Annualized Return,Annualized Vol,Sharpe Ratio,Max Drawdown,Skewness,Kurtosis,Cornish-Fisher VaR (5%),Historic CVaR (5%)
Mean Return,16.949386467314163,24.7704514185293,0.3971998498261966,-54.97536054192121,-1.175286905431518,10.487780887592967,0.058180175039213626,0.08209375144899192
