,Annualized Return,Annualized Vol,Sharpe Ratio,Max Drawdown,Skewness,Kurtosis,Cornish-Fisher VaR (5%),Historic CVaR (5%)
Mean Return,13.666037817220179,26.944555314634993,0.25053794483815883,-61.968774465084564,-1.0990144940790154,9.331893543285062,0.06422696534296708,0.09127391128775628
