,Annualized Return,Annualized Vol,Sharpe Ratio,Max Drawdown,Skewness,Kurtosis,Cornish-Fisher VaR (5%),Historic CVaR (5%)
Mean Return,30.319426046335174,34.73939797542898,0.6452564630025684,-41.8203773286697,7.605092706180834,105.31314304915195,-0.18264291653062956,0.07034258019694997
