,Annualized Return,Annualized Vol,Sharpe Ratio,Max Drawdown,Skewness,Kurtosis,Cornish-Fisher VaR (5%),Historic CVaR (5%)
Mean Return,26.307103095123697,21.178729590562,0.8779667612606563,-31.52011071836381,-0.9010918116002762,7.543767280742204,0.04772265068466304,0.06525564257856135
