,Annualized Return,Annualized Vol,Sharpe Ratio,Max Drawdown,Skewness,Kurtosis,Cornish-Fisher VaR (5%),Historic CVaR (5%)
Mean Return,20.273854275035298,20.446679249690327,0.6547641481583741,-29.879779499337594,-0.8110076502598182,5.560022716176898,0.04862238346470792,0.06875013101554511
