,Annualized Return,Annualized Vol,Sharpe Ratio,Max Drawdown,Skewness,Kurtosis,Cornish-Fisher VaR (5%),Historic CVaR (5%)
Mean Return,21.197482891293816,22.097774338961155,0.6453515372274651,-33.090749004965645,-0.9184335590825056,6.1191496617244665,0.05314789581770827,0.07642371151473265
