,Annualized Return,Annualized Vol,Sharpe Ratio,Max Drawdown,Skewness,Kurtosis,Cornish-Fisher VaR (5%),Historic CVaR (5%)
Mean Return,9.51856495707526,20.324659359778643,0.14125178192973584,-37.75059162539019,-0.8832199891108534,7.482062917559667,0.04824175952942125,0.06815701127836521
