,Annualized Return,Annualized Vol,Sharpe Ratio,Max Drawdown,Skewness,Kurtosis,Cornish-Fisher VaR (5%),Historic CVaR (5%)
Mean Return,19.111082764362507,19.1221465045155,0.647397270981748,-29.229641159893166,-0.9016614560548966,9.258190744492401,0.044472264791948254,0.058883278100265966
