,Annualized Return,Annualized Vol,Sharpe Ratio,Max Drawdown,Skewness,Kurtosis,Cornish-Fisher VaR (5%),Historic CVaR (5%)
Mean Return,13.591230023552757,19.800869008958678,0.33749248116515906,-44.45512124734453,-1.1991216792287323,9.16360756261505,0.04745380273501122,0.06956890409873676
