,Annualized Return,Annualized Vol,Sharpe Ratio,Max Drawdown,Skewness,Kurtosis,Cornish-Fisher VaR (5%),Historic CVaR (5%)
Mean Return,19.71745407409109,20.28912519998369,0.6177546543413527,-33.588572137263796,-1.0888982447984106,7.771838135506939,0.04815575077111657,0.06803069069688032
