,Annualized Return,Annualized Vol,Sharpe Ratio,Max Drawdown,Skewness,Kurtosis,Cornish-Fisher VaR (5%),Historic CVaR (5%)
Mean Return,16.22279329738423,21.725664541732808,0.41982799988016745,-48.77329169432085,-1.0593918966165585,7.739262633495828,0.051695236095743995,0.07416459009415245
