,Annualized Return,Annualized Vol,Sharpe Ratio,Max Drawdown,Skewness,Kurtosis,Cornish-Fisher VaR (5%),Historic CVaR (5%)
Mean Return,19.46818307177105,19.728457616991417,0.6441424706804849,-29.316129552038976,-0.8368013424335914,7.532588842941244,0.04646008262098954,0.061249794378180664
