,Annualized Return,Annualized Vol,Sharpe Ratio,Max Drawdown,Skewness,Kurtosis,Cornish-Fisher VaR (5%),Historic CVaR (5%)
Mean Return,20.1434803116721,22.01624351199066,0.6066245451804617,-30.771300601940897,-0.6737363453945389,5.41458520293846,0.05215324646154623,0.07263853138696072
