,Annualized Return,Annualized Vol,Sharpe Ratio,Max Drawdown,Skewness,Kurtosis,Cornish-Fisher VaR (5%),Historic CVaR (5%)
Mean Return,26.525282699780806,26.662324832081552,0.7069652891544377,-33.34106713772087,3.939749539452483,51.76978653869581,-0.032918011732223924,0.06811006959685982
