,Annualized Return,Annualized Vol,Sharpe Ratio,Max Drawdown,Skewness,Kurtosis,Cornish-Fisher VaR (5%),Historic CVaR (5%)
Mean Return,15.586067413837013,19.561559469158894,0.44505322606871495,-29.43101466470224,-0.8754508769152766,5.757005373087292,0.046652684701170816,0.06702178776748254
