,Annualized Return,Annualized Vol,Sharpe Ratio,Max Drawdown,Skewness,Kurtosis,Cornish-Fisher VaR (5%),Historic CVaR (5%)
Mean Return,22.852744294548422,19.938941308807827,0.7692819922301309,-28.923748891362028,-1.107164541825383,9.265355829752641,0.04565670865518367,0.0614315888637983
