,Annualized Return,Annualized Vol,Sharpe Ratio,Max Drawdown,Skewness,Kurtosis,Cornish-Fisher VaR (5%),Historic CVaR (5%)
Mean Return,20.016025640021518,20.3123157477744,0.6260639165535961,-34.19336504887295,-0.9951817294392904,6.97733192756496,0.047547225592553616,0.06802414119535487
