,Annualized Return,Annualized Vol,Sharpe Ratio,Max Drawdown,Skewness,Kurtosis,Cornish-Fisher VaR (5%),Historic CVaR (5%)
Mean Return,18.45548842523732,20.127500492143863,0.5572941160602587,-33.78015832266445,-1.6821686381121552,13.999287645904982,0.04784946762161588,0.06523187111498104
