,Annualized Return,Annualized Vol,Sharpe Ratio,Max Drawdown,Skewness,Kurtosis,Cornish-Fisher VaR (5%),Historic CVaR (5%)
Mean Return,8.84740602443792,28.337488598854772,0.07648089677562601,-54.823136680343644,-0.6363905567460352,5.677968936118829,0.06682462911604073,0.09213485209924863
