,Annualized Return,Annualized Vol,Sharpe Ratio,Max Drawdown,Skewness,Kurtosis,Cornish-Fisher VaR (5%),Historic CVaR (5%)
Mean Return,18.949102876477642,22.107472634825275,0.5315004914539467,-39.575228922184955,-0.7187557904087494,6.238556525457963,0.050500141925671455,0.07319890568329451
