,Annualized Return,Annualized Vol,Sharpe Ratio,Max Drawdown,Skewness,Kurtosis,Cornish-Fisher VaR (5%),Historic CVaR (5%)
Mean Return,15.603249934878495,20.252148689189294,0.4214755973325497,-38.14340197455079,-1.4188567153687779,12.05237894924288,0.048067117830021065,0.06449630205130236
