,Annualized Return,Annualized Vol,Sharpe Ratio,Max Drawdown,Skewness,Kurtosis,Cornish-Fisher VaR (5%),Historic CVaR (5%)
Mean Return,23.96115740062008,25.794575903541233,0.6571123981113279,-45.54057175207194,-0.39167989659167746,5.116043227218346,0.05844372415189898,0.08214562146379459
