,Annualized Return,Annualized Vol,Sharpe Ratio,Max Drawdown,Skewness,Kurtosis,Cornish-Fisher VaR (5%),Historic CVaR (5%)
Mean Return,18.813874350614345,22.21954649647163,0.5241495963903875,-40.675139732004574,-0.8005177857070377,5.860875938942192,0.052167606449143936,0.07356109850400125
