,Annualized Return,Annualized Vol,Sharpe Ratio,Max Drawdown,Skewness,Kurtosis,Cornish-Fisher VaR (5%),Historic CVaR (5%)
Mean Return,13.494009477687374,21.792523325523728,0.3032831502446088,-41.62749207516791,-1.0129153711948267,7.571238424164267,0.05204779273638411,0.07465689946891164
