,Annualized Return,Annualized Vol,Sharpe Ratio,Max Drawdown,Skewness,Kurtosis,Cornish-Fisher VaR (5%),Historic CVaR (5%)
Mean Return,12.561980371394155,26.589962038941646,0.2148405384358879,-61.009160177036215,-1.1561734915614428,10.548568719485974,0.06315074892518806,0.08947265146542552
