,Annualized Return,Annualized Vol,Sharpe Ratio,Max Drawdown,Skewness,Kurtosis,Cornish-Fisher VaR (5%),Historic CVaR (5%)
Mean Return,9.97808120230359,21.445673141851536,0.15316590630988838,-56.85205564038909,-1.1708007852077138,8.533438258266024,0.052365244045706735,0.07665851780958063
