,Annualized Return,Annualized Vol,Sharpe Ratio,Max Drawdown,Skewness,Kurtosis,Cornish-Fisher VaR (5%),Historic CVaR (5%)
Mean Return,18.319282696027006,20.25785625918264,0.5508110794425459,-39.617594459556734,-0.8304248807335902,6.511870437095695,0.046777696813922374,0.0674235887495417
