,Annualized Return,Annualized Vol,Sharpe Ratio,Max Drawdown,Skewness,Kurtosis,Cornish-Fisher VaR (5%),Historic CVaR (5%)
Mean Return,26.35144947573016,19.372680437755804,0.9698436622879704,-31.703033742272318,-1.1258444126595637,7.938910493587177,0.044930797862126344,0.06290489266894385
