,Annualized Return,Annualized Vol,Sharpe Ratio,Max Drawdown,Skewness,Kurtosis,Cornish-Fisher VaR (5%),Historic CVaR (5%)
Mean Return,27.454690996739007,22.15673998690476,0.8873168229651714,-36.6381876386616,-0.7727546161165146,7.175788695967358,0.049179007809886155,0.07038820260830365
