,Annualized Return,Annualized Vol,Sharpe Ratio,Max Drawdown,Skewness,Kurtosis,Cornish-Fisher VaR (5%),Historic CVaR (5%)
Mean Return,26.666372639713522,29.124116320347394,0.6499440732616647,-40.424518098607734,-0.40341957712618937,5.564176242936444,0.06342935744675185,0.09043428169127103
