,Annualized Return,Annualized Vol,Sharpe Ratio,Max Drawdown,Skewness,Kurtosis,Cornish-Fisher VaR (5%),Historic CVaR (5%)
Mean Return,30.85468419308752,28.456878071618206,0.8054232652264173,-55.5184518517525,-0.427404395632381,5.401579288248988,0.061609683810324306,0.08843592015466213
