,Annualized Return,Annualized Vol,Sharpe Ratio,Max Drawdown,Skewness,Kurtosis,Cornish-Fisher VaR (5%),Historic CVaR (5%)
Mean Return,19.932429739907164,21.579776714742277,0.6055167472823455,-31.850380970396643,-0.8933578196876913,5.835541572692035,0.05202050791472655,0.07430343162965103
