,Annualized Return,Annualized Vol,Sharpe Ratio,Max Drawdown,Skewness,Kurtosis,Cornish-Fisher VaR (5%),Historic CVaR (5%)
Mean Return,19.927090805296622,23.58540371565444,0.5575768263714042,-31.893968998833106,-0.6388368092275059,5.290871226493509,0.05591781609378698,0.0782844298441745
