,Annualized Return,Annualized Vol,Sharpe Ratio,Max Drawdown,Skewness,Kurtosis,Cornish-Fisher VaR (5%),Historic CVaR (5%)
Mean Return,19.463498938626245,20.21462973875743,0.6289401374463321,-28.955244245609506,-0.7071451651719904,6.232629453706997,0.047500033484633684,0.06640738896896656
