,Annualized Return,Annualized Vol,Sharpe Ratio,Max Drawdown,Skewness,Kurtosis,Cornish-Fisher VaR (5%),Historic CVaR (5%)
Mean Return,16.698191763089554,21.28324728617606,0.4553792247020706,-38.03853468079854,-0.9244132541909541,6.746596638212712,0.050577498146222366,0.0711417037714995
