,Annualized Return,Annualized Vol,Sharpe Ratio,Max Drawdown,Skewness,Kurtosis,Cornish-Fisher VaR (5%),Historic CVaR (5%)
Mean Return,25.573985953753354,20.726021555043037,0.8633131911983817,-36.035656682109504,-1.2049113504352151,9.818654062820308,0.04752811301825667,0.06537140136215311
