,Annualized Return,Annualized Vol,Sharpe Ratio,Max Drawdown,Skewness,Kurtosis,Cornish-Fisher VaR (5%),Historic CVaR (5%)
Mean Return,22.710896712979768,21.500700272682675,0.7122098065578732,-36.11900187546209,-0.9751248251709582,6.767580741568167,0.050523156063439476,0.07250083157225615
