,Annualized Return,Annualized Vol,Sharpe Ratio,Max Drawdown,Skewness,Kurtosis,Cornish-Fisher VaR (5%),Historic CVaR (5%)
Mean Return,15.280421255073339,30.60643928719295,0.27007499069926905,-75.31587357550123,-1.1220428244076301,8.280387552930774,0.07404660040887781,0.10505077513345047
