,Annualized Return,Annualized Vol,Sharpe Ratio,Max Drawdown,Skewness,Kurtosis,Cornish-Fisher VaR (5%),Historic CVaR (5%)
Mean Return,11.259742068238232,22.01164074716134,0.20479689771652873,-38.09446378128722,-0.8104954647155488,6.9662830090419705,0.05180792391335854,0.07388316255755158
