,Annualized Return,Annualized Vol,Sharpe Ratio,Max Drawdown,Skewness,Kurtosis,Cornish-Fisher VaR (5%),Historic CVaR (5%)
Mean Return,24.430279351026506,24.399978316230342,0.6896605392667201,-47.865226505483,-0.6796344350700018,5.92551726044364,0.05507286099286081,0.07997346977509184
