,Annualized Return,Annualized Vol,Sharpe Ratio,Max Drawdown,Skewness,Kurtosis,Cornish-Fisher VaR (5%),Historic CVaR (5%)
Mean Return,29.515674914446176,22.690556507675662,0.9570133959329503,-32.79025073025979,1.292037967904472,23.464210710115438,0.020921373525002243,0.06816696172271093
