,Annualized Return,Annualized Vol,Sharpe Ratio,Max Drawdown,Skewness,Kurtosis,Cornish-Fisher VaR (5%),Historic CVaR (5%)
Mean Return,20.581426321473927,20.353498418283905,0.6512186829979919,-43.44354999647563,-1.367225218107534,9.904135574223538,0.048381365972906126,0.06708741220317464
