,Annualized Return,Annualized Vol,Sharpe Ratio,Max Drawdown,Skewness,Kurtosis,Cornish-Fisher VaR (5%),Historic CVaR (5%)
Mean Return,10.312669322493306,25.686681577641856,0.140033715818192,-48.763645344146276,-0.9898508087471309,6.566408180880546,0.06276679889086204,0.08785906243932864
