,Annualized Return,Annualized Vol,Sharpe Ratio,Max Drawdown,Skewness,Kurtosis,Cornish-Fisher VaR (5%),Historic CVaR (5%)
Mean Return,20.59083636572272,23.658714481255505,0.56509591833467,-44.68118183502708,-0.7733846062293875,6.60259961434461,0.05471310558980374,0.07934075681865159
