,Annualized Return,Annualized Vol,Sharpe Ratio,Max Drawdown,Skewness,Kurtosis,Cornish-Fisher VaR (5%),Historic CVaR (5%)
Mean Return,20.095525584571483,21.567021857424624,0.5948385684502585,-38.499209934634514,-0.840782451674769,6.401414307706676,0.049838508536746595,0.07015869679709975
