,Annualized Return,Annualized Vol,Sharpe Ratio,Max Drawdown,Skewness,Kurtosis,Cornish-Fisher VaR (5%),Historic CVaR (5%)
Mean Return,17.38484806452334,20.070304222755063,0.5312689619553785,-30.339389925096977,-0.9477103547530521,6.217301570661181,0.04876164076012471,0.0682645397437685
