,Annualized Return,Annualized Vol,Sharpe Ratio,Max Drawdown,Skewness,Kurtosis,Cornish-Fisher VaR (5%),Historic CVaR (5%)
Mean Return,17.792359323294924,22.290223352028125,0.476875467481406,-42.92729598353146,-1.0924124186740225,8.162555085086225,0.0528133816575487,0.072329919692855
