,Annualized Return,Annualized Vol,Sharpe Ratio,Max Drawdown,Skewness,Kurtosis,Cornish-Fisher VaR (5%),Historic CVaR (5%)
Mean Return,21.904044759346487,20.35871446729547,0.7161363700651522,-33.46189859835041,-1.141294930315507,8.102339730227062,0.048149780963786415,0.07003769600950083
