,Annualized Return,Annualized Vol,Sharpe Ratio,Max Drawdown,Skewness,Kurtosis,Cornish-Fisher VaR (5%),Historic CVaR (5%)
Mean Return,19.035432827520225,20.365247936184215,0.576772877306433,-30.37875027474735,-1.3155266352351989,10.126393815084244,0.04822052888561533,0.06573564218657318
