,Annualized Return,Annualized Vol,Sharpe Ratio,Max Drawdown,Skewness,Kurtosis,Cornish-Fisher VaR (5%),Historic CVaR (5%)
Mean Return,24.433488185281615,20.33358610645347,0.8352131139581801,-33.461898598350395,-0.9787353406562479,7.5089405849148685,0.04689149765111567,0.0656417363645076
