,Annualized Return,Annualized Vol,Skewness,Kurtosis,Cornish-Fisher VaR (5%),Historic CVaR (5%),Sharpe Ratio,Max Drawdown
Mean Return,0.11517419404702478,0.2168677072070023,-0.9985726458237927,7.592269017590049,0.052013055311935334,0.07397686209242603,0.21736383813057328,-0.3960771059824793
