,Annualized Return,Annualized Vol,Sharpe Ratio,Max Drawdown,Skewness,Kurtosis,Cornish-Fisher VaR (5%),Historic CVaR (5%)
Mean Return,16.94794297963096,23.487627899731443,0.41885311638861394,-50.36355619090723,-1.3415169098624928,13.652135169847279,0.054242813767009734,0.07725974768046856
