,Annualized Return,Annualized Vol,Sharpe Ratio,Max Drawdown,Skewness,Kurtosis,Cornish-Fisher VaR (5%),Historic CVaR (5%)
Mean Return,17.928576037232613,21.022738208568736,0.5161053561056008,-36.34283604804205,-0.9487411296621615,6.834833187821171,0.049847174266008085,0.06999615683438289
