,Annualized Return,Annualized Vol,Sharpe Ratio,Max Drawdown,Skewness,Kurtosis,Cornish-Fisher VaR (5%),Historic CVaR (5%)
Mean Return,21.548843819717778,23.625555107452946,0.6175591859837268,-36.25840451929063,-0.8266670240409357,6.268901898283866,0.056126179543357635,0.08044371045776126
