,Annualized Return,Annualized Vol,Sharpe Ratio,Max Drawdown,Skewness,Kurtosis,Cornish-Fisher VaR (5%),Historic CVaR (5%)
Mean Return,16.649990727971176,20.957181119553965,0.45423649301765445,-41.8189013972527,-1.4390421991334752,11.597241848125904,0.05005058036468026,0.06784879035350329
