,Annualized Return,Annualized Vol,Sharpe Ratio,Max Drawdown,Skewness,Kurtosis,Cornish-Fisher VaR (5%),Historic CVaR (5%)
Mean Return,17.81708939368334,20.242692950952172,0.5244756540321716,-34.09851330459453,-1.6210213644709524,13.40454735170458,0.04819955449767013,0.0657792693967603
