,Annualized Return,Annualized Vol,Sharpe Ratio,Max Drawdown,Skewness,Kurtosis,Cornish-Fisher VaR (5%),Historic CVaR (5%)
Mean Return,13.40298264319495,21.342707017487918,0.305670357505023,-39.607710598247934,-0.9872242044057413,7.604691137665926,0.05074102395117034,0.07230226280977266
