,Annualized Return,Annualized Vol,Sharpe Ratio,Max Drawdown,Skewness,Kurtosis,Cornish-Fisher VaR (5%),Historic CVaR (5%)
Mean Return,17.750817750214807,20.064242393383815,0.5252531837586228,-30.462550362427926,-1.3189353927481284,10.65734742121022,0.0473971243767926,0.06429810698531967
