,Annualized Return,Annualized Vol,Sharpe Ratio,Max Drawdown,Skewness,Kurtosis,Cornish-Fisher VaR (5%),Historic CVaR (5%)
Mean Return,15.38099365311667,20.84905238390889,0.39953798769742843,-44.45248179089183,-1.0709184252370958,7.830516107071404,0.049679004494645615,0.07143012933900471
