,Annualized Return,Annualized Vol,Sharpe Ratio,Max Drawdown,Skewness,Kurtosis,Cornish-Fisher VaR (5%),Historic CVaR (5%)
Mean Return,9.13361149287477,28.491285548647028,0.08797031283955181,-59.43768978196513,-0.6679136876517139,5.836860642630314,0.06731474766357723,0.09521723730430465
