,Annualized Return,Annualized Vol,Sharpe Ratio,Max Drawdown,Skewness,Kurtosis,Cornish-Fisher VaR (5%),Historic CVaR (5%)
Mean Return,22.251617773504904,21.006360630499387,0.7084074122834929,-33.43018830044538,-0.9377193036674054,6.280996810786601,0.0493696332362458,0.07069534686791111
