,Annualized Return,Annualized Vol,Sharpe Ratio,Max Drawdown,Skewness,Kurtosis,Cornish-Fisher VaR (5%),Historic CVaR (5%)
Mean Return,23.55318017878032,28.059184668618975,0.5757912384145647,-47.444443565782294,-0.2978640747831674,6.410226315613586,0.0602013838101823,0.087829901396308
