,Annualized Return,Annualized Vol,Sharpe Ratio,Max Drawdown,Skewness,Kurtosis,Cornish-Fisher VaR (5%),Historic CVaR (5%)
Mean Return,18.928876275027417,19.04811524102964,0.6404164588581476,-28.111426099477583,-0.7894556328636331,7.827526576168096,0.04434551328645404,0.05915422749586615
