,Annualized Return,Annualized Vol,Sharpe Ratio,Max Drawdown,Skewness,Kurtosis,Cornish-Fisher VaR (5%),Historic CVaR (5%)
Mean Return,23.705542360273668,19.928812466583175,0.8103332941206818,-29.538465714052364,-0.920117803935008,7.637891800584257,0.04514544399082993,0.0620091050047903
