,Annualized Return,Annualized Vol,Sharpe Ratio,Max Drawdown,Skewness,Kurtosis,Cornish-Fisher VaR (5%),Historic CVaR (5%)
Mean Return,-1.5842529246839598,26.845909140719158,-0.2826451303874105,-70.53272960125926,-0.7501291233280808,6.020475826324093,0.06602053287605941,0.09262090100374847
