,Annualized Return,Annualized Vol,Sharpe Ratio,Max Drawdown,Skewness,Kurtosis,Cornish-Fisher VaR (5%),Historic CVaR (5%)
Mean Return,22.162601071036892,18.895612163301294,0.7844866712328478,-30.50082476285274,-1.2020673488804374,7.93740534248737,0.04487149849677419,0.06484616984617524
