,Annualized Return,Annualized Vol,Sharpe Ratio,Max Drawdown,Skewness,Kurtosis,Cornish-Fisher VaR (5%),Historic CVaR (5%)
Mean Return,19.84408019017545,23.157937146052824,0.5400010150809211,-31.867487873931715,-1.0767418292908792,8.290733312795462,0.054453574618242705,0.07677970824482057
