,Annualized Return,Annualized Vol,Sharpe Ratio,Max Drawdown,Skewness,Kurtosis,Cornish-Fisher VaR (5%),Historic CVaR (5%)
Mean Return,12.289273113950273,28.02742316027625,0.19331393323815396,-52.90829764590984,-1.0935564477128756,9.280647770745842,0.06710896805484459,0.09108039251336443
