,Annualized Return,Annualized Vol,Sharpe Ratio,Max Drawdown,Skewness,Kurtosis,Cornish-Fisher VaR (5%),Historic CVaR (5%)
Mean Return,23.290195213212606,24.312268432206206,0.6501735902810623,-58.298139335693556,-0.773285786257029,8.022145552469476,0.054393840993733546,0.07640927317214545
