,Annualized Return,Annualized Vol,Sharpe Ratio,Max Drawdown,Skewness,Kurtosis,Cornish-Fisher VaR (5%),Historic CVaR (5%)
Mean Return,18.384183387983132,28.43319850986817,0.39875106063340876,-54.262410365940205,-0.3280602310874203,5.684197804590598,0.06277515999005522,0.08687676914683029
