,Annualized Return,Annualized Vol,Sharpe Ratio,Max Drawdown,Skewness,Kurtosis,Cornish-Fisher VaR (5%),Historic CVaR (5%)
Mean Return,23.09025162880216,20.28348499128747,0.7670564842520274,-35.17056554916838,-1.212817041047364,9.99403973178703,0.046766355406503035,0.06402975310033833
