,Annualized Return,Annualized Vol,Sharpe Ratio,Max Drawdown,Skewness,Kurtosis,Cornish-Fisher VaR (5%),Historic CVaR (5%)
Mean Return,20.348402784866536,25.1825454606742,0.5379350708244638,-45.54057175207194,-0.4973504515551224,5.437385623815823,0.058360181127869996,0.081385504800953
