,Annualized Return,Annualized Vol,Sharpe Ratio,Max Drawdown,Skewness,Kurtosis,Cornish-Fisher VaR (5%),Historic CVaR (5%)
Mean Return,25.30060642091547,21.125709704196428,0.8349662061716844,-30.37875027474735,-1.0629972139100459,8.539777625397436,0.0483191712355256,0.06579886603914895
