,Annualized Return,Annualized Vol,Sharpe Ratio,Max Drawdown,Skewness,Kurtosis,Cornish-Fisher VaR (5%),Historic CVaR (5%)
Mean Return,19.386834828452983,23.8556146078439,0.5061830993604212,-36.79677699242928,-1.0593416858266107,7.823538984591055,0.056426646494859053,0.07980558078411307
