,Annualized Return,Annualized Vol,Sharpe Ratio,Max Drawdown,Skewness,Kurtosis,Cornish-Fisher VaR (5%),Historic CVaR (5%)
Mean Return,26.648811036691768,22.046883988022348,0.8622896890716083,-36.11900187546209,-0.8316448442896903,6.35318729261383,0.05044241620841651,0.07250482564164738
