,Annualized Return,Annualized Vol,Sharpe Ratio,Max Drawdown,Skewness,Kurtosis,Cornish-Fisher VaR (5%),Historic CVaR (5%)
Mean Return,23.24781539825429,22.789384614556862,0.7146418044356012,-35.390562319433705,-0.8517362277871494,6.676691422954426,0.05419741630530611,0.07767319185770023
