,Annualized Return,Annualized Vol,Sharpe Ratio,Max Drawdown,Skewness,Kurtosis,Cornish-Fisher VaR (5%),Historic CVaR (5%)
Mean Return,12.033005055045054,23.54304828790583,0.2223492419471505,-43.50055859735704,-0.788220225236974,5.687767147669767,0.05604287240887016,0.0816647639992395
