,Annualized Return,Annualized Vol,Sharpe Ratio,Max Drawdown,Skewness,Kurtosis,Cornish-Fisher VaR (5%),Historic CVaR (5%)
Mean Return,9.972970015183492,17.76240531333296,0.18546943124815546,-36.207389982049186,-0.6933075312884691,11.422614000499573,0.038766490372886486,0.054940608702044993
