,Annualized Return,Annualized Vol,Sharpe Ratio,Max Drawdown,Skewness,Kurtosis,Cornish-Fisher VaR (5%),Historic CVaR (5%)
Mean Return,14.073389267105929,24.44252395541939,0.29113340884795263,-47.26125400511424,-0.8725805646922833,6.535648986006168,0.05805802797368212,0.08453966003033092
