,Annualized Return,Annualized Vol,Sharpe Ratio,Max Drawdown,Skewness,Kurtosis,Cornish-Fisher VaR (5%),Historic CVaR (5%)
Mean Return,14.530854240692292,17.146109269426503,0.4421346721468592,-32.405355301710905,-1.0031628397187284,12.2692833745937,0.03803183787942737,0.05603059301389218
