,Annualized Return,Annualized Vol,Sharpe Ratio,Max Drawdown,Skewness,Kurtosis,Cornish-Fisher VaR (5%),Historic CVaR (5%)
Mean Return,15.885224319994862,20.285912617483262,0.435748948470749,-38.07727010605198,-1.4768367941108551,14.657814518190309,0.046987780608398755,0.06566391197321018
