,Annualized Return,Annualized Vol,Sharpe Ratio,Max Drawdown,Skewness,Kurtosis,Cornish-Fisher VaR (5%),Historic CVaR (5%)
Mean Return,27.574396419348666,20.86338294634916,0.955702155228167,-35.64481679427304,-0.9334029398973405,6.047991086387706,0.0482564767660201,0.06949775214991905
