,Annualized Return,Annualized Vol,Sharpe Ratio,Max Drawdown,Skewness,Kurtosis,Cornish-Fisher VaR (5%),Historic CVaR (5%)
Mean Return,10.176289948186579,17.20543006000664,0.19874148048247925,-37.959280090284444,-1.371826120004372,10.865586423704187,0.041714862298444094,0.0562783188427736
