,Annualized Return,Annualized Vol,Sharpe Ratio,Max Drawdown,Skewness,Kurtosis,Cornish-Fisher VaR (5%),Historic CVaR (5%)
Mean Return,14.6151277223858,26.03255644086942,0.2935710557916324,-60.26115537175849,-0.9563306127824382,6.93232369922814,0.06232423030529909,0.08999330780940795
