,Annualized Return,Annualized Vol,Sharpe Ratio,Max Drawdown,Skewness,Kurtosis,Cornish-Fisher VaR (5%),Historic CVaR (5%)
Mean Return,8.165582398706217,20.9868923577282,0.09336829506054681,-36.11564293831995,-0.44532316099625074,4.8820600359995625,0.04973385021321634,0.06992113609944653
