,Annualized Return,Annualized Vol,Sharpe Ratio,Max Drawdown,Skewness,Kurtosis,Cornish-Fisher VaR (5%),Historic CVaR (5%)
Mean Return,10.50066080570522,22.99088186957453,0.16422516794050962,-58.363988134892296,-0.9940393616415093,7.060103119109899,0.05572104366743433,0.07999195319643262
