,Annualized Return,Annualized Vol,Sharpe Ratio,Max Drawdown,Skewness,Kurtosis,Cornish-Fisher VaR (5%),Historic CVaR (5%)
Mean Return,30.89928055109221,22.566270964159695,1.0146917803907245,-36.17931473202722,-0.7739904128714749,5.531239403936527,0.050700335408464935,0.07085668464726305
