,Annualized Return,Annualized Vol,Sharpe Ratio,Max Drawdown,Skewness,Kurtosis,Cornish-Fisher VaR (5%),Historic CVaR (5%)
Mean Return,9.652573326547497,22.033290509678626,0.13365905575561654,-44.80150510026204,-0.937651241141301,9.042783645245017,0.051861027166931195,0.07389241081498564
