,Annualized Return,Annualized Vol,Sharpe Ratio,Max Drawdown,Skewness,Kurtosis,Cornish-Fisher VaR (5%),Historic CVaR (5%)
Mean Return,17.798295845767086,24.133135670429652,0.4444655249774819,-45.49121214281565,-0.8858985578700733,5.906696434159502,0.05774804247006065,0.08194323975121552
