,Annualized Return,Annualized Vol,Sharpe Ratio,Max Drawdown,Skewness,Kurtosis,Cornish-Fisher VaR (5%),Historic CVaR (5%)
Mean Return,13.256462900715427,18.590540548798867,0.3441721500578517,-32.35268928933256,-0.7952830794685655,9.205630335115607,0.04189341192451095,0.06175798322592121
