,Annualized Return,Annualized Vol,Sharpe Ratio,Max Drawdown,Skewness,Kurtosis,Cornish-Fisher VaR (5%),Historic CVaR (5%)
Mean Return,4.938443042594809,31.492336277830095,-0.0473910761599435,-60.50673376890806,-1.217215954672598,8.18285820880036,0.07912894546565458,0.11494388071470091
