,Annualized Return,Annualized Vol,Sharpe Ratio,Max Drawdown,Skewness,Kurtosis,Cornish-Fisher VaR (5%),Historic CVaR (5%)
Mean Return,7.787670629664634,18.36529338573821,0.06771952594779432,-34.81112440840815,-0.8448849927129056,10.965708429836932,0.041731817230983785,0.06030972502007638
