,Annualized Return,Annualized Vol,Sharpe Ratio,Max Drawdown,Skewness,Kurtosis,Cornish-Fisher VaR (5%),Historic CVaR (5%)
Mean Return,19.417436660911534,17.987153849527996,0.6757366274285598,-32.70223813952432,-0.928986028095177,10.860347731592327,0.03947733238177187,0.055347242998944064
