,Annualized Return,Annualized Vol,Sharpe Ratio,Max Drawdown,Skewness,Kurtosis,Cornish-Fisher VaR (5%),Historic CVaR (5%)
Mean Return,13.188874634082115,22.66989994503234,0.2786665191730298,-56.71566904945611,-0.8008222567129829,11.041619831048719,0.05042191506862519,0.07630511793485295
