,Annualized Return,Annualized Vol,Sharpe Ratio,Max Drawdown,Skewness,Kurtosis,Cornish-Fisher VaR (5%),Historic CVaR (5%)
Mean Return,17.993273323782777,22.08355295791082,0.4883859058629737,-45.510065137099076,-0.8220854981640748,5.725630431128787,0.05173459488916209,0.07298949629850852
