,Annualized Return,Annualized Vol,Sharpe Ratio,Max Drawdown,Skewness,Kurtosis,Cornish-Fisher VaR (5%),Historic CVaR (5%)
Mean Return,14.747872350031432,16.712842195641205,0.4701593835115628,-29.68227191764979,-1.1898988352630038,9.775964612762492,0.03956224799630168,0.05313739022623578
