,Annualized Return,Annualized Vol,Sharpe Ratio,Max Drawdown,Skewness,Kurtosis,Cornish-Fisher VaR (5%),Historic CVaR (5%)
Mean Return,18.952855413536195,24.066648374435545,0.4884270726243034,-46.51361682345266,-0.7869538247465281,5.666452494303711,0.056172045498887775,0.08030487150973509
