,Annualized Return,Annualized Vol,Sharpe Ratio,Max Drawdown,Skewness,Kurtosis,Cornish-Fisher VaR (5%),Historic CVaR (5%)
Mean Return,26.152974900609326,24.23731980881832,0.7627231506437111,-58.59539971832398,-0.8307758485324072,6.206434056379221,0.055500523220617486,0.081192267125445
