,Annualized Return,Annualized Vol,Sharpe Ratio,Max Drawdown,Skewness,Kurtosis,Cornish-Fisher VaR (5%),Historic CVaR (5%)
Mean Return,24.43557373521992,21.5692011378035,0.7869463381063645,-39.136184850051556,-0.9008720316391219,6.041339336579768,0.050285543446320545,0.07099746257056995
