,Annualized Return,Annualized Vol,Sharpe Ratio,Max Drawdown,Skewness,Kurtosis,Cornish-Fisher VaR (5%),Historic CVaR (5%)
Mean Return,10.009723316829277,17.18612628553172,0.1898566533609793,-37.77107676396015,-1.308582962573292,10.638300417162696,0.04145267427495572,0.05525610590080459
