,Annualized Return,Annualized Vol,Sharpe Ratio,Max Drawdown,Skewness,Kurtosis,Cornish-Fisher VaR (5%),Historic CVaR (5%)
Mean Return,31.497184044138194,24.15687959050504,0.971138379394258,-37.20776561302608,-0.8406742942917151,5.6802669429751615,0.054953087003615654,0.08036203323543215
