,Annualized Return,Annualized Vol,Sharpe Ratio,Max Drawdown,Skewness,Kurtosis,Cornish-Fisher VaR (5%),Historic CVaR (5%)
Mean Return,9.342096523441201,17.98418805071568,0.15044403287718155,-33.00666204714496,-0.8955379348611917,10.69071153528697,0.041020621968320764,0.058451182809185154
