,Annualized Return,Annualized Vol,Sharpe Ratio,Max Drawdown,Skewness,Kurtosis,Cornish-Fisher VaR (5%),Historic CVaR (5%)
Mean Return,15.737421476890834,23.546642280693614,0.3757312050858726,-41.62346391786826,-0.8304832382986291,5.500638068156872,0.05643648704780403,0.08124582974601849
