,Annualized Return,Annualized Vol,Sharpe Ratio,Max Drawdown,Skewness,Kurtosis,Cornish-Fisher VaR (5%),Historic CVaR (5%)
Mean Return,30.85493713365881,22.272638192123566,1.0263738147805699,-35.6070847311633,-0.9212681266698556,6.426139371490114,0.050555780744712404,0.07069082531025657
