,Annualized Return,Annualized Vol,Sharpe Ratio,Max Drawdown,Skewness,Kurtosis,Cornish-Fisher VaR (5%),Historic CVaR (5%)
Mean Return,8.343668957030248,31.30543427655581,0.056652364270494034,-57.82686146032086,-0.4918714338633569,5.568128182468978,0.07242968226628739,0.10414762913232258
