,Annualized Return,Annualized Vol,Sharpe Ratio,Max Drawdown,Skewness,Kurtosis,Cornish-Fisher VaR (5%),Historic CVaR (5%)
Mean Return,22.52867412140589,23.537432215074492,0.6592437934084969,-43.55565505686248,-0.7017624988054598,7.105697190186378,0.05409409829786418,0.0815711230420844
