,Annualized Return,Annualized Vol,Sharpe Ratio,Max Drawdown,Skewness,Kurtosis,Cornish-Fisher VaR (5%),Historic CVaR (5%)
Mean Return,12.093736528532851,18.94116082440404,0.27575156878755974,-35.596315747965,-0.5354988629307963,8.849359508782237,0.0413895615753145,0.05668751710176522
