,Annualized Return,Annualized Vol,Sharpe Ratio,Max Drawdown,Skewness,Kurtosis,Cornish-Fisher VaR (5%),Historic CVaR (5%)
Mean Return,32.132931978228264,24.288311594931688,0.9951193994733241,-29.84623223891535,-0.6233731717417761,4.668338931535047,0.054496749861940356,0.07870786689021315
