,Annualized Return,Annualized Vol,Sharpe Ratio,Max Drawdown,Skewness,Kurtosis,Cornish-Fisher VaR (5%),Historic CVaR (5%)
Mean Return,11.614982267879626,19.207807331662973,0.25272305890977403,-34.83809852729345,-0.753355158931692,9.767083805725385,0.04305029425201675,0.06467516160386746
