,Annualized Return,Annualized Vol,Sharpe Ratio,Max Drawdown,Skewness,Kurtosis,Cornish-Fisher VaR (5%),Historic CVaR (5%)
Mean Return,10.541110951231403,17.981008298440248,0.2092264070460905,-39.208731122381074,-1.483285310011637,10.8807393565507,0.044233443111368044,0.06086025269780781
