,Annualized Return,Annualized Vol,Sharpe Ratio,Max Drawdown,Skewness,Kurtosis,Cornish-Fisher VaR (5%),Historic CVaR (5%)
Mean Return,12.140344661142866,16.66109417143519,0.32227728500104663,-30.485666000814614,-0.9120637802769685,6.617679385015179,0.03979619576517929,0.05550755362884992
