,Annualized Return,Annualized Vol,Sharpe Ratio,Max Drawdown,Skewness,Kurtosis,Cornish-Fisher VaR (5%),Historic CVaR (5%)
Mean Return,25.983127796926375,22.082506281165767,0.8276787796351555,-36.27344073796173,-1.009682651691689,6.944551465432636,0.05115940520359045,0.07168626900211304
