,Annualized Return,Annualized Vol,Sharpe Ratio,Max Drawdown,Skewness,Kurtosis,Cornish-Fisher VaR (5%),Historic CVaR (5%)
Mean Return,11.730939254062633,19.380259602490703,0.2571534802654354,-31.6550207064161,-0.6582087494297103,6.883644946198296,0.04477621912663627,0.0631380993095003
