,Annualized Return,Annualized Vol,Sharpe Ratio,Max Drawdown,Skewness,Kurtosis,Cornish-Fisher VaR (5%),Historic CVaR (5%)
Mean Return,13.871543578865019,26.727587745690002,0.26524237170170956,-43.908213191733225,-0.4941826824401814,4.402817207584036,0.06225754734516343,0.08854323559596676
