,Annualized Return,Annualized Vol,Sharpe Ratio,Max Drawdown,Skewness,Kurtosis,Cornish-Fisher VaR (5%),Historic CVaR (5%)
Mean Return,11.745731527753822,19.030704807613272,0.26261294273133595,-30.636939739973602,-0.6307302567197565,6.8403864532309635,0.04376703994299125,0.061956851108498155
