,Annualized Return,Annualized Vol,Sharpe Ratio,Max Drawdown,Skewness,Kurtosis,Cornish-Fisher VaR (5%),Historic CVaR (5%)
Mean Return,16.33407231478696,15.380485424898794,0.6088925935768538,-28.396478871569876,-1.0086177836123367,8.184861766921289,0.03569960672056606,0.04835767496630216
