,Annualized Return,Annualized Vol,Sharpe Ratio,Max Drawdown,Skewness,Kurtosis,Cornish-Fisher VaR (5%),Historic CVaR (5%)
Mean Return,11.099695635038586,16.874571692712014,0.2550218059687227,-31.18769012968864,-1.6715660728495918,16.22306505882962,0.03977532898651612,0.05326558673102332
