,Annualized Return,Annualized Vol,Sharpe Ratio,Max Drawdown,Skewness,Kurtosis,Cornish-Fisher VaR (5%),Historic CVaR (5%)
Mean Return,10.351578620530798,30.469173922047226,0.12161089909842022,-50.71321282836242,-0.6305197338925715,5.2804091846107655,0.07258882084730192,0.10574860951951577
