,Annualized Return,Annualized Vol,Sharpe Ratio,Max Drawdown,Skewness,Kurtosis,Cornish-Fisher VaR (5%),Historic CVaR (5%)
Mean Return,16.57675063885622,16.41803686158813,0.5776481206894061,-33.33058829252702,-0.8861718146834806,11.687063109235272,0.03560247670348881,0.0504420342658408
