,Annualized Return,Annualized Vol,Sharpe Ratio,Max Drawdown,Skewness,Kurtosis,Cornish-Fisher VaR (5%),Historic CVaR (5%)
Mean Return,9.54729121514486,22.279501180058105,0.1300510166116388,-42.86095149954836,-0.6588655591292644,10.512077797649788,0.04934982349380109,0.07062641999393578
