,Annualized Return,Annualized Vol,Sharpe Ratio,Max Drawdown,Skewness,Kurtosis,Cornish-Fisher VaR (5%),Historic CVaR (5%)
Mean Return,31.114225277424534,22.20553831583874,1.045325028335865,-31.974585568884674,-0.9545711441826475,5.551038273700296,0.05161813256604574,0.07596194104786193
