,Annualized Return,Annualized Vol,Sharpe Ratio,Max Drawdown,Skewness,Kurtosis,Cornish-Fisher VaR (5%),Historic CVaR (5%)
Mean Return,31.916790650034233,30.94250206997749,0.7712413456060634,-47.83097121075637,-0.10271067061313147,4.04087047774677,0.06462111778095304,0.08981516350605064
