,Annualized Return,Annualized Vol,Sharpe Ratio,Max Drawdown,Skewness,Kurtosis,Cornish-Fisher VaR (5%),Historic CVaR (5%)
Mean Return,15.563378251564664,16.29744958739403,0.5234573056569366,-31.010848931819506,-0.8478882448233566,9.173992700386838,0.036417803459841865,0.050509113532474066
