,Annualized Return,Annualized Vol,Sharpe Ratio,Max Drawdown,Skewness,Kurtosis,Cornish-Fisher VaR (5%),Historic CVaR (5%)
Mean Return,12.897199889296473,16.068288579933693,0.3799495344082339,-28.876656939109086,-1.265413726415954,10.11223807391584,0.03851308909479487,0.05302860061346464
