,Annualized Return,Annualized Vol,Sharpe Ratio,Max Drawdown,Skewness,Kurtosis,Cornish-Fisher VaR (5%),Historic CVaR (5%)
Mean Return,7.859585937201774,18.390766631299186,0.07130287141668865,-34.81112440840815,-0.8405613372021077,10.915694392621367,0.04177625530365455,0.06030972502007638
