,Annualized Return,Annualized Vol,Sharpe Ratio,Max Drawdown,Skewness,Kurtosis,Cornish-Fisher VaR (5%),Historic CVaR (5%)
Mean Return,9.69470402784609,17.41243802832714,0.17038300563211514,-38.6083317124214,-1.4096985803975604,10.956149937296932,0.0424870059378679,0.05830089736539447
