,Annualized Return,Annualized Vol,Sharpe Ratio,Max Drawdown,Skewness,Kurtosis,Cornish-Fisher VaR (5%),Historic CVaR (5%)
Mean Return,6.1803195457319715,20.10239144847836,-0.007479347470118455,-33.83007824440791,-0.26078355763050665,5.029140563089127,0.04557690529290834,0.06091974603477599
