,Annualized Return,Annualized Vol,Sharpe Ratio,Max Drawdown,Skewness,Kurtosis,Cornish-Fisher VaR (5%),Historic CVaR (5%)
Mean Return,8.162523156237445,18.919262806010263,0.10353210877804082,-32.98171963470505,-0.45018242328332947,5.427085600358658,0.044449508407699394,0.06224876876032246
