,Annualized Return,Annualized Vol,Sharpe Ratio,Max Drawdown,Skewness,Kurtosis,Cornish-Fisher VaR (5%),Historic CVaR (5%)
Mean Return,23.029057016247556,29.85531810902396,0.5190523330906309,-46.350687264856056,-0.41216124666962395,4.531901182371448,0.06661034362844959,0.0942672759284292
