,Annualized Return,Annualized Vol,Sharpe Ratio,Max Drawdown,Skewness,Kurtosis,Cornish-Fisher VaR (5%),Historic CVaR (5%)
Mean Return,14.003162128134083,18.697255050005115,0.3761057145373511,-32.00489390857095,-1.368638927352172,14.018255015406773,0.043131750410685885,0.05892960884672275
