,Annualized Return,Annualized Vol,Sharpe Ratio,Max Drawdown,Skewness,Kurtosis,Cornish-Fisher VaR (5%),Historic CVaR (5%)
Mean Return,28.450882623736405,23.317500238714352,0.8838370222442771,-32.25949118881131,-0.6413415201685669,4.91607541830161,0.052195926262615364,0.07485765470485586
