,Annualized Return,Annualized Vol,Sharpe Ratio,Max Drawdown,Skewness,Kurtosis,Cornish-Fisher VaR (5%),Historic CVaR (5%)
Mean Return,20.60945496233424,23.240175413377127,0.5935986832027874,-33.24470622004947,-0.8743528545963856,5.924646830806364,0.0565217817166879,0.08191778318985511
