,Annualized Return,Annualized Vol,Sharpe Ratio,Max Drawdown,Skewness,Kurtosis,Cornish-Fisher VaR (5%),Historic CVaR (5%)
Mean Return,11.806272673322349,16.5067462651497,0.311851095006463,-28.899805298185033,-0.45072373158879064,5.485743454628106,0.03721359856384242,0.052104447661101685
