,Annualized Return,Annualized Vol,Sharpe Ratio,Max Drawdown,Skewness,Kurtosis,Cornish-Fisher VaR (5%),Historic CVaR (5%)
Mean Return,14.277101476772568,22.261301977700338,0.32997519714411117,-41.5067729484072,-0.8367199204529104,5.849071123198868,0.05279465661773007,0.07613327676992568
