,Annualized Return,Annualized Vol,Sharpe Ratio,Max Drawdown,Skewness,Kurtosis,Cornish-Fisher VaR (5%),Historic CVaR (5%)
Mean Return,6.467494017441977,29.09217789964837,-0.0023919823037957034,-48.12404283894999,-0.7974814658229513,5.72273460929652,0.07067888303408262,0.10385755795245645
