,Annualized Return,Annualized Vol,Sharpe Ratio,Max Drawdown,Skewness,Kurtosis,Cornish-Fisher VaR (5%),Historic CVaR (5%)
Mean Return,10.07459401125459,16.925013974433607,0.22714439507231843,-29.892522185210407,-0.9629805185641708,11.865585292960388,0.03971609108631727,0.050669343528610786
