,Annualized Return,Annualized Vol,Sharpe Ratio,Max Drawdown,Skewness,Kurtosis,Cornish-Fisher VaR (5%),Historic CVaR (5%)
Mean Return,14.880752159655497,27.395326404576448,0.288069050230953,-52.07869397181777,-0.6537211512538657,5.83935394051009,0.0635687512255477,0.09086788170636442
