,Annualized Return,Annualized Vol,Sharpe Ratio,Max Drawdown,Skewness,Kurtosis,Cornish-Fisher VaR (5%),Historic CVaR (5%)
Mean Return,26.39081843564497,23.306300567596303,0.8028018359663596,-57.014440963220004,-0.9273881776642073,6.786443320752884,0.053586088807533995,0.07759663820203233
