,Annualized Return,Annualized Vol,Sharpe Ratio,Max Drawdown,Skewness,Kurtosis,Cornish-Fisher VaR (5%),Historic CVaR (5%)
Mean Return,24.062700875392817,22.680487960048044,0.7262052188185832,-32.72546552885653,-0.8905202412107358,6.075234346774301,0.05256663252942222,0.07527208175310166
