,Annualized Return,Annualized Vol,Sharpe Ratio,Max Drawdown,Skewness,Kurtosis,Cornish-Fisher VaR (5%),Historic CVaR (5%)
Mean Return,10.47363330450024,16.939702307629425,0.24919736952691324,-28.958232443436994,-0.9570458890240305,12.243344948670345,0.039454602395512184,0.050905013953597755
