,Annualized Return,Annualized Vol,Sharpe Ratio,Max Drawdown,Skewness,Kurtosis,Cornish-Fisher VaR (5%),Historic CVaR (5%)
Mean Return,18.153140468343864,23.561653495441313,0.46482220628123677,-45.1803182863391,-0.9299689075975026,6.7532714408981365,0.055542687335008376,0.08040930740548041
