,Annualized Return,Annualized Vol,Sharpe Ratio,Max Drawdown,Skewness,Kurtosis,Cornish-Fisher VaR (5%),Historic CVaR (5%)
Mean Return,11.431190713376548,18.403404212535747,0.27858524128470635,-29.91055540776555,-0.6206256486098033,7.934371835239331,0.042891612420985846,0.0605733542160785
