,Annualized Return,Annualized Vol,Sharpe Ratio,Max Drawdown,Skewness,Kurtosis,Cornish-Fisher VaR (5%),Historic CVaR (5%)
Mean Return,10.840901107648481,17.42558071736372,0.2321405045303426,-28.147143306698002,-1.0413801751139997,10.984967918168138,0.040192770298387095,0.053563677660749
