,Annualized Return,Annualized Vol,Sharpe Ratio,Max Drawdown,Skewness,Kurtosis,Cornish-Fisher VaR (5%),Historic CVaR (5%)
Mean Return,12.712051270724011,16.38698843437465,0.3619238940201439,-29.328870096772846,-1.3465118096207478,10.30943428534708,0.03969622375664186,0.054784413622643156
