,Annualized Return,Annualized Vol,Sharpe Ratio,Max Drawdown,Skewness,Kurtosis,Cornish-Fisher VaR (5%),Historic CVaR (5%)
Mean Return,24.113724006179993,22.218987291554832,0.7434543741856596,-31.76895675234468,-0.8842284371614679,6.182656512854784,0.05129996754379396,0.07278611342800148
