,Annualized Return,Annualized Vol,Sharpe Ratio,Max Drawdown,Skewness,Kurtosis,Cornish-Fisher VaR (5%),Historic CVaR (5%)
Mean Return,10.184486882085242,15.708606326624952,0.22922623109602014,-29.747892474988735,-0.6596598252259414,6.591604721003127,0.036328393668596845,0.05057889379244585
