,Annualized Return,Annualized Vol,Sharpe Ratio,Max Drawdown,Skewness,Kurtosis,Cornish-Fisher VaR (5%),Historic CVaR (5%)
Mean Return,3.267478362872467,32.72647754889054,-0.09017830011274891,-50.71321282836242,-1.5030287037900798,11.894785562782262,0.08293710596140885,0.1156576903445119
