,Annualized Return,Annualized Vol,Sharpe Ratio,Max Drawdown,Skewness,Kurtosis,Cornish-Fisher VaR (5%),Historic CVaR (5%)
Mean Return,11.881479659582062,17.069011281663197,0.2972985828857146,-31.96026771719753,-1.115036681789465,11.002022694615832,0.03955542248205091,0.054965498698913616
