,Annualized Return,Annualized Vol,Sharpe Ratio,Max Drawdown,Skewness,Kurtosis,Cornish-Fisher VaR (5%),Historic CVaR (5%)
Mean Return,34.7210119502507,32.981527023408276,0.8192988480147564,-50.17583346385855,-0.5683394534356466,8.621790731985916,0.07211614799231174,0.1086567776721105
