,Annualized Return,Annualized Vol,Sharpe Ratio,Max Drawdown,Skewness,Kurtosis,Cornish-Fisher VaR (5%),Historic CVaR (5%)
Mean Return,9.481642609556285,20.489759355965646,0.13819791711747254,-43.87285151212502,-0.7167472213611459,13.933889916285686,0.043765098238563005,0.06734126054634403
