,Annualized Return,Annualized Vol,Sharpe Ratio,Max Drawdown,Skewness,Kurtosis,Cornish-Fisher VaR (5%),Historic CVaR (5%)
Mean Return,9.059394216135818,21.07647034830956,0.13692859633253182,-36.13685910628124,-0.27772292738259213,7.655602003660236,0.04722369967701923,0.06837688998796222
