,Annualized Return,Annualized Vol,Skewness,Kurtosis,Cornish-Fisher VaR (5%),Historic CVaR (5%),Sharpe Ratio,Max Drawdown
Mean Return,0.2515379138452385,0.21563175353388886,-1.0009876620091085,6.077802195800128,0.05041843542094268,0.07398401369615207,0.8131838687833635,-0.3664228144285925
