,Annualized Return,Annualized Vol,Sharpe Ratio,Max Drawdown,Skewness,Kurtosis,Cornish-Fisher VaR (5%),Historic CVaR (5%)
Mean Return,9.827632474345016,26.59132316944582,0.1167636294540803,-45.65855581747693,-1.0137239667776436,7.5574623433759145,0.06458484018017127,0.09621942832046408
