,Annualized Return,Annualized Vol,Sharpe Ratio,Max Drawdown,Skewness,Kurtosis,Cornish-Fisher VaR (5%),Historic CVaR (5%)
Mean Return,25.550179581515042,28.409464284014497,0.6315166084764555,-44.61107002302075,-0.13681820946132617,4.475165938443009,0.05988669741393178,0.08042630551425772
