,Annualized Return,Annualized Vol,Sharpe Ratio,Max Drawdown,Skewness,Kurtosis,Cornish-Fisher VaR (5%),Historic CVaR (5%)
Mean Return,12.898217852672378,16.700095463249546,0.3656242850863196,-29.16793616415899,-1.164511361435989,9.661702863333375,0.03976015446065842,0.05529179251688172
