,Annualized Return,Annualized Vol,Sharpe Ratio,Max Drawdown,Skewness,Kurtosis,Cornish-Fisher VaR (5%),Historic CVaR (5%)
Mean Return,5.15010513885894,17.83579628959234,-0.06384806918225819,-30.911029268764317,-0.49937649830864417,4.8595257851172144,0.04221154558760541,0.057685959491302535
