,Annualized Return,Annualized Vol,Sharpe Ratio,Max Drawdown,Skewness,Kurtosis,Cornish-Fisher VaR (5%),Historic CVaR (5%)
Mean Return,11.080384024256972,18.142874485677787,0.23541946300097466,-37.196743605055765,-0.9413196091948708,12.449075835609559,0.04051229582163216,0.05397937405737924
