,Annualized Return,Annualized Vol,Sharpe Ratio,Max Drawdown,Skewness,Kurtosis,Cornish-Fisher VaR (5%),Historic CVaR (5%)
Mean Return,24.54209361974009,21.213983102723493,0.8048542646066156,-36.64228144285925,-0.9606553426853376,5.917682335298856,0.04989347498845427,0.07158032845258776
