,Annualized Return,Annualized Vol,Sharpe Ratio,Max Drawdown,Skewness,Kurtosis,Cornish-Fisher VaR (5%),Historic CVaR (5%)
Mean Return,18.96118444337722,22.991473718356602,0.5116241603033272,-42.58494612506689,-0.8147972864364144,5.557578580416741,0.05383044445468255,0.07785007110565904
