,Annualized Return,Annualized Vol,Sharpe Ratio,Max Drawdown,Skewness,Kurtosis,Cornish-Fisher VaR (5%),Historic CVaR (5%)
Mean Return,26.360779271058554,24.910000407466665,0.7525452878419168,-29.846232238915345,-0.7347839986828972,4.775939607757914,0.057801071468595304,0.08466442115025824
