,Annualized Return,Annualized Vol,Sharpe Ratio,Max Drawdown,Skewness,Kurtosis,Cornish-Fisher VaR (5%),Historic CVaR (5%)
Mean Return,11.485563289428601,18.599295124775285,0.2783323945453756,-29.912436356667722,-0.5700691843450288,9.903003564091192,0.04191736076007791,0.05781086151199139
