,Annualized Return,Annualized Vol,Sharpe Ratio,Max Drawdown,Skewness,Kurtosis,Cornish-Fisher VaR (5%),Historic CVaR (5%)
Mean Return,6.7190758712295295,17.546308728921762,0.0340092834230382,-33.40155585957187,-0.8451884204877266,8.155896130587713,0.0425970308949266,0.058408744270038504
