,Annualized Return,Annualized Vol,Sharpe Ratio,Max Drawdown,Skewness,Kurtosis,Cornish-Fisher VaR (5%),Historic CVaR (5%)
Mean Return,13.325679591608264,16.24272751974885,0.396395633107618,-30.397389553677463,-1.3093802973473643,12.313792966572638,0.03776383013631828,0.05087924614709699
