,Annualized Return,Annualized Vol,Sharpe Ratio,Max Drawdown,Skewness,Kurtosis,Cornish-Fisher VaR (5%),Historic CVaR (5%)
Mean Return,9.75360317392897,19.338198536070706,0.1599054145009112,-33.79664787989727,-0.8998227157666818,9.625276461581297,0.044744993177249684,0.06451421967524557
