,Annualized Return,Annualized Vol,Sharpe Ratio,Max Drawdown,Skewness,Kurtosis,Cornish-Fisher VaR (5%),Historic CVaR (5%)
Mean Return,22.039314468707705,22.53506309831924,0.6487071841736997,-39.202087521336445,-1.0199782226611864,6.716143837093406,0.05311748032579621,0.07911907384971376
