,Annualized Return,Annualized Vol,Sharpe Ratio,Max Drawdown,Skewness,Kurtosis,Cornish-Fisher VaR (5%),Historic CVaR (5%)
Mean Return,18.39259609431565,21.37777958537209,0.5308358427413964,-37.91096648924483,-1.0670940125018278,6.383422044661822,0.051776079347347924,0.07515265184851422
