,Annualized Return,Annualized Vol,Sharpe Ratio,Max Drawdown,Skewness,Kurtosis,Cornish-Fisher VaR (5%),Historic CVaR (5%)
Mean Return,24.765459539048962,21.354830608882285,0.8088150584794516,-36.64228144285925,-1.0009876620091085,6.077802195800128,0.05041843542094268,0.07398401369615207
