,Annualized Return,Annualized Vol,Sharpe Ratio,Max Drawdown,Skewness,Kurtosis,Cornish-Fisher VaR (5%),Historic CVaR (5%)
Mean Return,12.662684851575467,17.90393712219571,0.3512523573051088,-27.153381667508334,-0.786568444194771,11.687096325403694,0.04057549298499302,0.054822945293329026
