,Annualized Return,Annualized Vol,Sharpe Ratio,Max Drawdown,Skewness,Kurtosis,Cornish-Fisher VaR (5%),Historic CVaR (5%)
Mean Return,23.74092458227386,22.154130115105172,0.7298147606207452,-31.76895675234468,-0.9124053842214607,6.2171903673985565,0.051392245597363245,0.07288399265743785
