,Annualized Return,Annualized Vol,Sharpe Ratio,Max Drawdown,Skewness,Kurtosis,Cornish-Fisher VaR (5%),Historic CVaR (5%)
Mean Return,11.03557468656402,17.07831188161088,0.24750901557662883,-36.502541504600025,-1.287804268554697,10.53715083146593,0.040937829227956156,0.055617853811341315
