,Annualized Return,Annualized Vol,Sharpe Ratio,Max Drawdown,Skewness,Kurtosis,Cornish-Fisher VaR (5%),Historic CVaR (5%)
Mean Return,7.598316791611914,18.2512663083548,0.058387367104599186,-34.47665515021651,-0.8393926938718467,10.767058178541545,0.04156611702182228,0.059617643702285075
