,Annualized Return,Annualized Vol,Sharpe Ratio,Max Drawdown,Skewness,Kurtosis,Cornish-Fisher VaR (5%),Historic CVaR (5%)
Mean Return,22.01951707134637,23.015599079098838,0.6536593061956651,-36.978796010703036,-0.8579752923659755,5.80277669221788,0.05509120112923458,0.08063759715954832
