,Annualized Return,Annualized Vol,Sharpe Ratio,Max Drawdown,Skewness,Kurtosis,Cornish-Fisher VaR (5%),Historic CVaR (5%)
Mean Return,11.482398741495103,18.311408402040836,0.2538851445292609,-33.77177614709073,-0.7405386976640951,9.768082155195462,0.040921959589602465,0.05328044061831773
