,Annualized Return,Annualized Vol,Sharpe Ratio,Max Drawdown,Skewness,Kurtosis,Cornish-Fisher VaR (5%),Historic CVaR (5%)
Mean Return,20.790968579555447,26.258156670669575,0.5124571290729147,-62.795743377748266,-0.6507410869809992,5.418058807595399,0.0601838142834967,0.08388271287125319
