,Annualized Return,Annualized Vol,Sharpe Ratio,Max Drawdown,Skewness,Kurtosis,Cornish-Fisher VaR (5%),Historic CVaR (5%)
Mean Return,14.1685327298825,16.809030078319946,0.43160914492006863,-32.40518666473856,-0.9059769754812462,10.607715900718743,0.03752630009906861,0.05499971516930327
