,Annualized Return,Annualized Vol,Sharpe Ratio,Max Drawdown,Skewness,Kurtosis,Cornish-Fisher VaR (5%),Historic CVaR (5%)
Mean Return,22.500647674301888,22.095647445581047,0.6852271251302916,-41.259863462844066,-0.9327751295667779,6.157013906869873,0.05208808043542427,0.07474789468014549
