,Annualized Return,Annualized Vol,Sharpe Ratio,Max Drawdown,Skewness,Kurtosis,Cornish-Fisher VaR (5%),Historic CVaR (5%)
Mean Return,10.12275071233164,23.545287865952545,0.15037541835441368,-43.26577870218761,-1.0402531382196751,7.170098362167556,0.05800169727215556,0.08364270467091568
