,Annualized Return,Annualized Vol,Sharpe Ratio,Max Drawdown,Skewness,Kurtosis,Cornish-Fisher VaR (5%),Historic CVaR (5%)
Mean Return,13.281163862302382,25.33822136668305,0.25510324832022974,-49.78721691593554,-0.7645980538629488,5.135889738976808,0.06098900081602458,0.0881264943199504
