,Annualized Return,Annualized Vol,Sharpe Ratio,Max Drawdown,Skewness,Kurtosis,Cornish-Fisher VaR (5%),Historic CVaR (5%)
Mean Return,10.011070364466978,32.06785533969893,0.10342808600576417,-65.69809375890053,-0.48844494705005803,5.492959218489307,0.07397128360505559,0.10662613669183166
