,Annualized Return,Annualized Vol,Sharpe Ratio,Max Drawdown,Skewness,Kurtosis,Cornish-Fisher VaR (5%),Historic CVaR (5%)
Mean Return,7.3382147152655675,20.252626856001264,0.04051011711486272,-40.962992806494945,-0.8288002430689104,12.970921899633565,0.044963346394512875,0.0656003167390002
