,Annualized Return,Annualized Vol,Sharpe Ratio,Max Drawdown,Skewness,Kurtosis,Cornish-Fisher VaR (5%),Historic CVaR (5%)
Mean Return,20.119489078841156,24.711606911758448,0.5172957543325853,-46.27544936497808,-0.637103051958316,5.576562599298524,0.05634054654149784,0.0799107149214236
