,Annualized Return,Annualized Vol,Sharpe Ratio,Max Drawdown,Skewness,Kurtosis,Cornish-Fisher VaR (5%),Historic CVaR (5%)
Mean Return,17.290799124447776,18.128525961822913,0.5662312923233664,-30.01886705113973,-0.808842172006712,7.859286100361889,0.04129728081023254,0.056997371730929426
