,Annualized Return,Annualized Vol,Sharpe Ratio,Max Drawdown,Skewness,Kurtosis,Cornish-Fisher VaR (5%),Historic CVaR (5%)
Mean Return,16.693434169523556,34.66677418970116,0.27825446112205704,-50.65682143455456,-0.8989145744160693,7.670817178068049,0.08260426018283651,0.1183936189210844
