,Annualized Return,Annualized Vol,Sharpe Ratio,Max Drawdown,Skewness,Kurtosis,Cornish-Fisher VaR (5%),Historic CVaR (5%)
Mean Return,28.208842478346163,21.976949743857027,0.9344345703178435,-41.35745567040645,-0.841720574013987,6.214885759461028,0.050154928393536816,0.07134263473809486
