,Annualized Return,Annualized Vol,Sharpe Ratio,Max Drawdown,Skewness,Kurtosis,Cornish-Fisher VaR (5%),Historic CVaR (5%)
Mean Return,24.31475534251144,22.744793964744087,0.7345675546381343,-32.72546552885653,-0.8640204612453465,6.032810147851784,0.05250444012931112,0.07520773564465615
