,Annualized Return,Annualized Vol,Sharpe Ratio,Max Drawdown,Skewness,Kurtosis,Cornish-Fisher VaR (5%),Historic CVaR (5%)
Mean Return,14.897349660283222,17.65264527512061,0.47534905330728344,-27.359192116890767,-0.7106619615234157,11.414904968143652,0.03922107449090522,0.05237797162527137
