,Annualized Return,Annualized Vol,Sharpe Ratio,Max Drawdown,Skewness,Kurtosis,Cornish-Fisher VaR (5%),Historic CVaR (5%)
Mean Return,8.771718845751476,17.491252973237845,0.14478059977719387,-31.305463589328525,-0.7607828400995635,7.70607124561627,0.04176587033282587,0.0562563655640759
