,Annualized Return,Annualized Vol,Sharpe Ratio,Max Drawdown,Skewness,Kurtosis,Cornish-Fisher VaR (5%),Historic CVaR (5%)
Mean Return,10.295219469337002,17.862626245155926,0.20165043964534501,-33.02729555386348,-0.8868103923613015,10.773734673792156,0.0404701889381843,0.056555493546307276
