,Annualized Return,Annualized Vol,Sharpe Ratio,Max Drawdown,Skewness,Kurtosis,Cornish-Fisher VaR (5%),Historic CVaR (5%)
Mean Return,26.641185701323167,32.77424643192767,0.5797054858798488,-50.25495999829944,-0.12235892762864384,4.410790985687447,0.07002575641271527,0.09934308808799108
