,Annualized Return,Annualized Vol,Sharpe Ratio,Max Drawdown,Skewness,Kurtosis,Cornish-Fisher VaR (5%),Historic CVaR (5%)
Mean Return,14.375077244774225,18.616092697729407,0.39635824311993173,-30.220343739957624,-0.6404614260452457,8.300918917187925,0.04125173421895094,0.056212128136504294
