,Annualized Return,Annualized Vol,Sharpe Ratio,Max Drawdown,Skewness,Kurtosis,Cornish-Fisher VaR (5%),Historic CVaR (5%)
Mean Return,12.10507572549011,22.19100418205931,0.2389642095305072,-46.771744018112635,-0.8506963408950299,7.294123657030579,0.0522051596532027,0.07100478325468788
