,Annualized Return,Annualized Vol,Sharpe Ratio,Max Drawdown,Skewness,Kurtosis,Cornish-Fisher VaR (5%),Historic CVaR (5%)
Mean Return,16.37279160095173,17.905804574330933,0.5182515915588238,-32.08116525887971,-1.5424500630715827,15.230407626118808,0.04119809188286399,0.05684141363720422
