,Annualized Return,Annualized Vol,Sharpe Ratio,Max Drawdown,Skewness,Kurtosis,Cornish-Fisher VaR (5%),Historic CVaR (5%)
Mean Return,17.32414231013546,20.157706719729244,0.5094741024734858,-34.499040990031226,-1.171583553342859,9.08896812005764,0.04803333342709961,0.06685466203105817
