,Annualized Return,Annualized Vol,Sharpe Ratio,Max Drawdown,Skewness,Kurtosis,Cornish-Fisher VaR (5%),Historic CVaR (5%)
Mean Return,12.466365306627992,15.912269203808652,0.3581998306293606,-29.201654653108317,-1.1944506328232969,9.880719490453476,0.03792174091155552,0.05183864047605207
