,Annualized Return,Annualized Vol,Sharpe Ratio,Max Drawdown,Skewness,Kurtosis,Cornish-Fisher VaR (5%),Historic CVaR (5%)
Mean Return,8.020935706152454,33.187803305919815,0.043375019605773946,-60.172198405438294,-0.33755749569355425,4.701814098847474,0.0757780343272226,0.10804248494133892
