,Annualized Return,Annualized Vol,Sharpe Ratio,Max Drawdown,Skewness,Kurtosis,Cornish-Fisher VaR (5%),Historic CVaR (5%)
Mean Return,14.483641802340763,31.724152706287455,0.25229661214708293,-50.76329880430956,-0.7932981442696622,10.20388680647441,0.07444314882841715,0.10441041321778334
