,Annualized Return,Annualized Vol,Sharpe Ratio,Max Drawdown,Skewness,Kurtosis,Cornish-Fisher VaR (5%),Historic CVaR (5%)
Mean Return,24.240224914558127,21.107041536459548,0.7906745543870696,-31.995270477698583,-0.4407851449129043,7.432482306445342,0.04442432984102074,0.06318408134043683
