,Annualized Return,Annualized Vol,Sharpe Ratio,Max Drawdown,Skewness,Kurtosis,Cornish-Fisher VaR (5%),Historic CVaR (5%)
Mean Return,23.888166959408807,22.212081448257017,0.7341405472849508,-32.38060050200914,-0.9178410155125248,6.312953923565722,0.0514954997641738,0.07351746637428747
