,Annualized Return,Annualized Vol,Sharpe Ratio,Max Drawdown,Skewness,Kurtosis,Cornish-Fisher VaR (5%),Historic CVaR (5%)
Mean Return,13.949269396611118,24.51197619112655,0.2893606945634704,-49.98980368397159,-0.7993280234034116,5.29242046515673,0.059021148082974276,0.0845191098174813
