,Annualized Return,Annualized Vol,Sharpe Ratio,Max Drawdown,Skewness,Kurtosis,Cornish-Fisher VaR (5%),Historic CVaR (5%)
Mean Return,11.161479771808391,19.105416321751186,0.23014785101324922,-36.00098926031491,-1.3160010726441729,9.68846203997875,0.04658786568474497,0.06630479205693984
