,Annualized Return,Annualized Vol,Sharpe Ratio,Max Drawdown,Skewness,Kurtosis,Cornish-Fisher VaR (5%),Historic CVaR (5%)
Mean Return,17.0275336029583,17.69165439936492,0.560251054999076,-33.02336446179581,-1.240302407655081,10.383762100821233,0.041245031232074174,0.057713904622533584
