,Annualized Return,Annualized Vol,Sharpe Ratio,Max Drawdown,Skewness,Kurtosis,Cornish-Fisher VaR (5%),Historic CVaR (5%)
Mean Return,18.443813457666014,20.68933899293481,0.5442403105537549,-49.33486427332398,-1.1258195051964017,7.418947396036754,0.04937277613962847,0.07196122470540112
