,Annualized Return,Annualized Vol,Sharpe Ratio,Max Drawdown,Skewness,Kurtosis,Cornish-Fisher VaR (5%),Historic CVaR (5%)
Mean Return,16.063683080996462,23.443892441849222,0.3841248525415008,-44.26206151656306,-1.1065857447789629,7.380459556930273,0.05658566565983144,0.08109325959558059
