,Annualized Return,Annualized Vol,Sharpe Ratio,Max Drawdown,Skewness,Kurtosis,Cornish-Fisher VaR (5%),Historic CVaR (5%)
Mean Return,11.939981503576846,23.373351601510137,0.21964058911874768,-44.53073835615183,-1.3191410260887513,14.978122032690798,0.053802774063595175,0.07446827797230185
