,Annualized Return,Annualized Vol,Sharpe Ratio,Max Drawdown,Skewness,Kurtosis,Cornish-Fisher VaR (5%),Historic CVaR (5%)
Mean Return,10.939093269231304,24.37032583215849,0.1768085396352612,-40.752625534028596,-0.8690848524104023,6.274874883387589,0.05910384685544711,0.08614457463037624
