,Annualized Return,Annualized Vol,Sharpe Ratio,Max Drawdown,Skewness,Kurtosis,Cornish-Fisher VaR (5%),Historic CVaR (5%)
Mean Return,14.49132945952256,16.7622614261072,0.448095001088984,-30.397487183563626,-1.5888096316434424,15.09564352021229,0.039019814294337055,0.05271679372121989
