,Annualized Return,Annualized Vol,Sharpe Ratio,Max Drawdown,Skewness,Kurtosis,Cornish-Fisher VaR (5%),Historic CVaR (5%)
Mean Return,12.454628923441424,17.870643193154194,0.31206146176492505,-32.08116525887971,-1.6295134925180919,16.492611162120063,0.04162565852345801,0.056949565313285135
