,Annualized Return,Annualized Vol,Sharpe Ratio,Max Drawdown,Skewness,Kurtosis,Cornish-Fisher VaR (5%),Historic CVaR (5%)
Mean Return,26.39472485847851,32.36040295859205,0.5781893582034512,-61.440757728051864,-0.2605135829873323,4.407292276040234,0.07020567762098313,0.10085440121844849
