,Annualized Return,Annualized Vol,Sharpe Ratio,Max Drawdown,Skewness,Kurtosis,Cornish-Fisher VaR (5%),Historic CVaR (5%)
Mean Return,13.800041959804155,16.164060906089233,0.4309454099900615,-28.986244284734823,-1.283372563332557,9.917690756081724,0.03878369470185869,0.05184735438714396
