,Annualized Return,Annualized Vol,Sharpe Ratio,Max Drawdown,Skewness,Kurtosis,Cornish-Fisher VaR (5%),Historic CVaR (5%)
Mean Return,22.2048784797382,22.801351919684578,0.6671317224853085,-40.45442676297923,-0.8026543958594952,6.97283694520914,0.05327031940249776,0.07902204897345357
