,Annualized Return,Annualized Vol,Sharpe Ratio,Max Drawdown,Skewness,Kurtosis,Cornish-Fisher VaR (5%),Historic CVaR (5%)
Mean Return,7.316613803281324,19.577154232593507,0.045984049717828226,-33.83012449869039,-0.47828591279185606,5.870505630101514,0.04528204097071299,0.059746280238299476
