,Annualized Return,Annualized Vol,Sharpe Ratio,Max Drawdown,Skewness,Kurtosis,Cornish-Fisher VaR (5%),Historic CVaR (5%)
Mean Return,7.513021398680886,21.682865177828113,0.042751528762927045,-44.80150510026203,-0.8763070776605322,7.824010490208614,0.05169161324718689,0.07401604174750594
