,Annualized Return,Annualized Vol,Sharpe Ratio,Max Drawdown,Skewness,Kurtosis,Cornish-Fisher VaR (5%),Historic CVaR (5%)
Mean Return,8.454834615334516,22.048641538753564,0.08482016581045611,-42.430126542124775,-0.5943424310721517,10.039376318409769,0.04879766501453502,0.0713298489359193
