,Annualized Return,Annualized Vol,Sharpe Ratio,Max Drawdown,Skewness,Kurtosis,Cornish-Fisher VaR (5%),Historic CVaR (5%)
Mean Return,-1.4897273401198285,34.803088008955534,-0.21692256963959775,-63.0020608285489,-1.2432058397996224,9.481969959854334,0.08767472186764523,0.1287527983009623
