,Annualized Return,Annualized Vol,Skewness,Kurtosis,Cornish-Fisher VaR (5%),Historic CVaR (5%),Sharpe Ratio,Max Drawdown
Mean Return,0.17587709280574715,0.2035437193020458,-1.171583553342859,9.08896812005764,0.04803333342709961,0.06685466203105817,0.511995065402552,-0.34499040990031227
