,Annualized Return,Annualized Vol,Sharpe Ratio,Max Drawdown,Skewness,Kurtosis,Cornish-Fisher VaR (5%),Historic CVaR (5%)
Mean Return,15.708805677451544,24.38419655932264,0.3564358095812159,-49.22036933231759,-0.7252830610792916,6.7741779245756755,0.056194428145020014,0.07541330358284803
