,Annualized Return,Annualized Vol,Sharpe Ratio,Max Drawdown,Skewness,Kurtosis,Cornish-Fisher VaR (5%),Historic CVaR (5%)
Mean Return,12.682249122872813,20.64619520997148,0.2819353858814619,-37.51813608383099,-0.9082024214022905,7.5437195764898135,0.04865271111527527,0.06651708805788037
