,Annualized Return,Annualized Vol,Sharpe Ratio,Max Drawdown,Skewness,Kurtosis,Cornish-Fisher VaR (5%),Historic CVaR (5%)
Mean Return,9.239490524851156,18.007881932629843,0.14463416108453533,-35.65205725062431,-0.7380659254790364,11.53032109633372,0.03968565491922415,0.057364563156807095
