,Annualized Return,Annualized Vol,Sharpe Ratio,Max Drawdown,Skewness,Kurtosis,Cornish-Fisher VaR (5%),Historic CVaR (5%)
Mean Return,14.88319713172932,21.92417691484252,0.3601870835151211,-40.50343572458346,-1.5249131852640225,15.696125316932106,0.050838872928755885,0.07067611991387751
