,Annualized Return,Annualized Vol,Sharpe Ratio,Max Drawdown,Skewness,Kurtosis,Cornish-Fisher VaR (5%),Historic CVaR (5%)
Mean Return,12.343381910598517,17.089620448078318,0.3202154562212509,-31.188444651059466,-1.6779988671844188,16.252313773558534,0.04011006237875006,0.05432682532514391
