,Annualized Return,Annualized Vol,Sharpe Ratio,Max Drawdown,Skewness,Kurtosis,Cornish-Fisher VaR (5%),Historic CVaR (5%)
Mean Return,7.857249289191848,21.154110941426126,0.07894826597563634,-35.0320732836774,-0.4068841447975493,4.474505618946479,0.05012960405328708,0.07204677521422238
