,Annualized Return,Annualized Vol,Sharpe Ratio,Max Drawdown,Skewness,Kurtosis,Cornish-Fisher VaR (5%),Historic CVaR (5%)
Mean Return,19.73561096083436,26.384432429210136,0.473338609434654,-50.32650318441686,-0.5559074045451123,4.54704525181922,0.060382126394484384,0.08574777552156754
