,Annualized Return,Annualized Vol,Sharpe Ratio,Max Drawdown,Skewness,Kurtosis,Cornish-Fisher VaR (5%),Historic CVaR (5%)
Mean Return,18.277531497177215,18.840678021614032,0.5875750798414303,-32.00489390857095,-1.2812549763334136,12.750351140588887,0.04290245347498901,0.058738483887043
