,Annualized Return,Annualized Vol,Sharpe Ratio,Max Drawdown,Skewness,Kurtosis,Cornish-Fisher VaR (5%),Historic CVaR (5%)
Mean Return,6.531917586172797,18.36969832160578,0.0228599589236751,-33.09379069871576,-0.6575443887569602,6.624093000563412,0.04423105950640234,0.06090526162485794
