,Annualized Return,Annualized Vol,Sharpe Ratio,Max Drawdown,Skewness,Kurtosis,Cornish-Fisher VaR (5%),Historic CVaR (5%)
Mean Return,11.628234887567878,17.09372629891059,0.28463966322545486,-35.65213014377372,-0.6965658258352466,11.03129198271978,0.03717515330061124,0.054163042250702974
