,Annualized Return,Annualized Vol,Sharpe Ratio,Max Drawdown,Skewness,Kurtosis,Cornish-Fisher VaR (5%),Historic CVaR (5%)
Mean Return,8.107519489643721,18.719702952434588,0.0825020138211696,-34.091557180268,-0.6720646187104601,10.472614805407618,0.04161437917021093,0.06170381151881031
