,Annualized Return,Annualized Vol,Sharpe Ratio,Max Drawdown,Skewness,Kurtosis,Cornish-Fisher VaR (5%),Historic CVaR (5%)
Mean Return,7.413460719464293,30.149778643849423,0.028860862143024163,-57.34176493832225,-1.4339878055271795,10.149902519595722,0.07576559376420468,0.10603718173212796
