,Annualized Return,Annualized Vol,Sharpe Ratio,Max Drawdown,Skewness,Kurtosis,Cornish-Fisher VaR (5%),Historic CVaR (5%)
Mean Return,9.263897534144272,16.549008768217202,0.165207868083514,-28.806193242121857,-0.6224048653305745,5.614418855665755,0.038757474062333895,0.05451984368011722
