,Annualized Return,Annualized Vol,Sharpe Ratio,Max Drawdown,Skewness,Kurtosis,Cornish-Fisher VaR (5%),Historic CVaR (5%)
Mean Return,15.390942018041986,19.836990639240497,0.42244354825819985,-38.42879619795146,-1.1778123199606496,12.076859720961652,0.0455067022911201,0.06371065033199004
