,Annualized Return,Annualized Vol,Sharpe Ratio,Max Drawdown,Skewness,Kurtosis,Cornish-Fisher VaR (5%),Historic CVaR (5%)
Mean Return,8.253702374726423,16.693146213936302,0.12294217924589523,-30.99819654690098,-0.7003393273622962,7.02465144039535,0.039862942035370656,0.05425718871975918
