,Annualized Return,Annualized Vol,Sharpe Ratio,Max Drawdown,Skewness,Kurtosis,Cornish-Fisher VaR (5%),Historic CVaR (5%)
Mean Return,6.3869670896844255,19.53065972797696,-0.00378576907029189,-38.765691516607184,-0.8049867420432185,11.898493874779822,0.043920385168894224,0.0626597890613665
