,Annualized Return,Annualized Vol,Sharpe Ratio,Max Drawdown,Skewness,Kurtosis,Cornish-Fisher VaR (5%),Historic CVaR (5%)
Mean Return,23.461698092896977,28.604615945803317,0.5577407159233878,-55.100841961061555,-0.6279172057774377,5.27969791942971,0.06528172533589478,0.09574601284550219
