,Annualized Return,Annualized Vol,Sharpe Ratio,Max Drawdown,Skewness,Kurtosis,Cornish-Fisher VaR (5%),Historic CVaR (5%)
Mean Return,23.461356405577515,22.094223265557904,0.7227632334888765,-50.41971802211852,-1.036387036653887,8.078898156741912,0.051062232564411364,0.0711481442065347
