,Annualized Return,Annualized Vol,Sharpe Ratio,Max Drawdown,Skewness,Kurtosis,Cornish-Fisher VaR (5%),Historic CVaR (5%)
Mean Return,11.759274126797493,24.103554100488815,0.20649054339857786,-46.51361682345261,-0.8453765545810462,5.933524413347305,0.05778082656865336,0.08319053214979256
