,Annualized Return,Annualized Vol,Sharpe Ratio,Max Drawdown,Skewness,Kurtosis,Cornish-Fisher VaR (5%),Historic CVaR (5%)
Mean Return,17.338816919182044,24.24217062761994,0.4209257615012045,-59.94983167351088,-1.0918819994486684,7.412963333627558,0.05823776317360255,0.08367468820697013
