,Annualized Return,Annualized Vol,Sharpe Ratio,Max Drawdown,Skewness,Kurtosis,Cornish-Fisher VaR (5%),Historic CVaR (5%)
Mean Return,12.555227260084557,17.71429307064993,0.31953666905026984,-33.15552722413091,-0.8706624507620537,12.15578755006795,0.03897776882946852,0.05331471156313053
