,Annualized Return,Annualized Vol,Sharpe Ratio,Max Drawdown,Skewness,Kurtosis,Cornish-Fisher VaR (5%),Historic CVaR (5%)
Mean Return,28.88158418813176,23.10525270018009,0.9089439657343753,-35.982241092984495,-0.9006602447067947,6.135473527649961,0.05293062658223511,0.07524871344981826
