,Annualized Return,Annualized Vol,Sharpe Ratio,Max Drawdown,Skewness,Kurtosis,Cornish-Fisher VaR (5%),Historic CVaR (5%)
Mean Return,8.291054788439478,18.89709430527264,0.09085866427376607,-34.83858438014504,-0.7662015323712161,10.588347127012925,0.04255887021804959,0.062164189960832235
