,Annualized Return,Annualized Vol,Sharpe Ratio,Max Drawdown,Skewness,Kurtosis,Cornish-Fisher VaR (5%),Historic CVaR (5%)
Mean Return,17.320509509339143,18.87461796491146,0.5397177542332425,-35.06672042693574,-1.1407804473949197,8.92094704008061,0.04428442873791275,0.06250176860718669
