,Annualized Return,Annualized Vol,Sharpe Ratio,Max Drawdown,Skewness,Kurtosis,Cornish-Fisher VaR (5%),Historic CVaR (5%)
Mean Return,22.541414685428897,21.293324031988888,0.7063818659552484,-31.586059487390067,-0.9701218732654184,6.815108369812079,0.04950918137925189,0.06968515512072655
