,Annualized Return,Annualized Vol,Sharpe Ratio,Max Drawdown,Skewness,Kurtosis,Cornish-Fisher VaR (5%),Historic CVaR (5%)
Mean Return,9.325771832557361,17.29148503077599,0.15159205676933393,-34.152111434064004,-1.1567601177442706,14.785525648959366,0.03896804434880982,0.05347831425613434
