,Annualized Return,Annualized Vol,Sharpe Ratio,Max Drawdown,Skewness,Kurtosis,Cornish-Fisher VaR (5%),Historic CVaR (5%)
Mean Return,12.98583258854633,17.75450940758081,0.3472163933782046,-31.64203400968169,-0.7048407615227206,5.996738731534147,0.04139432099898904,0.058082457384630005
