,Annualized Return,Annualized Vol,Sharpe Ratio,Max Drawdown,Skewness,Kurtosis,Cornish-Fisher VaR (5%),Historic CVaR (5%)
Mean Return,13.671698774825058,27.588261082954823,0.24484237835163766,-56.41997203450993,-0.7632352807288647,5.990574895699275,0.06519369722277632,0.09386940410268754
