,Annualized Return,Annualized Vol,Sharpe Ratio,Max Drawdown,Skewness,Kurtosis,Cornish-Fisher VaR (5%),Historic CVaR (5%)
Mean Return,8.584189020543963,21.93660240899018,0.08761336800797076,-45.76810084773429,-1.1682330461302197,10.606439242483392,0.052566979620705445,0.07417345159933766
