,Annualized Return,Annualized Vol,Sharpe Ratio,Max Drawdown,Skewness,Kurtosis,Cornish-Fisher VaR (5%),Historic CVaR (5%)
Mean Return,17.630068870305514,16.72313442316776,0.632931721713762,-30.350537391079115,-1.0211847610290676,8.291849164580777,0.038856576517964495,0.053567151601466564
