,Annualized Return,Annualized Vol,Sharpe Ratio,Max Drawdown,Skewness,Kurtosis,Cornish-Fisher VaR (5%),Historic CVaR (5%)
Mean Return,18.087287743136947,23.436432659932755,0.465439096490449,-60.04539289882621,-1.1841822185589843,7.763793978560361,0.05658826017785785,0.08145120800191324
