,Annualized Return,Annualized Vol,Sharpe Ratio,Max Drawdown,Skewness,Kurtosis,Cornish-Fisher VaR (5%),Historic CVaR (5%)
Mean Return,11.093311843893815,16.098508327288556,0.27681511247715557,-28.68242235422287,-0.5824730347651728,5.490885124258972,0.03715653989479513,0.05300472745631374
