,Annualized Return,Annualized Vol,Sharpe Ratio,Max Drawdown,Skewness,Kurtosis,Cornish-Fisher VaR (5%),Historic CVaR (5%)
Mean Return,17.57780358126997,17.385199552768466,0.5996432616107488,-32.45946580451047,-0.7492648028171291,10.76369507027111,0.03730568878180303,0.053277380012751785
