,Annualized Return,Annualized Vol,Sharpe Ratio,Max Drawdown,Skewness,Kurtosis,Cornish-Fisher VaR (5%),Historic CVaR (5%)
Mean Return,10.959177839959944,24.806351895970366,0.1680675864881942,-47.26125400511427,-0.8847057407406933,6.587920523495607,0.05954940268666635,0.0866016523833542
