,Annualized Return,Annualized Vol,Sharpe Ratio,Max Drawdown,Skewness,Kurtosis,Cornish-Fisher VaR (5%),Historic CVaR (5%)
Mean Return,13.345203309410225,22.00476304287986,0.29399655711943123,-41.26838234571152,-0.8247922592638742,5.946852838792864,0.05216873159753061,0.07515222538520452
