,Annualized Return,Annualized Vol,Sharpe Ratio,Max Drawdown,Skewness,Kurtosis,Cornish-Fisher VaR (5%),Historic CVaR (5%)
Mean Return,7.99964920986278,18.685128261854256,0.0772259426842415,-34.091557180268,-0.6762609122269191,10.53860029741071,0.04154832467250532,0.06170381151881031
