,Annualized Return,Annualized Vol,Sharpe Ratio,Max Drawdown,Skewness,Kurtosis,Cornish-Fisher VaR (5%),Historic CVaR (5%)
Mean Return,21.419210799742828,25.82580290765801,0.563345174385458,-49.91635340400039,-0.5222804649743507,5.661462796986779,0.05983679643459991,0.08812562433264132
