,Annualized Return,Annualized Vol,Sharpe Ratio,Max Drawdown,Skewness,Kurtosis,Cornish-Fisher VaR (5%),Historic CVaR (5%)
Mean Return,20.11345018716433,31.800130770144303,0.4027886930204776,-51.187395543249856,-0.42429305737426015,5.510894940290998,0.07086013556700001,0.10343000691844993
