,Annualized Return,Annualized Vol,Sharpe Ratio,Max Drawdown,Skewness,Kurtosis,Cornish-Fisher VaR (5%),Historic CVaR (5%)
Mean Return,23.83058511274294,22.131580108929445,0.7343664056360635,-32.38060050200914,-0.9438674816808652,6.370325791506134,0.051467810748943126,0.0735152546486417
