,Annualized Return,Annualized Vol,Sharpe Ratio,Max Drawdown,Skewness,Kurtosis,Cornish-Fisher VaR (5%),Historic CVaR (5%)
Mean Return,17.310561517537604,23.33686591131609,0.43449455575691126,-43.25202309094483,-0.9925792157190747,12.341014805075682,0.05198150007249402,0.07201079086811751
