,Annualized Return,Annualized Vol,Sharpe Ratio,Max Drawdown,Skewness,Kurtosis,Cornish-Fisher VaR (5%),Historic CVaR (5%)
Mean Return,11.169847632320362,32.11891033748751,0.13700907266080276,-51.18739554324993,-0.5547236006696727,5.677447393498712,0.07446983368593646,0.11046820377226776
