,Annualized Return,Annualized Vol,Sharpe Ratio,Max Drawdown,Skewness,Kurtosis,Cornish-Fisher VaR (5%),Historic CVaR (5%)
Mean Return,11.050133867794454,17.467874248829048,0.24345234172977143,-38.4480419179077,-1.1328453836922447,8.50272778918351,0.04202309270456007,0.05849457248741152
