,Annualized Return,Annualized Vol,Sharpe Ratio,Max Drawdown,Skewness,Kurtosis,Cornish-Fisher VaR (5%),Historic CVaR (5%)
Mean Return,8.979553898867465,17.069217321337156,0.1598568686311721,-34.5047877222453,-0.8695925254053136,8.567522591226702,0.04093300385894181,0.05476263711799824
