,Annualized Return,Annualized Vol,Sharpe Ratio,Max Drawdown,Skewness,Kurtosis,Cornish-Fisher VaR (5%),Historic CVaR (5%)
Mean Return,27.112380110588784,23.397871591221758,0.8314265367393906,-30.245183435319305,-0.8160515910123536,4.972024955916313,0.05448372857656684,0.07952000781437452
