,Annualized Return,Annualized Vol,Sharpe Ratio,Max Drawdown,Skewness,Kurtosis,Cornish-Fisher VaR (5%),Historic CVaR (5%)
Mean Return,11.23419409990014,22.65342212526255,0.19792539503069823,-49.49109802310835,-0.8449778791226783,7.762448697795483,0.05313784377107213,0.07291500422201633
