,Annualized Return,Annualized Vol,Sharpe Ratio,Max Drawdown,Skewness,Kurtosis,Cornish-Fisher VaR (5%),Historic CVaR (5%)
Mean Return,12.539552124023379,16.717346578051202,0.34145837573895804,-32.947215706945094,-0.9765862829659164,11.756404552952603,0.03744972719526845,0.05418518769400899
