,Annualized Return,Annualized Vol,Sharpe Ratio,Max Drawdown,Skewness,Kurtosis,Cornish-Fisher VaR (5%),Historic CVaR (5%)
Mean Return,5.707422586213418,27.88083866390714,-0.026278608575912434,-65.96838858843577,-0.47687569694759374,5.431925001979834,0.06485537032375152,0.08958283940690698
