,Annualized Return,Annualized Vol,Sharpe Ratio,Max Drawdown,Skewness,Kurtosis,Cornish-Fisher VaR (5%),Historic CVaR (5%)
Mean Return,13.046774600854928,28.106275341581455,0.21941672382015698,-55.06867541470012,-0.7080359188544397,5.771250434396102,0.06617823822923498,0.09522362355433667
