,Annualized Return,Annualized Vol,Sharpe Ratio,Max Drawdown,Skewness,Kurtosis,Cornish-Fisher VaR (5%),Historic CVaR (5%)
Mean Return,22.10721833607179,21.652752559084878,0.6783128723310704,-35.351327047402116,-1.1637902734848176,7.886189177291329,0.051215425788290324,0.07468135721789436
