,Annualized Return,Annualized Vol,Sharpe Ratio,Max Drawdown,Skewness,Kurtosis,Cornish-Fisher VaR (5%),Historic CVaR (5%)
Mean Return,33.890650955585436,26.358205951261844,0.9754951623613368,-38.317749407237464,-0.4429608470007479,4.718672826274276,0.056977203691498855,0.08129973540258736
