,Annualized Return,Annualized Vol,Sharpe Ratio,Max Drawdown,Skewness,Kurtosis,Cornish-Fisher VaR (5%),Historic CVaR (5%)
Mean Return,7.177033915510633,19.816853964709107,0.033757751583027136,-39.166013962522754,-0.855187301923479,12.273465830661504,0.04457324469277667,0.06418820389502122
