,Annualized Return,Annualized Vol,Sharpe Ratio,Max Drawdown,Skewness,Kurtosis,Cornish-Fisher VaR (5%),Historic CVaR (5%)
Mean Return,4.947681547920513,18.37453125992194,-0.07767031843962452,-37.27631459727693,-0.6424382341406866,11.23411887101297,0.040813176350029186,0.056911579005965315
