,Annualized Return,Annualized Vol,Sharpe Ratio,Max Drawdown,Skewness,Kurtosis,Cornish-Fisher VaR (5%),Historic CVaR (5%)
Mean Return,17.971001378965944,21.90918433762052,0.49362778990825007,-45.530247014012105,-0.7277890555528121,6.707049780121886,0.049954516266460525,0.06871509779233159
