,Annualized Return,Annualized Vol,Sharpe Ratio,Max Drawdown,Skewness,Kurtosis,Cornish-Fisher VaR (5%),Historic CVaR (5%)
Mean Return,30.917796066229663,26.563374927094223,0.8630981480441123,-38.2526404668709,-0.43742755072204204,4.42784735253512,0.05806479435971923,0.08334205390666896
