,Annualized Return,Annualized Vol,Sharpe Ratio,Max Drawdown,Skewness,Kurtosis,Cornish-Fisher VaR (5%),Historic CVaR (5%)
Mean Return,18.466438910856688,15.912040741444825,0.7144031050917804,-28.98624428473482,-1.3040767804860458,10.081648935704148,0.03738983636214499,0.050743338614019196
