,Annualized Return,Annualized Vol,Sharpe Ratio,Max Drawdown,Skewness,Kurtosis,Cornish-Fisher VaR (5%),Historic CVaR (5%)
Mean Return,14.745401861181296,17.6737927623155,0.4403423153572663,-34.045678560198006,-1.2274685207523923,12.860298861072378,0.04027516489231701,0.0586329637265877
