,Annualized Return,Annualized Vol,Sharpe Ratio,Max Drawdown,Skewness,Kurtosis,Cornish-Fisher VaR (5%),Historic CVaR (5%)
Mean Return,27.25245580923097,22.071707634908407,0.8898477740931109,-34.80262588062179,-0.9676526742959356,5.5986657803304585,0.05190881945912277,0.07612065997728368
