,Annualized Return,Annualized Vol,Sharpe Ratio,Max Drawdown,Skewness,Kurtosis,Cornish-Fisher VaR (5%),Historic CVaR (5%)
Mean Return,8.369539806781546,18.91982834342042,0.09465039874955752,-34.83858438014504,-0.7636116402174479,10.544421186888975,0.04260337892309053,0.062164189960832235
