,Annualized Return,Annualized Vol,Sharpe Ratio,Max Drawdown,Skewness,Kurtosis,Cornish-Fisher VaR (5%),Historic CVaR (5%)
Mean Return,18.523169835906206,28.72160158664426,0.3947152009391208,-46.17649490058404,-0.23146231928834346,4.493729078740919,0.06271439730348337,0.08214975389663719
