,Annualized Return,Annualized Vol,Sharpe Ratio,Max Drawdown,Skewness,Kurtosis,Cornish-Fisher VaR (5%),Historic CVaR (5%)
Mean Return,21.083500911486365,25.17715604850352,0.5656289586653211,-44.68206456964696,-0.6673291645373318,6.154230732369163,0.05931058914965377,0.08588180194313286
