,Annualized Return,Annualized Vol,Sharpe Ratio,Max Drawdown,Skewness,Kurtosis,Cornish-Fisher VaR (5%),Historic CVaR (5%)
Mean Return,30.54179815608833,26.202613484333153,0.8611473147841515,-38.727300899891084,-0.4543638148155,4.80719245243751,0.05714459272152966,0.08412600809454024
