,Annualized Return,Annualized Vol,Sharpe Ratio,Max Drawdown,Skewness,Kurtosis,Cornish-Fisher VaR (5%),Historic CVaR (5%)
Mean Return,12.825224902197974,19.81949825512106,0.29822482942905076,-35.43569500036937,-0.6419533064757369,9.777262437789611,0.04350112920847946,0.05782695288774331
