,Annualized Return,Annualized Vol,Sharpe Ratio,Max Drawdown,Skewness,Kurtosis,Cornish-Fisher VaR (5%),Historic CVaR (5%)
Mean Return,19.658366378334115,24.924948185590413,0.5174061678308302,-40.78919056717507,-0.8029139317563043,5.764946970644128,0.06048952602144378,0.08735235023698865
