,Annualized Return,Annualized Vol,Sharpe Ratio,Max Drawdown,Skewness,Kurtosis,Cornish-Fisher VaR (5%),Historic CVaR (5%)
Mean Return,14.783269139119714,25.59469243022417,0.30477580558943546,-63.097623068764065,-1.0578907804466162,7.4554117953020524,0.06172584965286238,0.08972714662906595
