,Annualized Return,Annualized Vol,Sharpe Ratio,Max Drawdown,Skewness,Kurtosis,Cornish-Fisher VaR (5%),Historic CVaR (5%)
Mean Return,13.869797408592778,21.437313990469935,0.3248009872184115,-40.282951998193504,-0.8277837657594634,6.0395630138945755,0.05065040697761356,0.07255539286690654
