,Annualized Return,Annualized Vol,Sharpe Ratio,Max Drawdown,Skewness,Kurtosis,Cornish-Fisher VaR (5%),Historic CVaR (5%)
Mean Return,18.026880958656278,20.434684244025952,0.5310789219781769,-32.47326913129806,-0.7284566880797925,8.39017977009871,0.04544382692326882,0.0634315307889261
