,Annualized Return,Annualized Vol,Sharpe Ratio,Max Drawdown,Skewness,Kurtosis,Cornish-Fisher VaR (5%),Historic CVaR (5%)
Mean Return,14.593120847387997,15.848358684128842,0.48662844704414265,-29.201654653108317,-1.1468997512478307,9.551236666265165,0.0372886566827006,0.04973938713451677
