,Annualized Return,Annualized Vol,Sharpe Ratio,Max Drawdown,Skewness,Kurtosis,Cornish-Fisher VaR (5%),Historic CVaR (5%)
Mean Return,10.730091904355032,16.96721977750289,0.2630698879130339,-29.187476960262654,-0.9057463021949863,11.842010504516214,0.039358933325433484,0.051042867398666904
