,Annualized Return,Annualized Vol,Sharpe Ratio,Max Drawdown,Skewness,Kurtosis,Cornish-Fisher VaR (5%),Historic CVaR (5%)
Mean Return,10.860387372300128,24.71126897862178,0.16719538811049314,-46.30735442790783,-0.7918864486787315,5.74121745079353,0.05910281667857132,0.0858686764105694
