,Annualized Return,Annualized Vol,Sharpe Ratio,Max Drawdown,Skewness,Kurtosis,Cornish-Fisher VaR (5%),Historic CVaR (5%)
Mean Return,30.21502237872644,23.783584108458268,0.9358555177839567,-34.79097588969965,-0.7588556111437316,5.465795893251577,0.0536825360164874,0.0782978684301301
