,Annualized Return,Annualized Vol,Sharpe Ratio,Max Drawdown,Skewness,Kurtosis,Cornish-Fisher VaR (5%),Historic CVaR (5%)
Mean Return,2.4237070587735277,31.929519064340173,-0.11916483187461027,-61.030601464986255,-0.8725814614794863,7.234517401641301,0.07781492792169123,0.11544400250523158
