,Annualized Return,Annualized Vol,Sharpe Ratio,Max Drawdown,Skewness,Kurtosis,Cornish-Fisher VaR (5%),Historic CVaR (5%)
Mean Return,28.708177359634558,22.5894442453862,0.9224907207891516,-35.60708473116328,-0.9498341981447929,6.491591544656628,0.05183625314111365,0.0734234959459839
