,Annualized Return,Annualized Vol,Sharpe Ratio,Max Drawdown,Skewness,Kurtosis,Cornish-Fisher VaR (5%),Historic CVaR (5%)
Mean Return,23.214486321480486,20.23464093558371,0.7773330548423174,-33.2995555204617,-0.5963314534917147,7.799920692578985,0.043520775377175545,0.0604809170539209
