,Annualized Return,Annualized Vol,Sharpe Ratio,Max Drawdown,Skewness,Kurtosis,Cornish-Fisher VaR (5%),Historic CVaR (5%)
Mean Return,15.706614996587076,25.23506099575803,0.3435721150962443,-56.16501277415146,-1.1520760887688524,7.861362940443101,0.06118129569552709,0.08587177106799955
