,Annualized Return,Annualized Vol,Sharpe Ratio,Max Drawdown,Skewness,Kurtosis,Cornish-Fisher VaR (5%),Historic CVaR (5%)
Mean Return,18.89144938811629,21.9950589581309,0.529511043414601,-45.576134184767724,-1.0549136354221216,7.589942421365104,0.05197472720280979,0.07378877344311201
