,Annualized Return,Annualized Vol,Sharpe Ratio,Max Drawdown,Skewness,Kurtosis,Cornish-Fisher VaR (5%),Historic CVaR (5%)
Mean Return,24.150113464427037,23.070491173353226,0.7174844453183946,-34.790975889699666,-0.8863124145249751,5.982408019457826,0.0535453196194044,0.0784922033144379
