,Annualized Return,Annualized Vol,Sharpe Ratio,Max Drawdown,Skewness,Kurtosis,Cornish-Fisher VaR (5%),Historic CVaR (5%)
Mean Return,28.506418812357957,24.585057716597454,0.8403726709011781,-36.08910040926844,-0.6541849534318289,5.0700337434603195,0.05526336735956514,0.08028293269455555
