,Annualized Return,Annualized Vol,Sharpe Ratio,Max Drawdown,Skewness,Kurtosis,Cornish-Fisher VaR (5%),Historic CVaR (5%)
Mean Return,14.227714930698943,18.75639046598193,0.38815480255626184,-32.148879020549906,-0.8540285515078839,10.346712919642565,0.041915863018411964,0.0585091727909416
