,Annualized Return,Annualized Vol,Sharpe Ratio,Max Drawdown,Skewness,Kurtosis,Cornish-Fisher VaR (5%),Historic CVaR (5%)
Mean Return,8.316616046528802,16.772971141517758,0.10983365981064802,-29.46031417974438,-0.5824543937281746,5.416263329007623,0.039321962271604276,0.05511333534230753
