,Annualized Return,Annualized Vol,Sharpe Ratio,Max Drawdown,Skewness,Kurtosis,Cornish-Fisher VaR (5%),Historic CVaR (5%)
Mean Return,10.626285451141037,18.424921452556955,0.20858913061496973,-29.040284107279966,-1.0607858411547044,10.928069899180409,0.04277996142970935,0.056758390120167
