,Annualized Return,Annualized Vol,Sharpe Ratio,Max Drawdown,Skewness,Kurtosis,Cornish-Fisher VaR (5%),Historic CVaR (5%)
Mean Return,12.05084488458077,16.65441288021636,0.3424231331057535,-29.804901059439633,-0.9144308451537996,11.846983539369011,0.03841046992861302,0.049716304622697695
