,Annualized Return,Annualized Vol,Sharpe Ratio,Max Drawdown,Skewness,Kurtosis,Cornish-Fisher VaR (5%),Historic CVaR (5%)
Mean Return,6.890977167921397,21.592844466475018,0.038364798400958994,-36.13839773980905,-0.19816961049130957,8.55216667851525,0.04757091486130691,0.06929395077115894
