,Annualized Return,Annualized Vol,Sharpe Ratio,Max Drawdown,Skewness,Kurtosis,Cornish-Fisher VaR (5%),Historic CVaR (5%)
Mean Return,7.415485529842791,17.198642494938838,0.05095227354575253,-34.25291059432918,-0.9659362050222259,11.661826309002471,0.03946595769398597,0.05643674049862141
