,Annualized Return,Annualized Vol,Sharpe Ratio,Max Drawdown,Skewness,Kurtosis,Cornish-Fisher VaR (5%),Historic CVaR (5%)
Mean Return,12.302984271263817,17.89162304046276,0.3057702660774579,-33.023364461795815,-1.2995022799287537,10.604299916550612,0.04276878741663353,0.06029598150636939
