,Annualized Return,Annualized Vol,Sharpe Ratio,Max Drawdown,Skewness,Kurtosis,Cornish-Fisher VaR (5%),Historic CVaR (5%)
Mean Return,21.298073032065655,32.83605883119704,0.4223833007569183,-40.92464671044396,-0.3389585059721147,4.212317948128019,0.07323179638153253,0.10262172731969949
