,Annualized Return,Annualized Vol,Sharpe Ratio,Max Drawdown,Skewness,Kurtosis,Cornish-Fisher VaR (5%),Historic CVaR (5%)
Mean Return,16.377514054823106,25.576705196323058,0.3636338198743072,-45.83195684113628,-1.6907414841979904,19.214099842455667,0.05820297658403058,0.08054543418552626
