,Annualized Return,Annualized Vol,Sharpe Ratio,Max Drawdown,Skewness,Kurtosis,Cornish-Fisher VaR (5%),Historic CVaR (5%)
Mean Return,12.803213943782033,20.80902944059167,0.2855191014640804,-51.260615381935494,-1.2576694945391371,8.214934738815833,0.051061664825943334,0.07427015934353372
