,Annualized Return,Annualized Vol,Sharpe Ratio,Max Drawdown,Skewness,Kurtosis,Cornish-Fisher VaR (5%),Historic CVaR (5%)
Mean Return,8.487323284546155,17.465197891058647,0.10787499177592089,-33.89196325221348,-1.0411725289389657,11.921658017798645,0.040224141919411864,0.05812513115701173
