,Annualized Return,Annualized Vol,Sharpe Ratio,Max Drawdown,Skewness,Kurtosis,Cornish-Fisher VaR (5%),Historic CVaR (5%)
Mean Return,23.113146969666598,21.670272515462454,0.7188876013918464,-32.05650225054383,-0.9554473879633166,6.597646300362498,0.05037970924263186,0.07134448060885917
