,Annualized Return,Annualized Vol,Sharpe Ratio,Max Drawdown,Skewness,Kurtosis,Cornish-Fisher VaR (5%),Historic CVaR (5%)
Mean Return,20.320535380241232,31.45481022071736,0.411739696196685,-42.24046710925325,-0.4795261974765184,4.607422805817847,0.07148853617488676,0.10042272940655464
