,Annualized Return,Annualized Vol,Sharpe Ratio,Max Drawdown,Skewness,Kurtosis,Cornish-Fisher VaR (5%),Historic CVaR (5%)
Mean Return,12.567342423979078,22.252339521838188,0.25701433627858267,-52.863277272146526,-1.131462273464281,7.697325644322715,0.054164731514313384,0.07869668630995592
