,Annualized Return,Annualized Vol,Sharpe Ratio,Max Drawdown,Skewness,Kurtosis,Cornish-Fisher VaR (5%),Historic CVaR (5%)
Mean Return,18.794659715621886,24.064205213831393,0.48097529686058366,-49.98642762191032,-1.2069128322074032,8.200867405104532,0.05794079039695887,0.08071705291602842
