,Annualized Return,Annualized Vol,Sharpe Ratio,Max Drawdown,Skewness,Kurtosis,Cornish-Fisher VaR (5%),Historic CVaR (5%)
Mean Return,4.844380016751959,31.209944461125676,-0.04699155792209631,-50.38905790872194,-1.2946368422740742,9.494512413667392,0.07883688361293799,0.11222166010192554
