,Annualized Return,Annualized Vol,Sharpe Ratio,Max Drawdown,Skewness,Kurtosis,Cornish-Fisher VaR (5%),Historic CVaR (5%)
Mean Return,13.415558203227352,22.490178452009925,0.2910249175127973,-49.63253100002914,-0.5470978566958301,14.111490238100401,0.04600437402513603,0.07155602137039285
