,Annualized Return,Annualized Vol,Sharpe Ratio,Max Drawdown,Skewness,Kurtosis,Cornish-Fisher VaR (5%),Historic CVaR (5%)
Mean Return,13.175728891281535,20.42815729032229,0.30540145995907064,-30.796115879011765,-0.8052599985482213,8.873892341842305,0.0465371993573761,0.06125653998493946
