,Annualized Return,Annualized Vol,Sharpe Ratio,Max Drawdown,Skewness,Kurtosis,Cornish-Fisher VaR (5%),Historic CVaR (5%)
Mean Return,18.379757066355463,22.33997018722304,0.5074167468356927,-37.78638631632187,-0.8479986482131959,5.191223679522682,0.053311286479315705,0.07618596701566174
