,Annualized Return,Annualized Vol,Sharpe Ratio,Max Drawdown,Skewness,Kurtosis,Cornish-Fisher VaR (5%),Historic CVaR (5%)
Mean Return,7.550779997327051,18.936890082502412,0.06724000801403089,-44.06977902464382,-1.3381360742502886,10.853797626190728,0.04719664001672567,0.06487012052154925
