,Annualized Return,Annualized Vol,Sharpe Ratio,Max Drawdown,Skewness,Kurtosis,Cornish-Fisher VaR (5%),Historic CVaR (5%)
Mean Return,16.57151023849348,18.803929511431118,0.5043112177872633,-29.547521937242514,-0.7233597439026342,7.188718643840079,0.04243439552275253,0.06134723345689924
