,Annualized Return,Annualized Vol,Sharpe Ratio,Max Drawdown,Skewness,Kurtosis,Cornish-Fisher VaR (5%),Historic CVaR (5%)
Mean Return,18.320071637432346,17.949472228852095,0.6199337186134782,-33.27581275493402,-1.290229267067583,10.005066776467704,0.04215562787357213,0.05880847978661075
