,Annualized Return,Annualized Vol,Sharpe Ratio,Max Drawdown,Skewness,Kurtosis,Cornish-Fisher VaR (5%),Historic CVaR (5%)
Mean Return,19.236221873844215,19.00844923419935,0.629811825033303,-34.38557882639387,-0.25624972917780553,4.81309352300493,0.04049150741977432,0.059080113192996046
