,Annualized Return,Annualized Vol,Sharpe Ratio,Max Drawdown,Skewness,Kurtosis,Cornish-Fisher VaR (5%),Historic CVaR (5%)
Mean Return,12.715736203102113,18.43914787530303,0.3167915027143184,-32.19232178234944,-1.2308126683183693,9.966746797748772,0.04398920020533599,0.06259321968247297
