,Annualized Return,Annualized Vol,Sharpe Ratio,Max Drawdown,Skewness,Kurtosis,Cornish-Fisher VaR (5%),Historic CVaR (5%)
Mean Return,16.507579646179437,19.6014426412798,0.48667079439381994,-34.904966515879245,-0.7825737771731186,6.849895338003988,0.045363157732746386,0.06423318858405895
