,Annualized Return,Annualized Vol,Sharpe Ratio,Max Drawdown,Skewness,Kurtosis,Cornish-Fisher VaR (5%),Historic CVaR (5%)
Mean Return,14.302844849890729,19.59379868442085,0.37675387761231255,-42.874167052705594,-1.1209716920565806,7.946107691873445,0.0469690293174367,0.06580934860147132
