,Annualized Return,Annualized Vol,Sharpe Ratio,Max Drawdown,Skewness,Kurtosis,Cornish-Fisher VaR (5%),Historic CVaR (5%)
Mean Return,16.423591786152446,22.886416729358174,0.4096685406274045,-46.481719793026144,-0.9751117762808476,7.927135828706567,0.05374615594923025,0.0773515324234127
