,Annualized Return,Annualized Vol,Sharpe Ratio,Max Drawdown,Skewness,Kurtosis,Cornish-Fisher VaR (5%),Historic CVaR (5%)
Mean Return,20.972609724201362,23.084232181228735,0.593300397081486,-38.8359219521488,-0.39267581077731023,9.23759929472416,0.04830328262331632,0.07462543365305173
