,Annualized Return,Annualized Vol,Sharpe Ratio,Max Drawdown,Skewness,Kurtosis,Cornish-Fisher VaR (5%),Historic CVaR (5%)
Mean Return,12.448153095505244,19.65299098205106,0.28522961693764876,-33.381999660929424,-0.7500699919872914,8.416666020018429,0.044674870702978105,0.061094562644678226
