,Annualized Return,Annualized Vol,Sharpe Ratio,Max Drawdown,Skewness,Kurtosis,Cornish-Fisher VaR (5%),Historic CVaR (5%)
Mean Return,17.511630406925317,22.660779997452586,0.4588812503757155,-41.51478065020739,-0.3688647500520615,5.374863219604168,0.04970816312960379,0.069313430798062
