,Annualized Return,Annualized Vol,Sharpe Ratio,Max Drawdown,Skewness,Kurtosis,Cornish-Fisher VaR (5%),Historic CVaR (5%)
Mean Return,18.55781093496116,23.407712375517157,0.485583736930755,-41.169191751236205,-0.6152394239463712,6.577775757425562,0.05259978053176955,0.07344631596402483
