,Annualized Return,Annualized Vol,Sharpe Ratio,Max Drawdown,Skewness,Kurtosis,Cornish-Fisher VaR (5%),Historic CVaR (5%)
Mean Return,16.088516527468077,19.573206614956952,0.4621218913932666,-34.31775432919261,-0.9646970060048116,7.343457543876078,0.04591585419584696,0.06544786909014504
