,Annualized Return,Annualized Vol,Sharpe Ratio,Max Drawdown,Skewness,Kurtosis,Cornish-Fisher VaR (5%),Historic CVaR (5%)
Mean Return,16.55818670856717,20.1366177716531,0.47609531043898884,-36.015907079194,-0.691917980467506,6.720988254362678,0.04608314720204212,0.06598634518300686
