,Annualized Return,Annualized Vol,Sharpe Ratio,Max Drawdown,Skewness,Kurtosis,Cornish-Fisher VaR (5%),Historic CVaR (5%)
Mean Return,11.793250118936992,22.08451776795254,0.2251872004433997,-44.253467546532235,-0.7777316621875275,6.151870542160316,0.052161680945650865,0.07262881096127398
