,Annualized Return,Annualized Vol,Sharpe Ratio,Max Drawdown,Skewness,Kurtosis,Cornish-Fisher VaR (5%),Historic CVaR (5%)
Mean Return,11.970361946866714,19.75567316946863,0.26281060623825914,-55.741943578406214,-0.783592748688188,6.766070355260261,0.04612962782347115,0.06558783647781027
