,Annualized Return,Annualized Vol,Sharpe Ratio,Max Drawdown,Skewness,Kurtosis,Cornish-Fisher VaR (5%),Historic CVaR (5%)
Mean Return,16.134038112212814,17.98737579610173,0.5024978633028658,-34.60255631338047,-1.4403049225689324,12.87387536214055,0.0420530686147636,0.057395491793933155
