,Annualized Return,Annualized Vol,Sharpe Ratio,Max Drawdown,Skewness,Kurtosis,Cornish-Fisher VaR (5%),Historic CVaR (5%)
Mean Return,11.696507621564823,19.18520094126004,0.25898333297104065,-49.00446314660049,-1.0558959530342427,9.30087328167534,0.04568529768374495,0.06534777686863513
