,Annualized Return,Annualized Vol,Sharpe Ratio,Max Drawdown,Skewness,Kurtosis,Cornish-Fisher VaR (5%),Historic CVaR (5%)
Mean Return,13.254019242832381,18.659253157961427,0.3429774993450346,-48.86177876485922,-0.7262221771909854,7.243365204489189,0.042618572884603204,0.05966803886510236
