,Annualized Return,Annualized Vol,Sharpe Ratio,Max Drawdown,Skewness,Kurtosis,Cornish-Fisher VaR (5%),Historic CVaR (5%)
Mean Return,10.781879318459243,20.982888346247513,0.20826724333588098,-42.84149594918308,-0.8185635993316519,9.460078002223119,0.04939155990953335,0.07291553487328016
