,Annualized Return,Annualized Vol,Sharpe Ratio,Max Drawdown,Skewness,Kurtosis,Cornish-Fisher VaR (5%),Historic CVaR (5%)
Mean Return,0.11653083688552002,24.684391149633804,-0.23240053663354607,-64.41025140461937,-0.6995028818393547,7.130716686839747,0.060411037513312005,0.08499071112374226
