,Annualized Return,Annualized Vol,Sharpe Ratio,Max Drawdown,Skewness,Kurtosis,Cornish-Fisher VaR (5%),Historic CVaR (5%)
Mean Return,14.201334773242436,20.162076974784473,0.36071678997218576,-35.912903699343836,-0.7429734950650219,6.596066972103161,0.046545584863065904,0.06447711580162863
