,Annualized Return,Annualized Vol,Sharpe Ratio,Max Drawdown,Skewness,Kurtosis,Cornish-Fisher VaR (5%),Historic CVaR (5%)
Mean Return,4.7552624386147935,20.306722644428785,-0.07868379836981099,-52.18850348089629,-0.8752373092454828,8.903934040069776,0.04820178242520745,0.06651921936740327
