,Annualized Return,Annualized Vol,Sharpe Ratio,Max Drawdown,Skewness,Kurtosis,Cornish-Fisher VaR (5%),Historic CVaR (5%)
Mean Return,12.965676903076151,18.82818402736873,0.32702123105350217,-38.33125814164628,-1.3864126028435741,10.477737254431181,0.04603452908113237,0.06382090229029808
