,Annualized Return,Annualized Vol,Sharpe Ratio,Max Drawdown,Skewness,Kurtosis,Cornish-Fisher VaR (5%),Historic CVaR (5%)
Mean Return,14.658794582676048,20.17899644522049,0.3824115601810132,-46.420953579923946,-1.1110669229262544,8.224623567056854,0.0481528962960113,0.0677742578708766
