,Annualized Return,Annualized Vol,Sharpe Ratio,Max Drawdown,Skewness,Kurtosis,Cornish-Fisher VaR (5%),Historic CVaR (5%)
Mean Return,11.861231532405657,20.54621774190034,0.2468558021952408,-43.76502995172142,-0.5429569600341311,5.563187693358374,0.046989034754161725,0.06262978734099289
