,Annualized Return,Annualized Vol,Sharpe Ratio,Max Drawdown,Skewness,Kurtosis,Cornish-Fisher VaR (5%),Historic CVaR (5%)
Mean Return,16.27252575925602,19.12903177953353,0.48190504452735217,-39.263597243295685,-0.9421436123268011,9.767064612390215,0.04334164386572295,0.06293216109526145
