,Annualized Return,Annualized Vol,Sharpe Ratio,Max Drawdown,Skewness,Kurtosis,Cornish-Fisher VaR (5%),Historic CVaR (5%)
Mean Return,23.170965079698025,19.36478472708863,0.8183655137585347,-27.194833401291124,-0.7304904674274638,6.587186241530614,0.0434522561058366,0.0592135219106594
