,Annualized Return,Annualized Vol,Sharpe Ratio,Max Drawdown,Skewness,Kurtosis,Cornish-Fisher VaR (5%),Historic CVaR (5%)
Mean Return,14.475550794039972,19.20574878963851,0.3911359800665258,-38.816223254785584,-1.1217453967160949,8.351413972702328,0.045765575014425915,0.06395310360396127
