,Annualized Return,Annualized Vol,Sharpe Ratio,Max Drawdown,Skewness,Kurtosis,Cornish-Fisher VaR (5%),Historic CVaR (5%)
Mean Return,19.69910144569098,19.79431277995434,0.6293733226688465,-35.416160691554275,-1.2784011250479344,10.076470134733073,0.04642814550194131,0.06357604234993568
