,Annualized Return,Annualized Vol,Sharpe Ratio,Max Drawdown,Skewness,Kurtosis,Cornish-Fisher VaR (5%),Historic CVaR (5%)
Mean Return,11.664291052503684,20.19308351433386,0.24109306347929893,-33.156801128582245,-0.8105128086347793,8.54842355954941,0.04644525720660334,0.06414269380790828
