,Annualized Return,Annualized Vol,Sharpe Ratio,Max Drawdown,Skewness,Kurtosis,Cornish-Fisher VaR (5%),Historic CVaR (5%)
Mean Return,24.958874991558623,20.713232714017078,0.8463559773243041,-26.15635976976632,-0.41430877085573664,5.475476224240164,0.0446974178554639,0.06181972104400304
