,Annualized Return,Annualized Vol,Sharpe Ratio,Max Drawdown,Skewness,Kurtosis,Cornish-Fisher VaR (5%),Historic CVaR (5%)
Mean Return,16.092294022990284,19.791801829238967,0.45719411732177573,-34.31704046821933,-1.0053114205111986,7.5407405297382955,0.04662177727174971,0.06662462384535185
