,Annualized Return,Annualized Vol,Sharpe Ratio,Max Drawdown,Skewness,Kurtosis,Cornish-Fisher VaR (5%),Historic CVaR (5%)
Mean Return,17.922864576967058,18.385855271968392,0.584898817090924,-31.45329834145576,-1.2095733605693517,9.312706099078436,0.04318533881052098,0.06039129069013106
