,Annualized Return,Annualized Vol,Sharpe Ratio,Max Drawdown,Skewness,Kurtosis,Cornish-Fisher VaR (5%),Historic CVaR (5%)
Mean Return,8.943496445817733,23.709775054309407,0.09804512301805557,-48.15458457007013,-0.957192643477051,7.246333308089236,0.057364435007122114,0.08044778573396236
