,Annualized Return,Annualized Vol,Sharpe Ratio,Max Drawdown,Skewness,Kurtosis,Cornish-Fisher VaR (5%),Historic CVaR (5%)
Mean Return,12.817252668045697,20.41762345107818,0.2949838289918043,-42.236249689224096,-0.7427888265634751,7.735370858757549,0.04720354217553402,0.0663350800240426
