,Annualized Return,Annualized Vol,Sharpe Ratio,Max Drawdown,Skewness,Kurtosis,Cornish-Fisher VaR (5%),Historic CVaR (5%)
Mean Return,15.836938659628807,22.583370916599243,0.3907451195308065,-55.16775677759975,-1.1174556341789972,10.068258211580977,0.05283697606165331,0.07109058714915609
