,Annualized Return,Annualized Vol,Sharpe Ratio,Max Drawdown,Skewness,Kurtosis,Cornish-Fisher VaR (5%),Historic CVaR (5%)
Mean Return,11.866890842677691,21.8925389853956,0.23346945068454295,-48.86203126914909,-0.7497976036496339,7.922171662160276,0.05086086253608361,0.07037189742893105
