,Annualized Return,Annualized Vol,Sharpe Ratio,Max Drawdown,Skewness,Kurtosis,Cornish-Fisher VaR (5%),Historic CVaR (5%)
Mean Return,7.419064978715273,21.479448976214417,0.03937523155196652,-37.81963820298104,-0.5966335915897806,6.48291872428412,0.04986903641201921,0.06726252227372768
