,Annualized Return,Annualized Vol,Sharpe Ratio,Max Drawdown,Skewness,Kurtosis,Cornish-Fisher VaR (5%),Historic CVaR (5%)
Mean Return,9.842784567627483,19.93884625328318,0.17222301573932763,-45.30924146234674,-1.2390945533704631,11.643911140681183,0.048218780433897504,0.06537493234795452
