,Annualized Return,Annualized Vol,Sharpe Ratio,Max Drawdown,Skewness,Kurtosis,Cornish-Fisher VaR (5%),Historic CVaR (5%)
Mean Return,11.881638293774621,18.481061497631725,0.27798142957194893,-38.692264776256486,-1.2246823141196141,8.647191898243149,0.045309474700094866,0.06290615629551286
