,Annualized Return,Annualized Vol,Sharpe Ratio,Max Drawdown,Skewness,Kurtosis,Cornish-Fisher VaR (5%),Historic CVaR (5%)
Mean Return,16.459286071545186,17.497163057814216,0.5340566416481944,-31.215748348086585,-1.6280911979688695,13.692989949208636,0.04141335612506707,0.05746054176347616
