,Annualized Return,Annualized Vol,Sharpe Ratio,Max Drawdown,Skewness,Kurtosis,Cornish-Fisher VaR (5%),Historic CVaR (5%)
Mean Return,9.279279952648611,19.637014117145124,0.1353201349118763,-46.52399810090195,-0.8731066515410151,8.355209830785784,0.046062489909557386,0.0631516626440293
