,Annualized Return,Annualized Vol,Sharpe Ratio,Max Drawdown,Skewness,Kurtosis,Cornish-Fisher VaR (5%),Historic CVaR (5%)
Mean Return,8.122552112659243,23.093364205734275,0.069261762519567,-50.29112573180365,-0.6441306510495709,8.124686149309053,0.05339511313601336,0.07804795330455756
