,Annualized Return,Annualized Vol,Sharpe Ratio,Max Drawdown,Skewness,Kurtosis,Cornish-Fisher VaR (5%),Historic CVaR (5%)
Mean Return,14.502338298500694,24.365788647757885,0.3100529228636901,-48.38605776110864,-0.3707198135690458,4.539151511836929,0.05473157981198,0.07229113666491936
