,Annualized Return,Annualized Vol,Sharpe Ratio,Max Drawdown,Skewness,Kurtosis,Cornish-Fisher VaR (5%),Historic CVaR (5%)
Mean Return,-0.46028520635238435,21.789144282925047,-0.2894630977435976,-56.41547356064287,-0.9790666970532371,7.784265655077301,0.05526984077504095,0.07710420396591439
