,Annualized Return,Annualized Vol,Sharpe Ratio,Max Drawdown,Skewness,Kurtosis,Cornish-Fisher VaR (5%),Historic CVaR (5%)
Mean Return,13.633617806115804,19.39908174570548,0.34726069647928703,-44.40034123571088,-0.8623367592751889,9.017075825823744,0.044304553178801304,0.06302210375726196
