,Annualized Return,Annualized Vol,Sharpe Ratio,Max Drawdown,Skewness,Kurtosis,Cornish-Fisher VaR (5%),Historic CVaR (5%)
Mean Return,11.957499732681587,22.188035826554415,0.23321640641426206,-45.40426130361433,-0.5195903869557944,6.075592846685086,0.0503591228992464,0.07029841929572031
