,Annualized Return,Annualized Vol,Sharpe Ratio,Max Drawdown,Skewness,Kurtosis,Cornish-Fisher VaR (5%),Historic CVaR (5%)
Mean Return,20.429922981287007,21.55762172398476,0.6129589110184515,-36.844648847546516,-0.6051611760856161,6.233979351086544,0.04850049462189025,0.06294778481928813
