,Annualized Return,Annualized Vol,Sharpe Ratio,Max Drawdown,Skewness,Kurtosis,Cornish-Fisher VaR (5%),Historic CVaR (5%)
Mean Return,18.43120864356016,18.038669526692964,0.6226601964067555,-34.12181473495839,-1.3588149833149394,10.300332648875209,0.042614056152108566,0.059190604767373874
