,Annualized Return,Annualized Vol,Sharpe Ratio,Max Drawdown,Skewness,Kurtosis,Cornish-Fisher VaR (5%),Historic CVaR (5%)
Mean Return,10.303762635335168,25.332962303398016,0.1430091529747759,-68.99004642679213,-0.3484807080155772,4.589349260900977,0.05745586676051655,0.08059910105835946
