,Annualized Return,Annualized Vol,Sharpe Ratio,Max Drawdown,Skewness,Kurtosis,Cornish-Fisher VaR (5%),Historic CVaR (5%)
Mean Return,12.448545350694395,23.171390768735126,0.2411991096891227,-47.37431414004344,-0.6047041272171777,4.680787424943225,0.05421756385510338,0.07706905593746258
