,Annualized Return,Annualized Vol,Sharpe Ratio,Max Drawdown,Skewness,Kurtosis,Cornish-Fisher VaR (5%),Historic CVaR (5%)
Mean Return,18.34529919374328,19.885848564157484,0.5598885834061084,-37.46380944824967,-0.2831819526422747,4.514442725674988,0.043013929253988115,0.06096638967615352
