,Annualized Return,Annualized Vol,Sharpe Ratio,Max Drawdown,Skewness,Kurtosis,Cornish-Fisher VaR (5%),Historic CVaR (5%)
Mean Return,12.945372339746108,18.185426590178157,0.3330861273994528,-32.1305928596802,-1.3180457724588934,10.882888410409768,0.04337074549033932,0.060854001517405054
