,Annualized Return,Annualized Vol,Sharpe Ratio,Max Drawdown,Skewness,Kurtosis,Cornish-Fisher VaR (5%),Historic CVaR (5%)
Mean Return,-1.566162765701773,20.107682858071374,-0.36547838951768613,-54.99459843175789,-1.1609202951180226,8.815322108330635,0.05193895173876624,0.07240590671316746
