,Annualized Return,Annualized Vol,Sharpe Ratio,Max Drawdown,Skewness,Kurtosis,Cornish-Fisher VaR (5%),Historic CVaR (5%)
Mean Return,13.634568747100296,19.391314193217056,0.34577322885287715,-31.16945388523959,-0.8502944362263002,8.136168352224859,0.04469398527201372,0.06208517265812389
