,Annualized Return,Annualized Vol,Sharpe Ratio,Max Drawdown,Skewness,Kurtosis,Cornish-Fisher VaR (5%),Historic CVaR (5%)
Mean Return,10.492410194163293,20.60214154800068,0.19963628927789814,-42.13595163592051,-0.5617773680733998,6.621927999600476,0.04825024723723258,0.06957146207501698
