,Annualized Return,Annualized Vol,Sharpe Ratio,Max Drawdown,Skewness,Kurtosis,Cornish-Fisher VaR (5%),Historic CVaR (5%)
Mean Return,8.680305648237429,20.53700780147512,0.09967515771073925,-42.705780033252154,-0.9623698625132108,7.09212888737616,0.04971159386696679,0.07001026961265884
