,Annualized Return,Annualized Vol,Sharpe Ratio,Max Drawdown,Skewness,Kurtosis,Cornish-Fisher VaR (5%),Historic CVaR (5%)
Mean Return,7.455529721738641,22.89350430095069,0.03976586095942053,-49.540040294399176,-0.5442798196135903,7.379249346435122,0.05218739707307205,0.07184377867891682
