,Annualized Return,Annualized Vol,Sharpe Ratio,Max Drawdown,Skewness,Kurtosis,Cornish-Fisher VaR (5%),Historic CVaR (5%)
Mean Return,6.474334624688782,18.272311973927536,0.0011476582832677857,-41.245907170290714,-0.7870254702491358,9.177127965679903,0.04229804613674079,0.0570869447563328
