,Annualized Return,Annualized Vol,Sharpe Ratio,Max Drawdown,Skewness,Kurtosis,Cornish-Fisher VaR (5%),Historic CVaR (5%)
Mean Return,4.152048820979615,20.827495769652767,-0.09229618349642414,-45.66394105056203,0.08555208481634533,9.124413629749709,0.04277694836633496,0.0632206770095376
