,Annualized Return,Annualized Vol,Sharpe Ratio,Max Drawdown,Skewness,Kurtosis,Cornish-Fisher VaR (5%),Historic CVaR (5%)
Mean Return,5.594741531907332,17.93027129823446,-0.027641610102145154,-39.69897092679952,-0.9339500689561053,9.696042746562561,0.043548418132497026,0.05809345734853649
