,Annualized Return,Annualized Vol,Sharpe Ratio,Max Drawdown,Skewness,Kurtosis,Cornish-Fisher VaR (5%),Historic CVaR (5%)
Mean Return,4.923937857713656,18.849612490207708,-0.07509889980843096,-36.849204349348774,-0.8090096822222913,11.082947748390593,0.04350480409905942,0.06151435183619826
