,Annualized Return,Annualized Vol,Sharpe Ratio,Max Drawdown,Skewness,Kurtosis,Cornish-Fisher VaR (5%),Historic CVaR (5%)
Mean Return,6.347828669499811,18.674169210177123,3.0497018851195778e-05,-38.95909047126171,-0.5394567443416173,6.334092374387689,0.04350275236778774,0.05909107840464558
