,Annualized Return,Annualized Vol,Sharpe Ratio,Max Drawdown,Skewness,Kurtosis,Cornish-Fisher VaR (5%),Historic CVaR (5%)
Mean Return,4.6009950188624416,19.78705752495637,-0.08630819950606218,-34.48550644921916,-0.15914132355891442,8.319995515002708,0.042521516219962176,0.06125280281625202
