,Annualized Return,Annualized Vol,Sharpe Ratio,Max Drawdown,Skewness,Kurtosis,Cornish-Fisher VaR (5%),Historic CVaR (5%)
Mean Return,3.683605447190774,19.580166316698246,-0.13129824863913925,-38.889927563209135,-0.20481950574731977,8.666905131925015,0.04239836958475478,0.060345431820882214
