,Annualized Return,Annualized Vol,Sharpe Ratio,Max Drawdown,Skewness,Kurtosis,Cornish-Fisher VaR (5%),Historic CVaR (5%)
Mean Return,2.9839267929063107,18.948726991122108,-0.1610985862157313,-43.76826455794914,-0.9739625302655408,8.62787830596142,0.04695916083513965,0.06250366044749597
