,Annualized Return,Annualized Vol,Sharpe Ratio,Max Drawdown,Skewness,Kurtosis,Cornish-Fisher VaR (5%),Historic CVaR (5%)
Mean Return,8.305480570427349,16.81722159574531,0.10082080481810589,-31.783827835094925,-1.4462217916175486,13.172057242365574,0.040375476367180946,0.054494582122219304
