,Annualized Return,Annualized Vol,Sharpe Ratio,Max Drawdown,Skewness,Kurtosis,Cornish-Fisher VaR (5%),Historic CVaR (5%)
Mean Return,6.256257783839314,21.081482570850028,-0.010221506963999153,-42.31271237430494,-0.3495850918995285,6.2888050881848905,0.0473203523596346,0.06747094093384214
