,Annualized Return,Annualized Vol,Sharpe Ratio,Max Drawdown,Skewness,Kurtosis,Cornish-Fisher VaR (5%),Historic CVaR (5%)
Mean Return,10.820578177807816,19.49512508188012,0.21601556663936136,-44.066874036795745,-1.5822563332576232,14.577060087850827,0.04704527448893556,0.06296668130870818
