,Annualized Return,Annualized Vol,Sharpe Ratio,Max Drawdown,Skewness,Kurtosis,Cornish-Fisher VaR (5%),Historic CVaR (5%)
Mean Return,10.626526748137222,24.20863096829094,0.16009760248217436,-37.35593033464134,-0.0898434276588675,6.115241038523774,0.0513837729401694,0.07440543200611238
