,Annualized Return,Annualized Vol,Sharpe Ratio,Max Drawdown,Skewness,Kurtosis,Cornish-Fisher VaR (5%),Historic CVaR (5%)
Mean Return,7.594825212520284,19.24575490463398,0.05253347352415168,-44.15636566859142,-0.13627401925512678,6.286167385145701,0.04133888917985512,0.05785275500975007
