,Annualized Return,Annualized Vol,Sharpe Ratio,Max Drawdown,Skewness,Kurtosis,Cornish-Fisher VaR (5%),Historic CVaR (5%)
Mean Return,9.352689434526473,20.001520275455952,0.13395190630084539,-37.63962317417038,-1.3060935914866239,10.664858025764046,0.048561581269948834,0.06392914765840739
