,Annualized Return,Annualized Vol,Sharpe Ratio,Max Drawdown,Skewness,Kurtosis,Cornish-Fisher VaR (5%),Historic CVaR (5%)
Mean Return,2.683364718742687,19.151935059723286,-0.17418163599114125,-46.07639022206647,-0.6241145173036359,6.478635923179105,0.04629360783684615,0.062456141580975656
