,Annualized Return,Annualized Vol,Sharpe Ratio,Max Drawdown,Skewness,Kurtosis,Cornish-Fisher VaR (5%),Historic CVaR (5%)
Mean Return,9.58172062149849,22.006145367584423,0.13833143908578183,-46.11302609878856,-1.5226387105642274,15.514263794301995,0.05253259675612497,0.07148884315618315
