,Annualized Return,Annualized Vol,Sharpe Ratio,Max Drawdown,Skewness,Kurtosis,Cornish-Fisher VaR (5%),Historic CVaR (5%)
Mean Return,12.933265372560765,18.155021013443857,0.3339758078119326,-36.41509005002893,-1.464798810340627,14.943706096984858,0.04208060072529303,0.05618350461214128
