,Annualized Return,Annualized Vol,Sharpe Ratio,Max Drawdown,Skewness,Kurtosis,Cornish-Fisher VaR (5%),Historic CVaR (5%)
Mean Return,5.624196012228078,18.87345383172224,-0.040101382502367416,-37.20361508240054,-0.9530903721144662,10.614539008716077,0.04463480749678091,0.06223070720602012
