,Annualized Return,Annualized Vol,Sharpe Ratio,Max Drawdown,Skewness,Kurtosis,Cornish-Fisher VaR (5%),Historic CVaR (5%)
Mean Return,3.092500846979518,17.940474327086246,-0.17781519095069848,-35.754353060917246,-0.9719670821863007,13.014286750235446,0.04137162477987857,0.055655024647345196
