,Annualized Return,Annualized Vol,Sharpe Ratio,Max Drawdown,Skewness,Kurtosis,Cornish-Fisher VaR (5%),Historic CVaR (5%)
Mean Return,3.4208731795534852,19.047296523200558,-0.13709511841696215,-38.83664028506928,-0.586412819681478,7.670843810574525,0.044980159781855794,0.06344312618449861
