,Annualized Return,Annualized Vol,Sharpe Ratio,Max Drawdown,Skewness,Kurtosis,Cornish-Fisher VaR (5%),Historic CVaR (5%)
Mean Return,4.977891319870431,19.37213491571392,-0.05563983006824213,-41.00971910394684,-0.1789785287887734,4.556112246845904,0.04460755396361074,0.06197535808426466
