,Annualized Return,Annualized Vol,Sharpe Ratio,Max Drawdown,Skewness,Kurtosis,Cornish-Fisher VaR (5%),Historic CVaR (5%)
Mean Return,9.89950988859194,18.121832079585378,0.17624103695456728,-35.4456099765261,-1.1363123258298975,12.29655253833818,0.04193533037990143,0.05334616097261836
