,Annualized Return,Annualized Vol,Sharpe Ratio,Max Drawdown,Skewness,Kurtosis,Cornish-Fisher VaR (5%),Historic CVaR (5%)
Mean Return,4.7190088770230565,20.165475243862343,-0.0797777139019056,-40.55373142033286,-1.4688456253000712,10.54827834143936,0.05141034587664959,0.06882689006405185
