,Annualized Return,Annualized Vol,Sharpe Ratio,Max Drawdown,Skewness,Kurtosis,Cornish-Fisher VaR (5%),Historic CVaR (5%)
Mean Return,9.853283663367463,19.515281548961983,0.1691262760825056,-44.78864008317151,-1.536083281409734,14.270849140167426,0.04715306817312551,0.06194393206836588
