,Annualized Return,Annualized Vol,Sharpe Ratio,Max Drawdown,Skewness,Kurtosis,Cornish-Fisher VaR (5%),Historic CVaR (5%)
Mean Return,4.2067291682786445,19.640405572448742,-0.10825522809746817,-46.856091488490954,-0.5800244526719105,9.83046245232102,0.04413303183739087,0.061450211723539136
