,Annualized Return,Annualized Vol,Sharpe Ratio,Max Drawdown,Skewness,Kurtosis,Cornish-Fisher VaR (5%),Historic CVaR (5%)
Mean Return,4.3890855720609245,18.292972105455714,-0.10580843220022046,-33.20962109759421,-0.828172659649166,10.33717333042445,0.042395458358396115,0.05747393294146621
