,Annualized Return,Annualized Vol,Sharpe Ratio,Max Drawdown,Skewness,Kurtosis,Cornish-Fisher VaR (5%),Historic CVaR (5%)
Mean Return,11.779719963311308,18.299327459772062,0.2720665631469464,-40.63960361619686,-1.3406847465914975,13.272853038533952,0.04275645061470708,0.05800763321539272
