,Annualized Return,Annualized Vol,Sharpe Ratio,Max Drawdown,Skewness,Kurtosis,Cornish-Fisher VaR (5%),Historic CVaR (5%)
Mean Return,-0.9799664881234404,18.72900868444882,-0.3721124941222872,-41.97064872517316,-0.9357690454179853,11.175749278534491,0.04513391433658689,0.06020769986869248
