,Annualized Return,Annualized Vol,Sharpe Ratio,Max Drawdown,Skewness,Kurtosis,Cornish-Fisher VaR (5%),Historic CVaR (5%)
Mean Return,0.7286641602281874,22.373973944989068,-0.23576795857465754,-45.49824138613462,-0.8446708919998062,10.651308509216479,0.053083150952943595,0.07442197085220377
