,Annualized Return,Annualized Vol,Sharpe Ratio,Max Drawdown,Skewness,Kurtosis,Cornish-Fisher VaR (5%),Historic CVaR (5%)
Mean Return,5.538951891941801,18.740715618151338,-0.040605318265526026,-40.27755318972497,-0.606416053629762,7.4658602585838825,0.04367320078709359,0.05955791833154185
