,Annualized Return,Annualized Vol,Sharpe Ratio,Max Drawdown,Skewness,Kurtosis,Cornish-Fisher VaR (5%),Historic CVaR (5%)
Mean Return,4.934826480903443,19.24464961923357,-0.07302986210784562,-38.63852772707824,-0.7813725762374296,10.404108224420037,0.04460615538767327,0.06408446665311535
