,Annualized Return,Annualized Vol,Sharpe Ratio,Max Drawdown,Skewness,Kurtosis,Cornish-Fisher VaR (5%),Historic CVaR (5%)
Mean Return,4.720473970039452,19.524816581301817,-0.07763426526380596,-42.56448338567599,-1.1015516436119153,11.034080289038382,0.047119429108103725,0.06299584386957253
