,Annualized Return,Annualized Vol,Sharpe Ratio,Max Drawdown,Skewness,Kurtosis,Cornish-Fisher VaR (5%),Historic CVaR (5%)
Mean Return,3.510558660996832,20.024522261652162,-0.1325957853606255,-44.3790455723407,-1.2002751017384474,11.554973959375571,0.0489389797199174,0.06507547587958593
