,Annualized Return,Annualized Vol,Sharpe Ratio,Max Drawdown,Skewness,Kurtosis,Cornish-Fisher VaR (5%),Historic CVaR (5%)
Mean Return,6.436774666702627,20.47766496671701,-0.0004935295891662617,-35.0299266232348,-0.855017709571989,8.498312390254899,0.04838146958148708,0.06709049653441118
