,Annualized Return,Annualized Vol,Sharpe Ratio,Max Drawdown,Skewness,Kurtosis,Cornish-Fisher VaR (5%),Historic CVaR (5%)
Mean Return,3.969059145759557,21.332053121873145,-0.11086999781790892,-38.953684673276264,-0.30975127224848287,5.56297795349669,0.04842074560943694,0.06889646848397103
