,Annualized Return,Annualized Vol,Sharpe Ratio,Max Drawdown,Skewness,Kurtosis,Cornish-Fisher VaR (5%),Historic CVaR (5%)
Mean Return,11.442680790518732,20.169884497037202,0.23782133174467565,-44.35175394065596,-1.1542460382853528,11.043171866325746,0.047823261679823446,0.06640989041749461
