,Annualized Return,Annualized Vol,Sharpe Ratio,Max Drawdown,Skewness,Kurtosis,Cornish-Fisher VaR (5%),Historic CVaR (5%)
Mean Return,4.571063599838543,18.128611235388252,-0.08061480805628395,-39.42223346162411,-0.5264251013426199,7.746447194113398,0.04255063969045566,0.05908391242315653
