,Annualized Return,Annualized Vol,Sharpe Ratio,Max Drawdown,Skewness,Kurtosis,Cornish-Fisher VaR (5%),Historic CVaR (5%)
Mean Return,8.055815784518149,18.8902116764984,0.08515099900976703,-38.63335914704599,-0.617818247088087,7.38025170143533,0.043687098837369584,0.0598534489158031
