,Annualized Return,Annualized Vol,Sharpe Ratio,Max Drawdown,Skewness,Kurtosis,Cornish-Fisher VaR (5%),Historic CVaR (5%)
Mean Return,9.072845596643297,18.41919376516998,0.14949758307847794,-43.989190290158746,-0.9681430653103539,10.333200630566918,0.04398970656884764,0.05758210262321817
