,Annualized Return,Annualized Vol,Sharpe Ratio,Max Drawdown,Skewness,Kurtosis,Cornish-Fisher VaR (5%),Historic CVaR (5%)
Mean Return,11.026210591726215,20.138999717690897,0.22820009372759478,-38.69357737851642,-0.014926404816776354,8.455206918151866,0.041681545425592784,0.05636023098717012
