,Annualized Return,Annualized Vol,Sharpe Ratio,Max Drawdown,Skewness,Kurtosis,Cornish-Fisher VaR (5%),Historic CVaR (5%)
Mean Return,4.272773266386887,18.98738384387707,-0.10770844347711493,-34.47714748443366,-0.743999847939088,9.39080833702391,0.04398398647084772,0.06055062095044667
