,Annualized Return,Annualized Vol,Sharpe Ratio,Max Drawdown,Skewness,Kurtosis,Cornish-Fisher VaR (5%),Historic CVaR (5%)
Mean Return,14.500679272610206,20.173381002578044,0.3779405823730782,-59.00480608316991,-0.7140564304869018,8.617308778736964,0.045618289971528656,0.06399464457108098
