,Annualized Return,Annualized Vol,Sharpe Ratio,Max Drawdown,Skewness,Kurtosis,Cornish-Fisher VaR (5%),Historic CVaR (5%)
Mean Return,12.790526049296869,21.273986821711137,0.30100295548147626,-57.73019263294073,-1.1448980083907512,11.530200157933388,0.05139988454621948,0.06707413527361586
