,Annualized Return,Annualized Vol,Sharpe Ratio,Max Drawdown,Skewness,Kurtosis,Cornish-Fisher VaR (5%),Historic CVaR (5%)
Mean Return,14.932944597952114,20.834395044264777,0.3789465332569668,-61.04053706956104,-1.599535639439368,13.009915721857936,0.05027756138589693,0.06799266280581245
