,Annualized Return,Annualized Vol,Sharpe Ratio,Max Drawdown,Skewness,Kurtosis,Cornish-Fisher VaR (5%),Historic CVaR (5%)
Mean Return,9.158182581908658,20.390601857781572,0.13012308274513465,-58.95321315548445,-1.0820548589955674,10.988267144999588,0.0483087322520918,0.06500738446483383
