,Annualized Return,Annualized Vol,Sharpe Ratio,Max Drawdown,Skewness,Kurtosis,Cornish-Fisher VaR (5%),Historic CVaR (5%)
Mean Return,14.668620962105638,20.503940399186547,0.37365619914716397,-61.38607162716958,-0.9229188905531611,8.006720892392403,0.04780327748306773,0.06238124072323559
