,Annualized Return,Annualized Vol,Sharpe Ratio,Max Drawdown,Skewness,Kurtosis,Cornish-Fisher VaR (5%),Historic CVaR (5%)
Mean Return,10.578487759079724,22.72380512960092,0.17017776706676485,-60.87048173719087,-0.23781141612598072,9.19013839326748,0.04747901198536484,0.07039652168281202
