,Annualized Return,Annualized Vol,Sharpe Ratio,Max Drawdown,Skewness,Kurtosis,Cornish-Fisher VaR (5%),Historic CVaR (5%)
Mean Return,15.593551376926552,21.092727999994143,0.40594142843766307,-60.4080477881798,-0.9658763350036661,10.550697931376634,0.047880582839298524,0.0652780034609573
