,Annualized Return,Annualized Vol,Sharpe Ratio,Max Drawdown,Skewness,Kurtosis,Cornish-Fisher VaR (5%),Historic CVaR (5%)
Mean Return,9.742292368449323,20.88249439831325,0.14507866171985256,-56.394974501794415,-0.9762095434745721,10.200156069170042,0.048669129016597604,0.06582666486841508
