,Annualized Return,Annualized Vol,Sharpe Ratio,Max Drawdown,Skewness,Kurtosis,Cornish-Fisher VaR (5%),Historic CVaR (5%)
Mean Return,15.153363614063743,20.59359791415888,0.41916710183293693,-54.90932198982599,-1.0326015262796742,10.444507814532212,0.049107073764708124,0.06459122711721833
