,Annualized Return,Annualized Vol,Sharpe Ratio,Max Drawdown,Skewness,Kurtosis,Cornish-Fisher VaR (5%),Historic CVaR (5%)
Mean Return,6.795794253825793,19.17219803341862,0.017793479748225358,-49.19568319259773,-0.6333797588092371,5.958379894030669,0.04548319946574548,0.060425667897340996
