,Annualized Return,Annualized Vol,Sharpe Ratio,Max Drawdown,Skewness,Kurtosis,Cornish-Fisher VaR (5%),Historic CVaR (5%)
Mean Return,7.122390245244614,21.382827856911515,0.027995087814482653,-63.16040863392768,-1.408092301008254,12.749393633989095,0.05185458693133513,0.07169151229799169
