,Annualized Return,Annualized Vol,Sharpe Ratio,Max Drawdown,Skewness,Kurtosis,Cornish-Fisher VaR (5%),Historic CVaR (5%)
Mean Return,17.11200580329737,20.80601825203107,0.47786383963728574,-58.14155595518814,-0.9969145611804335,8.822575213229458,0.04819552584475931,0.06513514839125153
