,Annualized Return,Annualized Vol,Sharpe Ratio,Max Drawdown,Skewness,Kurtosis,Cornish-Fisher VaR (5%),Historic CVaR (5%)
Mean Return,0.6943992766704987,19.08083039496511,-0.2852838803113603,-49.12024536028562,-1.1737758312325177,8.288337507042668,0.04828520177857579,0.0660691662814172
