,Annualized Return,Annualized Vol,Sharpe Ratio,Max Drawdown,Skewness,Kurtosis,Cornish-Fisher VaR (5%),Historic CVaR (5%)
Mean Return,11.425277730781747,19.001317661551248,0.2489508499118613,-52.54292896844872,-0.5194298911578397,5.8550420659577345,0.04349362235445811,0.05811355584902071
