,Annualized Return,Annualized Vol,Sharpe Ratio,Max Drawdown,Skewness,Kurtosis,Cornish-Fisher VaR (5%),Historic CVaR (5%)
Mean Return,6.126755415709995,19.53946110606708,-0.011323611759459616,-54.39041287190799,-0.7410385654724769,9.953260472433957,0.045035787779137866,0.06081392563456707
