,Annualized Return,Annualized Vol,Sharpe Ratio,Max Drawdown,Skewness,Kurtosis,Cornish-Fisher VaR (5%),Historic CVaR (5%)
Mean Return,12.909684909589124,21.852220640155895,0.27783203960814934,-55.906842846556735,-1.0273861907671726,9.99368400451405,0.050928383150120556,0.06921232888296443
