,Annualized Return,Annualized Vol,Sharpe Ratio,Max Drawdown,Skewness,Kurtosis,Cornish-Fisher VaR (5%),Historic CVaR (5%)
Mean Return,6.286880372625503,17.17426402325669,-0.0039906327910482695,-39.00333781015666,-0.2904868397829196,5.236559191228569,0.038875758791203925,0.05349297557940378
