,Annualized Return,Annualized Vol,Sharpe Ratio,Max Drawdown,Skewness,Kurtosis,Cornish-Fisher VaR (5%),Historic CVaR (5%)
Mean Return,10.174508584343345,22.79955448242308,0.15294894490365965,-64.71072985683095,-0.012334076954753496,11.02587483544256,0.04455502373904591,0.06962104889473088
