,Annualized Return,Annualized Vol,Sharpe Ratio,Max Drawdown,Skewness,Kurtosis,Cornish-Fisher VaR (5%),Historic CVaR (5%)
Mean Return,14.498670537703994,21.580543257694824,0.3498275997793796,-62.28487771793885,-0.8226642678847126,7.401904487018591,0.05004633751535031,0.06766168514500319
