,Annualized Return,Annualized Vol,Sharpe Ratio,Max Drawdown,Skewness,Kurtosis,Cornish-Fisher VaR (5%),Historic CVaR (5%)
Mean Return,18.136621062302204,22.236196401586213,0.4925996900888637,-47.98645797805,0.2438630196489838,8.612495696548567,0.041312940990243546,0.06719048885903066
