,Annualized Return,Annualized Vol,Sharpe Ratio,Max Drawdown,Skewness,Kurtosis,Cornish-Fisher VaR (5%),Historic CVaR (5%)
Mean Return,1.7838795145961095,19.479991525758113,-0.22690628843181765,-37.554647821676625,-0.6509228128675103,6.574560149880661,0.046497219337864194,0.06327882020234324
