,Annualized Return,Annualized Vol,Sharpe Ratio,Max Drawdown,Skewness,Kurtosis,Cornish-Fisher VaR (5%),Historic CVaR (5%)
Mean Return,9.56754538403417,20.92275840862288,0.13609668918630952,-61.15471619318854,-1.363290459739309,11.15285206108354,0.05093209663241417,0.06964401617505209
