,Annualized Return,Annualized Vol,Sharpe Ratio,Max Drawdown,Skewness,Kurtosis,Cornish-Fisher VaR (5%),Historic CVaR (5%)
Mean Return,8.98789857417488,21.396441493306156,0.10756430922231615,-63.895607661898325,-1.195056193869714,11.1788608381811,0.0510224012176082,0.06888556067430333
