,Annualized Return,Annualized Vol,Sharpe Ratio,Max Drawdown,Skewness,Kurtosis,Cornish-Fisher VaR (5%),Historic CVaR (5%)
Mean Return,6.804951505008128,20.258277525432224,0.020651068078992547,-58.860175415598704,-0.9168396008796426,10.873025816524118,0.047327816149591584,0.0634088545528091
