,Annualized Return,Annualized Vol,Sharpe Ratio,Max Drawdown,Skewness,Kurtosis,Cornish-Fisher VaR (5%),Historic CVaR (5%)
Mean Return,1.6635178788630745,20.10012683134929,-0.21996025696565794,-41.43747243760061,-0.0369840688135792,6.6468801589700774,0.043738919337428406,0.06388048172446642
