,Annualized Return,Annualized Vol,Sharpe Ratio,Max Drawdown,Skewness,Kurtosis,Cornish-Fisher VaR (5%),Historic CVaR (5%)
Mean Return,10.351597560703363,18.405487561071386,0.20212271128885057,-40.00373952794,-0.3391237411347698,5.440964693179091,0.04123563514422833,0.05509286312760131
