,Annualized Return,Annualized Vol,Sharpe Ratio,Max Drawdown,Skewness,Kurtosis,Cornish-Fisher VaR (5%),Historic CVaR (5%)
Mean Return,8.930388375112464,20.300464755865193,0.12013802749803434,-58.860175415598704,-0.8662864534387363,10.180145230932915,0.047078336304594647,0.06272199448249419
