,Annualized Return,Annualized Vol,Sharpe Ratio,Max Drawdown,Skewness,Kurtosis,Cornish-Fisher VaR (5%),Historic CVaR (5%)
Mean Return,19.316973740046862,21.870507855921083,0.551590382760688,-42.272319647098854,0.02144993072826362,7.0908933948345005,0.04327328278775262,0.06665903425883292
