,Annualized Return,Annualized Vol,Sharpe Ratio,Max Drawdown,Skewness,Kurtosis,Cornish-Fisher VaR (5%),Historic CVaR (5%)
Mean Return,14.719708657249742,20.252505498589024,0.3806697531938073,-60.71767425829729,-0.9559244018036397,8.046426858492467,0.04738914560751898,0.062497279665460106
