,Annualized Return,Annualized Vol,Sharpe Ratio,Max Drawdown,Skewness,Kurtosis,Cornish-Fisher VaR (5%),Historic CVaR (5%)
Mean Return,10.633440483665503,19.412117922436202,0.22102971520978024,-55.77017418221584,-0.6746495060640145,7.171486979783427,0.04583461551364979,0.05991201979894073
