,Annualized Return,Annualized Vol,Sharpe Ratio,Max Drawdown,Skewness,Kurtosis,Cornish-Fisher VaR (5%),Historic CVaR (5%)
Mean Return,11.79049029087289,20.355252542033295,0.2427763801450106,-62.95377390037924,-1.1118791920470188,8.911207204703008,0.04873021309021799,0.06687774603228581
