,Annualized Return,Annualized Vol,Sharpe Ratio,Max Drawdown,Skewness,Kurtosis,Cornish-Fisher VaR (5%),Historic CVaR (5%)
Mean Return,0.17065440225643158,23.599546240666186,-0.25283025192076086,-73.25172671309245,0.35191249264511454,8.741851651493576,0.04607066540996909,0.07235913825634599
