,Annualized Return,Annualized Vol,Sharpe Ratio,Max Drawdown,Skewness,Kurtosis,Cornish-Fisher VaR (5%),Historic CVaR (5%)
Mean Return,5.725555703494867,20.690868856286766,-0.028894697027028612,-61.833629478388175,-1.1192021099501308,10.775858719102262,0.050052190803127,0.06891225803162193
