,Annualized Return,Annualized Vol,Sharpe Ratio,Max Drawdown,Skewness,Kurtosis,Cornish-Fisher VaR (5%),Historic CVaR (5%)
Mean Return,14.69068611870381,20.006563877713056,0.386397727183951,-57.02253791222746,-0.8912000923182719,8.080479658838485,0.046302656597627154,0.06283690198910619
