,Annualized Return,Annualized Vol,Sharpe Ratio,Max Drawdown,Skewness,Kurtosis,Cornish-Fisher VaR (5%),Historic CVaR (5%)
Mean Return,3.5653749084406883,20.53141548515045,-0.11600720885363869,-44.85189498334894,-0.38251606733500243,7.076443889979844,0.04772909589388153,0.06890568544817224
