,Annualized Return,Annualized Vol,Sharpe Ratio,Max Drawdown,Skewness,Kurtosis,Cornish-Fisher VaR (5%),Historic CVaR (5%)
Mean Return,9.98003581211262,21.71157994844948,0.15220233398444385,-60.13880115038867,-0.35431617627910833,8.798277690873999,0.04659748421156974,0.0679537447223786
