,Annualized Return,Annualized Vol,Sharpe Ratio,Max Drawdown,Skewness,Kurtosis,Cornish-Fisher VaR (5%),Historic CVaR (5%)
Mean Return,6.132583367369149,23.200463552555124,-0.015680182516372643,-54.93852119937532,0.5497640333316447,8.021795968047018,0.04274186794580704,0.06771022312208864
