,Annualized Return,Annualized Vol,Sharpe Ratio,Max Drawdown,Skewness,Kurtosis,Cornish-Fisher VaR (5%),Historic CVaR (5%)
Mean Return,11.25372345547493,21.683050706556003,0.22837480278089334,-58.54968252936643,-1.2977906818384846,12.271768358371519,0.05338143146271768,0.06909763121364329
