,Annualized Return,Annualized Vol,Sharpe Ratio,Max Drawdown,Skewness,Kurtosis,Cornish-Fisher VaR (5%),Historic CVaR (5%)
Mean Return,10.100259799192667,20.309470247740784,0.16984116402550825,-58.55751640519045,-0.8755545286965292,7.427474178077115,0.048557088321949486,0.0667791582683319
