,Annualized Return,Annualized Vol,Sharpe Ratio,Max Drawdown,Skewness,Kurtosis,Cornish-Fisher VaR (5%),Historic CVaR (5%)
Mean Return,16.270147271856004,19.985560489329128,0.4653111271982985,-57.1220510261809,-0.49423210751974295,5.4777006742332315,0.045029101797092616,0.06145638336296022
