,Annualized Return,Annualized Vol,Sharpe Ratio,Max Drawdown,Skewness,Kurtosis,Cornish-Fisher VaR (5%),Historic CVaR (5%)
Mean Return,9.17431232941297,20.458655452411996,0.13043257785307172,-61.518208328109345,-0.9648658275747235,9.179267796712809,0.04869299145945718,0.06606235640701497
