,Annualized Return,Annualized Vol,Sharpe Ratio,Max Drawdown,Skewness,Kurtosis,Cornish-Fisher VaR (5%),Historic CVaR (5%)
Mean Return,15.959198679212093,20.963866136094342,0.4271423139214906,-59.871757372479806,-0.8572733310784858,7.098173707008798,0.04922773594804495,0.06809528433531334
