,Annualized Return,Annualized Vol,Sharpe Ratio,Max Drawdown,Skewness,Kurtosis,Cornish-Fisher VaR (5%),Historic CVaR (5%)
Mean Return,0.8865298999807036,21.048967378503686,-0.2332680732547668,-56.28718255636807,-1.0668575699936402,11.64557240293752,0.05198232710056333,0.07321830084714134
