,Annualized Return,Annualized Vol,Sharpe Ratio,Max Drawdown,Skewness,Kurtosis,Cornish-Fisher VaR (5%),Historic CVaR (5%)
Mean Return,1.7924627452598596,19.28575154421843,-0.23119549073676832,-48.4828356491109,-0.9696587277686511,10.000168000308198,0.04634764620094164,0.06216103230032003
