,Annualized Return,Annualized Vol,Sharpe Ratio,Max Drawdown,Skewness,Kurtosis,Cornish-Fisher VaR (5%),Historic CVaR (5%)
Mean Return,9.43564461034747,20.95043884179207,0.1308493712474789,-57.7225400595745,-0.9441781376572427,9.631924296882302,0.04898806682739534,0.06616732624303855
