,Annualized Return,Annualized Vol,Sharpe Ratio,Max Drawdown,Skewness,Kurtosis,Cornish-Fisher VaR (5%),Historic CVaR (5%)
Mean Return,6.743929462233833,20.772948154750893,0.009282969491206073,-59.42278651667235,-1.226387799264857,11.419640401726642,0.04997424041899474,0.06740529724990173
