,Annualized Return,Annualized Vol,Sharpe Ratio,Max Drawdown,Skewness,Kurtosis,Cornish-Fisher VaR (5%),Historic CVaR (5%)
Mean Return,5.978514365215704,18.865736391044212,-0.0015655408284054183,-48.541753393202605,-0.011671490829699309,4.914968353307264,0.042191854428540704,0.0590148394989934
