,Annualized Return,Annualized Vol,Sharpe Ratio,Max Drawdown,Skewness,Kurtosis,Cornish-Fisher VaR (5%),Historic CVaR (5%)
Mean Return,5.52651278628935,20.18273860533107,-0.04375958227152558,-47.9047012740979,-0.9153015390105004,9.659284744131291,0.04760991538731387,0.06463464554456605
