,Annualized Return,Annualized Vol,Sharpe Ratio,Max Drawdown,Skewness,Kurtosis,Cornish-Fisher VaR (5%),Historic CVaR (5%)
Mean Return,10.709307045195748,20.57265038419694,0.19305115270940656,-50.51455775135858,-0.6505427857286817,8.535229850789424,0.04634984966503494,0.0636335420222299
