,Annualized Return,Annualized Vol,Sharpe Ratio,Max Drawdown,Skewness,Kurtosis,Cornish-Fisher VaR (5%),Historic CVaR (5%)
Mean Return,7.387520761978461,17.47929271180818,0.04574753061613156,-27.28947688061073,-1.284120644165591,12.045791862239891,0.041822407424323325,0.05427392012220006
