,Annualized Return,Annualized Vol,Sharpe Ratio,Max Drawdown,Skewness,Kurtosis,Cornish-Fisher VaR (5%),Historic CVaR (5%)
Mean Return,7.7410680405221255,20.774249966740253,0.05682650812229416,-60.40804778817981,-1.1497590672995306,11.611334877090563,0.04915024237732107,0.0677629947076421
