,Annualized Return,Annualized Vol,Sharpe Ratio,Max Drawdown,Skewness,Kurtosis,Cornish-Fisher VaR (5%),Historic CVaR (5%)
Mean Return,13.291843479842269,21.626649794437917,0.2973537767732593,-57.01267078815321,-1.027007982017857,9.590671899634554,0.05055864604874656,0.06830885993471006
