,Annualized Return,Annualized Vol,Sharpe Ratio,Max Drawdown,Skewness,Kurtosis,Cornish-Fisher VaR (5%),Historic CVaR (5%)
Mean Return,13.666146229752108,21.549141632465663,0.33537996015496835,-58.549682529366486,-1.2745939311036658,11.910394053137605,0.05265873217784537,0.06924108824854075
