,Annualized Return,Annualized Vol,Sharpe Ratio,Max Drawdown,Skewness,Kurtosis,Cornish-Fisher VaR (5%),Historic CVaR (5%)
Mean Return,11.406333830463478,20.264172883898464,0.24752237852337772,-56.460450810169945,-0.8879782384044518,7.755734911214145,0.04900792700856229,0.06406124415515352
