,Annualized Return,Annualized Vol,Sharpe Ratio,Max Drawdown,Skewness,Kurtosis,Cornish-Fisher VaR (5%),Historic CVaR (5%)
Mean Return,11.430152449094777,18.96675927058193,0.2701761845484305,-49.26012426396867,-0.5495130651716533,6.709447275331973,0.044407701932937735,0.05846920330568665
