,Annualized Return,Annualized Vol,Sharpe Ratio,Max Drawdown,Skewness,Kurtosis,Cornish-Fisher VaR (5%),Historic CVaR (5%)
Mean Return,10.908629027982908,19.160281374452627,0.22150814311666808,-54.06885324524337,-0.5516438406681251,5.820949742313272,0.04420930849409118,0.05947766295901241
