,Annualized Return,Annualized Vol,Sharpe Ratio,Max Drawdown,Skewness,Kurtosis,Cornish-Fisher VaR (5%),Historic CVaR (5%)
Mean Return,11.250544640906268,20.067228488146007,0.2426271499847841,-58.25769528210909,-0.9119538617411658,8.34008500087939,0.04837699253661318,0.0625136294783499
