,Annualized Return,Annualized Vol,Sharpe Ratio,Max Drawdown,Skewness,Kurtosis,Cornish-Fisher VaR (5%),Historic CVaR (5%)
Mean Return,10.594339414762754,19.334415461843182,0.20421407525325663,-53.80448977567755,-0.4753286877381597,5.68845608313045,0.0442077278105691,0.058806951096329
