,Annualized Return,Annualized Vol,Sharpe Ratio,Max Drawdown,Skewness,Kurtosis,Cornish-Fisher VaR (5%),Historic CVaR (5%)
Mean Return,5.720702031681357,19.745007163254762,-0.030497001684326862,-58.99287120076565,-1.0384683761387983,9.313126035195243,0.04800677632619731,0.06558304234964234
