,Annualized Return,Annualized Vol,Sharpe Ratio,Max Drawdown,Skewness,Kurtosis,Cornish-Fisher VaR (5%),Historic CVaR (5%)
Mean Return,-3.9506822582070056,21.621307880882913,-0.4552539814332472,-49.96158141057925,-0.2854374172741245,5.270541882438178,0.05057941212052273,0.0705351931640168
