,Annualized Return,Annualized Vol,Sharpe Ratio,Max Drawdown,Skewness,Kurtosis,Cornish-Fisher VaR (5%),Historic CVaR (5%)
Mean Return,-7.868011973282163,20.053621797897303,-0.6721138626378261,-61.15467576261877,-0.4224651587238163,5.111762888125526,0.048930731809449714,0.06699686387008696
