,Annualized Return,Annualized Vol,Sharpe Ratio,Max Drawdown,Skewness,Kurtosis,Cornish-Fisher VaR (5%),Historic CVaR (5%)
Mean Return,13.430503668540439,22.018393130520746,0.2979808922085134,-59.057255001886425,-1.0831703623162612,9.67256725128383,0.051853885325662305,0.06959780155146582
