,Annualized Return,Annualized Vol,Sharpe Ratio,Max Drawdown,Skewness,Kurtosis,Cornish-Fisher VaR (5%),Historic CVaR (5%)
Mean Return,13.006637967598778,19.19890336200171,0.34403368190154354,-38.924216086764595,0.05474342235697959,7.473807380139435,0.0396692563766556,0.05650358923641523
