,Annualized Return,Annualized Vol,Sharpe Ratio,Max Drawdown,Skewness,Kurtosis,Cornish-Fisher VaR (5%),Historic CVaR (5%)
Mean Return,11.397894848478263,22.683065704924534,0.20364864998222965,-57.42460421613729,-1.291233142385374,9.611913166617402,0.05543155641889123,0.07478019905471157
