,Annualized Return,Annualized Vol,Sharpe Ratio,Max Drawdown,Skewness,Kurtosis,Cornish-Fisher VaR (5%),Historic CVaR (5%)
Mean Return,8.77376743687388,19.735785855958802,0.11611192834738329,-54.39041287190799,-0.6853480926445115,9.242199113918966,0.04501143456655582,0.060493741836484385
