,Annualized Return,Annualized Vol,Sharpe Ratio,Max Drawdown,Skewness,Kurtosis,Cornish-Fisher VaR (5%),Historic CVaR (5%)
Mean Return,16.13762197567441,22.734455863836853,0.3998589297877506,-64.71072985683095,-0.02529182358919423,9.989249693825888,0.04418725879711793,0.06737539321900207
