,Annualized Return,Annualized Vol,Sharpe Ratio,Max Drawdown,Skewness,Kurtosis,Cornish-Fisher VaR (5%),Historic CVaR (5%)
Mean Return,1.055760276901152,17.770747488725007,-0.2828843859634887,-44.108976796223274,-0.5434565884632702,6.187378583854441,0.04246236394936295,0.0603762894938807
