,Annualized Return,Annualized Vol,Sharpe Ratio,Max Drawdown,Skewness,Kurtosis,Cornish-Fisher VaR (5%),Historic CVaR (5%)
Mean Return,17.665005341508078,22.63836152523361,0.4650087011785526,-60.870481737190886,-0.23495704942046708,8.445853972609862,0.04654867989934702,0.06827139615273248
