,Annualized Return,Annualized Vol,Sharpe Ratio,Max Drawdown,Skewness,Kurtosis,Cornish-Fisher VaR (5%),Historic CVaR (5%)
Mean Return,6.752640129859588,19.688329964506224,0.01875748847488022,-47.89945039225462,-0.4943262684782485,8.95255317907807,0.044052981814331926,0.060322889430868804
