,Annualized Return,Annualized Vol,Sharpe Ratio,Max Drawdown,Skewness,Kurtosis,Cornish-Fisher VaR (5%),Historic CVaR (5%)
Mean Return,15.104465847039595,22.262402939249746,0.36470069245091497,-62.87944134526475,0.27361705202677916,11.876749306493537,0.039558028341502974,0.06595782089150674
