,Annualized Return,Annualized Vol,Sharpe Ratio,Max Drawdown,Skewness,Kurtosis,Cornish-Fisher VaR (5%),Historic CVaR (5%)
Mean Return,6.445193012126982,17.820740934869168,0.004507964978215926,-48.797876325138105,-0.4910823495079622,6.939630805017905,0.04083346593216965,0.05536878424797489
