,Annualized Return,Annualized Vol,Sharpe Ratio,Max Drawdown,Skewness,Kurtosis,Cornish-Fisher VaR (5%),Historic CVaR (5%)
Mean Return,12.647806745030344,20.1440930917455,0.2898979108800968,-57.390219086384434,-0.6435864826108487,6.215224758211146,0.04673273776916698,0.06309552553918701
