,Annualized Return,Annualized Vol,Sharpe Ratio,Max Drawdown,Skewness,Kurtosis,Cornish-Fisher VaR (5%),Historic CVaR (5%)
Mean Return,13.006077340770062,19.509269411872697,0.3385276849966995,-43.40218209911571,-0.317950583741444,6.897730840455446,0.043597240989474956,0.059005188421555596
