,Annualized Return,Annualized Vol,Sharpe Ratio,Max Drawdown,Skewness,Kurtosis,Cornish-Fisher VaR (5%),Historic CVaR (5%)
Mean Return,5.145653846101728,18.959028667489203,-0.06387875374307879,-43.55208863921497,-0.6035146351382015,5.6335145176891155,0.04523751818636561,0.06150884672500948
