,Annualized Return,Annualized Vol,Sharpe Ratio,Max Drawdown,Skewness,Kurtosis,Cornish-Fisher VaR (5%),Historic CVaR (5%)
Mean Return,6.018379319423617,20.21184711939263,-0.02342623203125219,-55.09124874158968,-0.9044788739217766,10.53872887283504,0.04702391715497945,0.06472983596530353
