,Annualized Return,Annualized Vol,Sharpe Ratio,Max Drawdown,Skewness,Kurtosis,Cornish-Fisher VaR (5%),Historic CVaR (5%)
Mean Return,12.317402402550236,20.519689216592976,0.29030128165963437,-54.90932198982601,-1.0884362517754995,11.048961311775527,0.049476401713892115,0.06410212032768828
