,Annualized Return,Annualized Vol,Sharpe Ratio,Max Drawdown,Skewness,Kurtosis,Cornish-Fisher VaR (5%),Historic CVaR (5%)
Mean Return,10.93635112425575,21.14702916800922,0.19553428481132948,-60.845493227646095,-1.3779312498451228,11.242887606138815,0.051302396201570545,0.06927834209678811
