,Annualized Return,Annualized Vol,Sharpe Ratio,Max Drawdown,Skewness,Kurtosis,Cornish-Fisher VaR (5%),Historic CVaR (5%)
Mean Return,14.01442980944607,20.40264707251837,0.3446590283384265,-61.543120389695304,-1.4921661656651164,11.972089572824071,0.049250002106620505,0.06659908907040514
