,Annualized Return,Annualized Vol,Sharpe Ratio,Max Drawdown,Skewness,Kurtosis,Cornish-Fisher VaR (5%),Historic CVaR (5%)
Mean Return,4.843320498660186,18.77813185748257,-0.06271211068501815,-46.31108372533887,-0.8329617118737475,8.463215091709008,0.045773033749541704,0.06165892851935393
