,Annualized Return,Annualized Vol,Sharpe Ratio,Max Drawdown,Skewness,Kurtosis,Cornish-Fisher VaR (5%),Historic CVaR (5%)
Mean Return,9.951634524039088,18.100676932903458,0.20151037713405315,-49.948208960071916,-0.7811698031741279,7.454214388649914,0.04330853943259039,0.05705698797862694
