,Annualized Return,Annualized Vol,Sharpe Ratio,Max Drawdown,Skewness,Kurtosis,Cornish-Fisher VaR (5%),Historic CVaR (5%)
Mean Return,8.162510396244338,18.719783383413866,0.10861390282179335,-37.57498707894009,0.27451695188677677,4.913192328750244,0.03920472297821599,0.055109068135557236
