,Annualized Return,Annualized Vol,Sharpe Ratio,Max Drawdown,Skewness,Kurtosis,Cornish-Fisher VaR (5%),Historic CVaR (5%)
Mean Return,17.389675849162245,21.95832318871994,0.4660938514255244,-57.45271197198636,-1.1995134200103252,11.386129068480367,0.05085996217415223,0.06854088249496931
