,Annualized Return,Annualized Vol,Sharpe Ratio,Max Drawdown,Skewness,Kurtosis,Cornish-Fisher VaR (5%),Historic CVaR (5%)
Mean Return,10.721188980213947,20.8784309322912,0.19080161881745678,-59.785726039584766,-1.1359559822401812,9.728549962714096,0.04987348486710232,0.06804209219394204
