,Annualized Return,Annualized Vol,Sharpe Ratio,Max Drawdown,Skewness,Kurtosis,Cornish-Fisher VaR (5%),Historic CVaR (5%)
Mean Return,20.036631319143638,20.274232190917495,0.6330344131807565,-53.7601814974093,-0.43859714290173757,7.512433191957612,0.04351601432227245,0.06333188820387174
