,Annualized Return,Annualized Vol,Sharpe Ratio,Max Drawdown,Skewness,Kurtosis,Cornish-Fisher VaR (5%),Historic CVaR (5%)
Mean Return,19.655896413047635,20.293523384432298,0.6147758746312547,-55.9938573494421,-0.3191527737561137,8.311999256849447,0.042249976589143076,0.0626631873091505
