,Annualized Return,Annualized Vol,Sharpe Ratio,Max Drawdown,Skewness,Kurtosis,Cornish-Fisher VaR (5%),Historic CVaR (5%)
Mean Return,18.10908666791422,19.569417743113714,0.5631441193311723,-55.59516627839518,-0.5803895935537635,7.601246002554609,0.04318881977639093,0.060981295395845556
