,Annualized Return,Annualized Vol,Sharpe Ratio,Max Drawdown,Skewness,Kurtosis,Cornish-Fisher VaR (5%),Historic CVaR (5%)
Mean Return,18.925909758734782,14.072371468561773,0.8352449813885319,-27.402569932195835,-0.6649891886273946,6.877526672284558,0.030817854290748604,0.04369828343973886
