,Annualized Return,Annualized Vol,Sharpe Ratio,Max Drawdown,Skewness,Kurtosis,Cornish-Fisher VaR (5%),Historic CVaR (5%)
Mean Return,6.131548706876999,20.51385412403833,-0.010510905987854705,-61.518208328109345,-1.0182858280508724,9.62228998905856,0.049505176415334196,0.06856268891901163
