,Annualized Return,Annualized Vol,Sharpe Ratio,Max Drawdown,Skewness,Kurtosis,Cornish-Fisher VaR (5%),Historic CVaR (5%)
Mean Return,7.878818360385442,17.527261603450185,0.07586056123610542,-37.78960295454507,-0.5378263429279788,6.461268222545907,0.040042840476297165,0.0552364747178385
