,Annualized Return,Annualized Vol,Sharpe Ratio,Max Drawdown,Skewness,Kurtosis,Cornish-Fisher VaR (5%),Historic CVaR (5%)
Mean Return,14.656352769479586,20.801184641939592,0.36705733643553495,-62.103836690053235,-1.159872658017197,9.508335268019191,0.04933598357121516,0.06729665371710344
