,Annualized Return,Annualized Vol,Sharpe Ratio,Max Drawdown,Skewness,Kurtosis,Cornish-Fisher VaR (5%),Historic CVaR (5%)
Mean Return,9.654128946214291,18.905054264293007,0.17786358251937456,-53.052306846415455,-0.7311016379498508,7.571566194160814,0.044952114982238923,0.0578607850909984
