,Annualized Return,Annualized Vol,Sharpe Ratio,Max Drawdown,Skewness,Kurtosis,Cornish-Fisher VaR (5%),Historic CVaR (5%)
Mean Return,18.875735165673113,13.945474695580067,0.8394619298599452,-27.62272633192124,-0.7266144351041165,6.281778248667023,0.0310640698841456,0.04396958210097699
