,Annualized Return,Annualized Vol,Sharpe Ratio,Max Drawdown,Skewness,Kurtosis,Cornish-Fisher VaR (5%),Historic CVaR (5%)
Mean Return,15.36412966839038,20.24484605868131,0.41073637070524477,-60.17374712445817,-0.9744878724369083,7.883307639495225,0.047483963000800156,0.06272421148027632
