,Annualized Return,Annualized Vol,Sharpe Ratio,Max Drawdown,Skewness,Kurtosis,Cornish-Fisher VaR (5%),Historic CVaR (5%)
Mean Return,18.058576945554528,20.686333640225772,0.5268112831646545,-34.4326089248404,0.03377009431354305,7.057260297598625,0.04088381053930227,0.060548123644903355
