,Annualized Return,Annualized Vol,Sharpe Ratio,Max Drawdown,Skewness,Kurtosis,Cornish-Fisher VaR (5%),Historic CVaR (5%)
Mean Return,18.836847908034017,20.314455785903096,0.569100364714025,-35.477418154889456,-0.28322662225578404,6.002797151261324,0.043092594600434145,0.06200619321919067
