,Annualized Return,Annualized Vol,Sharpe Ratio,Max Drawdown,Skewness,Kurtosis,Cornish-Fisher VaR (5%),Historic CVaR (5%)
Mean Return,9.719241491783581,19.051443772084912,0.1798436254741631,-53.863540323614686,-0.7285603472237481,8.099032859147606,0.04499601859629746,0.0583067717403152
