,Annualized Return,Annualized Vol,Sharpe Ratio,Max Drawdown,Skewness,Kurtosis,Cornish-Fisher VaR (5%),Historic CVaR (5%)
Mean Return,11.388355989428224,19.69621161410813,0.23152764743059617,-54.52873789113008,-1.1742908744842533,9.650407057690222,0.04716310458884493,0.06268291496427472
