,Annualized Return,Annualized Vol,Sharpe Ratio,Max Drawdown,Skewness,Kurtosis,Cornish-Fisher VaR (5%),Historic CVaR (5%)
Mean Return,13.374617033283464,14.44311474085976,0.4762785354046826,-31.532885677641147,-1.264561564240876,9.972521662429356,0.03498918000603965,0.04867719148415774
