,Annualized Return,Annualized Vol,Sharpe Ratio,Max Drawdown,Skewness,Kurtosis,Cornish-Fisher VaR (5%),Historic CVaR (5%)
Mean Return,16.373123870428373,19.18482170627785,0.4892798568988561,-54.2554277410172,-0.8310264453279435,8.065869700158952,0.0440536563509098,0.06036337168537543
