,Annualized Return,Annualized Vol,Sharpe Ratio,Max Drawdown,Skewness,Kurtosis,Cornish-Fisher VaR (5%),Historic CVaR (5%)
Mean Return,16.044074288595688,20.67221169870112,0.43469666657442274,-61.65191793531319,-1.181514499352103,11.582903440474329,0.047711553596665235,0.0657374746104372
