,Annualized Return,Annualized Vol,Sharpe Ratio,Max Drawdown,Skewness,Kurtosis,Cornish-Fisher VaR (5%),Historic CVaR (5%)
Mean Return,6.641681066059468,18.685440191531676,0.027806119934516923,-50.45643902612721,-0.7672695389228825,8.350878323337405,0.04481108203137569,0.05788676588604221
