,Annualized Return,Annualized Vol,Sharpe Ratio,Max Drawdown,Skewness,Kurtosis,Cornish-Fisher VaR (5%),Historic CVaR (5%)
Mean Return,-1.8247412802935181,22.29115510302334,-0.3504795500445642,-54.767933730472826,-0.5155530035308206,5.769394652615735,0.05329278390571066,0.07396575274210847
