,Annualized Return,Annualized Vol,Sharpe Ratio,Max Drawdown,Skewness,Kurtosis,Cornish-Fisher VaR (5%),Historic CVaR (5%)
Mean Return,5.678882679132147,18.814603802728634,-0.0340843207702921,-54.510609638894806,-0.8471854596576857,9.048040925137915,0.04460842935223904,0.06047271604390898
