,Annualized Return,Annualized Vol,Sharpe Ratio,Max Drawdown,Skewness,Kurtosis,Cornish-Fisher VaR (5%),Historic CVaR (5%)
Mean Return,3.7122931735313447,19.538887655613276,-0.1359239251911743,-49.656325622932535,-0.9936674359192502,10.31866385626531,0.04658260262970471,0.06322012822276563
