,Annualized Return,Annualized Vol,Sharpe Ratio,Max Drawdown,Skewness,Kurtosis,Cornish-Fisher VaR (5%),Historic CVaR (5%)
Mean Return,19.61397754592411,19.411195309401087,0.6341677552565538,-41.56573431614086,-1.1975220879528896,10.974232112992555,0.044514754570355905,0.060957958903683336
