,Annualized Return,Annualized Vol,Sharpe Ratio,Max Drawdown,Skewness,Kurtosis,Cornish-Fisher VaR (5%),Historic CVaR (5%)
Mean Return,9.479472660534416,18.706616490466686,0.1549932598882323,-36.67043479211991,-0.22095634485594473,5.336854125223113,0.041300918138549456,0.05603956730782202
