,Annualized Return,Annualized Vol,Sharpe Ratio,Max Drawdown,Skewness,Kurtosis,Cornish-Fisher VaR (5%),Historic CVaR (5%)
Mean Return,16.248037482837564,19.527440233322064,0.47516835675208347,-54.06885324524335,-0.4499638553691792,5.5549596220905135,0.043577365311763344,0.058812135658408954
