,Annualized Return,Annualized Vol,Sharpe Ratio,Max Drawdown,Skewness,Kurtosis,Cornish-Fisher VaR (5%),Historic CVaR (5%)
Mean Return,13.216841564164916,21.527898743220195,0.2922821040326594,-56.06578630792837,-1.3039004710816062,11.86388331958929,0.05095873152473313,0.06927668456493602
