,Annualized Return,Annualized Vol,Sharpe Ratio,Max Drawdown,Skewness,Kurtosis,Cornish-Fisher VaR (5%),Historic CVaR (5%)
Mean Return,11.787970087376841,20.903037836651638,0.23611169141857768,-60.938734312961564,-1.1695627577201484,9.693286206119527,0.05002743291163263,0.06726913549132399
