,Annualized Return,Annualized Vol,Sharpe Ratio,Max Drawdown,Skewness,Kurtosis,Cornish-Fisher VaR (5%),Historic CVaR (5%)
Mean Return,15.515115749911622,21.14309170681953,0.40148373373677826,-64.31770647307417,-1.220443864191405,11.842060092708431,0.049061035572397334,0.06759322295212793
