,Annualized Return,Annualized Vol,Sharpe Ratio,Max Drawdown,Skewness,Kurtosis,Cornish-Fisher VaR (5%),Historic CVaR (5%)
Mean Return,10.810355152726459,20.292002824106433,0.21966162458533176,-56.460450810169945,-0.8901467203345493,7.77237800791894,0.04919169924263279,0.0651452897232581
