,Annualized Return,Annualized Vol,Sharpe Ratio,Max Drawdown,Skewness,Kurtosis,Cornish-Fisher VaR (5%),Historic CVaR (5%)
Mean Return,13.1919695160295,21.055385316135187,0.2994158493558825,-44.453341650540395,-0.512993963674686,8.033287421212009,0.04629545445756074,0.06314593853706389
