,Annualized Return,Annualized Vol,Sharpe Ratio,Max Drawdown,Skewness,Kurtosis,Cornish-Fisher VaR (5%),Historic CVaR (5%)
Mean Return,8.789360123994626,18.88480910408176,0.13496089131343897,-48.91183674236096,-0.7726843760771517,8.612986959694608,0.04478842406893012,0.058813318465063116
