,Annualized Return,Annualized Vol,Sharpe Ratio,Max Drawdown,Skewness,Kurtosis,Cornish-Fisher VaR (5%),Historic CVaR (5%)
Mean Return,-3.7372382964120376,22.290098534911927,-0.4318639465021737,-55.47762099693486,-0.33711197765632467,4.989033934693911,0.05268206666752443,0.0727366726119399
