,Annualized Return,Annualized Vol,Sharpe Ratio,Max Drawdown,Skewness,Kurtosis,Cornish-Fisher VaR (5%),Historic CVaR (5%)
Mean Return,11.353652799168778,19.178968285379952,0.26341658729491696,-43.402182099115684,-0.4949620701138831,7.112044574342918,0.044316338309922404,0.05893165092133428
