,Annualized Return,Annualized Vol,Sharpe Ratio,Max Drawdown,Skewness,Kurtosis,Cornish-Fisher VaR (5%),Historic CVaR (5%)
Mean Return,14.645119593673272,19.656126460355054,0.387876061851063,-51.023057833878774,-0.8884321192000149,8.473559005487642,0.045253247939644636,0.05960467020163563
