,Annualized Return,Annualized Vol,Sharpe Ratio,Max Drawdown,Skewness,Kurtosis,Cornish-Fisher VaR (5%),Historic CVaR (5%)
Mean Return,6.885980465793429,19.099865831282916,0.03947132450791404,-53.8635403236147,-0.7722341474468085,8.49006320835927,0.04573533443335229,0.060120462953490585
