,Annualized Return,Annualized Vol,Sharpe Ratio,Max Drawdown,Skewness,Kurtosis,Cornish-Fisher VaR (5%),Historic CVaR (5%)
Mean Return,11.043853304212403,20.84173337192236,0.20808754270461421,-59.87175737247985,-0.9027942831296516,7.574707357634882,0.049813650121054126,0.06883445794114615
