,Annualized Return,Annualized Vol,Sharpe Ratio,Max Drawdown,Skewness,Kurtosis,Cornish-Fisher VaR (5%),Historic CVaR (5%)
Mean Return,11.265271027150913,20.73237222411199,0.2192335470097224,-61.54403027038761,-0.901317756789081,7.874730713159692,0.04931879487362597,0.06792954900965352
