,Annualized Return,Annualized Vol,Sharpe Ratio,Max Drawdown,Skewness,Kurtosis,Cornish-Fisher VaR (5%),Historic CVaR (5%)
Mean Return,-1.2442415629578152,20.7145562537163,-0.3529774543485347,-51.78517365980966,-0.939830292881931,10.126722500765124,0.05007257679438306,0.07299929361338062
