,Annualized Return,Annualized Vol,Sharpe Ratio,Max Drawdown,Skewness,Kurtosis,Cornish-Fisher VaR (5%),Historic CVaR (5%)
Mean Return,16.94660030639239,20.566028844283228,0.47821275086630227,-54.13033087373872,-0.7494861493096303,8.164479617505279,0.04622129179121348,0.06221609845943065
