,Annualized Return,Annualized Vol,Sharpe Ratio,Max Drawdown,Skewness,Kurtosis,Cornish-Fisher VaR (5%),Historic CVaR (5%)
Mean Return,10.330609690881953,19.227946464407587,0.18547187683408434,-51.02305783387876,-1.1180639027649213,9.254726251925648,0.046036547017999946,0.06064264326807624
