,Annualized Return,Annualized Vol,Sharpe Ratio,Max Drawdown,Skewness,Kurtosis,Cornish-Fisher VaR (5%),Historic CVaR (5%)
Mean Return,2.7715865817581564,19.289357623072938,-0.1835071924714473,-46.31095547593533,-0.8187840076212977,8.862510344363018,0.045775350653135385,0.06160521203383391
