,Annualized Return,Annualized Vol,Sharpe Ratio,Max Drawdown,Skewness,Kurtosis,Cornish-Fisher VaR (5%),Historic CVaR (5%)
Mean Return,12.390631058215185,19.535888370132053,0.28863346685745433,-56.11680984609345,-0.5381182116995168,5.8835988230788745,0.04471662888189434,0.06011591988772973
