,Annualized Return,Annualized Vol,Sharpe Ratio,Max Drawdown,Skewness,Kurtosis,Cornish-Fisher VaR (5%),Historic CVaR (5%)
Mean Return,10.645266960862788,19.844099481180645,0.19784701640892546,-55.48391683049066,-0.8863445956705276,7.841042083253494,0.04670296522437155,0.06430918235229222
