,Annualized Return,Annualized Vol,Sharpe Ratio,Max Drawdown,Skewness,Kurtosis,Cornish-Fisher VaR (5%),Historic CVaR (5%)
Mean Return,9.633655848955968,20.409040282955935,0.14575121093878346,-54.0133797076346,-0.7120870503663087,6.522150537621722,0.0477561152644757,0.06623815299770903
