,Annualized Return,Annualized Vol,Sharpe Ratio,Max Drawdown,Skewness,Kurtosis,Cornish-Fisher VaR (5%),Historic CVaR (5%)
Mean Return,5.3237621735436225,22.52782963673994,-0.049887881448910716,-58.65477700083607,0.2731109627753252,6.129458990134664,0.04540714261119494,0.06691248168061696
