,Annualized Return,Annualized Vol,Sharpe Ratio,Max Drawdown,Skewness,Kurtosis,Cornish-Fisher VaR (5%),Historic CVaR (5%)
Mean Return,7.351286937314705,17.094114412029295,0.04479361934575775,-43.090988767545895,-0.8084230024503958,6.528427335768093,0.040763796743317926,0.05482835113607021
