,Annualized Return,Annualized Vol,Sharpe Ratio,Max Drawdown,Skewness,Kurtosis,Cornish-Fisher VaR (5%),Historic CVaR (5%)
Mean Return,22.69257482682814,20.163270227127192,0.754039017617102,-41.246952721793114,-0.9974004198156385,12.900182157621998,0.0434256239702257,0.05747560262469378
