,Annualized Return,Annualized Vol,Sharpe Ratio,Max Drawdown,Skewness,Kurtosis,Cornish-Fisher VaR (5%),Historic CVaR (5%)
Mean Return,8.95698830753686,19.89455809739441,0.123853206438519,-56.46175797582087,-0.9249429472222358,10.24203567032621,0.04648049741483538,0.06235268365672358
