,Annualized Return,Annualized Vol,Sharpe Ratio,Max Drawdown,Skewness,Kurtosis,Cornish-Fisher VaR (5%),Historic CVaR (5%)
Mean Return,5.718485500029269,20.76652484751663,-0.033845092103293464,-54.24009959917174,-1.2080282375465639,10.980073820954582,0.0502579019851876,0.06764215478930147
