,Annualized Return,Annualized Vol,Sharpe Ratio,Max Drawdown,Skewness,Kurtosis,Cornish-Fisher VaR (5%),Historic CVaR (5%)
Mean Return,14.107030699742062,21.358759590968234,0.33622450432786777,-36.39668350510534,0.2363457268811984,9.400739446601653,0.03983118884436009,0.06276642126343691
