,Annualized Return,Annualized Vol,Sharpe Ratio,Max Drawdown,Skewness,Kurtosis,Cornish-Fisher VaR (5%),Historic CVaR (5%)
Mean Return,12.197595405577433,20.21785911451515,0.28929314430791714,-53.453264749253705,-0.8899369645681935,9.172974132871301,0.04841525145779782,0.0632416403519285
