,Annualized Return,Annualized Vol,Sharpe Ratio,Max Drawdown,Skewness,Kurtosis,Cornish-Fisher VaR (5%),Historic CVaR (5%)
Mean Return,10.296161546768623,20.157427004341763,0.17618252164859377,-64.05870680571199,-0.783336371794314,8.002983588626806,0.046725434057007326,0.06161292020944553
