,Annualized Return,Annualized Vol,Sharpe Ratio,Max Drawdown,Skewness,Kurtosis,Cornish-Fisher VaR (5%),Historic CVaR (5%)
Mean Return,15.62324810807365,19.381061523334093,0.44081998947862105,-48.028099135658394,-0.9094549597726092,8.05289810242862,0.04479480805552609,0.06002875507407422
