,Annualized Return,Annualized Vol,Sharpe Ratio,Max Drawdown,Skewness,Kurtosis,Cornish-Fisher VaR (5%),Historic CVaR (5%)
Mean Return,17.96144639567099,19.944341994330884,0.5385539527395321,-50.950606689677855,-1.0114787427344736,8.263052231559568,0.04636370632740501,0.062125466639800384
