,Annualized Return,Annualized Vol,Sharpe Ratio,Max Drawdown,Skewness,Kurtosis,Cornish-Fisher VaR (5%),Historic CVaR (5%)
Mean Return,12.288656858018655,19.29751322930777,0.3032111874889073,-55.88706557620364,-0.8624473033115737,8.06186292028737,0.04607894664974782,0.059656788332079325
