,Annualized Return,Annualized Vol,Sharpe Ratio,Max Drawdown,Skewness,Kurtosis,Cornish-Fisher VaR (5%),Historic CVaR (5%)
Mean Return,15.037071599485241,19.15669322543456,0.4188371466035485,-45.92300917244161,-1.6621513059967363,20.800086589857656,0.04220884617538075,0.05921009064508059
