,Annualized Return,Annualized Vol,Sharpe Ratio,Max Drawdown,Skewness,Kurtosis,Cornish-Fisher VaR (5%),Historic CVaR (5%)
Mean Return,19.401622229125913,15.99148113158527,0.7652589443647697,-35.125117332604255,-0.46920080121969154,6.241799920090399,0.03449025325633605,0.04539603084823461
