,Annualized Return,Annualized Vol,Sharpe Ratio,Max Drawdown,Skewness,Kurtosis,Cornish-Fisher VaR (5%),Historic CVaR (5%)
Mean Return,18.187047654612343,15.769902129119185,0.6945019678125042,-30.791961268465474,-0.7752026940311109,10.604121413854159,0.033698527793295956,0.04913912373895294
