,Annualized Return,Annualized Vol,Sharpe Ratio,Max Drawdown,Skewness,Kurtosis,Cornish-Fisher VaR (5%),Historic CVaR (5%)
Mean Return,15.739392588865098,17.23206070159106,0.5050650379221505,-31.584792722496974,-0.8990193251824631,8.717968009650546,0.039123136027472756,0.05465006122026119
