,Annualized Return,Annualized Vol,Sharpe Ratio,Max Drawdown,Skewness,Kurtosis,Cornish-Fisher VaR (5%),Historic CVaR (5%)
Mean Return,16.494455570942446,16.410681620071944,0.5744853364084901,-31.267200862706662,-0.8215975481905217,8.150542832023794,0.036829442715132624,0.05193203796730424
