,Annualized Return,Annualized Vol,Sharpe Ratio,Max Drawdown,Skewness,Kurtosis,Cornish-Fisher VaR (5%),Historic CVaR (5%)
Mean Return,10.683834937624347,15.690218477527548,0.2607284067079862,-37.39704439775174,-0.5863259834019133,8.308641122506758,0.0350260617996904,0.04818542167804392
