,Annualized Return,Annualized Vol,Sharpe Ratio,Max Drawdown,Skewness,Kurtosis,Cornish-Fisher VaR (5%),Historic CVaR (5%)
Mean Return,14.013471402096233,13.875483323676496,0.5208034646840601,-27.886032436867968,-0.5427572992897813,5.653615325648481,0.031000891054858027,0.043242796181600304
