,Annualized Return,Annualized Vol,Sharpe Ratio,Max Drawdown,Skewness,Kurtosis,Cornish-Fisher VaR (5%),Historic CVaR (5%)
Mean Return,12.063669274720713,18.339436396379625,0.28509245487673257,-29.568001880291455,-0.1923009461751819,7.766355823562197,0.03818563861689567,0.05462978047805342
