,Annualized Return,Annualized Vol,Sharpe Ratio,Max Drawdown,Skewness,Kurtosis,Cornish-Fisher VaR (5%),Historic CVaR (5%)
Mean Return,17.388917601582587,15.655566162974125,0.6527314099109838,-32.46683967707283,-0.5543531154054961,7.7467176368352115,0.033564912971015215,0.04861150525489455
