,Annualized Return,Annualized Vol,Sharpe Ratio,Max Drawdown,Skewness,Kurtosis,Cornish-Fisher VaR (5%),Historic CVaR (5%)
Mean Return,14.157610817668221,15.809371599543306,0.4530696940985919,-30.197784983084507,-0.9474333400256367,11.228618595742455,0.035127103204141974,0.04801303303771408
