,Annualized Return,Annualized Vol,Sharpe Ratio,Max Drawdown,Skewness,Kurtosis,Cornish-Fisher VaR (5%),Historic CVaR (5%)
Mean Return,19.566583224387955,18.476090620303502,0.6629169068679078,-42.29924654121972,-1.896169844014311,20.44056819935827,0.041386400190179785,0.055455053946355824
