,Annualized Return,Annualized Vol,Sharpe Ratio,Max Drawdown,Skewness,Kurtosis,Cornish-Fisher VaR (5%),Historic CVaR (5%)
Mean Return,13.925820193590855,15.977857658693498,0.4398943456953073,-28.659842032296496,-0.29040454016692796,8.217417314369708,0.033088352208774895,0.04770662199379847
