,Annualized Return,Annualized Vol,Sharpe Ratio,Max Drawdown,Skewness,Kurtosis,Cornish-Fisher VaR (5%),Historic CVaR (5%)
Mean Return,16.573396378324603,16.47330379966244,0.576812696741894,-29.150376559418145,-0.6463272747781609,10.00389714719944,0.03508763470769416,0.05196229297149978
