,Annualized Return,Annualized Vol,Sharpe Ratio,Max Drawdown,Skewness,Kurtosis,Cornish-Fisher VaR (5%),Historic CVaR (5%)
Mean Return,12.297467614900292,15.887927080000061,0.35010621650454954,-39.67515508967845,-0.745653691919323,9.77285862222946,0.03547355495544448,0.05141471782028386
