,Annualized Return,Annualized Vol,Sharpe Ratio,Max Drawdown,Skewness,Kurtosis,Cornish-Fisher VaR (5%),Historic CVaR (5%)
Mean Return,13.757266341920605,15.317726630577924,0.47754111845656105,-32.64530545436428,-1.259174204429972,14.318125275025917,0.035596168586227606,0.04861540266327473
