,Annualized Return,Annualized Vol,Sharpe Ratio,Max Drawdown,Skewness,Kurtosis,Cornish-Fisher VaR (5%),Historic CVaR (5%)
Mean Return,18.714791274126476,15.153405723380786,0.7577412619807038,-28.0808590606284,-0.848751831670907,7.574434290528491,0.0338347753609863,0.047551501168311465
