,Annualized Return,Annualized Vol,Skewness,Kurtosis,Cornish-Fisher VaR (5%),Historic CVaR (5%),Sharpe Ratio,Max Drawdown
Mean Return,0.12450055609194322,0.14528908619792907,-0.5575328662136343,5.836223838022782,0.03283752153024845,0.04713129098813262,0.39500026551888057,-0.28956424930045616
