,Annualized Return,Annualized Vol,Sharpe Ratio,Max Drawdown,Skewness,Kurtosis,Cornish-Fisher VaR (5%),Historic CVaR (5%)
Mean Return,15.25997100070211,15.833002083368845,0.5200530112718914,-30.884502050527608,-0.8458226402501651,11.048490264883485,0.03450799086825927,0.0488833327977308
