,Annualized Return,Annualized Vol,Sharpe Ratio,Max Drawdown,Skewness,Kurtosis,Cornish-Fisher VaR (5%),Historic CVaR (5%)
Mean Return,17.496517585225636,15.41751511924023,0.6715305384771583,-25.60204213433949,-0.680398504131577,8.528341243327429,0.033344923923799695,0.04689353399244176
