,Annualized Return,Annualized Vol,Sharpe Ratio,Max Drawdown,Skewness,Kurtosis,Cornish-Fisher VaR (5%),Historic CVaR (5%)
Mean Return,12.563144584149356,16.006326477682315,0.3859796301049708,-32.60781453980607,-1.0588884032116603,14.723517435254795,0.03622109574248349,0.05019353358345092
