,Annualized Return,Annualized Vol,Sharpe Ratio,Max Drawdown,Skewness,Kurtosis,Cornish-Fisher VaR (5%),Historic CVaR (5%)
Mean Return,16.662152003407527,15.422927219586208,0.6173272733444002,-32.41045104322883,-0.975900293005666,11.347283335196744,0.03389947763212188,0.04748220907044387
