,Annualized Return,Annualized Vol,Sharpe Ratio,Max Drawdown,Skewness,Kurtosis,Cornish-Fisher VaR (5%),Historic CVaR (5%)
Mean Return,14.152183629183025,13.974543741693383,0.5264569116460509,-26.81042168437723,-0.5306302892635298,5.359502927363744,0.031268764013601145,0.04358832768137311
