,Annualized Return,Annualized Vol,Sharpe Ratio,Max Drawdown,Skewness,Kurtosis,Cornish-Fisher VaR (5%),Historic CVaR (5%)
Mean Return,13.114065625761938,16.34145466166102,0.3804052814841577,-34.17075220821758,-0.8086437718241593,12.947029097825975,0.034977806679649934,0.04995567448222952
