,Annualized Return,Annualized Vol,Sharpe Ratio,Max Drawdown,Skewness,Kurtosis,Cornish-Fisher VaR (5%),Historic CVaR (5%)
Mean Return,10.734809198800876,21.07566983785011,0.191454759317989,-49.394221853320396,-1.7561569276796887,12.854217726062585,0.05267591188733777,0.07738765374066305
