,Annualized Return,Annualized Vol,Sharpe Ratio,Max Drawdown,Skewness,Kurtosis,Cornish-Fisher VaR (5%),Historic CVaR (5%)
Mean Return,15.334684130072862,16.20921374934734,0.5123095490559403,-32.64530545436428,-1.2633939923427073,14.23944437571055,0.036215853935763445,0.04909843698820562
