,Annualized Return,Annualized Vol,Skewness,Kurtosis,Cornish-Fisher VaR (5%),Historic CVaR (5%),Sharpe Ratio,Max Drawdown
Mean Return,0.17827983609126918,0.16141814677856647,-0.5876986825689159,6.447220641902014,0.03571968037188307,0.04856192222577897,0.6656646699732336,-0.3200396338664012
