,Annualized Return,Annualized Vol,Sharpe Ratio,Max Drawdown,Skewness,Kurtosis,Cornish-Fisher VaR (5%),Historic CVaR (5%)
Mean Return,16.60623686714018,16.11725232788606,0.591470489659886,-30.990525991842627,-1.0043260730221988,8.574950211784945,0.036931891972904154,0.051189883631284884
