,Annualized Return,Annualized Vol,Sharpe Ratio,Max Drawdown,Skewness,Kurtosis,Cornish-Fisher VaR (5%),Historic CVaR (5%)
Mean Return,13.685886224250577,14.735756593043725,0.45836337722207476,-27.907355794975402,-0.6067281171495109,5.912130881240552,0.03306594913400819,0.04755936904950877
