,Annualized Return,Annualized Vol,Sharpe Ratio,Max Drawdown,Skewness,Kurtosis,Cornish-Fisher VaR (5%),Historic CVaR (5%)
Mean Return,14.85292181334994,17.595271052254297,0.4461934582060944,-29.738146467081705,-0.8792868364288202,11.290263611541299,0.03877464778745566,0.052142538086440336
