,Annualized Return,Annualized Vol,Sharpe Ratio,Max Drawdown,Skewness,Kurtosis,Cornish-Fisher VaR (5%),Historic CVaR (5%)
Mean Return,15.545631259340054,15.710077802386532,0.5412201016609284,-29.4817141472456,-0.6176364134297551,11.254917430011906,0.032808276506397255,0.047440707357547435
