,Annualized Return,Annualized Vol,Skewness,Kurtosis,Cornish-Fisher VaR (5%),Historic CVaR (5%),Sharpe Ratio,Max Drawdown
Mean Return,0.12667053049408006,0.14817019719222868,-0.5809982214803353,8.036044333695667,0.03240967190612157,0.04570392076260925,0.39244254598998535,-0.25119057484942703
