,Annualized Return,Annualized Vol,Sharpe Ratio,Max Drawdown,Skewness,Kurtosis,Cornish-Fisher VaR (5%),Historic CVaR (5%)
Mean Return,14.307224764048577,15.156878103517707,0.5168825902676125,-32.30492216329511,-1.1616859863443738,13.506541048009867,0.03494621772950696,0.04759329894101476
