,Annualized Return,Annualized Vol,Sharpe Ratio,Max Drawdown,Skewness,Kurtosis,Cornish-Fisher VaR (5%),Historic CVaR (5%)
Mean Return,15.044046561094992,15.607460871034768,0.514565144913213,-24.72967721174256,-0.6462517485680972,7.705546292204779,0.03436542221697716,0.048933207830119556
