,Annualized Return,Annualized Vol,Sharpe Ratio,Max Drawdown,Skewness,Kurtosis,Cornish-Fisher VaR (5%),Historic CVaR (5%)
Mean Return,14.579691318197984,20.03670379483384,0.37970406840562376,-44.03259727374324,-1.3040218687281337,13.113103691427593,0.04636962284673551,0.06449019236367637
