,Annualized Return,Annualized Vol,Sharpe Ratio,Max Drawdown,Skewness,Kurtosis,Cornish-Fisher VaR (5%),Historic CVaR (5%)
Mean Return,10.817719685921556,17.15892616288409,0.23645214366028558,-37.877060749991934,-1.2741177925127,13.375111145668285,0.039729573150418765,0.0569462824956685
