,Annualized Return,Annualized Vol,Sharpe Ratio,Max Drawdown,Skewness,Kurtosis,Cornish-Fisher VaR (5%),Historic CVaR (5%)
Mean Return,19.943016382459632,14.602760139930762,0.8698373190789196,-25.761549344669245,-0.697734688172383,6.307870979047121,0.0320057427862081,0.047098764727345026
