,Annualized Return,Annualized Vol,Sharpe Ratio,Max Drawdown,Skewness,Kurtosis,Cornish-Fisher VaR (5%),Historic CVaR (5%)
Mean Return,12.94134001403975,14.688613498081567,0.4409720003505637,-29.877796283993145,-1.0055442009509994,8.782017837653495,0.03490877117280698,0.04890080455471354
