,Annualized Return,Annualized Vol,Sharpe Ratio,Max Drawdown,Skewness,Kurtosis,Cornish-Fisher VaR (5%),Historic CVaR (5%)
Mean Return,16.476464663376046,16.288388585014193,0.5786880790619188,-28.706149938411457,-0.5380714434328068,9.086421708439138,0.03446364489530578,0.051788578123509996
