,Annualized Return,Annualized Vol,Sharpe Ratio,Max Drawdown,Skewness,Kurtosis,Cornish-Fisher VaR (5%),Historic CVaR (5%)
Mean Return,18.649575893875014,13.92037159606553,0.8256774078715814,-26.216515307475337,-0.6824325887057684,5.675841701395546,0.031071099299199,0.04365799291654535
