,Annualized Return,Annualized Vol,Skewness,Kurtosis,Cornish-Fisher VaR (5%),Historic CVaR (5%),Sharpe Ratio,Max Drawdown
Mean Return,0.14002377387597198,0.15524450144787874,-0.5065743961958289,8.429835659990866,0.033228469875030045,0.04689990613234988,0.4566368214003244,-0.2590248048367695
