,Annualized Return,Annualized Vol,Sharpe Ratio,Max Drawdown,Skewness,Kurtosis,Cornish-Fisher VaR (5%),Historic CVaR (5%)
Mean Return,8.318295395390706,21.138610614839696,0.08007860064307702,-50.26753832762355,-1.316478210076371,9.838043321680027,0.052154341753402375,0.075590794268128
