,Annualized Return,Annualized Vol,Sharpe Ratio,Max Drawdown,Skewness,Kurtosis,Cornish-Fisher VaR (5%),Historic CVaR (5%)
Mean Return,15.128877838546885,15.719425187494574,0.5159712865592831,-31.406498521832933,-0.8680428660775062,11.696458224075817,0.03410166209692067,0.048557717423939425
