,Annualized Return,Annualized Vol,Sharpe Ratio,Max Drawdown,Skewness,Kurtosis,Cornish-Fisher VaR (5%),Historic CVaR (5%)
Mean Return,18.773466544522766,15.123772814456643,0.7672402387406966,-28.080859060628395,-0.9313555943972173,7.474278587448701,0.03456627666288065,0.049454240492846385
