,Annualized Return,Annualized Vol,Sharpe Ratio,Max Drawdown,Skewness,Kurtosis,Cornish-Fisher VaR (5%),Historic CVaR (5%)
Mean Return,13.74903772998981,16.635666837822452,0.40955807133383765,-36.68723704085557,-1.0145460705123397,14.557175598995606,0.03597398782656133,0.05131242130108548
