,Annualized Return,Annualized Vol,Sharpe Ratio,Max Drawdown,Skewness,Kurtosis,Cornish-Fisher VaR (5%),Historic CVaR (5%)
Mean Return,14.646436474113367,16.894833495543363,0.45515146077668805,-26.505897006901453,-0.12044931900225714,7.045685907687494,0.03445600969176255,0.05193079413894142
