,Annualized Return,Annualized Vol,Sharpe Ratio,Max Drawdown,Skewness,Kurtosis,Cornish-Fisher VaR (5%),Historic CVaR (5%)
Mean Return,14.79064320639667,15.598333949448156,0.49734638572090184,-33.37386986004189,-0.6542020781264477,9.21416777196115,0.033790777371976354,0.04793304483828967
