,Annualized Return,Annualized Vol,Sharpe Ratio,Max Drawdown,Skewness,Kurtosis,Cornish-Fisher VaR (5%),Historic CVaR (5%)
Mean Return,12.967437728608623,15.491036456839508,0.3913910072178942,-33.37386986004189,-0.6066155121117359,8.826695041769474,0.033748230062724344,0.04783761900331532
