,Annualized Return,Annualized Vol,Sharpe Ratio,Max Drawdown,Skewness,Kurtosis,Cornish-Fisher VaR (5%),Historic CVaR (5%)
Mean Return,15.532854620116531,16.34041727944889,0.5177481571907522,-37.228571648522816,-1.2047312589732724,12.813749737680492,0.03685393402821799,0.052387817446519255
