,Annualized Return,Annualized Vol,Sharpe Ratio,Max Drawdown,Skewness,Kurtosis,Cornish-Fisher VaR (5%),Historic CVaR (5%)
Mean Return,9.065837370063857,18.225871908701897,0.13480388952738254,-28.866846632446077,-0.334480063048557,8.231692316758807,0.03920144137104621,0.05560486970642353
