,Annualized Return,Annualized Vol,Sharpe Ratio,Max Drawdown,Skewness,Kurtosis,Cornish-Fisher VaR (5%),Historic CVaR (5%)
Mean Return,18.47687487005667,14.08916520345688,0.8044427882046042,-25.44124183883335,-0.8177940199309939,6.39144879415279,0.031894225765260874,0.04554151119890901
