,Annualized Return,Annualized Vol,Sharpe Ratio,Max Drawdown,Skewness,Kurtosis,Cornish-Fisher VaR (5%),Historic CVaR (5%)
Mean Return,19.26571143244118,15.034038290592175,0.798213743671335,-27.19311526237962,-0.7317648668469606,6.794042546696827,0.033162631958589116,0.04417656356268592
