,Annualized Return,Annualized Vol,Sharpe Ratio,Max Drawdown,Skewness,Kurtosis,Cornish-Fisher VaR (5%),Historic CVaR (5%)
Mean Return,17.36525130759663,16.948145477227545,0.6045880897799081,-29.524124454045054,-0.38948055059100056,6.5244884633248015,0.03609860192210084,0.05105185425224498
