,Annualized Return,Annualized Vol,Sharpe Ratio,Max Drawdown,Skewness,Kurtosis,Cornish-Fisher VaR (5%),Historic CVaR (5%)
Mean Return,14.980399907000708,16.302597155724893,0.4871501853856826,-38.02740980289431,-1.1197281648398583,11.463632901031328,0.03700959323763641,0.051954651761045086
