,Annualized Return,Annualized Vol,Skewness,Kurtosis,Cornish-Fisher VaR (5%),Historic CVaR (5%),Sharpe Ratio,Max Drawdown
Mean Return,0.17698233537589303,0.14645485831983562,-0.9558591318426902,7.6498564284913275,0.03358125856594552,0.04754425155363061,0.7253593311634322,-0.23911978306128265
