,Annualized Return,Annualized Vol,Skewness,Kurtosis,Cornish-Fisher VaR (5%),Historic CVaR (5%),Sharpe Ratio,Max Drawdown
Mean Return,0.13463762553053504,0.15835086006863294,-0.37623260507828177,8.880505174922256,0.03306702531639944,0.04716930229521755,0.4156853753427802,-0.2699540509805344
