,Annualized Return,Annualized Vol,Sharpe Ratio,Max Drawdown,Skewness,Kurtosis,Cornish-Fisher VaR (5%),Historic CVaR (5%)
Mean Return,15.454532797253018,16.4815223856096,0.5106796217028989,-30.61412886270456,-0.971517448111973,8.285797190112765,0.03797475796582328,0.05260500550646056
