,Annualized Return,Annualized Vol,Sharpe Ratio,Max Drawdown,Skewness,Kurtosis,Cornish-Fisher VaR (5%),Historic CVaR (5%)
Mean Return,16.732296657010682,14.553182462466827,0.6593257609006669,-29.921701141124213,-1.0248313924805104,10.29596928794604,0.032499939727540714,0.044352052494479606
