,Annualized Return,Annualized Vol,Sharpe Ratio,Max Drawdown,Skewness,Kurtosis,Cornish-Fisher VaR (5%),Historic CVaR (5%)
Mean Return,13.556357942583631,16.76439513846344,0.39353829525764156,-36.68723704085557,-1.0223080833222418,14.552980892549517,0.03635931023255527,0.052371997813782455
