,Annualized Return,Annualized Vol,Sharpe Ratio,Max Drawdown,Skewness,Kurtosis,Cornish-Fisher VaR (5%),Historic CVaR (5%)
Mean Return,11.300289903125105,16.51112407951795,0.2754190208304465,-28.722809690854344,-0.26500586307499063,9.003174055625607,0.0341970248164235,0.051458957487358875
