,Annualized Return,Annualized Vol,Sharpe Ratio,Max Drawdown,Skewness,Kurtosis,Cornish-Fisher VaR (5%),Historic CVaR (5%)
Mean Return,15.537786363046212,17.431839280477483,0.4853365780216288,-42.48113958089928,-1.1075800623330767,14.314476385273085,0.03819700467243003,0.05312027062140947
