,Annualized Return,Annualized Vol,Sharpe Ratio,Max Drawdown,Skewness,Kurtosis,Cornish-Fisher VaR (5%),Historic CVaR (5%)
Mean Return,12.092222897862005,16.505598638040798,0.3184159058975339,-37.08717199720867,-0.9457436154653657,12.427716551088205,0.03655188150808105,0.05223520980900517
