,Annualized Return,Annualized Vol,Sharpe Ratio,Max Drawdown,Skewness,Kurtosis,Cornish-Fisher VaR (5%),Historic CVaR (5%)
Mean Return,18.096258584579928,15.85678287516481,0.6874441826622688,-27.605990528780026,-0.9116061426779101,8.599987788136856,0.03554065684212167,0.04877143685126266
