,Annualized Return,Annualized Vol,Skewness,Kurtosis,Cornish-Fisher VaR (5%),Historic CVaR (5%),Sharpe Ratio,Max Drawdown
Mean Return,0.10008900442927948,0.16909726594085356,-1.1203725217155325,13.74011047058944,0.039313863812536626,0.057868213337228636,0.21847974591239208,-0.3883207592434084
