,Annualized Return,Annualized Vol,Sharpe Ratio,Max Drawdown,Skewness,Kurtosis,Cornish-Fisher VaR (5%),Historic CVaR (5%)
Mean Return,14.023001202369457,15.806551645305431,0.4473495076457537,-33.37386986004189,-0.6356243227861724,9.023912732605583,0.034366341338247584,0.048927135220285585
