,Annualized Return,Annualized Vol,Sharpe Ratio,Max Drawdown,Skewness,Kurtosis,Cornish-Fisher VaR (5%),Historic CVaR (5%)
Mean Return,14.085407113472925,15.524450144787874,0.45926205934348935,-25.90248048367695,-0.5065743961958289,8.429835659990866,0.033228469875030045,0.04689990613234988
