,Annualized Return,Annualized Vol,Sharpe Ratio,Max Drawdown,Skewness,Kurtosis,Cornish-Fisher VaR (5%),Historic CVaR (5%)
Mean Return,15.44814708285247,16.42888194780408,0.5119511384531288,-30.589252918926007,-0.9862479037331963,8.414921527884479,0.037870141695413646,0.05257571495640986
