,Annualized Return,Annualized Vol,Sharpe Ratio,Max Drawdown,Skewness,Kurtosis,Cornish-Fisher VaR (5%),Historic CVaR (5%)
Mean Return,13.729449107462832,15.79377520596459,0.4292080656527528,-32.8473071067571,-0.30436380102605964,9.340052219292488,0.032326476391560256,0.046535375342988225
