,Annualized Return,Annualized Vol,Sharpe Ratio,Max Drawdown,Skewness,Kurtosis,Cornish-Fisher VaR (5%),Historic CVaR (5%)
Mean Return,14.883940061450485,14.981170833482608,0.5292305779012183,-25.083249238049355,-0.6230150961534857,7.330321883166814,0.03294474258006741,0.046943371148772284
