,Annualized Return,Annualized Vol,Sharpe Ratio,Max Drawdown,Skewness,Kurtosis,Cornish-Fisher VaR (5%),Historic CVaR (5%)
Mean Return,15.927991333194047,15.246907777171161,0.5791971276866434,-30.90786342445834,-1.2383456348547777,12.735753951967219,0.03435506458239373,0.047029834634663904
