,Annualized Return,Annualized Vol,Sharpe Ratio,Max Drawdown,Skewness,Kurtosis,Cornish-Fisher VaR (5%),Historic CVaR (5%)
Mean Return,17.17323228234038,15.429118158035198,0.6482143917182221,-28.179488217221802,-0.8861368048678044,9.647023849588694,0.03408575094724681,0.04828482776193364
