,Annualized Return,Annualized Vol,Sharpe Ratio,Max Drawdown,Skewness,Kurtosis,Cornish-Fisher VaR (5%),Historic CVaR (5%)
Mean Return,14.484060268014609,16.337473930154726,0.45739138458134593,-38.45378849864174,-1.2619968844394143,12.961578270653781,0.03726052182135704,0.052491621342460874
