,Annualized Return,Annualized Vol,Sharpe Ratio,Max Drawdown,Skewness,Kurtosis,Cornish-Fisher VaR (5%),Historic CVaR (5%)
Mean Return,20.25441595891202,14.73847403496433,0.881834771974257,-26.835110985142613,-0.8255867072632663,6.8562375873810275,0.0330744174778173,0.04763376471982326
