,Annualized Return,Annualized Vol,Sharpe Ratio,Max Drawdown,Skewness,Kurtosis,Cornish-Fisher VaR (5%),Historic CVaR (5%)
Mean Return,13.628464679067065,15.812953707286152,0.42371126085474786,-26.146111025901593,-0.5681964525015663,8.137021263498466,0.03445158154435547,0.04869555465265194
