,Annualized Return,Annualized Vol,Sharpe Ratio,Max Drawdown,Skewness,Kurtosis,Cornish-Fisher VaR (5%),Historic CVaR (5%)
Mean Return,20.942847952280562,14.379429686128706,0.9526681411950252,-26.40651036673831,-1.0397624591181553,7.67879588114075,0.0327841101665328,0.04479867440305246
