,Annualized Return,Annualized Vol,Sharpe Ratio,Max Drawdown,Skewness,Kurtosis,Cornish-Fisher VaR (5%),Historic CVaR (5%)
Mean Return,16.038565219781088,15.125594106518928,0.5907158018739921,-28.972448922988043,-1.130653578885131,11.484584315086968,0.03403113870669569,0.04646040966288647
