,Annualized Return,Annualized Vol,Sharpe Ratio,Max Drawdown,Skewness,Kurtosis,Cornish-Fisher VaR (5%),Historic CVaR (5%)
Mean Return,11.311480101824145,16.89138109306998,0.291837233001061,-41.54407000876385,-0.8458082742696401,9.688866829184015,0.03936676876189345,0.05621056078140268
