,Annualized Return,Annualized Vol,Sharpe Ratio,Max Drawdown,Skewness,Kurtosis,Cornish-Fisher VaR (5%),Historic CVaR (5%)
Mean Return,11.071452958313666,16.252609856658285,0.2643289919088818,-30.936477833897275,-0.9551462161753743,9.447330310088708,0.03754119359453357,0.05327192775222143
