,Annualized Return,Annualized Vol,Sharpe Ratio,Max Drawdown,Skewness,Kurtosis,Cornish-Fisher VaR (5%),Historic CVaR (5%)
Mean Return,12.984826409573769,15.477307426373512,0.39380711941199653,-25.84772240247143,-0.5374379452601178,8.236768076471169,0.033566165575707074,0.04704430459270111
