,Annualized Return,Annualized Vol,Sharpe Ratio,Max Drawdown,Skewness,Kurtosis,Cornish-Fisher VaR (5%),Historic CVaR (5%)
Mean Return,14.35124070696563,19.01651897511713,0.3899918029862414,-27.483628393761418,0.08814258894056563,7.0943525116063535,0.03753439414774657,0.057476182087702415
