,Annualized Return,Annualized Vol,Sharpe Ratio,Max Drawdown,Skewness,Kurtosis,Cornish-Fisher VaR (5%),Historic CVaR (5%)
Mean Return,15.701482201364314,15.266748861630031,0.5673194311783967,-25.589721168002633,-0.3503224676393156,6.6607197089796175,0.03225027042539511,0.045396656224712034
