,Annualized Return,Annualized Vol,Sharpe Ratio,Max Drawdown,Skewness,Kurtosis,Cornish-Fisher VaR (5%),Historic CVaR (5%)
Mean Return,13.400073844445126,16.298880101527892,0.3978957912661525,-33.05064431994863,-1.2108796711630767,14.043563445042066,0.036561812046112065,0.049777999286356914
