,Annualized Return,Annualized Vol,Sharpe Ratio,Max Drawdown,Skewness,Kurtosis,Cornish-Fisher VaR (5%),Historic CVaR (5%)
Mean Return,14.182545826227466,15.762940689790364,0.460315939254565,-28.67602409677541,-0.42184758865208766,8.818594242731288,0.033083453791588814,0.04644985260481579
