,Annualized Return,Annualized Vol,Sharpe Ratio,Max Drawdown,Skewness,Kurtosis,Cornish-Fisher VaR (5%),Historic CVaR (5%)
Mean Return,19.60437914394444,16.19235782507457,0.7628733487524585,-23.815969843005806,-0.18179162824910658,5.849698790380318,0.03302837394628078,0.047311400410638006
