,Annualized Return,Annualized Vol,Sharpe Ratio,Max Drawdown,Skewness,Kurtosis,Cornish-Fisher VaR (5%),Historic CVaR (5%)
Mean Return,16.2813754259971,17.256100837257424,0.5327959979879882,-36.12936538643259,-0.8147390810787944,13.079986813996165,0.03648691388836109,0.05247578282210805
