,Annualized Return,Annualized Vol,Sharpe Ratio,Max Drawdown,Skewness,Kurtosis,Cornish-Fisher VaR (5%),Historic CVaR (5%)
Mean Return,22.048286593420908,16.369471719236277,0.8929032109349463,-32.00396338664012,-0.5454977881317215,6.178370891584009,0.035126814992064596,0.046677197905012624
