,Annualized Return,Annualized Vol,Sharpe Ratio,Max Drawdown,Skewness,Kurtosis,Cornish-Fisher VaR (5%),Historic CVaR (5%)
Mean Return,20.82744781492338,14.25779399540482,0.9496893916467634,-25.761549344669245,-0.6884137412569723,6.59151924116946,0.031195148918816543,0.045062087476794604
