,Annualized Return,Annualized Vol,Sharpe Ratio,Max Drawdown,Skewness,Kurtosis,Cornish-Fisher VaR (5%),Historic CVaR (5%)
Mean Return,9.916493247696545,16.175433027556945,0.22326886582046263,-34.97996010054384,-1.1588839992456588,11.620319834002915,0.03875152047577673,0.055752156152074496
