,Annualized Return,Annualized Vol,Sharpe Ratio,Max Drawdown,Skewness,Kurtosis,Cornish-Fisher VaR (5%),Historic CVaR (5%)
Mean Return,18.606441769773774,16.029809237207633,0.7169358522445924,-35.09397785877781,-0.5180747033214025,6.036598551137869,0.03509976451796757,0.04738042707911692
