,Annualized Return,Annualized Vol,Sharpe Ratio,Max Drawdown,Skewness,Kurtosis,Cornish-Fisher VaR (5%),Historic CVaR (5%)
Mean Return,15.049441521608875,19.41874815815408,0.41475380809220125,-36.420809933324456,-0.56126750491394,8.950750140575309,0.042062462409693455,0.05753731221583512
