,Annualized Return,Annualized Vol,Sharpe Ratio,Max Drawdown,Skewness,Kurtosis,Cornish-Fisher VaR (5%),Historic CVaR (5%)
Mean Return,12.056048098480264,17.03434445129363,0.305619932819362,-34.51921141603974,-0.029183931448597246,8.949727211750997,0.033707526410276495,0.0472018611116864
