,Annualized Return,Annualized Vol,Skewness,Kurtosis,Cornish-Fisher VaR (5%),Historic CVaR (5%),Sharpe Ratio,Max Drawdown
Mean Return,0.1157257025962255,0.16838958031620252,-0.47879538156705964,10.717430366697162,0.03540418961326808,0.05241713154420389,0.2852589454070838,-0.2915037655941815
