,Annualized Return,Annualized Vol,Sharpe Ratio,Max Drawdown,Skewness,Kurtosis,Cornish-Fisher VaR (5%),Historic CVaR (5%)
Mean Return,14.668192713772399,14.875873739821415,0.5193365235056395,-25.769725764922292,-0.6085669328286236,7.457406815052352,0.03260171356555552,0.046099856384409374
