,Annualized Return,Annualized Vol,Sharpe Ratio,Max Drawdown,Skewness,Kurtosis,Cornish-Fisher VaR (5%),Historic CVaR (5%)
Mean Return,16.755801638443124,16.43859138215607,0.5884668679477326,-29.150376559418145,-0.6501135319530706,10.069688723496979,0.03496986593482823,0.05160376333611525
