,Annualized Return,Annualized Vol,Sharpe Ratio,Max Drawdown,Skewness,Kurtosis,Cornish-Fisher VaR (5%),Historic CVaR (5%)
Mean Return,17.489272253249368,14.621325929833032,0.7131093909993558,-23.989729570765757,-1.0073753033560249,7.725382817027594,0.033784965360887084,0.04787682657714535
