,Annualized Return,Annualized Vol,Sharpe Ratio,Max Drawdown,Skewness,Kurtosis,Cornish-Fisher VaR (5%),Historic CVaR (5%)
Mean Return,11.320750984787864,16.7044699447699,0.27120409926115685,-37.45889401659141,-0.7583036139466022,10.302053859039601,0.037044688231857914,0.052335555181640875
