,Annualized Return,Annualized Vol,Sharpe Ratio,Max Drawdown,Skewness,Kurtosis,Cornish-Fisher VaR (5%),Historic CVaR (5%)
Mean Return,10.641825452033093,17.18137781324236,0.2265225520235562,-34.77090151786412,-0.16711643465812362,9.29999889299951,0.0349990402946371,0.048769147436728805
