,Annualized Return,Annualized Vol,Sharpe Ratio,Max Drawdown,Skewness,Kurtosis,Cornish-Fisher VaR (5%),Historic CVaR (5%)
Mean Return,19.371772738565806,15.307640210773707,0.7894082280488877,-32.46683967707282,-0.5926056618905523,8.018241677927517,0.03253221334340869,0.04678798941252617
