,Annualized Return,Annualized Vol,Sharpe Ratio,Max Drawdown,Skewness,Kurtosis,Cornish-Fisher VaR (5%),Historic CVaR (5%)
Mean Return,19.50051762297731,14.507627859016656,0.8499659985680591,-25.83329926833875,-1.0072029057018637,7.643546914121691,0.03319755798175207,0.045041279227998346
