,Annualized Return,Annualized Vol,Sharpe Ratio,Max Drawdown,Skewness,Kurtosis,Cornish-Fisher VaR (5%),Historic CVaR (5%)
Mean Return,13.0075127346585,15.353121120046884,0.39838321308276375,-31.874997082584773,-0.6068802771959164,7.466604617588778,0.03399335822668448,0.04880916870626308
