,Annualized Return,Annualized Vol,Sharpe Ratio,Max Drawdown,Skewness,Kurtosis,Cornish-Fisher VaR (5%),Historic CVaR (5%)
Mean Return,13.736468047278617,15.517493065814595,0.43832644620175343,-31.353547652680387,-0.585403508911229,8.51893245843909,0.033681719499082406,0.047753960889066714
