,Annualized Return,Annualized Vol,Sharpe Ratio,Max Drawdown,Skewness,Kurtosis,Cornish-Fisher VaR (5%),Historic CVaR (5%)
Mean Return,8.302117732182035,16.941044688111415,0.10577346541460707,-47.31949939864697,-1.1085963749870889,13.520919923723834,0.03901925763800606,0.05443812674740669
