,Annualized Return,Annualized Vol,Sharpe Ratio,Max Drawdown,Skewness,Kurtosis,Cornish-Fisher VaR (5%),Historic CVaR (5%)
Mean Return,10.696244012727686,17.943370102138097,0.2197446638845537,-28.866846632446062,-0.18181427483744036,8.325751280856647,0.037204262919780476,0.05373372527563861
