,Annualized Return,Annualized Vol,Skewness,Kurtosis,Cornish-Fisher VaR (5%),Historic CVaR (5%),Sharpe Ratio,Max Drawdown
Mean Return,0.12367691381642287,0.15659457478488797,-1.2108796711630767,14.043563445042066,0.036561812046112065,0.049777999286356914,0.3831382634224956,-0.3305064431994863
