,Annualized Return,Annualized Vol,Sharpe Ratio,Max Drawdown,Skewness,Kurtosis,Cornish-Fisher VaR (5%),Historic CVaR (5%)
Mean Return,11.766640003257024,16.692272425945056,0.29870173042450443,-28.10325436377085,-0.5210919003018376,10.13573256109122,0.03557683286104269,0.052691835587716035
