,Annualized Return,Annualized Vol,Sharpe Ratio,Max Drawdown,Skewness,Kurtosis,Cornish-Fisher VaR (5%),Historic CVaR (5%)
Mean Return,17.035359386723425,16.1208357682477,0.6163811989388943,-24.539136253405644,-0.26893518613348144,6.589011503505286,0.03349225866085724,0.047410591480814335
