,Annualized Return,Annualized Vol,Skewness,Kurtosis,Cornish-Fisher VaR (5%),Historic CVaR (5%),Sharpe Ratio,Max Drawdown
Mean Return,0.1291780678826422,0.16447011335517475,-0.8171555258229694,12.999143885551085,0.03528647427695714,0.05084118802596248,0.3646482172812606,-0.3417075220821758
