,Annualized Return,Annualized Vol,Sharpe Ratio,Max Drawdown,Skewness,Kurtosis,Cornish-Fisher VaR (5%),Historic CVaR (5%)
Mean Return,22.520990863240463,14.573895688835137,1.0418772851650384,-27.425299196080584,-0.9431628322343893,8.251084180404364,0.03229898696195204,0.0453900469852781
