,Annualized Return,Annualized Vol,Sharpe Ratio,Max Drawdown,Skewness,Kurtosis,Cornish-Fisher VaR (5%),Historic CVaR (5%)
Mean Return,13.610553299866911,15.80913030168504,0.42175248425528655,-32.77623809875128,-0.36988775371682675,8.894720169446911,0.032967554462735645,0.04772531817132309
