,Annualized Return,Annualized Vol,Sharpe Ratio,Max Drawdown,Skewness,Kurtosis,Cornish-Fisher VaR (5%),Historic CVaR (5%)
Mean Return,18.031335256194424,15.568282890854352,0.6942255939963148,-32.11251160948708,-0.9474951661827891,11.338887889491467,0.033872328885848235,0.04729698175648752
