,Annualized Return,Annualized Vol,Sharpe Ratio,Max Drawdown,Skewness,Kurtosis,Cornish-Fisher VaR (5%),Historic CVaR (5%)
Mean Return,14.565133473120362,15.103071427502831,0.5348541114322877,-31.42598991708201,-1.1133721153138283,12.698781585020166,0.03486736138407209,0.04742690702789889
