,Annualized Return,Annualized Vol,Sharpe Ratio,Max Drawdown,Skewness,Kurtosis,Cornish-Fisher VaR (5%),Historic CVaR (5%)
Mean Return,12.893720851778202,14.875506112214634,0.4052268028305817,-24.532140204958747,-0.690296964825741,7.837114563251942,0.033175651634874195,0.04702708357992419
