,Annualized Return,Annualized Vol,Sharpe Ratio,Max Drawdown,Skewness,Kurtosis,Cornish-Fisher VaR (5%),Historic CVaR (5%)
Mean Return,11.489617354160053,17.43285370405002,0.2689708116256946,-28.70614757622252,-0.542727721352268,9.833201735176273,0.03758318998139823,0.05616435462441122
