,Annualized Return,Annualized Vol,Sharpe Ratio,Max Drawdown,Skewness,Kurtosis,Cornish-Fisher VaR (5%),Historic CVaR (5%)
Mean Return,14.165315332798322,16.312115374043618,0.43984883636338884,-37.37861496111538,-1.1274452521939844,12.218608064785846,0.03686611069758811,0.05200764927918827
