,Annualized Return,Annualized Vol,Skewness,Kurtosis,Cornish-Fisher VaR (5%),Historic CVaR (5%),Sharpe Ratio,Max Drawdown
Mean Return,0.13270151367532113,0.14626823516182663,-0.5268277508132692,5.722618805957743,0.032812184805306795,0.04713129098813262,0.44503097716219636,-0.28956424930045616
