,Annualized Return,Annualized Vol,Sharpe Ratio,Max Drawdown,Skewness,Kurtosis,Cornish-Fisher VaR (5%),Historic CVaR (5%)
Mean Return,16.804263139542954,15.145659656990059,0.6374513690641367,-29.60106422557514,-1.1104439986733388,10.731988285896117,0.03416958344796027,0.047249986911041306
