,Annualized Return,Annualized Vol,Sharpe Ratio,Max Drawdown,Skewness,Kurtosis,Cornish-Fisher VaR (5%),Historic CVaR (5%)
Mean Return,17.06424762660297,17.577029746285728,0.5666308170881739,-26.398857957849625,-0.44379154131656307,6.129847703950193,0.03814811657584684,0.05583833464729448
