,Annualized Return,Annualized Vol,Sharpe Ratio,Max Drawdown,Skewness,Kurtosis,Cornish-Fisher VaR (5%),Historic CVaR (5%)
Mean Return,14.820444103890873,15.86733377628734,0.49067561473019844,-30.884502050527608,-0.8571391052207165,11.26848504379244,0.03463910613677754,0.04984525225932734
