,Annualized Return,Annualized Vol,Sharpe Ratio,Max Drawdown,Skewness,Kurtosis,Cornish-Fisher VaR (5%),Historic CVaR (5%)
Mean Return,17.935502034856675,15.188757508558941,0.7120545364655814,-29.691314700129688,-0.9312553124472656,7.7142243930504355,0.034762644011812775,0.049493210573070996
