,Annualized Return,Annualized Vol,Sharpe Ratio,Max Drawdown,Skewness,Kurtosis,Cornish-Fisher VaR (5%),Historic CVaR (5%)
Mean Return,13.429205839205792,17.526252555630382,0.3715762623709833,-37.2856099452872,-1.428739581469355,15.366147357672,0.04006691526184527,0.056012576502269665
