,Annualized Return,Annualized Vol,Sharpe Ratio,Max Drawdown,Skewness,Kurtosis,Cornish-Fisher VaR (5%),Historic CVaR (5%)
Mean Return,17.168223099335012,15.099790036204425,0.6663494499220183,-25.84772240247143,-0.5390913396642878,8.215268497791552,0.0320041082438648,0.045234860925078536
