,Annualized Return,Annualized Vol,Sharpe Ratio,Max Drawdown,Skewness,Kurtosis,Cornish-Fisher VaR (5%),Historic CVaR (5%)
Mean Return,17.29427518594038,15.211349976767726,0.6734413174544849,-32.35822785272872,-0.4927275399688723,6.075040258835193,0.03321333651247399,0.04913384294157841
