,Annualized Return,Annualized Vol,Sharpe Ratio,Max Drawdown,Skewness,Kurtosis,Cornish-Fisher VaR (5%),Historic CVaR (5%)
Mean Return,17.00113931617868,17.940455022293897,0.551839180252997,-30.945722829388306,-0.48531745340359683,6.219922500055648,0.039233918905590366,0.05649644384579957
