,Annualized Return,Annualized Vol,Sharpe Ratio,Max Drawdown,Skewness,Kurtosis,Cornish-Fisher VaR (5%),Historic CVaR (5%)
Mean Return,6.56241133586295,19.035737887002472,0.011523903464516108,-34.092686922870655,-0.7290398615163957,6.63398930074834,0.04548034653615652,0.0683616006200461
