,Annualized Return,Annualized Vol,Sharpe Ratio,Max Drawdown,Skewness,Kurtosis,Cornish-Fisher VaR (5%),Historic CVaR (5%)
Mean Return,17.156423479442594,15.783644661606475,0.6336058173912237,-30.83886146831864,-1.2864957682008602,12.18311837023418,0.0359379493121648,0.04884440680895858
