,Annualized Return,Annualized Vol,Sharpe Ratio,Max Drawdown,Skewness,Kurtosis,Cornish-Fisher VaR (5%),Historic CVaR (5%)
Mean Return,10.598082855651114,18.60618698817344,0.20864525930685773,-41.68663335505038,-0.18801434406055673,7.480609117546439,0.039137666229569996,0.0576178077105269
