,Annualized Return,Annualized Vol,Sharpe Ratio,Max Drawdown,Skewness,Kurtosis,Cornish-Fisher VaR (5%),Historic CVaR (5%)
Mean Return,17.764827685244057,15.231030982212957,0.6963202695347226,-24.755001473077684,-0.6715552209693308,8.43624119992458,0.03285357774470014,0.04614870353318881
