,Annualized Return,Annualized Vol,Sharpe Ratio,Max Drawdown,Skewness,Kurtosis,Cornish-Fisher VaR (5%),Historic CVaR (5%)
Mean Return,10.509674407819048,16.961011605836408,0.2287821370348011,-29.028791359900634,-0.5833690413545102,6.8455639673964965,0.038722856415862754,0.057023545317654904
