,Annualized Return,Annualized Vol,Sharpe Ratio,Max Drawdown,Skewness,Kurtosis,Cornish-Fisher VaR (5%),Historic CVaR (5%)
Mean Return,13.565206134655039,15.539449778882975,0.4347454613680466,-37.31758418326013,-0.5495394481575706,7.8166772828057685,0.03418185737890107,0.04994476797384824
