,Annualized Return,Annualized Vol,Sharpe Ratio,Max Drawdown,Skewness,Kurtosis,Cornish-Fisher VaR (5%),Historic CVaR (5%)
Mean Return,21.477617713131103,14.815308251977926,0.950376093633978,-23.1946423963853,-0.8826091894947432,7.21532686124822,0.03289041521513944,0.04548290814615881
