,Annualized Return,Annualized Vol,Sharpe Ratio,Max Drawdown,Skewness,Kurtosis,Cornish-Fisher VaR (5%),Historic CVaR (5%)
Mean Return,14.558602418551247,15.189768643946518,0.49759455297123806,-30.305217990360532,-0.7793379828509576,8.424634835822916,0.03388933426920063,0.047642018035199636
