,Annualized Return,Annualized Vol,Sharpe Ratio,Max Drawdown,Skewness,Kurtosis,Cornish-Fisher VaR (5%),Historic CVaR (5%)
Mean Return,13.37529250451479,14.96529310427643,0.465344844059747,-32.62963251544665,-1.0221163849335726,12.043113906291332,0.034557090104370435,0.046947937926856635
