,Annualized Return,Annualized Vol,Sharpe Ratio,Max Drawdown,Skewness,Kurtosis,Cornish-Fisher VaR (5%),Historic CVaR (5%)
Mean Return,14.782580961747204,15.32167953058901,0.5058851313161727,-35.18677427810674,-0.8064024446342696,11.362039057588586,0.03307469757093816,0.045769303322772625
