,Annualized Return,Annualized Vol,Sharpe Ratio,Max Drawdown,Skewness,Kurtosis,Cornish-Fisher VaR (5%),Historic CVaR (5%)
Mean Return,16.587967093848157,16.145358392051076,0.5893763191553535,-31.01010546346882,-0.9773283325228707,8.602940573954413,0.036842388774402754,0.05126097898419551
