,Annualized Return,Annualized Vol,Sharpe Ratio,Max Drawdown,Skewness,Kurtosis,Cornish-Fisher VaR (5%),Historic CVaR (5%)
Mean Return,19.010059540737224,14.74250480531415,0.8020553763292656,-26.565421920498956,-0.7583414953336626,5.741326575226335,0.03304717851755838,0.04756212637718407
