,Annualized Return,Annualized Vol,Sharpe Ratio,Max Drawdown,Skewness,Kurtosis,Cornish-Fisher VaR (5%),Historic CVaR (5%)
Mean Return,12.820725500722773,14.759659485040189,0.4138871590474769,-29.196399059451693,-0.5326281992712597,5.916533113959211,0.033159170443066856,0.046690672344938906
