,Annualized Return,Annualized Vol,Sharpe Ratio,Max Drawdown,Skewness,Kurtosis,Cornish-Fisher VaR (5%),Historic CVaR (5%)
Mean Return,14.895619570209773,14.668672933576952,0.5379970364424742,-27.732013640963444,-0.5765159282105922,6.152721903112319,0.032443252458824914,0.047101096109905614
