,Annualized Return,Annualized Vol,Sharpe Ratio,Max Drawdown,Skewness,Kurtosis,Cornish-Fisher VaR (5%),Historic CVaR (5%)
Mean Return,13.183342428249745,14.982114569409285,0.43015186473448314,-31.778099554231343,-0.7183086591838476,7.715232730153163,0.03388086673845161,0.047359449177776715
