,Annualized Return,Annualized Vol,Sharpe Ratio,Max Drawdown,Skewness,Kurtosis,Cornish-Fisher VaR (5%),Historic CVaR (5%)
Mean Return,19.16185716078762,15.789544118817838,0.7528104855052814,-36.56705559075774,-0.5770441087447934,8.722928926210693,0.0332896609535754,0.048816962699342485
