,Annualized Return,Annualized Vol,Sharpe Ratio,Max Drawdown,Skewness,Kurtosis,Cornish-Fisher VaR (5%),Historic CVaR (5%)
Mean Return,13.685074706860135,17.209385068083076,0.3903896281426515,-33.207432840515,-0.15704184557814133,9.085575251323913,0.03458844249202778,0.04818425033027053
