,Annualized Return,Annualized Vol,Sharpe Ratio,Max Drawdown,Skewness,Kurtosis,Cornish-Fisher VaR (5%),Historic CVaR (5%)
Mean Return,11.116244762107375,17.95752233309843,0.24332639123138283,-37.95703840694212,-0.10037436845021672,7.131179312119032,0.03719415664346246,0.05252482295138533
