,Annualized Return,Annualized Vol,Sharpe Ratio,Max Drawdown,Skewness,Kurtosis,Cornish-Fisher VaR (5%),Historic CVaR (5%)
Mean Return,21.414863662257822,15.932832834568986,0.887650954167307,-35.09397785877781,-0.5326952807168569,6.29786661115622,0.034371800885962214,0.045300254531264454
