,Annualized Return,Annualized Vol,Sharpe Ratio,Max Drawdown,Skewness,Kurtosis,Cornish-Fisher VaR (5%),Historic CVaR (5%)
Mean Return,20.489841133901443,14.219984443661964,0.9298781543619997,-25.081127047400237,-0.7282159467326965,6.3614186539574575,0.03145392616853508,0.04530240117481669
