,Annualized Return,Annualized Vol,Sharpe Ratio,Max Drawdown,Skewness,Kurtosis,Cornish-Fisher VaR (5%),Historic CVaR (5%)
Mean Return,19.79947216247726,16.251740589198853,0.7760396813800081,-35.093977858777805,-0.5141822542435123,6.152042742730641,0.03535137316608125,0.046086998582506034
