,Annualized Return,Annualized Vol,Sharpe Ratio,Max Drawdown,Skewness,Kurtosis,Cornish-Fisher VaR (5%),Historic CVaR (5%)
Mean Return,14.409783684158551,16.099135687569476,0.4618038465273968,-32.776238098751264,-0.40944748753245064,9.153954664225903,0.03358720937017308,0.049268542661615
