,Annualized Return,Annualized Vol,Sharpe Ratio,Max Drawdown,Skewness,Kurtosis,Cornish-Fisher VaR (5%),Historic CVaR (5%)
Mean Return,13.364798542828504,16.946390401707287,0.3835020200469323,-37.971190607472685,-0.17571981134836623,6.099893836142199,0.035602683890618624,0.04823871586329701
