,Annualized Return,Annualized Vol,Sharpe Ratio,Max Drawdown,Skewness,Kurtosis,Cornish-Fisher VaR (5%),Historic CVaR (5%)
Mean Return,14.675008697836244,15.475990971597685,0.4941785576215778,-30.517541650239426,-0.7501587862414452,8.480692030447376,0.03437241400097651,0.04856014606559524
