,Annualized Return,Annualized Vol,Sharpe Ratio,Max Drawdown,Skewness,Kurtosis,Cornish-Fisher VaR (5%),Historic CVaR (5%)
Mean Return,15.869157962764557,16.470124422207927,0.5367109835522255,-28.125199713170623,-0.6107334692651804,9.490415943579505,0.03522267379405259,0.05252261356150021
