,Annualized Return,Annualized Vol,Sharpe Ratio,Max Drawdown,Skewness,Kurtosis,Cornish-Fisher VaR (5%),Historic CVaR (5%)
Mean Return,14.523194563678299,15.502705312102178,0.4888736271653739,-24.91862911949953,-0.6055435550317712,7.911358153698543,0.033874270658590104,0.04799653318592472
