,Annualized Return,Annualized Vol,Sharpe Ratio,Max Drawdown,Skewness,Kurtosis,Cornish-Fisher VaR (5%),Historic CVaR (5%)
Mean Return,17.37363882497529,15.93534297241715,0.6414183490458113,-32.11251160948708,-0.9372760698881714,11.227092842897218,0.034822982980686513,0.04833395902332927
