,Annualized Return,Annualized Vol,Sharpe Ratio,Max Drawdown,Skewness,Kurtosis,Cornish-Fisher VaR (5%),Historic CVaR (5%)
Mean Return,11.043232180497409,18.627160480830216,0.23088398216744607,-41.68663335505038,-0.19538542288684352,7.45005396845272,0.03917441054886028,0.0576178077105269
