,Annualized Return,Annualized Vol,Skewness,Kurtosis,Cornish-Fisher VaR (5%),Historic CVaR (5%),Sharpe Ratio,Max Drawdown
Mean Return,0.1718903072461142,0.15698647998104612,-0.5996009498533189,6.6218823173815355,0.03475532203019178,0.04758263952507406,0.6461615878583962,-0.3177868734430459
