,Annualized Return,Annualized Vol,Sharpe Ratio,Max Drawdown,Skewness,Kurtosis,Cornish-Fisher VaR (5%),Historic CVaR (5%)
Mean Return,14.424566274799023,15.501578255050378,0.48292542392258986,-25.43168292370141,-0.5504059932080837,8.162150232938165,0.03346909646602267,0.04743342194960409
