,Annualized Return,Annualized Vol,Skewness,Kurtosis,Cornish-Fisher VaR (5%),Historic CVaR (5%),Sharpe Ratio,Max Drawdown
Mean Return,0.1490825885736844,0.15860450576842733,-1.0311241913007638,12.309787169050619,0.0350969083916192,0.04747417400351274,0.496091803881218,-0.2923276062964765
