,Annualized Return,Annualized Vol,Sharpe Ratio,Max Drawdown,Skewness,Kurtosis,Cornish-Fisher VaR (5%),Historic CVaR (5%)
Mean Return,19.45514804473918,14.690978307338764,0.83644962889298,-27.110542945694853,-0.7626992343940836,7.353456159428259,0.032526006081151235,0.04354460507251974
