,Annualized Return,Annualized Vol,Sharpe Ratio,Max Drawdown,Skewness,Kurtosis,Cornish-Fisher VaR (5%),Historic CVaR (5%)
Mean Return,14.799135092249504,14.62976442569722,0.5332276939724611,-27.345941926267614,-0.6306301617778093,6.195540503579813,0.032635996711096016,0.04724513992420807
