,Annualized Return,Annualized Vol,Skewness,Kurtosis,Cornish-Fisher VaR (5%),Historic CVaR (5%),Sharpe Ratio,Max Drawdown
Mean Return,0.14820444103890873,0.1586733377628734,-0.8571391052207165,11.26848504379244,0.03463910613677754,0.04984525225932734,0.49067561473019844,-0.30884502050527607
