,Annualized Return,Annualized Vol,Sharpe Ratio,Max Drawdown,Skewness,Kurtosis,Cornish-Fisher VaR (5%),Historic CVaR (5%)
Mean Return,14.693237567835382,15.511857962161995,0.4944832252735651,-33.511823730742854,-1.1619906696432027,12.21325648135583,0.0350371618895505,0.0486476902020828
