,Annualized Return,Annualized Vol,Sharpe Ratio,Max Drawdown,Skewness,Kurtosis,Cornish-Fisher VaR (5%),Historic CVaR (5%)
Mean Return,12.785182260069995,17.44491817366888,0.3365655353423684,-34.51921141603974,-0.08373588302096267,9.02648484292492,0.03477634183457526,0.04933831199625514
