,Annualized Return,Annualized Vol,Skewness,Kurtosis,Cornish-Fisher VaR (5%),Historic CVaR (5%),Sharpe Ratio,Max Drawdown
Mean Return,0.14847092008991858,0.15755169511982361,-0.9139536718512087,12.704185813729676,0.03405148375975087,0.049201791896329415,0.49575976009115974,-0.31948940132578907
