,Annualized Return,Annualized Vol,Sharpe Ratio,Max Drawdown,Skewness,Kurtosis,Cornish-Fisher VaR (5%),Historic CVaR (5%)
Mean Return,18.128396635869425,15.815385769619784,0.6901076425359923,-29.691237376388933,-1.2548306768880382,12.124529291608448,0.03571881816849816,0.04876574442562404
