,Annualized Return,Annualized Vol,Sharpe Ratio,Max Drawdown,Skewness,Kurtosis,Cornish-Fisher VaR (5%),Historic CVaR (5%)
Mean Return,12.123894771001176,16.127806802892835,0.32590873433224743,-37.08717199720867,-0.9279328633477174,12.18937644799821,0.03568903354307625,0.05089097870400803
