,Annualized Return,Annualized Vol,Sharpe Ratio,Max Drawdown,Skewness,Kurtosis,Cornish-Fisher VaR (5%),Historic CVaR (5%)
Mean Return,13.39291126876343,16.87183520586388,0.38501028296810424,-34.69430534743017,-1.2745004746134734,14.393321603640924,0.03810930454490934,0.05450220801505773
