,Annualized Return,Annualized Vol,Sharpe Ratio,Max Drawdown,Skewness,Kurtosis,Cornish-Fisher VaR (5%),Historic CVaR (5%)
Mean Return,13.762324367526979,15.953550854454576,0.4278636947206047,-25.93059083396636,-0.6100816005520739,7.90722267147425,0.035099769488975405,0.049709461212805284
