,Annualized Return,Annualized Vol,Sharpe Ratio,Max Drawdown,Skewness,Kurtosis,Cornish-Fisher VaR (5%),Historic CVaR (5%)
Mean Return,13.669438344551832,16.464924824250893,0.407346398298815,-41.071298990069636,-1.3914202913352522,13.950013894290345,0.03794272075312665,0.05372609560410262
