,Annualized Return,Annualized Vol,Sharpe Ratio,Max Drawdown,Skewness,Kurtosis,Cornish-Fisher VaR (5%),Historic CVaR (5%)
Mean Return,13.067267189228794,15.158419885779665,0.4351399834820543,-32.58566958630161,-1.010761023861207,10.322471165640515,0.035429994308032675,0.04950634386048873
