,Annualized Return,Annualized Vol,Sharpe Ratio,Max Drawdown,Skewness,Kurtosis,Cornish-Fisher VaR (5%),Historic CVaR (5%)
Mean Return,13.897360608286968,15.375805819267757,0.4590155013586851,-37.31758418326013,-0.5861868194853613,8.255693770589946,0.033760086031974904,0.0489429081270062
