,Annualized Return,Annualized Vol,Sharpe Ratio,Max Drawdown,Skewness,Kurtosis,Cornish-Fisher VaR (5%),Historic CVaR (5%)
Mean Return,13.07016114998516,15.102940362447386,0.44136608127155086,-31.355031656031844,-1.0722725179418464,12.107125414752202,0.03518273696945822,0.04791889280333088
