,Annualized Return,Annualized Vol,Sharpe Ratio,Max Drawdown,Skewness,Kurtosis,Cornish-Fisher VaR (5%),Historic CVaR (5%)
Mean Return,9.86430685476034,17.88261584236349,0.17939245051483407,-28.914246645361246,-0.18515617788762198,7.7779275296135815,0.03750831063110735,0.05327152713977455
