,Annualized Return,Annualized Vol,Sharpe Ratio,Max Drawdown,Skewness,Kurtosis,Cornish-Fisher VaR (5%),Historic CVaR (5%)
Mean Return,12.917806788264219,16.447011335517477,0.3646482172812606,-34.17075220821758,-0.8171555258229694,12.999143885551085,0.03528647427695714,0.05084118802596248
