,Annualized Return,Annualized Vol,Sharpe Ratio,Max Drawdown,Skewness,Kurtosis,Cornish-Fisher VaR (5%),Historic CVaR (5%)
Mean Return,10.283832205002842,17.571793499180366,0.20232877056409482,-41.222376566221605,-0.818065799354864,10.209896976814361,0.03965712719860377,0.056374218303979165
