,Annualized Return,Annualized Vol,Sharpe Ratio,Max Drawdown,Skewness,Kurtosis,Cornish-Fisher VaR (5%),Historic CVaR (5%)
Mean Return,15.290600445945902,15.473012509207843,0.5401917060374715,-35.796812466835014,-0.5916658117745026,7.729156281314124,0.03401339173485558,0.0500400397008717
