,Annualized Return,Annualized Vol,Sharpe Ratio,Max Drawdown,Skewness,Kurtosis,Cornish-Fisher VaR (5%),Historic CVaR (5%)
Mean Return,15.50759869049514,16.02010774772217,0.5285084867348093,-30.38792617955307,-1.1186330267785634,9.575507040236108,0.03705759190195915,0.05154659978832756
