,Annualized Return,Annualized Vol,Skewness,Kurtosis,Cornish-Fisher VaR (5%),Historic CVaR (5%),Sharpe Ratio,Max Drawdown
Mean Return,0.118723793705231,0.1765679062958747,-1.5225657693330013,14.745262613794752,0.0414727585553012,0.0569868737870541,0.28690731462784735,-0.39508530679346904
