,Annualized Return,Annualized Vol,Sharpe Ratio,Max Drawdown,Skewness,Kurtosis,Cornish-Fisher VaR (5%),Historic CVaR (5%)
Mean Return,19.8832734986353,14.596588144393538,0.8619208245503029,-23.911978306128283,-0.9385736053528884,7.674846198318574,0.03270283130807643,0.04564373514975472
