,Annualized Return,Annualized Vol,Sharpe Ratio,Max Drawdown,Skewness,Kurtosis,Cornish-Fisher VaR (5%),Historic CVaR (5%)
Mean Return,10.174068835754557,16.398578789531314,0.22019030579406157,-35.424792034070265,-0.6776298940193041,9.262296903467204,0.03686730339066987,0.05210998404953215
