,Annualized Return,Annualized Vol,Sharpe Ratio,Max Drawdown,Skewness,Kurtosis,Cornish-Fisher VaR (5%),Historic CVaR (5%)
Mean Return,16.07791207922993,15.655694433849424,0.5750657464288923,-28.179488217221817,-0.8749978631676013,10.003597165496977,0.034572361769705295,0.04907726061392208
