,Annualized Return,Annualized Vol,Sharpe Ratio,Max Drawdown,Skewness,Kurtosis,Cornish-Fisher VaR (5%),Historic CVaR (5%)
Mean Return,16.927528542613256,15.579830903035239,0.6271762264508794,-32.11251160948708,-0.9213092459780581,11.023603250565467,0.03407743725504879,0.04789720084808753
