,Annualized Return,Annualized Vol,Sharpe Ratio,Max Drawdown,Skewness,Kurtosis,Cornish-Fisher VaR (5%),Historic CVaR (5%)
Mean Return,13.193566286799442,16.33618103008335,0.38334164867615556,-37.37861496111538,-1.1022462540330542,11.848002443016336,0.03711994617010793,0.0519330347610947
