,Annualized Return,Annualized Vol,Sharpe Ratio,Max Drawdown,Skewness,Kurtosis,Cornish-Fisher VaR (5%),Historic CVaR (5%)
Mean Return,10.47547687995596,15.939725659881285,0.2343728056951563,-26.324502034529512,-0.34484374245545607,5.998484549943783,0.034924692573230505,0.04833948368931622
