,Annualized Return,Annualized Vol,Sharpe Ratio,Max Drawdown,Skewness,Kurtosis,Cornish-Fisher VaR (5%),Historic CVaR (5%)
Mean Return,14.111768997507145,14.633769589808637,0.4872973646027454,-30.896846154120368,-0.6594106617524493,7.7331888559865245,0.03230855102474264,0.04448858079518172
