,Annualized Return,Annualized Vol,Skewness,Kurtosis,Cornish-Fisher VaR (5%),Historic CVaR (5%),Sharpe Ratio,Max Drawdown
Mean Return,0.1263163965066354,0.15296066759017163,-0.6455840743464402,8.813836039130587,0.03357470142906425,0.04655249018148572,0.3743583381750249,-0.3021025980943448
