,Annualized Return,Annualized Vol,Sharpe Ratio,Max Drawdown,Skewness,Kurtosis,Cornish-Fisher VaR (5%),Historic CVaR (5%)
Mean Return,12.065624904681727,14.565916729891274,0.3705798179071244,-27.732013640963466,-0.534404891703999,5.734006074321542,0.03291279418522931,0.0466965534047951
