,Annualized Return,Annualized Vol,Sharpe Ratio,Max Drawdown,Skewness,Kurtosis,Cornish-Fisher VaR (5%),Historic CVaR (5%)
Mean Return,12.617790632940329,15.60521474056559,0.3961458250015442,-32.06624174646119,-1.0102925429577183,9.631717484903197,0.036916851908210806,0.05218615033598832
