,Annualized Return,Annualized Vol,Sharpe Ratio,Max Drawdown,Skewness,Kurtosis,Cornish-Fisher VaR (5%),Historic CVaR (5%)
Mean Return,17.708955369698675,15.035935408090587,0.7030021913342293,-27.224893613728934,-0.6842791536527194,8.465240372687028,0.03245201611450622,0.04598299278094589
