,Annualized Return,Annualized Vol,Sharpe Ratio,Max Drawdown,Skewness,Kurtosis,Cornish-Fisher VaR (5%),Historic CVaR (5%)
Mean Return,17.247497133255372,14.406900570535154,0.7079338071836985,-24.46658358575002,-1.0127503762404275,7.876559285692751,0.03325191684564928,0.04689205188831795
