,Annualized Return,Annualized Vol,Sharpe Ratio,Max Drawdown,Skewness,Kurtosis,Cornish-Fisher VaR (5%),Historic CVaR (5%)
Mean Return,13.881187440950749,15.355456246662117,0.4507534870961633,-33.533612788685964,-0.7197246887090877,9.052590126763638,0.033804940882886006,0.04776606311120305
