,Annualized Return,Annualized Vol,Sharpe Ratio,Max Drawdown,Skewness,Kurtosis,Cornish-Fisher VaR (5%),Historic CVaR (5%)
Mean Return,14.703125776949033,18.844300730806385,0.4097505609935225,-43.99504743892207,-1.4138513462949394,15.834939707327296,0.042700451880726464,0.05970353725054383
