,Annualized Return,Annualized Vol,Sharpe Ratio,Max Drawdown,Skewness,Kurtosis,Cornish-Fisher VaR (5%),Historic CVaR (5%)
Mean Return,14.643347894129267,14.925240988531518,0.5128539827826267,-30.22419425013114,-0.621899630890082,6.9934136706063255,0.03299080560125628,0.047032280654973786
