,Annualized Return,Annualized Vol,Sharpe Ratio,Max Drawdown,Skewness,Kurtosis,Cornish-Fisher VaR (5%),Historic CVaR (5%)
Mean Return,18.143109344519527,15.1624883683438,0.7218379627378626,-29.691314700129688,-0.7910402942198056,7.628128022512722,0.03362027181840243,0.047127031671178064
