,Annualized Return,Annualized Vol,Sharpe Ratio,Max Drawdown,Skewness,Kurtosis,Cornish-Fisher VaR (5%),Historic CVaR (5%)
Mean Return,15.888646710565379,15.190271241107833,0.5887045621855025,-32.16009127623904,-0.4118738204516638,6.094314943095146,0.03292626171305049,0.04873599195019524
