,Annualized Return,Annualized Vol,Sharpe Ratio,Max Drawdown,Skewness,Kurtosis,Cornish-Fisher VaR (5%),Historic CVaR (5%)
Mean Return,15.514895298285092,18.412997821709098,0.4617601648148544,-31.25229896663943,-0.7240785504186519,6.787511279239178,0.0418856098875415,0.06144877050890451
