,Annualized Return,Annualized Vol,Sharpe Ratio,Max Drawdown,Skewness,Kurtosis,Cornish-Fisher VaR (5%),Historic CVaR (5%)
Mean Return,16.40792704720497,15.512723360736555,0.6049517500878779,-36.119873348872304,-0.4073605604365406,5.758778350426137,0.03374293600226221,0.04814148257849115
