,Annualized Return,Annualized Vol,Sharpe Ratio,Max Drawdown,Skewness,Kurtosis,Cornish-Fisher VaR (5%),Historic CVaR (5%)
Mean Return,14.376110364242468,15.107947191395898,0.4889358297899101,-30.517541650239426,-0.7336169398813719,8.556169841085309,0.033424406805065185,0.046861596439997794
