,Annualized Return,Annualized Vol,Sharpe Ratio,Max Drawdown,Skewness,Kurtosis,Cornish-Fisher VaR (5%),Historic CVaR (5%)
Mean Return,18.72887241229946,15.749310063755631,0.727745921897861,-32.11251160948708,-0.9609831729352002,11.439627972851394,0.0342141816848297,0.04833395902332927
