,Annualized Return,Annualized Vol,Sharpe Ratio,Max Drawdown,Skewness,Kurtosis,Cornish-Fisher VaR (5%),Historic CVaR (5%)
Mean Return,16.15811021176363,15.596655506693685,0.588248534701468,-35.28733184557742,-0.5226020388314916,7.097674514282069,0.03404043824309187,0.05049860767959835
