,Annualized Return,Annualized Vol,Sharpe Ratio,Max Drawdown,Skewness,Kurtosis,Cornish-Fisher VaR (5%),Historic CVaR (5%)
Mean Return,19.04576012821446,16.665420891906997,0.7096866767219956,-26.398857957849625,-0.2215290428829816,5.958314660750487,0.03438071049750738,0.04907471155836866
