,Annualized Return,Annualized Vol,Sharpe Ratio,Max Drawdown,Skewness,Kurtosis,Cornish-Fisher VaR (5%),Historic CVaR (5%)
Mean Return,13.783245100158247,14.600356818377152,0.48009328508571414,-30.22419425013115,-0.6509555084420936,7.046125422118889,0.032776803203310605,0.046533596039171655
