,Annualized Return,Annualized Vol,Sharpe Ratio,Max Drawdown,Skewness,Kurtosis,Cornish-Fisher VaR (5%),Historic CVaR (5%)
Mean Return,13.164341377047762,15.589317793562893,0.42964605186266136,-30.38792617955307,-0.9764970391908769,8.871725857437104,0.036932955737283904,0.051745087504995776
