,Annualized Return,Annualized Vol,Skewness,Kurtosis,Cornish-Fisher VaR (5%),Historic CVaR (5%),Sharpe Ratio,Max Drawdown
Mean Return,0.18342066762982534,0.14253453938312705,-0.8169821837013378,6.200255975335141,0.03239730087827037,0.04603053724825217,0.7862698606959502,-0.2640408437391165
