,Annualized Return,Annualized Vol,Sharpe Ratio,Max Drawdown,Skewness,Kurtosis,Cornish-Fisher VaR (5%),Historic CVaR (5%)
Mean Return,13.37422055893871,15.99157190070651,0.4040296222502872,-30.990511886204157,-0.31858953472189006,9.248644893295443,0.03293593762840223,0.04775468135309931
