,Annualized Return,Annualized Vol,Sharpe Ratio,Max Drawdown,Skewness,Kurtosis,Cornish-Fisher VaR (5%),Historic CVaR (5%)
Mean Return,20.038630858047448,14.667047640913216,0.8677380716865601,-24.69033296210094,-1.0418503269924368,7.672411438837321,0.03337055298502806,0.045310585807593194
