,Annualized Return,Annualized Vol,Sharpe Ratio,Max Drawdown,Skewness,Kurtosis,Cornish-Fisher VaR (5%),Historic CVaR (5%)
Mean Return,14.413353473202783,15.991623914253083,0.46511728061580443,-32.00379755730117,-1.1341657410316581,12.712525933921652,0.03584927289523855,0.04873739525621371
