,Annualized Return,Annualized Vol,Sharpe Ratio,Max Drawdown,Skewness,Kurtosis,Cornish-Fisher VaR (5%),Historic CVaR (5%)
Mean Return,13.047847068867746,17.34293942533118,0.3557458529631981,-29.738146467081705,-0.9180784515875308,11.053404533920599,0.03883725230343322,0.053397039224642694
