,Annualized Return,Annualized Vol,Sharpe Ratio,Max Drawdown,Skewness,Kurtosis,Cornish-Fisher VaR (5%),Historic CVaR (5%)
Mean Return,13.463762553053504,15.835086006863294,0.4156853753427802,-26.99540509805344,-0.37623260507828177,8.880505174922256,0.03306702531639944,0.04716930229521755
