,Annualized Return,Annualized Vol,Sharpe Ratio,Max Drawdown,Skewness,Kurtosis,Cornish-Fisher VaR (5%),Historic CVaR (5%)
Mean Return,15.417281918619219,16.355836263258237,0.5144812025126712,-25.787361815980404,-0.24604733515998115,6.7198249915824695,0.034088793025734365,0.048240599090894565
