,Annualized Return,Annualized Vol,Sharpe Ratio,Max Drawdown,Skewness,Kurtosis,Cornish-Fisher VaR (5%),Historic CVaR (5%)
Mean Return,12.756709228925335,16.475099425872827,0.35692724756337657,-28.359093589946305,-0.2655615849611499,8.537207441920085,0.03409731034164997,0.04904960240271132
