,Annualized Return,Annualized Vol,Sharpe Ratio,Max Drawdown,Skewness,Kurtosis,Cornish-Fisher VaR (5%),Historic CVaR (5%)
Mean Return,17.116579458371504,15.737052902858695,0.6332006209437276,-33.34438252042194,-0.6705863966850726,8.308169907794719,0.03421772243004742,0.049182942414708726
