,Annualized Return,Annualized Vol,Sharpe Ratio,Max Drawdown,Skewness,Kurtosis,Cornish-Fisher VaR (5%),Historic CVaR (5%)
Mean Return,15.505393806770629,16.420833609379038,0.5154785670742639,-32.80292089407492,-1.243622874499509,12.645112898389815,0.03731990049494015,0.053089729992486255
