,Annualized Return,Annualized Vol,Sharpe Ratio,Max Drawdown,Skewness,Kurtosis,Cornish-Fisher VaR (5%),Historic CVaR (5%)
Mean Return,15.771215856151288,15.928850451779066,0.5470997617485245,-25.585859850212245,-0.3910800017666284,7.4963028718755425,0.033609046705148776,0.04752322950633541
