,Annualized Return,Annualized Vol,Sharpe Ratio,Max Drawdown,Skewness,Kurtosis,Cornish-Fisher VaR (5%),Historic CVaR (5%)
Mean Return,13.478673150946596,16.35059976426093,0.4011559625728642,-33.22948537938645,-1.1931793438212586,14.387038531424636,0.03641858422555729,0.050024430433224513
