,Annualized Return,Annualized Vol,Sharpe Ratio,Max Drawdown,Skewness,Kurtosis,Cornish-Fisher VaR (5%),Historic CVaR (5%)
Mean Return,14.925345766861199,15.600616280634569,0.5137401861813011,-35.59409324303363,-0.49493389609680033,7.42558621931653,0.033954010560255404,0.049236123854598725
