,Annualized Return,Annualized Vol,Skewness,Kurtosis,Cornish-Fisher VaR (5%),Historic CVaR (5%),Sharpe Ratio,Max Drawdown
Mean Return,0.14316751597514998,0.15461048853699205,-0.5725743079275237,7.270338656594839,0.03390387869536667,0.04804868529288445,0.47763350928198706,-0.23412828420905704
