,Annualized Return,Annualized Vol,Sharpe Ratio,Max Drawdown,Skewness,Kurtosis,Cornish-Fisher VaR (5%),Historic CVaR (5%)
Mean Return,14.631974001533932,15.309973561357404,0.49697731773993553,-31.353547652680387,-0.6072255056555436,8.707781963630167,0.03310542006217178,0.04681631299316304
