,Annualized Return,Annualized Vol,Sharpe Ratio,Max Drawdown,Skewness,Kurtosis,Cornish-Fisher VaR (5%),Historic CVaR (5%)
Mean Return,16.560118391730438,15.549053260551492,0.6081694936366783,-25.183108403669085,-0.5512910863855061,7.967859178692253,0.033329390810700986,0.04582900538983318
