,Annualized Return,Annualized Vol,Sharpe Ratio,Max Drawdown,Skewness,Kurtosis,Cornish-Fisher VaR (5%),Historic CVaR (5%)
Mean Return,19.45816502434916,15.342959689672933,0.7928839232929814,-31.18511791481054,-0.5906847962769378,7.745778765555818,0.03270685422449959,0.046588951285683924
