,Annualized Return,Annualized Vol,Sharpe Ratio,Max Drawdown,Skewness,Kurtosis,Cornish-Fisher VaR (5%),Historic CVaR (5%)
Mean Return,15.39748798143079,15.432558969605846,0.5399754872499339,-32.41045104322883,-0.9514110828674697,11.032253881525723,0.034138523788270383,0.04833012299551139
