,Annualized Return,Annualized Vol,Sharpe Ratio,Max Drawdown,Skewness,Kurtosis,Cornish-Fisher VaR (5%),Historic CVaR (5%)
Mean Return,20.96025871197831,14.870516932546687,0.9141351097016353,-23.989729570765757,-0.9080815832695194,7.349907891033907,0.03318396713699894,0.04569649456370079
