,Annualized Return,Annualized Vol,Sharpe Ratio,Max Drawdown,Skewness,Kurtosis,Cornish-Fisher VaR (5%),Historic CVaR (5%)
Mean Return,18.345096841206843,14.880111000533597,0.7491195728217993,-25.769119844716197,-0.618677311102796,7.61940976620956,0.03200371348546147,0.04491849797421188
