,Annualized Return,Annualized Vol,Sharpe Ratio,Max Drawdown,Skewness,Kurtosis,Cornish-Fisher VaR (5%),Historic CVaR (5%)
Mean Return,20.023249896829554,14.193355217490167,0.904490905376438,-23.061068068613697,-0.8617248792574348,6.69259228400343,0.03199099604455267,0.04450257919972282
