,Annualized Return,Annualized Vol,Skewness,Kurtosis,Cornish-Fisher VaR (5%),Historic CVaR (5%),Sharpe Ratio,Max Drawdown
Mean Return,0.11300289903125105,0.1651112407951795,-0.26500586307499063,9.003174055625607,0.0341970248164235,0.051458957487358875,0.2754190208304465,-0.28722809690854345
