,Annualized Return,Annualized Vol,Sharpe Ratio,Max Drawdown,Skewness,Kurtosis,Cornish-Fisher VaR (5%),Historic CVaR (5%)
Mean Return,13.90769736403552,15.98693225064782,0.4355197587605227,-30.296648585271974,-0.3290704256140835,9.128998777994697,0.032951844947627706,0.047854894284299086
