,Annualized Return,Annualized Vol,Sharpe Ratio,Max Drawdown,Skewness,Kurtosis,Cornish-Fisher VaR (5%),Historic CVaR (5%)
Mean Return,15.496911192164497,18.704850092521855,0.45383974146858563,-36.420809933324456,-0.5265289731909921,9.246325032232344,0.03996456266121758,0.05581871969466355
