,Annualized Return,Annualized Vol,Sharpe Ratio,Max Drawdown,Skewness,Kurtosis,Cornish-Fisher VaR (5%),Historic CVaR (5%)
Mean Return,15.588154910739526,16.897416315421985,0.5055396544252891,-30.103461542333704,-0.9255538471989292,7.979433615506498,0.03885106815321603,0.053060262884034114
