,Annualized Return,Annualized Vol,Skewness,Kurtosis,Cornish-Fisher VaR (5%),Historic CVaR (5%),Sharpe Ratio,Max Drawdown
Mean Return,0.17247497133255374,0.14406900570535153,-1.0127503762404275,7.876559285692751,0.03325191684564928,0.04689205188831795,0.7079338071836985,-0.2446658358575002
