,Annualized Return,Annualized Vol,Sharpe Ratio,Max Drawdown,Skewness,Kurtosis,Cornish-Fisher VaR (5%),Historic CVaR (5%)
Mean Return,14.66234759298728,15.27011131779023,0.5299574765639461,-30.38792617955307,-1.1012055380755041,9.743417498229745,0.03614726857810818,0.05047679088465262
