,Annualized Return,Annualized Vol,Sharpe Ratio,Max Drawdown,Skewness,Kurtosis,Cornish-Fisher VaR (5%),Historic CVaR (5%)
Mean Return,10.594076900760307,17.905300388717443,0.23739417537278093,-40.53312057240647,-0.5172552342788659,10.138029947187869,0.03956902939131583,0.05960614597921049
