,Annualized Return,Annualized Vol,Sharpe Ratio,Max Drawdown,Skewness,Kurtosis,Cornish-Fisher VaR (5%),Historic CVaR (5%)
Mean Return,13.029290071350275,16.995650500987225,0.3601160162983201,-33.207432840515,-0.11086978560464011,9.07110446452096,0.03394276397346135,0.04731261775827592
