,Annualized Return,Annualized Vol,Sharpe Ratio,Max Drawdown,Skewness,Kurtosis,Cornish-Fisher VaR (5%),Historic CVaR (5%)
Mean Return,12.894783866975935,14.664007061636584,0.4439579638161351,-31.419370103938743,-0.9549305059075831,10.840341814028697,0.0340644733648266,0.0460146927545915
