,Annualized Return,Annualized Vol,Skewness,Kurtosis,Cornish-Fisher VaR (5%),Historic CVaR (5%),Sharpe Ratio,Max Drawdown
Mean Return,0.16914494420095405,0.15505894448683055,-0.7604963781634597,8.800630017268826,0.03396768736474648,0.04738839601094961,0.632509568720002,-0.25766386676584757
