,Annualized Return,Annualized Vol,Sharpe Ratio,Max Drawdown,Skewness,Kurtosis,Cornish-Fisher VaR (5%),Historic CVaR (5%)
Mean Return,11.624653827224218,15.66514085897329,0.33346210628016404,-30.014568061590772,-1.0667805469013276,9.501004233189189,0.03761697386806445,0.05205216820265717
