,Annualized Return,Annualized Vol,Sharpe Ratio,Max Drawdown,Skewness,Kurtosis,Cornish-Fisher VaR (5%),Historic CVaR (5%)
Mean Return,13.206975974099699,15.877194466237071,0.3960496598039884,-32.8473071067571,-0.29181616396492366,9.00838761326612,0.03267052417497535,0.046962890312952754
