,Annualized Return,Annualized Vol,Sharpe Ratio,Max Drawdown,Skewness,Kurtosis,Cornish-Fisher VaR (5%),Historic CVaR (5%)
Mean Return,14.893384944190391,16.035316386791298,0.49418480026685896,-28.659842032296496,-0.3217905181732368,8.426068313687214,0.03315067721134565,0.04752727589149283
