,Annualized Return,Annualized Vol,Skewness,Kurtosis,Cornish-Fisher VaR (5%),Historic CVaR (5%),Sharpe Ratio,Max Drawdown
Mean Return,0.15164099335211345,0.20335820877121355,-1.1415033304881508,12.585189405429059,0.04619516787622852,0.06429740561859489,0.40128305740909054,-0.4015768930216375
