,Annualized Return,Annualized Vol,Sharpe Ratio,Max Drawdown,Skewness,Kurtosis,Cornish-Fisher VaR (5%),Historic CVaR (5%)
Mean Return,18.29695265929685,15.143545651478973,0.733386776684339,-24.816944359126733,-0.6721947549692459,8.454987988993967,0.03255640502528028,0.04544840686508643
