,Annualized Return,Annualized Vol,Sharpe Ratio,Max Drawdown,Skewness,Kurtosis,Cornish-Fisher VaR (5%),Historic CVaR (5%)
Mean Return,17.533463926054438,14.909011902446723,0.696477227430203,-25.602042278987476,-0.6928758190018105,7.679823034976634,0.032577257804414804,0.046055232102040634
