,Annualized Return,Annualized Vol,Sharpe Ratio,Max Drawdown,Skewness,Kurtosis,Cornish-Fisher VaR (5%),Historic CVaR (5%)
Mean Return,15.923885574511054,17.097305129318524,0.5180875727982095,-37.08612216013711,-0.9728999253751588,13.937382173181492,0.03671654289822839,0.051586809079037614
