,Annualized Return,Annualized Vol,Sharpe Ratio,Max Drawdown,Skewness,Kurtosis,Cornish-Fisher VaR (5%),Historic CVaR (5%)
Mean Return,15.340326514864945,18.3624244124958,0.4540921577839602,-32.5070999338279,-0.7043704685800545,6.894448072221861,0.04160924864015375,0.06046760706470833
