,Annualized Return,Annualized Vol,Sharpe Ratio,Max Drawdown,Skewness,Kurtosis,Cornish-Fisher VaR (5%),Historic CVaR (5%)
Mean Return,11.95438437950247,15.280182190993091,0.33548987351785303,-23.823297948795485,-0.44853057437830596,6.1220684943652905,0.03369170670597607,0.04605013881743417
