,Annualized Return,Annualized Vol,Sharpe Ratio,Max Drawdown,Skewness,Kurtosis,Cornish-Fisher VaR (5%),Historic CVaR (5%)
Mean Return,19.481764006177027,13.977534871850155,0.8783148822878303,-24.01853044034767,-0.5691676840384954,5.524525569118813,0.030557776538760385,0.043563719718332304
