,Annualized Return,Annualized Vol,Skewness,Kurtosis,Cornish-Fisher VaR (5%),Historic CVaR (5%),Sharpe Ratio,Max Drawdown
Mean Return,0.1147151890820508,0.15666185136673236,-1.0905129881864444,10.002449753485974,0.03755079241658734,0.052723438734558446,0.3242142500436666,-0.30881901263067413
