,Annualized Return,Annualized Vol,Sharpe Ratio,Max Drawdown,Skewness,Kurtosis,Cornish-Fisher VaR (5%),Historic CVaR (5%)
Mean Return,16.99208416854352,18.702804216986753,0.5272884803972331,-42.09656076942888,-1.388437191841408,11.478407495555643,0.044102759209419876,0.061894376652953026
