,Annualized Return,Annualized Vol,Sharpe Ratio,Max Drawdown,Skewness,Kurtosis,Cornish-Fisher VaR (5%),Historic CVaR (5%)
Mean Return,12.826332233819748,15.558018296459148,0.40876349517740157,-34.18447990460848,-1.1380150410727596,11.420139606545646,0.0366551941086021,0.052690037041541515
