,Annualized Return,Annualized Vol,Sharpe Ratio,Max Drawdown,Skewness,Kurtosis,Cornish-Fisher VaR (5%),Historic CVaR (5%)
Mean Return,11.583089631500588,16.54407190414471,0.2909464245853497,-27.832649353848844,-0.20309674080621326,8.51296934016801,0.034055926962371134,0.05128923390360102
