,Annualized Return,Annualized Vol,Sharpe Ratio,Max Drawdown,Skewness,Kurtosis,Cornish-Fisher VaR (5%),Historic CVaR (5%)
Mean Return,17.9970025888748,16.227483843135516,0.6659859678337997,-36.11986911922314,-0.4560655432778581,6.34615079093507,0.03483334868791951,0.04880993747959356
