,Annualized Return,Annualized Vol,Sharpe Ratio,Max Drawdown,Skewness,Kurtosis,Cornish-Fisher VaR (5%),Historic CVaR (5%)
Mean Return,20.264643429908567,14.392702729002938,0.907747325555547,-27.4249352646881,-0.8427457469655183,7.071295204394457,0.032197996396489174,0.04484960862470488
