,Annualized Return,Annualized Vol,Sharpe Ratio,Max Drawdown,Skewness,Kurtosis,Cornish-Fisher VaR (5%),Historic CVaR (5%)
Mean Return,14.135316603709992,15.443254976008646,0.46471617681218985,-24.34512018256334,-0.5391859807833933,7.70485064908304,0.03353158289352871,0.047240195973388736
