,Annualized Return,Annualized Vol,Sharpe Ratio,Max Drawdown,Skewness,Kurtosis,Cornish-Fisher VaR (5%),Historic CVaR (5%)
Mean Return,13.57525875684329,15.079399360000714,0.43993851944341056,-30.66850430462177,-0.5792248850418619,8.204642811183048,0.032803443696611596,0.04620714980270276
