,Annualized Return,Annualized Vol,Sharpe Ratio,Max Drawdown,Skewness,Kurtosis,Cornish-Fisher VaR (5%),Historic CVaR (5%)
Mean Return,15.514455158168495,16.311772816042332,0.5204377718426334,-34.398081302914846,-1.3092608570380089,13.53957519591855,0.03699434227662586,0.05185340900625989
