,Annualized Return,Annualized Vol,Sharpe Ratio,Max Drawdown,Skewness,Kurtosis,Cornish-Fisher VaR (5%),Historic CVaR (5%)
Mean Return,19.716230846758155,14.570113789563555,0.8571435237815338,-25.081127047400237,-0.7460553995524918,6.105433453595745,0.03229669170072958,0.04719355996534087
