,Annualized Return,Annualized Vol,Sharpe Ratio,Max Drawdown,Skewness,Kurtosis,Cornish-Fisher VaR (5%),Historic CVaR (5%)
Mean Return,17.1482362081931,15.27849696881356,0.6529388631515554,-29.543605593618068,-1.087442447443725,10.462120346431341,0.034432219693656764,0.047506255398835726
