,Annualized Return,Annualized Vol,Sharpe Ratio,Max Drawdown,Skewness,Kurtosis,Cornish-Fisher VaR (5%),Historic CVaR (5%)
Mean Return,15.397520110750463,19.094613066737114,0.4379575866887893,-24.525379326281392,0.13081208510969716,6.6955895083519605,0.03742426447150903,0.056598030430448976
