,Annualized Return,Annualized Vol,Skewness,Kurtosis,Cornish-Fisher VaR (5%),Historic CVaR (5%),Sharpe Ratio,Max Drawdown
Mean Return,0.15991322577142153,0.14916611996572043,-0.3168944007763627,4.139736670531213,0.032236477219377106,0.04602992709857981,0.5995944337446298,-0.19270399545846753
