,Annualized Return,Annualized Vol,Sharpe Ratio,Max Drawdown,Skewness,Kurtosis,Cornish-Fisher VaR (5%),Historic CVaR (5%)
Mean Return,21.819101291339372,14.115929349496309,1.028883804303458,-24.849015125788725,-0.9393735843398782,7.9759641706056525,0.031369230491819375,0.04375807789934325
