,Annualized Return,Annualized Vol,Sharpe Ratio,Max Drawdown,Skewness,Kurtosis,Cornish-Fisher VaR (5%),Historic CVaR (5%)
Mean Return,17.120035270860324,15.795956715846875,0.635058408777792,-28.266351749940327,-0.4830250406190223,8.436630486717641,0.03320078693238375,0.04917079803653131
