,Annualized Return,Annualized Vol,Sharpe Ratio,Max Drawdown,Skewness,Kurtosis,Cornish-Fisher VaR (5%),Historic CVaR (5%)
Mean Return,13.7839355737297,16.20314754846686,0.422521347311957,-31.07296347688322,-1.136441765342268,12.60845822225783,0.03651710732462971,0.04914481038412258
