,Annualized Return,Annualized Vol,Sharpe Ratio,Max Drawdown,Skewness,Kurtosis,Cornish-Fisher VaR (5%),Historic CVaR (5%)
Mean Return,17.139174974678404,15.712467848793574,0.6364905952077347,-27.11693218606886,-0.8052469807368596,8.921968780965868,0.03462277778776297,0.048210953089781586
