,Annualized Return,Annualized Vol,Sharpe Ratio,Max Drawdown,Skewness,Kurtosis,Cornish-Fisher VaR (5%),Historic CVaR (5%)
Mean Return,10.874269186995033,16.238898640752325,0.26009628542323404,-27.713720893362336,-0.48422706786894015,6.960351318726436,0.036290845632404596,0.05318189771609805
