,Annualized Return,Annualized Vol,Sharpe Ratio,Max Drawdown,Skewness,Kurtosis,Cornish-Fisher VaR (5%),Historic CVaR (5%)
Mean Return,18.14804644494581,14.073989707642214,0.7833281311242272,-24.282481764532385,-0.8501634983343919,6.747160336403591,0.031930476174853256,0.045156837567435486
