,Annualized Return,Annualized Vol,Sharpe Ratio,Max Drawdown,Skewness,Kurtosis,Cornish-Fisher VaR (5%),Historic CVaR (5%)
Mean Return,15.832057291038716,16.60001106408782,0.5304075681665178,-28.359134585474266,-0.680847007334207,9.531968491103731,0.03592657884023278,0.05304036126188749
