,Annualized Return,Annualized Vol,Sharpe Ratio,Max Drawdown,Skewness,Kurtosis,Cornish-Fisher VaR (5%),Historic CVaR (5%)
Mean Return,16.42205508190053,14.865777215588077,0.6290041153973869,-30.47741120577084,-0.936225081238982,9.914425122321802,0.03299456190534829,0.0449177307005208
