,Annualized Return,Annualized Vol,Sharpe Ratio,Max Drawdown,Skewness,Kurtosis,Cornish-Fisher VaR (5%),Historic CVaR (5%)
Mean Return,18.993211851828097,17.749731280212057,0.6606760699513258,-42.09656076942888,-1.3991200092396543,13.199926251090652,0.04060144997865425,0.0531055079197884
