,Annualized Return,Annualized Vol,Sharpe Ratio,Max Drawdown,Skewness,Kurtosis,Cornish-Fisher VaR (5%),Historic CVaR (5%)
Mean Return,14.239255374065674,16.179341174799163,0.44960152498687483,-31.701990486394877,-1.1416293044462065,13.02496577689816,0.03622414763966739,0.049248907300185524
