,Annualized Return,Annualized Vol,Skewness,Kurtosis,Cornish-Fisher VaR (5%),Historic CVaR (5%),Sharpe Ratio,Max Drawdown
Mean Return,0.10265059445662317,0.15878509497250723,-1.0325382412924462,10.447954956889431,0.03778727228184909,0.054273349704534526,0.24790847536420965,-0.32433526499379095
