,Annualized Return,Annualized Vol,Sharpe Ratio,Max Drawdown,Skewness,Kurtosis,Cornish-Fisher VaR (5%),Historic CVaR (5%)
Mean Return,14.448070953895687,15.495120387600348,0.5147636846144384,-32.64530545436428,-1.276345699922942,14.385677496160032,0.03596409009837307,0.04909843698820562
