,Annualized Return,Annualized Vol,Sharpe Ratio,Max Drawdown,Skewness,Kurtosis,Cornish-Fisher VaR (5%),Historic CVaR (5%)
Mean Return,15.935428018299191,17.13316847983424,0.5195641376625671,-32.18077176764426,-0.8068971183235981,8.64431171877628,0.038336997374692906,0.05371524483632467
