,Annualized Return,Annualized Vol,Sharpe Ratio,Max Drawdown,Skewness,Kurtosis,Cornish-Fisher VaR (5%),Historic CVaR (5%)
Mean Return,12.588151787979163,15.746818754686831,0.36995236488833866,-39.67515508967845,-0.7856019154657765,10.311709364793405,0.035077238667714845,0.0502958580847634
