,Annualized Return,Annualized Vol,Sharpe Ratio,Max Drawdown,Skewness,Kurtosis,Cornish-Fisher VaR (5%),Historic CVaR (5%)
Mean Return,13.720656025493373,15.577005221585466,0.4356960168274297,-25.76638667658476,-0.7997740690484314,9.390244299427486,0.034631777286790996,0.04948183609779971
