,Annualized Return,Annualized Vol,Sharpe Ratio,Max Drawdown,Skewness,Kurtosis,Cornish-Fisher VaR (5%),Historic CVaR (5%)
Mean Return,17.50032198012954,16.234093604064874,0.6359322179652296,-35.388017374517034,-1.3978946370589018,13.5407711530637,0.03695584551275265,0.05087375348906824
