,Annualized Return,Annualized Vol,Sharpe Ratio,Max Drawdown,Skewness,Kurtosis,Cornish-Fisher VaR (5%),Historic CVaR (5%)
Mean Return,11.858684925187092,17.075990021543635,0.2949174190460598,-25.53404224169703,-0.25135417958263995,7.140182685585504,0.0361472887972589,0.05203256703688521
