,Annualized Return,Annualized Vol,Sharpe Ratio,Max Drawdown,Skewness,Kurtosis,Cornish-Fisher VaR (5%),Historic CVaR (5%)
Mean Return,13.343671531632939,17.011348849860518,0.3791287682709091,-35.63663896799205,-1.344598738480439,14.712128641373615,0.038686790717582735,0.05486170535972501
