,Annualized Return,Annualized Vol,Sharpe Ratio,Max Drawdown,Skewness,Kurtosis,Cornish-Fisher VaR (5%),Historic CVaR (5%)
Mean Return,14.130489705036386,15.255855837331275,0.4701296846712567,-30.96152747155132,-0.5627713682976293,6.582585035486181,0.03370787562875593,0.04714092974978034
