,Annualized Return,Annualized Vol,Sharpe Ratio,Max Drawdown,Skewness,Kurtosis,Cornish-Fisher VaR (5%),Historic CVaR (5%)
Mean Return,13.612526721784523,15.67384140225429,0.4265157652309028,-30.837350768799297,-1.1674097422226246,10.521443443207755,0.03635613548445655,0.04961216590642507
