,Annualized Return,Annualized Vol,Sharpe Ratio,Max Drawdown,Skewness,Kurtosis,Cornish-Fisher VaR (5%),Historic CVaR (5%)
Mean Return,19.922422779424465,14.188133200532127,0.8946885018757794,-23.5650815215713,-0.7604828736276766,5.860310814510184,0.03182687438365071,0.045824533990450354
