,Annualized Return,Annualized Vol,Sharpe Ratio,Max Drawdown,Skewness,Kurtosis,Cornish-Fisher VaR (5%),Historic CVaR (5%)
Mean Return,20.11031445743945,14.479850508115943,0.8886920277861388,-25.47023020914616,-0.636213417806821,6.1118803366773475,0.03177044186228031,0.04546489225753568
