,Annualized Return,Annualized Vol,Sharpe Ratio,Max Drawdown,Skewness,Kurtosis,Cornish-Fisher VaR (5%),Historic CVaR (5%)
Mean Return,14.567180317166507,16.48694467581374,0.4606261469963974,-26.048977942336073,-0.10403335030120285,5.675835188057541,0.03412730589984135,0.047371113960821214
