,Annualized Return,Annualized Vol,Sharpe Ratio,Max Drawdown,Skewness,Kurtosis,Cornish-Fisher VaR (5%),Historic CVaR (5%)
Mean Return,17.82978169013014,14.968826718064484,0.7137462381753734,-27.40729577770578,-0.6949588800730145,9.680741125981086,0.03182273500717969,0.0455824253720377
