,Annualized Return,Annualized Vol,Sharpe Ratio,Max Drawdown,Skewness,Kurtosis,Cornish-Fisher VaR (5%),Historic CVaR (5%)
Mean Return,10.489290217051561,16.405558969000687,0.23818776556938498,-37.45889401659141,-0.7670071009921261,10.13141147937505,0.03695171182800717,0.05193347206211974
