,Annualized Return,Annualized Vol,Sharpe Ratio,Max Drawdown,Skewness,Kurtosis,Cornish-Fisher VaR (5%),Historic CVaR (5%)
Mean Return,15.362559613957538,17.801048508000626,0.49131899440436766,-37.853502205343645,-1.5831805777608354,15.610564162336075,0.04229079495615594,0.0583042150923061
