,Annualized Return,Annualized Vol,Sharpe Ratio,Max Drawdown,Skewness,Kurtosis,Cornish-Fisher VaR (5%),Historic CVaR (5%)
Mean Return,18.742641721208052,17.083420475882015,0.6756288809487305,-27.151819455671788,-0.1707770656339643,5.901782754747621,0.03506491363705189,0.050110929892736765
