,Annualized Return,Annualized Vol,Sharpe Ratio,Max Drawdown,Skewness,Kurtosis,Cornish-Fisher VaR (5%),Historic CVaR (5%)
Mean Return,12.713217300516577,17.44491817366888,0.33472890014837275,-34.51921141603974,-0.08373588302096267,9.02648484292492,0.03477634183457526,0.04933831199625514
