,Annualized Return,Annualized Vol,Sharpe Ratio,Max Drawdown,Skewness,Kurtosis,Cornish-Fisher VaR (5%),Historic CVaR (5%)
Mean Return,10.72301740456778,17.359014833392568,0.253063731620263,-41.54407000876385,-0.7616370290045102,8.852884059064241,0.04050295723374117,0.058595388151400196
