,Annualized Return,Annualized Vol,Sharpe Ratio,Max Drawdown,Skewness,Kurtosis,Cornish-Fisher VaR (5%),Historic CVaR (5%)
Mean Return,19.41291175702633,15.831155758937355,0.7657395199046875,-35.035327925185996,-0.5138351461920089,7.8974594780447696,0.033345086197761255,0.048879900203843814
