,Annualized Return,Annualized Vol,Sharpe Ratio,Max Drawdown,Skewness,Kurtosis,Cornish-Fisher VaR (5%),Historic CVaR (5%)
Mean Return,16.00470268476597,15.393706458760983,0.581158034555475,-33.567445157754946,-1.0085350544488636,11.968793471356449,0.03383454487940199,0.04847035619118672
