,Annualized Return,Annualized Vol,Sharpe Ratio,Max Drawdown,Skewness,Kurtosis,Cornish-Fisher VaR (5%),Historic CVaR (5%)
Mean Return,21.802926154030832,14.466187801123255,1.0029151402943541,-26.98864195179102,-0.8363012981782858,7.440109679440729,0.03193698004749341,0.04348892028713634
