,Annualized Return,Annualized Vol,Sharpe Ratio,Max Drawdown,Skewness,Kurtosis,Cornish-Fisher VaR (5%),Historic CVaR (5%)
Mean Return,10.153242070879331,18.895796702684,0.18089578223048897,-40.40392419353156,-1.4060930911052345,10.974021108959283,0.046124230168335154,0.06705470862456055
