,Annualized Return,Annualized Vol,Sharpe Ratio,Max Drawdown,Skewness,Kurtosis,Cornish-Fisher VaR (5%),Historic CVaR (5%)
Mean Return,12.581807211663708,15.989495945315582,0.35748930181737365,-25.33922085268894,-0.41723786933833085,7.486500317380883,0.034442518685133296,0.04817803085984385
