,Annualized Return,Annualized Vol,Sharpe Ratio,Max Drawdown,Skewness,Kurtosis,Cornish-Fisher VaR (5%),Historic CVaR (5%)
Mean Return,18.067024279981304,17.8069224177805,0.6133390512847449,-27.48362839376142,-0.04357400421445723,6.518730769034615,0.035608968407412636,0.05389876558116031
