,Annualized Return,Annualized Vol,Skewness,Kurtosis,Cornish-Fisher VaR (5%),Historic CVaR (5%),Sharpe Ratio,Max Drawdown
Mean Return,0.1877389653554178,0.1420010332922471,-0.7439194259106706,6.130685914506244,0.031851697955373785,0.04550229849691021,0.8178363487705538,-0.23747145397183644
