,Annualized Return,Annualized Vol,Sharpe Ratio,Max Drawdown,Skewness,Kurtosis,Cornish-Fisher VaR (5%),Historic CVaR (5%)
Mean Return,15.373366468679306,16.381225334212036,0.5071947910809914,-38.02740980289431,-1.1802790430483827,12.08324674047623,0.03717862638240104,0.05254101034979624
