,Annualized Return,Annualized Vol,Sharpe Ratio,Max Drawdown,Skewness,Kurtosis,Cornish-Fisher VaR (5%),Historic CVaR (5%)
Mean Return,14.803635623907251,17.739440078674225,0.4399527563182173,-29.718909124174807,-0.9612644913783785,11.757483020376977,0.03939070884884716,0.05261312106437597
