,Annualized Return,Annualized Vol,Sharpe Ratio,Max Drawdown,Skewness,Kurtosis,Cornish-Fisher VaR (5%),Historic CVaR (5%)
Mean Return,13.44470293670832,16.599193848409815,0.39148414372719126,-38.538164291405955,-1.145407416952412,11.85396496904854,0.037946220767726024,0.0532641032563565
