,Annualized Return,Annualized Vol,Sharpe Ratio,Max Drawdown,Skewness,Kurtosis,Cornish-Fisher VaR (5%),Historic CVaR (5%)
Mean Return,17.23743741939774,15.898339505713816,0.6358872664864363,-26.90857707115596,-0.9828410426957663,8.14487956657692,0.03637168741636726,0.05127542654749187
