,Annualized Return,Annualized Vol,Sharpe Ratio,Max Drawdown,Skewness,Kurtosis,Cornish-Fisher VaR (5%),Historic CVaR (5%)
Mean Return,15.590228438299558,16.647654708326368,0.513243155474448,-31.218468521015392,-1.2023835783824655,13.831885303436483,0.03707721545759957,0.04909097321462685
