,Annualized Return,Annualized Vol,Sharpe Ratio,Max Drawdown,Skewness,Kurtosis,Cornish-Fisher VaR (5%),Historic CVaR (5%)
Mean Return,12.31897713777772,15.836149490628337,0.37255384463642255,-32.48795443055537,-0.9253689769373943,9.577026960679923,0.037099805259231795,0.05278294382301097
