,Annualized Return,Annualized Vol,Skewness,Kurtosis,Cornish-Fisher VaR (5%),Historic CVaR (5%),Sharpe Ratio,Max Drawdown
Mean Return,0.15022241608146825,0.15776765247206906,-1.0619131144548235,12.09057513360215,0.03514133453022009,0.04824058334614771,0.5055146459858675,-0.299789255387549
