,Annualized Return,Annualized Vol,Skewness,Kurtosis,Cornish-Fisher VaR (5%),Historic CVaR (5%),Sharpe Ratio,Max Drawdown
Mean Return,0.12975882443413966,0.16318449937134008,-0.8609874998757161,12.830416173678204,0.035311848583765876,0.05061650113949834,0.37086747742746956,-0.34188928885426534
