,Annualized Return,Annualized Vol,Sharpe Ratio,Max Drawdown,Skewness,Kurtosis,Cornish-Fisher VaR (5%),Historic CVaR (5%)
Mean Return,8.931321388619672,17.115624780756928,0.13870669881696493,-47.55221694309507,-1.2547502150686334,14.345207825122351,0.039761649660404186,0.05642672109857967
