,Annualized Return,Annualized Vol,Sharpe Ratio,Max Drawdown,Skewness,Kurtosis,Cornish-Fisher VaR (5%),Historic CVaR (5%)
Mean Return,14.144394997917843,15.302347522595047,0.46955459049706333,-31.778099554231343,-0.6939246092011543,7.69309037083244,0.03406594872489779,0.04782828300337215
