,Annualized Return,Annualized Vol,Sharpe Ratio,Max Drawdown,Skewness,Kurtosis,Cornish-Fisher VaR (5%),Historic CVaR (5%)
Mean Return,12.503802069541226,14.884025744994963,0.3791280029718485,-24.368628637312177,-0.638305768814962,7.647302306744126,0.03307023677110944,0.046452596991226704
