,Annualized Return,Annualized Vol,Sharpe Ratio,Max Drawdown,Skewness,Kurtosis,Cornish-Fisher VaR (5%),Historic CVaR (5%)
Mean Return,15.723538375628653,16.51692060676867,0.5229524740670224,-37.2285716485228,-1.2255664880775912,12.94939883006756,0.03729645793353207,0.05287377191633303
