,Annualized Return,Annualized Vol,Sharpe Ratio,Max Drawdown,Skewness,Kurtosis,Cornish-Fisher VaR (5%),Historic CVaR (5%)
Mean Return,6.472276918334963,17.480021470363734,-0.0015973111529573414,-32.86229165997069,-0.10603187698274835,6.365225853901932,0.03739704723112219,0.05260002946851294
