,Annualized Return,Annualized Vol,Sharpe Ratio,Max Drawdown,Skewness,Kurtosis,Cornish-Fisher VaR (5%),Historic CVaR (5%)
Mean Return,9.068759974343287,17.786652221037667,0.1580441497074446,-40.322474265068585,-0.6298833272724654,9.646911986924811,0.04058211991305158,0.06099487211507943
