,Annualized Return,Annualized Vol,Sharpe Ratio,Max Drawdown,Skewness,Kurtosis,Cornish-Fisher VaR (5%),Historic CVaR (5%)
Mean Return,15.793251547260212,16.27738314627265,0.5406073638443664,-36.827202070224416,-0.6660675185268627,7.198619400136853,0.03652608832363608,0.05136866477202708
