,Annualized Return,Annualized Vol,Sharpe Ratio,Max Drawdown,Skewness,Kurtosis,Cornish-Fisher VaR (5%),Historic CVaR (5%)
Mean Return,12.975882443413965,16.31844993713401,0.37086747742746956,-34.188928885426535,-0.8609874998757161,12.830416173678204,0.035311848583765876,0.05061650113949834
