,Annualized Return,Annualized Vol,Sharpe Ratio,Max Drawdown,Skewness,Kurtosis,Cornish-Fisher VaR (5%),Historic CVaR (5%)
Mean Return,12.44624383705306,16.153497062209016,0.3530613466803032,-30.702100628527774,-0.5491142789598118,8.71175125855345,0.03540405782813984,0.05210966214548711
