,Annualized Return,Annualized Vol,Sharpe Ratio,Max Drawdown,Skewness,Kurtosis,Cornish-Fisher VaR (5%),Historic CVaR (5%)
Mean Return,16.364120772884625,15.896127398606716,0.5832924803880789,-31.877064601092947,-0.839083052416535,11.176194944711064,0.03437745938124048,0.04906072896046486
