,Annualized Return,Annualized Vol,Sharpe Ratio,Max Drawdown,Skewness,Kurtosis,Cornish-Fisher VaR (5%),Historic CVaR (5%)
Mean Return,13.33491271027427,16.25705355307122,0.3960455142462321,-34.398081302914846,-1.2081904927522276,12.710795103473327,0.03707187557054522,0.051441712748908484
