,Annualized Return,Annualized Vol,Sharpe Ratio,Max Drawdown,Skewness,Kurtosis,Cornish-Fisher VaR (5%),Historic CVaR (5%)
Mean Return,17.004930059360255,15.8001264358201,0.626008261440054,-25.589721168002622,-0.3297721849183628,7.305100518421046,0.03283072364497625,0.04613271560874208
