,Annualized Return,Annualized Vol,Sharpe Ratio,Max Drawdown,Skewness,Kurtosis,Cornish-Fisher VaR (5%),Historic CVaR (5%)
Mean Return,13.166291468954249,16.454280990280417,0.3789268371495289,-39.01375223969449,-1.2011942932768294,14.319443151379572,0.03681243865605614,0.051928229154870775
