,Annualized Return,Annualized Vol,Sharpe Ratio,Max Drawdown,Skewness,Kurtosis,Cornish-Fisher VaR (5%),Historic CVaR (5%)
Mean Return,13.74560985766038,16.263140686292456,0.41874651138826957,-31.6773854046078,-1.071516099234023,12.491746436035072,0.03636534702908548,0.04925716992334453
