,Annualized Return,Annualized Vol,Sharpe Ratio,Max Drawdown,Skewness,Kurtosis,Cornish-Fisher VaR (5%),Historic CVaR (5%)
Mean Return,13.499742732130127,14.399656258331817,0.46824929182794567,-28.285549559348777,-0.5537425873403915,5.797225630831363,0.032339064041559305,0.04662996519858098
