,Annualized Return,Annualized Vol,Sharpe Ratio,Max Drawdown,Skewness,Kurtosis,Cornish-Fisher VaR (5%),Historic CVaR (5%)
Mean Return,19.947538086557913,16.49328591700597,0.7685186048531547,-23.15364697493384,-0.1434815308822964,5.747379511189419,0.033450169987049756,0.048752037791612475
