,Annualized Return,Annualized Vol,Sharpe Ratio,Max Drawdown,Skewness,Kurtosis,Cornish-Fisher VaR (5%),Historic CVaR (5%)
Mean Return,20.292732275061987,14.614597456668687,0.892239590712399,-26.835110985142613,-0.7137481158350129,6.819232065923441,0.03218600359687376,0.04528027222449592
