,Annualized Return,Annualized Vol,Sharpe Ratio,Max Drawdown,Skewness,Kurtosis,Cornish-Fisher VaR (5%),Historic CVaR (5%)
Mean Return,10.694776696147468,16.666773261893002,0.23651011009260725,-25.787361815980415,-0.270070635890889,6.769526593488177,0.03572566687861153,0.049850898175118674
