,Annualized Return,Annualized Vol,Sharpe Ratio,Max Drawdown,Skewness,Kurtosis,Cornish-Fisher VaR (5%),Historic CVaR (5%)
Mean Return,16.616928182524802,14.807175397343869,0.6438709353700345,-28.533867250543327,-0.8592565456353681,8.60206788524505,0.03296943242758444,0.045245161347412396
