,Annualized Return,Annualized Vol,Sharpe Ratio,Max Drawdown,Skewness,Kurtosis,Cornish-Fisher VaR (5%),Historic CVaR (5%)
Mean Return,16.569129693070607,15.091376877277856,0.6251004690604569,-29.543605593618068,-1.0819395247183163,10.411058358737037,0.034066588969674544,0.04648326222484406
