,Annualized Return,Annualized Vol,Sharpe Ratio,Max Drawdown,Skewness,Kurtosis,Cornish-Fisher VaR (5%),Historic CVaR (5%)
Mean Return,15.779738022349354,15.482546540733539,0.5702689147628585,-35.356899043863706,-0.5115510189305741,7.032172687086788,0.033798409197875974,0.050167102271598506
