,Annualized Return,Annualized Vol,Sharpe Ratio,Max Drawdown,Skewness,Kurtosis,Cornish-Fisher VaR (5%),Historic CVaR (5%)
Mean Return,12.603267397572049,16.260041859616567,0.35066337906146605,-32.867517033539364,-0.7361547692105105,11.870684561462182,0.03496330454019869,0.0500128308991307
