,Annualized Return,Annualized Vol,Sharpe Ratio,Max Drawdown,Skewness,Kurtosis,Cornish-Fisher VaR (5%),Historic CVaR (5%)
Mean Return,15.882918916087462,15.54985165963942,0.5679555069841987,-34.31544521632854,-1.1335329818650544,12.63985324657977,0.03458960950320845,0.04849883582250759
