,Annualized Return,Annualized Vol,Sharpe Ratio,Max Drawdown,Skewness,Kurtosis,Cornish-Fisher VaR (5%),Historic CVaR (5%)
Mean Return,9.459618099231616,17.94105547796953,0.15497267138887885,-28.914246645361292,-0.25443351554940485,8.251891476428604,0.03795037540833259,0.05451654829958474
