,Annualized Return,Annualized Vol,Sharpe Ratio,Max Drawdown,Skewness,Kurtosis,Cornish-Fisher VaR (5%),Historic CVaR (5%)
Mean Return,18.39873325031769,15.663321628390184,0.7162533996602234,-26.12593534488181,-0.42646518819139245,7.6599969487667074,0.03269515318150853,0.04641124412837096
