,Annualized Return,Annualized Vol,Sharpe Ratio,Max Drawdown,Skewness,Kurtosis,Cornish-Fisher VaR (5%),Historic CVaR (5%)
Mean Return,13.259607675110141,16.33232781987833,0.38701185454489817,-37.08717199720867,-0.9613830145649739,12.597838409401804,0.035971436891838716,0.05223520980900517
