,Annualized Return,Annualized Vol,Sharpe Ratio,Max Drawdown,Skewness,Kurtosis,Cornish-Fisher VaR (5%),Historic CVaR (5%)
Mean Return,14.105733123364805,15.502698355529338,0.46429855543490095,-26.146111025901604,-0.5727217379140128,7.968133873937099,0.03373763902372288,0.04748661920619012
