,Annualized Return,Annualized Vol,Sharpe Ratio,Max Drawdown,Skewness,Kurtosis,Cornish-Fisher VaR (5%),Historic CVaR (5%)
Mean Return,13.045438601502713,16.14716110758315,0.3821896853647013,-25.585859850212245,-0.3796615294941383,7.7679570837601375,0.03436046923382555,0.049512921660826194
