,Annualized Return,Annualized Vol,Sharpe Ratio,Max Drawdown,Skewness,Kurtosis,Cornish-Fisher VaR (5%),Historic CVaR (5%)
Mean Return,12.676380493638195,16.744743241621418,0.34666665367909255,-25.412648493968803,-0.10249046334278188,6.418253878818596,0.03464943250241816,0.04845602237817669
