,Annualized Return,Annualized Vol,Sharpe Ratio,Max Drawdown,Skewness,Kurtosis,Cornish-Fisher VaR (5%),Historic CVaR (5%)
Mean Return,13.064839454412102,14.817647567767489,0.45019285620602867,-32.231028074457114,-1.0610318582101872,11.955047077596983,0.03449154151347153,0.04702623911502636
