,Annualized Return,Annualized Vol,Sharpe Ratio,Max Drawdown,Skewness,Kurtosis,Cornish-Fisher VaR (5%),Historic CVaR (5%)
Mean Return,19.1737358811924,15.52841803256234,0.7661922664199479,-33.37802448381825,-0.6775885888544841,8.557699466136663,0.03332062874085724,0.0483892071359602
