,Annualized Return,Annualized Vol,Sharpe Ratio,Max Drawdown,Skewness,Kurtosis,Cornish-Fisher VaR (5%),Historic CVaR (5%)
Mean Return,17.01833658369585,17.301085518575153,0.573391174490162,-31.023790837120497,-0.5119759701758531,6.889696393410539,0.037573800227702604,0.05325930351385703
