,Annualized Return,Annualized Vol,Sharpe Ratio,Max Drawdown,Skewness,Kurtosis,Cornish-Fisher VaR (5%),Historic CVaR (5%)
Mean Return,11.539048792249806,15.764255686306997,0.3262389910740057,-31.62986540896498,-1.0773680230821885,10.093781057339815,0.03767233812721479,0.053465965987100614
