,Annualized Return,Annualized Vol,Sharpe Ratio,Max Drawdown,Skewness,Kurtosis,Cornish-Fisher VaR (5%),Historic CVaR (5%)
Mean Return,17.049833752418042,20.026133825930366,0.49514280733374205,-30.908355834665507,-0.5032901355182922,8.634247502527812,0.04287865559012285,0.059619381539826606
