,Annualized Return,Annualized Vol,Sharpe Ratio,Max Drawdown,Skewness,Kurtosis,Cornish-Fisher VaR (5%),Historic CVaR (5%)
Mean Return,13.503895455044535,15.38850521800685,0.4289962365396761,-27.407295777705816,-0.6910836582982341,9.652473990617485,0.03351211335090199,0.047587111020508305
