,Annualized Return,Annualized Vol,Sharpe Ratio,Max Drawdown,Skewness,Kurtosis,Cornish-Fisher VaR (5%),Historic CVaR (5%)
Mean Return,20.0572307538055,14.717789969041878,0.8659339776412125,-26.558655436262406,-0.9928278238665488,8.326071875649257,0.032979822852357135,0.04489020671798389
