,Annualized Return,Annualized Vol,Sharpe Ratio,Max Drawdown,Skewness,Kurtosis,Cornish-Fisher VaR (5%),Historic CVaR (5%)
Mean Return,12.265954955186187,16.258546796033812,0.33154741813519445,-41.07129899006963,-1.355775199436824,13.440102286898208,0.03772618155583373,0.05273683084961348
