,Annualized Return,Annualized Vol,Sharpe Ratio,Max Drawdown,Skewness,Kurtosis,Cornish-Fisher VaR (5%),Historic CVaR (5%)
Mean Return,8.665567772072569,16.907348572940162,0.12621311609004382,-47.297260905319796,-1.2380403467029946,14.359215658173854,0.03920810920201256,0.05533622242643663
