,Annualized Return,Annualized Vol,Sharpe Ratio,Max Drawdown,Skewness,Kurtosis,Cornish-Fisher VaR (5%),Historic CVaR (5%)
Mean Return,12.46414026828251,16.333202585399544,0.3431853857049623,-30.59258442449595,-1.3944747608062575,13.369235583617437,0.03808576176761375,0.050779046498814866
