,Annualized Return,Annualized Vol,Sharpe Ratio,Max Drawdown,Skewness,Kurtosis,Cornish-Fisher VaR (5%),Historic CVaR (5%)
Mean Return,15.72352366999128,16.96480073062272,0.5121460980274574,-31.267200862706666,-0.845120341005024,8.020048900949366,0.0384924387923752,0.053747254584703176
