,Annualized Return,Annualized Vol,Sharpe Ratio,Max Drawdown,Skewness,Kurtosis,Cornish-Fisher VaR (5%),Historic CVaR (5%)
Mean Return,14.012214579727367,18.123142328074017,0.39045268558706286,-42.97948453066171,-1.4947818577122782,16.482692463753683,0.04121769945445783,0.058843962356301856
