,Annualized Return,Annualized Vol,Skewness,Kurtosis,Cornish-Fisher VaR (5%),Historic CVaR (5%),Sharpe Ratio,Max Drawdown
Mean Return,0.13524849953418006,0.14620897031470548,-0.6200267355400784,5.93793037876054,0.033165208899055325,0.04833622623526969,0.46161146897883026,-0.279073557949754
