,Annualized Return,Annualized Vol,Skewness,Kurtosis,Cornish-Fisher VaR (5%),Historic CVaR (5%),Sharpe Ratio,Max Drawdown
Mean Return,0.17044361581780865,0.15640219989271065,-0.2776203062988988,5.913031697491005,0.033079623693812156,0.046208893474193984,0.638473599637128,-0.33481389737562944
