,Annualized Return,Annualized Vol,Sharpe Ratio,Max Drawdown,Skewness,Kurtosis,Cornish-Fisher VaR (5%),Historic CVaR (5%)
Mean Return,15.0820442214618,15.729921402548502,0.5128264143452174,-30.90786342445834,-1.2356988455427012,12.618240568654981,0.035686102430701604,0.04912410340197215
