,Annualized Return,Annualized Vol,Sharpe Ratio,Max Drawdown,Skewness,Kurtosis,Cornish-Fisher VaR (5%),Historic CVaR (5%)
Mean Return,14.191501806856666,15.236662526391994,0.5075937129609467,-31.37667684752376,-1.176409046517693,12.631795383650537,0.03562344091429424,0.04786635673744105
