,Annualized Return,Annualized Vol,Sharpe Ratio,Max Drawdown,Skewness,Kurtosis,Cornish-Fisher VaR (5%),Historic CVaR (5%)
Mean Return,16.664154693836288,15.850241594705508,0.6058288026716642,-28.125202676745197,-0.5700490293025532,8.863684876291973,0.033716171074592995,0.050236083291867475
