,Annualized Return,Annualized Vol,Skewness,Kurtosis,Cornish-Fisher VaR (5%),Historic CVaR (5%),Sharpe Ratio,Max Drawdown
Mean Return,0.11996978707797834,0.15729124833216984,-1.0513346496051263,9.391386797712762,0.03767537172809596,0.05291862506785171,0.3544455782668025,-0.3069396252022725
