,Annualized Return,Annualized Vol,Sharpe Ratio,Max Drawdown,Skewness,Kurtosis,Cornish-Fisher VaR (5%),Historic CVaR (5%)
Mean Return,17.456409190644393,17.247259884591976,0.5988532312196976,-24.8219298301264,-0.38542424055978663,5.7803404297093905,0.037110130723227365,0.054473876437720975
