,Annualized Return,Annualized Vol,Sharpe Ratio,Max Drawdown,Skewness,Kurtosis,Cornish-Fisher VaR (5%),Historic CVaR (5%)
Mean Return,12.72591854498144,16.11343416260951,0.3631442240778611,-30.693962520227252,-1.0432034515052766,9.39956002738734,0.037425756955662276,0.05291862506785171
