,Annualized Return,Annualized Vol,Sharpe Ratio,Max Drawdown,Skewness,Kurtosis,Cornish-Fisher VaR (5%),Historic CVaR (5%)
Mean Return,15.962629844655641,15.183453687055342,0.5866026638982607,-33.55838463076706,-1.124418772426207,12.471473865121803,0.03372498981632969,0.04753672876183998
