,Annualized Return,Annualized Vol,Sharpe Ratio,Max Drawdown,Skewness,Kurtosis,Cornish-Fisher VaR (5%),Historic CVaR (5%)
Mean Return,14.522031729402718,16.416070149372782,0.4593089451177591,-35.1835748130555,-1.3553441116258311,13.885996378096612,0.037502135641584194,0.05207485889360436
