,Annualized Return,Annualized Vol,Sharpe Ratio,Max Drawdown,Skewness,Kurtosis,Cornish-Fisher VaR (5%),Historic CVaR (5%)
Mean Return,16.907631586961823,15.86294794028321,0.6156733936087511,-33.37802448381825,-0.6391271874614504,8.294266121813589,0.034370751975987955,0.050206906054326
