,Annualized Return,Annualized Vol,Sharpe Ratio,Max Drawdown,Skewness,Kurtosis,Cornish-Fisher VaR (5%),Historic CVaR (5%)
Mean Return,13.347765240943321,15.136182373125765,0.4264523246261899,-22.061974358944287,-0.49844345162855935,6.195772451713753,0.033358252537398714,0.045699946487986975
