,Annualized Return,Annualized Vol,Sharpe Ratio,Max Drawdown,Skewness,Kurtosis,Cornish-Fisher VaR (5%),Historic CVaR (5%)
Mean Return,17.484666799647243,15.943565480742002,0.6506884942809977,-29.150376559418145,-0.5910161105221826,9.025231119061564,0.033844177564007955,0.049739156329144246
