,Annualized Return,Annualized Vol,Sharpe Ratio,Max Drawdown,Skewness,Kurtosis,Cornish-Fisher VaR (5%),Historic CVaR (5%)
Mean Return,15.378829791111448,16.074302387152674,0.5171411401466305,-34.68285237115733,-0.9564916746562899,12.829972205836636,0.034882626445093184,0.04984771850789046
