,Annualized Return,Annualized Vol,Sharpe Ratio,Max Drawdown,Skewness,Kurtosis,Cornish-Fisher VaR (5%),Historic CVaR (5%)
Mean Return,11.708164354372585,16.245458759897893,0.30424515526155366,-28.67602409677542,-0.6219421860878636,8.805523317516013,0.035786595428852264,0.05126977206064355
