,Annualized Return,Annualized Vol,Sharpe Ratio,Max Drawdown,Skewness,Kurtosis,Cornish-Fisher VaR (5%),Historic CVaR (5%)
Mean Return,10.765129274960227,18.133884442151512,0.2202258500845678,-39.659842606239586,-1.2379912625764902,10.403720316373814,0.04339649315330286,0.06106023992876471
