,Annualized Return,Annualized Vol,Sharpe Ratio,Max Drawdown,Skewness,Kurtosis,Cornish-Fisher VaR (5%),Historic CVaR (5%)
Mean Return,17.568124855416613,14.902591308911314,0.7004067498255075,-26.313526157994048,-0.6246904106846359,8.61144392972113,0.03178125627028294,0.04521135762520182
