,Annualized Return,Annualized Vol,Sharpe Ratio,Max Drawdown,Skewness,Kurtosis,Cornish-Fisher VaR (5%),Historic CVaR (5%)
Mean Return,18.933870150227293,14.657280214694483,0.805113800097615,-25.833299268338788,-0.9957073937142987,7.23265357860443,0.033783025247714094,0.04790384880075557
