,Annualized Return,Annualized Vol,Sharpe Ratio,Max Drawdown,Skewness,Kurtosis,Cornish-Fisher VaR (5%),Historic CVaR (5%)
Mean Return,14.231076182259073,15.303420604742499,0.5078213972912005,-30.672761527392005,-1.1328424053251722,11.960435850844867,0.03585086654820355,0.04759042019959965
