,Annualized Return,Annualized Vol,Sharpe Ratio,Max Drawdown,Skewness,Kurtosis,Cornish-Fisher VaR (5%),Historic CVaR (5%)
Mean Return,14.459576305043264,18.869845090533854,0.39469912081518055,-45.92300917244162,-1.8665777321993247,20.463226595454316,0.042994381353470564,0.060205520745336014
