,Annualized Return,Annualized Vol,Sharpe Ratio,Max Drawdown,Skewness,Kurtosis,Cornish-Fisher VaR (5%),Historic CVaR (5%)
Mean Return,18.191212613911254,15.291575454548836,0.7197831516736728,-25.183108403669063,-0.5478541159485141,8.049405572539131,0.03240694226670872,0.04486769746705219
