,Annualized Return,Annualized Vol,Sharpe Ratio,Max Drawdown,Skewness,Kurtosis,Cornish-Fisher VaR (5%),Historic CVaR (5%)
Mean Return,17.327200270233135,16.21532390952383,0.6266330080254783,-33.38628795323855,-1.1691376641432074,12.122968157204173,0.03636905229427699,0.051022277345242534
