,Annualized Return,Annualized Vol,Sharpe Ratio,Max Drawdown,Skewness,Kurtosis,Cornish-Fisher VaR (5%),Historic CVaR (5%)
Mean Return,14.081934190465507,16.197992135284185,0.4421057631021404,-28.359093589946323,-0.2867038973406656,8.506844033064592,0.033397833688555326,0.047604814641341565
