,Annualized Return,Annualized Vol,Sharpe Ratio,Max Drawdown,Skewness,Kurtosis,Cornish-Fisher VaR (5%),Historic CVaR (5%)
Mean Return,20.90613955943452,14.645272461541694,0.9247233176742382,-24.549493971128857,-0.8881928994258995,7.3959334621576565,0.03251782965335761,0.04471595985765386
