,Annualized Return,Annualized Vol,Sharpe Ratio,Max Drawdown,Skewness,Kurtosis,Cornish-Fisher VaR (5%),Historic CVaR (5%)
Mean Return,15.07647628045623,15.768511245761344,0.5091515276834547,-33.511823730742854,-1.1655958073396169,12.129107316429428,0.03564639655575264,0.05034386137702694
