,Annualized Return,Annualized Vol,Sharpe Ratio,Max Drawdown,Skewness,Kurtosis,Cornish-Fisher VaR (5%),Historic CVaR (5%)
Mean Return,19.735515077312705,16.1474992762226,0.7705135231931866,-35.125117332604255,-0.46920080121969154,6.241799920090399,0.03449025325633605,0.04539603084823461
