,Annualized Return,Annualized Vol,Skewness,Kurtosis,Cornish-Fisher VaR (5%),Historic CVaR (5%),Sharpe Ratio,Max Drawdown
Mean Return,0.17004946029795742,0.15665016448409647,-0.6714594697585314,8.507020904387058,0.03396156517995491,0.04782126063994753,0.6315124778244201,-0.25602042134339503
