,Annualized Return,Annualized Vol,Sharpe Ratio,Max Drawdown,Skewness,Kurtosis,Cornish-Fisher VaR (5%),Historic CVaR (5%)
Mean Return,16.70897061139962,19.630564861096595,0.51023553753864,-43.20410648744956,-1.607053491078825,16.935748763791874,0.04606147227862166,0.06421939242079422
