,Annualized Return,Annualized Vol,Skewness,Kurtosis,Cornish-Fisher VaR (5%),Historic CVaR (5%),Sharpe Ratio,Max Drawdown
Mean Return,0.11491248356663819,0.16992532726110635,-0.1058363370644344,7.3513834636579345,0.03495999796296716,0.05188625801967025,0.2781795863780377,-0.2650589700690148
