,Annualized Return,Annualized Vol,Sharpe Ratio,Max Drawdown,Skewness,Kurtosis,Cornish-Fisher VaR (5%),Historic CVaR (5%)
Mean Return,18.178948244620784,15.34861573517579,0.7184676901083742,-27.649592834762288,-0.4491828281120059,7.661284701860162,0.032146538272638366,0.045505190339135464
