,Annualized Return,Annualized Vol,Sharpe Ratio,Max Drawdown,Skewness,Kurtosis,Cornish-Fisher VaR (5%),Historic CVaR (5%)
Mean Return,14.955137776374583,18.84722680233845,0.4216418423143527,-24.52537932628139,0.1806028087600342,6.896205977434006,0.03649976911895864,0.05526360428546768
