,Annualized Return,Annualized Vol,Sharpe Ratio,Max Drawdown,Skewness,Kurtosis,Cornish-Fisher VaR (5%),Historic CVaR (5%)
Mean Return,13.635698378817708,15.12355603944619,0.4424101240645754,-31.35354765268038,-0.568267876712433,8.650431739306025,0.03264704598352974,0.04597300255847557
