,Annualized Return,Annualized Vol,Sharpe Ratio,Max Drawdown,Skewness,Kurtosis,Cornish-Fisher VaR (5%),Historic CVaR (5%)
Mean Return,16.75252274252632,16.53107186552547,0.5829683012776554,-30.297164747830802,-1.3741594738778482,10.887130365149837,0.03890379677158174,0.05538777086910609
