,Annualized Return,Annualized Vol,Sharpe Ratio,Max Drawdown,Skewness,Kurtosis,Cornish-Fisher VaR (5%),Historic CVaR (5%)
Mean Return,20.17193137456179,14.256007577722116,0.9103320688143748,-27.22449181885472,-0.7682181866940316,6.84947684208683,0.03158686356231188,0.043844065109568224
