,Annualized Return,Annualized Vol,Sharpe Ratio,Max Drawdown,Skewness,Kurtosis,Cornish-Fisher VaR (5%),Historic CVaR (5%)
Mean Return,13.775345747986023,16.69202071391376,0.4105286518750222,-36.18226181671924,-1.4039162407276837,15.699244303970627,0.03771505115751758,0.05280487205915186
