,Annualized Return,Annualized Vol,Sharpe Ratio,Max Drawdown,Skewness,Kurtosis,Cornish-Fisher VaR (5%),Historic CVaR (5%)
Mean Return,9.628146796869629,16.634904347936505,0.18648808672913025,-37.45889401659141,-0.7052314844915656,9.30689259935686,0.03766635897415281,0.05323967651986471
