,Annualized Return,Annualized Vol,Sharpe Ratio,Max Drawdown,Skewness,Kurtosis,Cornish-Fisher VaR (5%),Historic CVaR (5%)
Mean Return,16.03492932121384,18.74581974766224,0.47807295226708735,-42.48113958089927,-1.1076286228726102,16.3068667588991,0.04010174942653979,0.057693525246264865
