,Annualized Return,Annualized Vol,Sharpe Ratio,Max Drawdown,Skewness,Kurtosis,Cornish-Fisher VaR (5%),Historic CVaR (5%)
Mean Return,10.939283651676313,17.043976714909387,0.24475805868437625,-27.919410495000857,-0.20540044932277696,7.611737814346674,0.03570838510396478,0.052871158415458176
