,Annualized Return,Annualized Vol,Sharpe Ratio,Max Drawdown,Skewness,Kurtosis,Cornish-Fisher VaR (5%),Historic CVaR (5%)
Mean Return,20.108431373276936,14.770174834498773,0.870511539375683,-26.835110985142613,-0.7150327993606312,6.554383918594764,0.032373322836434064,0.04678183641038629
