,Annualized Return,Annualized Vol,Sharpe Ratio,Max Drawdown,Skewness,Kurtosis,Cornish-Fisher VaR (5%),Historic CVaR (5%)
Mean Return,16.937752939321694,18.842818005789038,0.5224361471016838,-27.483628393761418,0.04245177418380643,6.753455652658358,0.03726758779481796,0.05719328545348329
