,Annualized Return,Annualized Vol,Skewness,Kurtosis,Cornish-Fisher VaR (5%),Historic CVaR (5%),Sharpe Ratio,Max Drawdown
Mean Return,0.1495500460414012,0.15607460871034767,-0.6462517485680972,7.705546292204779,0.03436542221697716,0.048933207830119556,0.5116116552860561,-0.2472967721174256
