,Annualized Return,Annualized Vol,Sharpe Ratio,Max Drawdown,Skewness,Kurtosis,Cornish-Fisher VaR (5%),Historic CVaR (5%)
Mean Return,6.232522284812214,18.029789241753914,-0.014056631917625465,-37.848046964583844,-0.21732492324890568,6.5100258584899375,0.0393444663351438,0.05744877822788036
