,Annualized Return,Annualized Vol,Sharpe Ratio,Max Drawdown,Skewness,Kurtosis,Cornish-Fisher VaR (5%),Historic CVaR (5%)
Mean Return,13.672326862668571,16.19161863842096,0.41634167304179437,-31.701990486394877,-1.1625463133406713,13.237481799427817,0.03636479395929916,0.049248907300185524
