,Annualized Return,Annualized Vol,Sharpe Ratio,Max Drawdown,Skewness,Kurtosis,Cornish-Fisher VaR (5%),Historic CVaR (5%)
Mean Return,17.13098586013635,15.525195578893285,0.6427166422940498,-33.37802448381825,-0.6467702617573575,8.167658481285843,0.03364519778698326,0.04834245964687613
