,Annualized Return,Annualized Vol,Sharpe Ratio,Max Drawdown,Skewness,Kurtosis,Cornish-Fisher VaR (5%),Historic CVaR (5%)
Mean Return,20.078753642707525,14.53683295082478,0.8781081918365267,-24.849015125788718,-0.9123869916207366,7.770431397272601,0.03235376964570742,0.04470161488910795
