,Annualized Return,Annualized Vol,Sharpe Ratio,Max Drawdown,Skewness,Kurtosis,Cornish-Fisher VaR (5%),Historic CVaR (5%)
Mean Return,12.410159977194969,16.10285550564304,0.3746920860765584,-34.04250405350462,-1.0771270756989157,14.612983317789487,0.0366359460058224,0.05094607754383383
