,Annualized Return,Annualized Vol,Skewness,Kurtosis,Cornish-Fisher VaR (5%),Historic CVaR (5%),Sharpe Ratio,Max Drawdown
Mean Return,0.14961487713606014,0.16757843136784972,-0.8525012221805253,7.265200346322609,0.038516376031761765,0.05316623877193251,0.47571341314143323,-0.3149871365264719
