,Annualized Return,Annualized Vol,Sharpe Ratio,Max Drawdown,Skewness,Kurtosis,Cornish-Fisher VaR (5%),Historic CVaR (5%)
Mean Return,15.953272154090081,19.429301323979747,0.45729794887967623,-36.03846149143038,-0.5819834187882554,9.139246580039337,0.04198716539992857,0.057097244860305575
