,Annualized Return,Annualized Vol,Sharpe Ratio,Max Drawdown,Skewness,Kurtosis,Cornish-Fisher VaR (5%),Historic CVaR (5%)
Mean Return,17.309625724666343,17.150641120451258,0.594396269481813,-30.627237488789454,-0.5142168519886127,6.75573703932564,0.03725329294803989,0.053377667945339935
