,Annualized Return,Annualized Vol,Sharpe Ratio,Max Drawdown,Skewness,Kurtosis,Cornish-Fisher VaR (5%),Historic CVaR (5%)
Mean Return,15.70422834673575,16.9014590965074,0.5129929501938392,-30.891300830722816,-0.81464085232368,7.652349715388232,0.03833576444445921,0.05336414865601259
