,Annualized Return,Annualized Vol,Sharpe Ratio,Max Drawdown,Skewness,Kurtosis,Cornish-Fisher VaR (5%),Historic CVaR (5%)
Mean Return,17.329581526419258,15.05804368109042,0.6782751867353163,-26.52939201336682,-0.6138026905779146,8.338438578268422,0.03223820978862041,0.04566120610655501
