,Annualized Return,Annualized Vol,Sharpe Ratio,Max Drawdown,Skewness,Kurtosis,Cornish-Fisher VaR (5%),Historic CVaR (5%)
Mean Return,17.79999995802455,14.5654237110378,0.7359223175777908,-23.1946423963853,-0.9757196869820602,7.574945524512398,0.033495591696848584,0.04738236251275316
