,Annualized Return,Annualized Vol,Skewness,Kurtosis,Cornish-Fisher VaR (5%),Historic CVaR (5%),Sharpe Ratio,Max Drawdown
Mean Return,0.14504311445805107,0.15606048063557496,-1.1016050090658875,9.581118552525849,0.03611287338810539,0.04960846972324834,0.4808385759217066,-0.276377580739028
