,Annualized Return,Annualized Vol,Sharpe Ratio,Max Drawdown,Skewness,Kurtosis,Cornish-Fisher VaR (5%),Historic CVaR (5%)
Mean Return,12.409625797006418,18.02861527195702,0.3088454485462762,-42.85106807371874,-1.5090774048503566,16.259978931230272,0.04146288483499456,0.05863536072208158
