,Annualized Return,Annualized Vol,Sharpe Ratio,Max Drawdown,Skewness,Kurtosis,Cornish-Fisher VaR (5%),Historic CVaR (5%)
Mean Return,13.596922924604371,15.625998805747162,0.42688493571099256,-31.491429750368106,-0.7138927354754191,8.833173948709817,0.034541425277688165,0.049151623546773666
