,Annualized Return,Annualized Vol,Skewness,Kurtosis,Cornish-Fisher VaR (5%),Historic CVaR (5%),Sharpe Ratio,Max Drawdown
Mean Return,0.17799999958024548,0.145654237110378,-0.9757196869820602,7.574945524512398,0.033495591696848584,0.04738236251275316,0.7359223175777908,-0.231946423963853
