,Annualized Return,Annualized Vol,Sharpe Ratio,Max Drawdown,Skewness,Kurtosis,Cornish-Fisher VaR (5%),Historic CVaR (5%)
Mean Return,17.493729352360287,15.043038527518801,0.6892144062324087,-26.52939201336682,-0.6267347731722315,8.354550932454146,0.0322396291812414,0.04566120610655501
