,Annualized Return,Annualized Vol,Sharpe Ratio,Max Drawdown,Skewness,Kurtosis,Cornish-Fisher VaR (5%),Historic CVaR (5%)
Mean Return,14.039597196767662,14.481568566463137,0.5001435888884467,-28.285549559348777,-0.5241663054304386,5.793040985429182,0.03228675892595175,0.046233864675086576
