,Annualized Return,Annualized Vol,Sharpe Ratio,Max Drawdown,Skewness,Kurtosis,Cornish-Fisher VaR (5%),Historic CVaR (5%)
Mean Return,11.540102875658697,17.60140437379903,0.26908996980132643,-34.99364722268695,-0.4336567596513537,9.248464233875742,0.03753701933233286,0.054675663222616376
