,Annualized Return,Annualized Vol,Skewness,Kurtosis,Cornish-Fisher VaR (5%),Historic CVaR (5%),Sharpe Ratio,Max Drawdown
Mean Return,0.11424141361670026,0.15834722256334438,-0.44517672822254317,8.409010407447179,0.034040246824016726,0.048046899603680686,0.2922518636971843,-0.26611450147968124
