,Annualized Return,Annualized Vol,Sharpe Ratio,Max Drawdown,Skewness,Kurtosis,Cornish-Fisher VaR (5%),Historic CVaR (5%)
Mean Return,14.820510994300795,14.056363538996555,0.5681616731851391,-28.78304398596076,-0.5086949037916978,5.865557547866233,0.03103565793254589,0.043500977285846315
