,Annualized Return,Annualized Vol,Sharpe Ratio,Max Drawdown,Skewness,Kurtosis,Cornish-Fisher VaR (5%),Historic CVaR (5%)
Mean Return,18.758201149758634,17.92526692499431,0.6418766714354073,-43.78484830673713,-1.816568902378013,16.99881799824153,0.041485074331355044,0.053994482463357446
