,Annualized Return,Annualized Vol,Sharpe Ratio,Max Drawdown,Skewness,Kurtosis,Cornish-Fisher VaR (5%),Historic CVaR (5%)
Mean Return,17.171923180158743,15.712395236375007,0.6405832057847138,-25.33922085268894,-0.390143138027125,7.370983735480073,0.032923441566881706,0.046477296596326545
