,Annualized Return,Annualized Vol,Sharpe Ratio,Max Drawdown,Skewness,Kurtosis,Cornish-Fisher VaR (5%),Historic CVaR (5%)
Mean Return,15.883702561429235,16.658981441720538,0.5314453405230235,-28.103254363770873,-0.5193024432536409,9.562027105891309,0.03506584052970507,0.05289419289237082
