,Annualized Return,Annualized Vol,Sharpe Ratio,Max Drawdown,Skewness,Kurtosis,Cornish-Fisher VaR (5%),Historic CVaR (5%)
Mean Return,11.01803900345637,19.078021470405485,0.22549750391775972,-39.41919007605787,-1.5109307347974235,10.697503672489153,0.04719274670704892,0.07025293123964672
