,Annualized Return,Annualized Vol,Sharpe Ratio,Max Drawdown,Skewness,Kurtosis,Cornish-Fisher VaR (5%),Historic CVaR (5%)
Mean Return,16.59243441365117,14.812554353527396,0.6420818607019377,-27.52596733880396,-0.9210166222572537,8.560380413056219,0.03332148632435214,0.04643516310784492
