,Annualized Return,Annualized Vol,Sharpe Ratio,Max Drawdown,Skewness,Kurtosis,Cornish-Fisher VaR (5%),Historic CVaR (5%)
Mean Return,13.18631187077064,17.198205291019704,0.38912617765366525,-36.09431275620308,-1.4181914187174942,11.332102085312119,0.042359014517348775,0.057942611016111555
