,Annualized Return,Annualized Vol,Sharpe Ratio,Max Drawdown,Skewness,Kurtosis,Cornish-Fisher VaR (5%),Historic CVaR (5%)
Mean Return,15.190482269121297,16.834520292182646,0.4852201900461128,-31.643919476961862,-0.8701512894687825,7.581883981474841,0.038627281004611665,0.05340376316166303
