,Annualized Return,Annualized Vol,Skewness,Kurtosis,Cornish-Fisher VaR (5%),Historic CVaR (5%),Sharpe Ratio,Max Drawdown
Mean Return,0.17091053569907722,0.15712467848793574,-0.8052469807368596,8.921968780965868,0.03462277778776297,0.048210953089781586,0.6347575451645573,-0.2711693218606886
