,Annualized Return,Annualized Vol,Sharpe Ratio,Max Drawdown,Skewness,Kurtosis,Cornish-Fisher VaR (5%),Historic CVaR (5%)
Mean Return,18.634542833824973,15.906150335778666,0.7215457889921313,-36.11986911922314,-0.46870104172026694,6.415001069361472,0.03435509493886437,0.04880993747959356
