,Annualized Return,Annualized Vol,Sharpe Ratio,Max Drawdown,Skewness,Kurtosis,Cornish-Fisher VaR (5%),Historic CVaR (5%)
Mean Return,14.579857244825,14.717882690436001,0.5266715406533732,-30.22419425013114,-0.6293885718167582,7.045849505709038,0.032807121807747856,0.04617504513230399
