,Annualized Return,Annualized Vol,Skewness,Kurtosis,Cornish-Fisher VaR (5%),Historic CVaR (5%),Sharpe Ratio,Max Drawdown
Mean Return,0.13164627211715407,0.15010978179793638,-0.5883697833176225,8.167680084087573,0.03276100572870691,0.04619845049844565,0.4185383582499483,-0.24897842665057476
