,Annualized Return,Annualized Vol,Sharpe Ratio,Max Drawdown,Skewness,Kurtosis,Cornish-Fisher VaR (5%),Historic CVaR (5%)
Mean Return,17.66388211376264,15.849917535856619,0.6611519134914159,-32.91213630120283,-0.46115183776076313,7.13251774616163,0.033705785403520205,0.04824388534765142
