,Annualized Return,Annualized Vol,Sharpe Ratio,Max Drawdown,Skewness,Kurtosis,Cornish-Fisher VaR (5%),Historic CVaR (5%)
Mean Return,15.278694738284493,16.343061527413308,0.5029345791661609,-37.93947789885686,-1.2959940013062266,13.241998021735911,0.03719487287417737,0.05248575475394084
