,Annualized Return,Annualized Vol,Sharpe Ratio,Max Drawdown,Skewness,Kurtosis,Cornish-Fisher VaR (5%),Historic CVaR (5%)
Mean Return,13.730044291577602,17.425600138583334,0.3926639404620248,-41.44557001804651,-0.23964884056948121,6.375679108500761,0.036899741353677296,0.0514996112139312
