,Annualized Return,Annualized Vol,Sharpe Ratio,Max Drawdown,Skewness,Kurtosis,Cornish-Fisher VaR (5%),Historic CVaR (5%)
Mean Return,11.491248356663819,16.992532726110635,0.2781795863780377,-26.50589700690148,-0.1058363370644344,7.3513834636579345,0.03495999796296716,0.05188625801967025
