,Annualized Return,Annualized Vol,Sharpe Ratio,Max Drawdown,Skewness,Kurtosis,Cornish-Fisher VaR (5%),Historic CVaR (5%)
Mean Return,20.132396690189267,15.770460374672682,0.8205330550038242,-35.093977858777805,-0.46197695287581236,5.517808644288007,0.03413739294365149,0.04628194229794249
