,Annualized Return,Annualized Vol,Sharpe Ratio,Max Drawdown,Skewness,Kurtosis,Cornish-Fisher VaR (5%),Historic CVaR (5%)
Mean Return,18.511964147110426,14.833901849342404,0.7687566423770694,-26.40651036673831,-1.0053268713339596,7.067059085049171,0.03441659315895059,0.04860609396907516
