,Annualized Return,Annualized Vol,Sharpe Ratio,Max Drawdown,Skewness,Kurtosis,Cornish-Fisher VaR (5%),Historic CVaR (5%)
Mean Return,0.3949787964559137,20.75124075926532,-0.26929400602111886,-46.94215615670967,-0.6206825683958618,6.351726512440761,0.05018539258149564,0.07541360568646249
