,Annualized Return,Annualized Vol,Sharpe Ratio,Max Drawdown,Skewness,Kurtosis,Cornish-Fisher VaR (5%),Historic CVaR (5%)
Mean Return,19.726408765317593,16.66564922365318,0.748088306772261,-25.506339333274784,-0.2479430597888208,6.276671769213308,0.034290209313092686,0.048084785751257485
