,Annualized Return,Annualized Vol,Skewness,Kurtosis,Cornish-Fisher VaR (5%),Historic CVaR (5%),Sharpe Ratio,Max Drawdown
Mean Return,0.187080904844801,0.14045350848087793,-0.7778953356508529,6.409528503492312,0.031541036359640395,0.04512271590915629,0.8224412693334329,-0.23911750356899852
