,Annualized Return,Annualized Vol,Sharpe Ratio,Max Drawdown,Skewness,Kurtosis,Cornish-Fisher VaR (5%),Historic CVaR (5%)
Mean Return,19.546682786123306,14.455554999795295,0.8560343540188485,-23.911978306128283,-0.9385736053528884,7.674846198318574,0.03270283130807643,0.04564373514975472
