,Annualized Return,Annualized Vol,Sharpe Ratio,Max Drawdown,Skewness,Kurtosis,Cornish-Fisher VaR (5%),Historic CVaR (5%)
Mean Return,14.129459787832355,16.248977919651754,0.4413210781897689,-32.180411424046014,-1.1011183685572445,13.167935837285318,0.03612299826467696,0.049452760975315514
