,Annualized Return,Annualized Vol,Sharpe Ratio,Max Drawdown,Skewness,Kurtosis,Cornish-Fisher VaR (5%),Historic CVaR (5%)
Mean Return,16.418115749059446,15.350479104092058,0.6050256392591511,-28.292565233047185,-1.015436108901675,11.661502839435848,0.0338364423736648,0.047876836184073554
