,Annualized Return,Annualized Vol,Sharpe Ratio,Max Drawdown,Skewness,Kurtosis,Cornish-Fisher VaR (5%),Historic CVaR (5%)
Mean Return,10.96273470004987,16.98686506931341,0.24687547690508768,-38.78509647135553,-1.2412065531325651,13.303040328198463,0.03913996493737472,0.056620912429168856
