,Annualized Return,Annualized Vol,Sharpe Ratio,Max Drawdown,Skewness,Kurtosis,Cornish-Fisher VaR (5%),Historic CVaR (5%)
Mean Return,15.916928772972083,15.524417240204608,0.5747409587096027,-36.05784550359507,-0.34479178793358883,5.7169196725140115,0.03350423849289909,0.047982901241365644
