,Annualized Return,Annualized Vol,Sharpe Ratio,Max Drawdown,Skewness,Kurtosis,Cornish-Fisher VaR (5%),Historic CVaR (5%)
Mean Return,22.20050065987571,14.373259191078185,1.0354361986217548,-27.229996677048252,-0.8831588362677817,8.007346540538263,0.03165140471438278,0.044000307219432024
