,Annualized Return,Annualized Vol,Sharpe Ratio,Max Drawdown,Skewness,Kurtosis,Cornish-Fisher VaR (5%),Historic CVaR (5%)
Mean Return,8.62160080876684,18.10303011938357,0.13617165609415766,-46.01728563419262,-0.7873231106560142,15.17217084312266,0.03998967193802405,0.05854136798316533
