,Annualized Return,Annualized Vol,Sharpe Ratio,Max Drawdown,Skewness,Kurtosis,Cornish-Fisher VaR (5%),Historic CVaR (5%)
Mean Return,12.214383651452888,15.067639335406371,0.3564472400256923,-30.642488506599936,-0.6432057887200029,6.410724128697092,0.03409963680782629,0.04877473533707994
