,Annualized Return,Annualized Vol,Sharpe Ratio,Max Drawdown,Skewness,Kurtosis,Cornish-Fisher VaR (5%),Historic CVaR (5%)
Mean Return,8.39569736513499,18.937618501049773,0.09398425026910437,-44.90600629061915,-1.3004878718231172,14.279142348829119,0.04412403201895838,0.06092650710208211
