,Annualized Return,Annualized Vol,Sharpe Ratio,Max Drawdown,Skewness,Kurtosis,Cornish-Fisher VaR (5%),Historic CVaR (5%)
Mean Return,14.45962643157821,15.606048063557495,0.4794022860389148,-27.637758073902802,-1.1016050090658875,9.581118552525849,0.03611287338810539,0.04960846972324834
