,Annualized Return,Annualized Vol,Sharpe Ratio,Max Drawdown,Skewness,Kurtosis,Cornish-Fisher VaR (5%),Historic CVaR (5%)
Mean Return,19.63028304539347,14.386949166177438,0.8630399243372038,-25.081127047400237,-0.7123743216938638,6.252535713752925,0.03196255866648276,0.04530240117481669
