,Annualized Return,Annualized Vol,Sharpe Ratio,Max Drawdown,Skewness,Kurtosis,Cornish-Fisher VaR (5%),Historic CVaR (5%)
Mean Return,12.941992210862828,15.455493815954565,0.39294965866179477,-26.529392013366817,-0.6132389703034253,8.312162915019739,0.03390999696524283,0.04745175037330116
