,Annualized Return,Annualized Vol,Sharpe Ratio,Max Drawdown,Skewness,Kurtosis,Cornish-Fisher VaR (5%),Historic CVaR (5%)
Mean Return,20.784421292988142,16.824482730026784,0.8001682044287148,-25.481734191842715,-0.2099215186477648,6.036685867698965,0.034345872578026876,0.04827070206196843
