,Annualized Return,Annualized Vol,Sharpe Ratio,Max Drawdown,Skewness,Kurtosis,Cornish-Fisher VaR (5%),Historic CVaR (5%)
Mean Return,7.675112668768902,17.126861250362804,0.07075916392987731,-47.297260905319796,-1.1402297808730368,13.421353948803706,0.039805329137222775,0.05708751224191872
