,Annualized Return,Annualized Vol,Sharpe Ratio,Max Drawdown,Skewness,Kurtosis,Cornish-Fisher VaR (5%),Historic CVaR (5%)
Mean Return,14.64941378252449,15.477428421766456,0.522382127511211,-30.38792617955307,-1.1267571446519211,9.664720825828745,0.03684224991846093,0.05154659978832756
