,Annualized Return,Annualized Vol,Sharpe Ratio,Max Drawdown,Skewness,Kurtosis,Cornish-Fisher VaR (5%),Historic CVaR (5%)
Mean Return,13.624595466649914,18.204045530967353,0.3660914498472611,-49.80277775670234,-1.488686480833797,15.19864097858961,0.04211380315508351,0.05919001414370178
