,Annualized Return,Annualized Vol,Sharpe Ratio,Max Drawdown,Skewness,Kurtosis,Cornish-Fisher VaR (5%),Historic CVaR (5%)
Mean Return,19.12857544668953,14.536507191220599,0.8166707919025596,-26.233365532153424,-0.7427306954570758,6.160028132990664,0.032296583694539756,0.04536622271182139
