,Annualized Return,Annualized Vol,Sharpe Ratio,Max Drawdown,Skewness,Kurtosis,Cornish-Fisher VaR (5%),Historic CVaR (5%)
Mean Return,15.308627171768375,16.234891824743485,0.5107183440412435,-38.196756274473984,-1.3611906111297971,15.853360623244955,0.03607941181080439,0.050749679433596075
