,Annualized Return,Annualized Vol,Sharpe Ratio,Max Drawdown,Skewness,Kurtosis,Cornish-Fisher VaR (5%),Historic CVaR (5%)
Mean Return,19.403309857757822,14.35066793554259,0.850176200461112,-26.565421920498917,-0.7486614968178618,5.965169143003932,0.03221671544019189,0.04575195489790637
