,Annualized Return,Annualized Vol,Sharpe Ratio,Max Drawdown,Skewness,Kurtosis,Cornish-Fisher VaR (5%),Historic CVaR (5%)
Mean Return,13.613925230989077,15.171274209670235,0.44074010589036583,-30.96152747155132,-0.6041613372356861,6.780876740717662,0.03373823811228506,0.04816221367722111
