,Annualized Return,Annualized Vol,Sharpe Ratio,Max Drawdown,Skewness,Kurtosis,Cornish-Fisher VaR (5%),Historic CVaR (5%)
Mean Return,17.9986269908726,15.144936765633263,0.7179107051621737,-29.691314700129688,-0.7822137913710981,7.268585072335997,0.03368296446810178,0.048272588946244574
