,Annualized Return,Annualized Vol,Sharpe Ratio,Max Drawdown,Skewness,Kurtosis,Cornish-Fisher VaR (5%),Historic CVaR (5%)
Mean Return,11.57257025962255,16.83895803162025,0.2852589454070838,-29.150376559418152,-0.47879538156705964,10.717430366697162,0.03540418961326808,0.05241713154420389
