,Annualized Return,Annualized Vol,Sharpe Ratio,Max Drawdown,Skewness,Kurtosis,Cornish-Fisher VaR (5%),Historic CVaR (5%)
Mean Return,18.724719834155003,15.978145417112497,0.7192016162921415,-26.90857707115596,-0.9781592300631005,8.479402653927107,0.03615288959138833,0.05050170202179893
