,Annualized Return,Annualized Vol,Sharpe Ratio,Max Drawdown,Skewness,Kurtosis,Cornish-Fisher VaR (5%),Historic CVaR (5%)
Mean Return,19.422024694674732,14.171371022923005,0.8623322480797737,-27.06006463363571,-0.6598706587899631,6.0771896922542465,0.031284899816042065,0.044352877457495506
