,Annualized Return,Annualized Vol,Skewness,Kurtosis,Cornish-Fisher VaR (5%),Historic CVaR (5%),Sharpe Ratio,Max Drawdown
Mean Return,0.10187609465000746,0.1592692291186833,-1.0342147828731352,10.429820230010131,0.03793794102330962,0.054273349704534526,0.24282193238253508,-0.32433526499379095
