,Annualized Return,Annualized Vol,Sharpe Ratio,Max Drawdown,Skewness,Kurtosis,Cornish-Fisher VaR (5%),Historic CVaR (5%)
Mean Return,15.383155842889163,16.014364119567038,0.5526530371398308,-36.129365386432596,-0.989975170544254,12.959134468309378,0.036159885250649504,0.050928212347490086
