,Annualized Return,Annualized Vol,Sharpe Ratio,Max Drawdown,Skewness,Kurtosis,Cornish-Fisher VaR (5%),Historic CVaR (5%)
Mean Return,15.524142702287813,15.717517368271755,0.5407030628577957,-32.20444215266136,-1.2619110630978247,12.300239672473797,0.03585442692821127,0.05007101343232037
