,Annualized Return,Annualized Vol,Sharpe Ratio,Max Drawdown,Skewness,Kurtosis,Cornish-Fisher VaR (5%),Historic CVaR (5%)
Mean Return,14.315283055756023,15.424635422807997,0.47942809942831943,-26.033355229270725,-0.4782061267812138,7.5740603762276395,0.03315652447247688,0.046820784298962186
