,Annualized Return,Annualized Vol,Sharpe Ratio,Max Drawdown,Skewness,Kurtosis,Cornish-Fisher VaR (5%),Historic CVaR (5%)
Mean Return,18.5759004441471,14.52248901665764,0.7866755868053981,-26.565421920498917,-0.7317244990587097,5.857117242928201,0.03273023460130599,0.04575195489790637
