,Annualized Return,Annualized Vol,Skewness,Kurtosis,Cornish-Fisher VaR (5%),Historic CVaR (5%),Sharpe Ratio,Max Drawdown
Mean Return,0.16145153426063819,0.1436902900318194,-1.1413293071423898,8.926137136615495,0.03354547752653165,0.04690662094973251,0.6376081248908553,-0.26558655436262407
