,Annualized Return,Annualized Vol,Sharpe Ratio,Max Drawdown,Skewness,Kurtosis,Cornish-Fisher VaR (5%),Historic CVaR (5%)
Mean Return,12.814576592199378,15.358206036076366,0.41840518310433905,-30.690791899819956,-1.0294695056729677,10.880084255596397,0.03618207696826087,0.04851414159582319
