,Annualized Return,Annualized Vol,Sharpe Ratio,Max Drawdown,Skewness,Kurtosis,Cornish-Fisher VaR (5%),Historic CVaR (5%)
Mean Return,15.660835665765083,15.951405472390723,0.5408293560800288,-33.68218054173843,-1.3340360820026653,13.35090584241481,0.03630931099836392,0.051000164576008304
