,Annualized Return,Annualized Vol,Sharpe Ratio,Max Drawdown,Skewness,Kurtosis,Cornish-Fisher VaR (5%),Historic CVaR (5%)
Mean Return,15.690680541860026,16.571840196334595,0.5212910783367329,-30.83886146831864,-1.3504338994091838,10.730367779541295,0.03912836155494263,0.05537272728574428
