,Annualized Return,Annualized Vol,Sharpe Ratio,Max Drawdown,Skewness,Kurtosis,Cornish-Fisher VaR (5%),Historic CVaR (5%)
Mean Return,10.154322535547022,16.999149267006896,0.2306678065588059,-43.376617507015375,-0.6151743329999391,12.092798481312492,0.03761994826697922,0.05430191493088404
