,Annualized Return,Annualized Vol,Skewness,Kurtosis,Cornish-Fisher VaR (5%),Historic CVaR (5%),Sharpe Ratio,Max Drawdown
Mean Return,0.16527454405778452,0.15472915233741139,-0.9476756345409599,11.092766750152173,0.03399666143053059,0.0486499117429519,0.6068783175561383,-0.2816618401075311
