,Annualized Return,Annualized Vol,Sharpe Ratio,Max Drawdown,Skewness,Kurtosis,Cornish-Fisher VaR (5%),Historic CVaR (5%)
Mean Return,15.787270292299493,15.544026893445887,0.5596715891883823,-31.877064601092957,-0.82966783856734,10.96890479319893,0.03370898486979168,0.04885372320402033
