,Annualized Return,Annualized Vol,Sharpe Ratio,Max Drawdown,Skewness,Kurtosis,Cornish-Fisher VaR (5%),Historic CVaR (5%)
Mean Return,16.286020395062174,16.8705836831042,0.5461954869939817,-36.18226181671924,-1.492254858790756,16.337055180098286,0.03788920432125356,0.05343727757802796
