,Annualized Return,Annualized Vol,Sharpe Ratio,Max Drawdown,Skewness,Kurtosis,Cornish-Fisher VaR (5%),Historic CVaR (5%)
Mean Return,13.455107446616799,15.51416019744406,0.44817250753194127,-32.48795443055537,-1.0597125350172252,10.512384323778077,0.036416130245565635,0.05179623134704906
