,Annualized Return,Annualized Vol,Sharpe Ratio,Max Drawdown,Skewness,Kurtosis,Cornish-Fisher VaR (5%),Historic CVaR (5%)
Mean Return,15.252279996865713,17.763720193584287,0.46415587533198305,-32.18077176764426,-0.8483774234249903,8.410731869585502,0.040329038660054176,0.05576330883158329
