,Annualized Return,Annualized Vol,Sharpe Ratio,Max Drawdown,Skewness,Kurtosis,Cornish-Fisher VaR (5%),Historic CVaR (5%)
Mean Return,14.423632174564993,16.213121137597046,0.45935615129209656,-31.07296347688322,-1.1111805447330696,12.348212045986525,0.036414896152883264,0.04914481038412258
