,Annualized Return,Annualized Vol,Sharpe Ratio,Max Drawdown,Skewness,Kurtosis,Cornish-Fisher VaR (5%),Historic CVaR (5%)
Mean Return,11.8723793705231,17.65679062958747,0.28690731462784735,-39.508530679346904,-1.5225657693330013,14.745262613794752,0.0414727585553012,0.0569868737870541
