,Annualized Return,Annualized Vol,Sharpe Ratio,Max Drawdown,Skewness,Kurtosis,Cornish-Fisher VaR (5%),Historic CVaR (5%)
Mean Return,12.86481271542781,15.166364494688056,0.42231171698022574,-34.07903663159282,-1.031364826452042,10.668721835621138,0.03544495342579184,0.05032003168132047
