,Annualized Return,Annualized Vol,Sharpe Ratio,Max Drawdown,Skewness,Kurtosis,Cornish-Fisher VaR (5%),Historic CVaR (5%)
Mean Return,13.789429830141753,17.53381652304597,0.39172949261721884,-36.74368727210589,-1.3927439181153625,15.655988405718523,0.0396734868842055,0.05571850386903304
