,Annualized Return,Annualized Vol,Sharpe Ratio,Max Drawdown,Skewness,Kurtosis,Cornish-Fisher VaR (5%),Historic CVaR (5%)
Mean Return,15.806519430129562,18.703560042310162,0.46943883288677396,-36.03846149143042,-0.5498064505848859,9.427080327649724,0.0399743444504617,0.05543414139627612
