,Annualized Return,Annualized Vol,Skewness,Kurtosis,Cornish-Fisher VaR (5%),Historic CVaR (5%),Sharpe Ratio,Max Drawdown
Mean Return,0.11624653827224218,0.1566514085897329,-1.0667805469013276,9.501004233189189,0.03761697386806445,0.05205216820265717,0.33346210628016404,-0.30014568061590774
