,Annualized Return,Annualized Vol,Skewness,Kurtosis,Cornish-Fisher VaR (5%),Historic CVaR (5%),Sharpe Ratio,Max Drawdown
Mean Return,0.1683844410830968,0.15466143605105032,-0.6656632654353258,8.395338630138031,0.03353858471935356,0.0469483977320313,0.6295121918989289,-0.24755001473077687
