,Annualized Return,Annualized Vol,Sharpe Ratio,Max Drawdown,Skewness,Kurtosis,Cornish-Fisher VaR (5%),Historic CVaR (5%)
Mean Return,13.647703239201725,15.464815965592052,0.43442239043516434,-28.927194715581173,-1.0681570973916388,9.507953598670115,0.03575922110061844,0.048736488746962375
