,Annualized Return,Annualized Vol,Sharpe Ratio,Max Drawdown,Skewness,Kurtosis,Cornish-Fisher VaR (5%),Historic CVaR (5%)
Mean Return,14.09339458284531,15.289327187676438,0.4657510942036497,-30.183942819700647,-0.701672636380504,8.08264256556978,0.03392996978616823,0.047430955306751114
