,Annualized Return,Annualized Vol,Sharpe Ratio,Max Drawdown,Skewness,Kurtosis,Cornish-Fisher VaR (5%),Historic CVaR (5%)
Mean Return,17.752901919819063,14.986339404002983,0.7080872412958942,-27.40729577770578,-0.688323491004946,9.648919695403412,0.03185385168450149,0.0455824253720377
