,Annualized Return,Annualized Vol,Sharpe Ratio,Max Drawdown,Skewness,Kurtosis,Cornish-Fisher VaR (5%),Historic CVaR (5%)
Mean Return,17.049782016581606,15.013837666405704,0.6584202253379832,-29.631427529141835,-1.1935036952664566,12.00322357810345,0.03369034191595043,0.045938848756388984
