,Annualized Return,Annualized Vol,Sharpe Ratio,Max Drawdown,Skewness,Kurtosis,Cornish-Fisher VaR (5%),Historic CVaR (5%)
Mean Return,12.280867812151275,16.392650727972928,0.3325506359660529,-24.539136253405644,-0.3040288730830597,6.629056895642097,0.035105051235950785,0.04918046686716419
