,Annualized Return,Annualized Vol,Sharpe Ratio,Max Drawdown,Skewness,Kurtosis,Cornish-Fisher VaR (5%),Historic CVaR (5%)
Mean Return,14.252362937734286,15.648441544536196,0.47304563872714384,-35.974164727541385,-0.4499483443867652,6.965097330437489,0.03411692397242253,0.04976712713455033
