,Annualized Return,Annualized Vol,Sharpe Ratio,Max Drawdown,Skewness,Kurtosis,Cornish-Fisher VaR (5%),Historic CVaR (5%)
Mean Return,14.441664189784053,17.10652866086586,0.4392202103552825,-29.148339535030214,-0.15353643241194515,8.804274489038196,0.03432305804249975,0.04892188175794684
