,Annualized Return,Annualized Vol,Sharpe Ratio,Max Drawdown,Skewness,Kurtosis,Cornish-Fisher VaR (5%),Historic CVaR (5%)
Mean Return,13.665268649697282,16.983164439464225,0.42566203431893845,-29.767546737817945,-0.8884098630747499,12.654604899805898,0.038355726278145104,0.04984233656640182
