,Annualized Return,Annualized Vol,Sharpe Ratio,Max Drawdown,Skewness,Kurtosis,Cornish-Fisher VaR (5%),Historic CVaR (5%)
Mean Return,15.47754788647313,17.02753920782193,0.4937948651207332,-32.335141012180614,-0.6065928644009496,13.013848972467795,0.034894501086007286,0.0506080608612728
