,Annualized Return,Annualized Vol,Sharpe Ratio,Max Drawdown,Skewness,Kurtosis,Cornish-Fisher VaR (5%),Historic CVaR (5%)
Mean Return,11.888804090677008,15.868284143618316,0.32494526068280394,-33.407560970300636,-1.026601658474554,8.453497862079196,0.03764837903708796,0.05105485023376718
