,Annualized Return,Annualized Vol,Skewness,Kurtosis,Cornish-Fisher VaR (5%),Historic CVaR (5%),Sharpe Ratio,Max Drawdown
Mean Return,0.11679014949041489,0.14239062670475794,-1.3828023252838355,12.406006477378904,0.033424079630218505,0.046472789743013256,0.33945606790956134,-0.31535812322312945
