,Annualized Return,Annualized Vol,Sharpe Ratio,Max Drawdown,Skewness,Kurtosis,Cornish-Fisher VaR (5%),Historic CVaR (5%)
Mean Return,17.847075918932156,17.59387618791334,0.6123855824946328,-37.198798424754884,-0.22181736937079058,7.864060900218667,0.0360671560312493,0.05134509708730044
