,Annualized Return,Annualized Vol,Skewness,Kurtosis,Cornish-Fisher VaR (5%),Historic CVaR (5%),Sharpe Ratio,Max Drawdown
Mean Return,-0.021790641751399997,0.17511717519720207,-1.323113619063727,14.683042918598538,0.04436019026677575,0.0654493426449874,-0.44136427960061964,-0.4784164545673023
