,Annualized Return,Annualized Vol,Sharpe Ratio,Max Drawdown,Skewness,Kurtosis,Cornish-Fisher VaR (5%),Historic CVaR (5%)
Mean Return,17.09516339305861,19.69459545502264,0.5270838947679448,-40.2647977211498,-1.3241706135933813,18.16886005934388,0.04363319932577629,0.05847043045575423
