,Annualized Return,Annualized Vol,Sharpe Ratio,Max Drawdown,Skewness,Kurtosis,Cornish-Fisher VaR (5%),Historic CVaR (5%)
Mean Return,13.527431262128342,17.164437117587315,0.39153882428687836,-32.990985793544105,-0.4604464978353327,9.273302812182965,0.03672212922404332,0.05282796749934694
