,Annualized Return,Annualized Vol,Sharpe Ratio,Max Drawdown,Skewness,Kurtosis,Cornish-Fisher VaR (5%),Historic CVaR (5%)
Mean Return,12.510023117609425,15.774547621722041,0.35808373164324814,-31.21074160256771,-0.8527022941676996,8.328870510945137,0.03606865801242203,0.05047528603412141
