,Annualized Return,Annualized Vol,Sharpe Ratio,Max Drawdown,Skewness,Kurtosis,Cornish-Fisher VaR (5%),Historic CVaR (5%)
Mean Return,14.425722579647005,17.652908069841278,0.42304083754014615,-35.273759957076514,-1.098925314110744,9.942233936915398,0.04096153287255768,0.056159380603536944
