,Annualized Return,Annualized Vol,Skewness,Kurtosis,Cornish-Fisher VaR (5%),Historic CVaR (5%),Sharpe Ratio,Max Drawdown
Mean Return,0.08395737468953812,0.1529351075788012,-0.8889383374781974,8.326329210702616,0.035820685877101584,0.048074118778583454,0.11522417925136375,-0.33824094640677355
