,Annualized Return,Annualized Vol,Sharpe Ratio,Max Drawdown,Skewness,Kurtosis,Cornish-Fisher VaR (5%),Historic CVaR (5%)
Mean Return,9.763113877252838,13.995734252463535,0.21909954055532696,-29.50693513857128,-1.2960297721217473,12.353033507172267,0.03277005031460089,0.04609820372207561
