,Annualized Return,Annualized Vol,Sharpe Ratio,Max Drawdown,Skewness,Kurtosis,Cornish-Fisher VaR (5%),Historic CVaR (5%)
Mean Return,8.068723569614322,14.856909498203596,0.10155303089821868,-34.040769550031115,-0.4951553610695303,8.418576714051651,0.032678074709419226,0.04758377938926565
