,Annualized Return,Annualized Vol,Sharpe Ratio,Max Drawdown,Skewness,Kurtosis,Cornish-Fisher VaR (5%),Historic CVaR (5%)
Mean Return,17.767973251549087,17.102771483399152,0.6202643380074311,-29.91097090394256,-0.2873207905397435,8.67931716496763,0.03470905670063438,0.04984352350746808
