,Annualized Return,Annualized Vol,Sharpe Ratio,Max Drawdown,Skewness,Kurtosis,Cornish-Fisher VaR (5%),Historic CVaR (5%)
Mean Return,8.52399824129677,18.6744006112278,0.10367197255702566,-34.67222758029839,-0.45323660490984036,10.7385608882816,0.039810019990055574,0.05822557211359597
