,Annualized Return,Annualized Vol,Sharpe Ratio,Max Drawdown,Skewness,Kurtosis,Cornish-Fisher VaR (5%),Historic CVaR (5%)
Mean Return,11.616949785094954,14.747486525529348,0.325053158211635,-32.90818152740677,-0.8233667021794494,8.106427927640688,0.03369387163957695,0.047700124438424835
