,Annualized Return,Annualized Vol,Sharpe Ratio,Max Drawdown,Skewness,Kurtosis,Cornish-Fisher VaR (5%),Historic CVaR (5%)
Mean Return,16.341019528543697,17.56204495614523,0.5321919858290098,-37.936754306015956,-0.5207818640758777,9.923214647764476,0.037220801784578775,0.051148371184713264
