,Annualized Return,Annualized Vol,Sharpe Ratio,Max Drawdown,Skewness,Kurtosis,Cornish-Fisher VaR (5%),Historic CVaR (5%)
Mean Return,12.101256520530601,17.859939782022554,0.29575618424628625,-28.62865699912071,-0.03260161906650897,7.334133187689642,0.036236482334270036,0.05184594256851296
