,Annualized Return,Annualized Vol,Sharpe Ratio,Max Drawdown,Skewness,Kurtosis,Cornish-Fisher VaR (5%),Historic CVaR (5%)
Mean Return,10.172575873125457,14.733940640966303,0.2342408173607212,-28.884325872140472,-0.7314689097430488,8.818800794899676,0.03312794462453722,0.04683184265959524
