,Annualized Return,Annualized Vol,Sharpe Ratio,Max Drawdown,Skewness,Kurtosis,Cornish-Fisher VaR (5%),Historic CVaR (5%)
Mean Return,15.962110485383828,17.76919369965301,0.4985847813964547,-33.2920443531167,-0.6461740021296766,13.237979000819248,0.03657970660215826,0.05239117764024075
