,Annualized Return,Annualized Vol,Sharpe Ratio,Max Drawdown,Skewness,Kurtosis,Cornish-Fisher VaR (5%),Historic CVaR (5%)
Mean Return,13.452579507871665,15.957656207080301,0.4155073418866925,-31.0267182089341,-0.7580512183272854,7.361302685246747,0.03660392418130868,0.049505130763687066
