,Annualized Return,Annualized Vol,Sharpe Ratio,Max Drawdown,Skewness,Kurtosis,Cornish-Fisher VaR (5%),Historic CVaR (5%)
Mean Return,10.645636955181326,17.90545360326174,0.21755327025115767,-33.333083352772434,-0.16161802771293854,9.826989849623699,0.036240897312754684,0.05269029527988539
