,Annualized Return,Annualized Vol,Sharpe Ratio,Max Drawdown,Skewness,Kurtosis,Cornish-Fisher VaR (5%),Historic CVaR (5%)
Mean Return,13.911786084230426,17.11310957460048,0.40510066486712754,-33.22599694207498,-0.989892621767553,12.964082018744019,0.037672509936847266,0.05102961101330731
