,Annualized Return,Annualized Vol,Sharpe Ratio,Max Drawdown,Skewness,Kurtosis,Cornish-Fisher VaR (5%),Historic CVaR (5%)
Mean Return,11.274525759819753,15.897756409925313,0.2831363287558142,-40.547600930334646,-1.9006546207576882,19.517937350003066,0.03697531782482005,0.05159018225111728
