,Annualized Return,Annualized Vol,Sharpe Ratio,Max Drawdown,Skewness,Kurtosis,Cornish-Fisher VaR (5%),Historic CVaR (5%)
Mean Return,13.201480633074247,18.015331379468225,0.3511965303356392,-32.83830232580515,-0.3934220749787914,9.536143883456683,0.037764128534504365,0.055221353652365524
