,Annualized Return,Annualized Vol,Sharpe Ratio,Max Drawdown,Skewness,Kurtosis,Cornish-Fisher VaR (5%),Historic CVaR (5%)
Mean Return,12.107028406067144,18.308690289986863,0.2877937822593293,-38.38309902810026,-1.1438894771261052,11.483452264958737,0.042460365461565897,0.05900359982041119
