,Annualized Return,Annualized Vol,Sharpe Ratio,Max Drawdown,Skewness,Kurtosis,Cornish-Fisher VaR (5%),Historic CVaR (5%)
Mean Return,11.497690518103632,15.003528212436695,0.313060418658856,-30.849302169968386,-1.1365295037592904,9.674137638680271,0.03526910203214903,0.04796570069236551
