,Annualized Return,Annualized Vol,Sharpe Ratio,Max Drawdown,Skewness,Kurtosis,Cornish-Fisher VaR (5%),Historic CVaR (5%)
Mean Return,15.667750603042352,18.591546916164933,0.46525273558129215,-35.892662810541594,-0.6790247277524722,9.44191933120254,0.040603656086786476,0.05712687878075869
