,Annualized Return,Annualized Vol,Sharpe Ratio,Max Drawdown,Skewness,Kurtosis,Cornish-Fisher VaR (5%),Historic CVaR (5%)
Mean Return,13.854595267519286,17.10514829931733,0.40201255041184925,-34.466136725128685,-0.6038921283356684,8.186100119843555,0.03762183951193121,0.051097924278014004
