,Annualized Return,Annualized Vol,Sharpe Ratio,Max Drawdown,Skewness,Kurtosis,Cornish-Fisher VaR (5%),Historic CVaR (5%)
Mean Return,10.868680966908117,17.67025482340848,0.23231887578011412,-31.734334079396902,-0.18084562044263164,9.49833882394508,0.03599746164424999,0.05258934447085878
