,Annualized Return,Annualized Vol,Sharpe Ratio,Max Drawdown,Skewness,Kurtosis,Cornish-Fisher VaR (5%),Historic CVaR (5%)
Mean Return,19.259654974934136,14.235760715595584,0.8449766675802293,-25.40124374559765,-0.7344123022739489,7.959695120008336,0.030770220896491344,0.04389687107233264
