,Annualized Return,Annualized Vol,Sharpe Ratio,Max Drawdown,Skewness,Kurtosis,Cornish-Fisher VaR (5%),Historic CVaR (5%)
Mean Return,13.922425637184844,18.083190797257593,0.3921927454708571,-32.63336853625523,-0.45471531511113167,5.644530145491265,0.04055009114680252,0.05603841921684418
