,Annualized Return,Annualized Vol,Sharpe Ratio,Max Drawdown,Skewness,Kurtosis,Cornish-Fisher VaR (5%),Historic CVaR (5%)
Mean Return,14.327993871188504,18.037446955632245,0.4143504026036041,-31.36727349433897,-0.43754099295387466,5.5373344771117345,0.04031095544730927,0.05612072111639386
