,Annualized Return,Annualized Vol,Sharpe Ratio,Max Drawdown,Skewness,Kurtosis,Cornish-Fisher VaR (5%),Historic CVaR (5%)
Mean Return,13.474003503011978,18.539800025893296,0.3566626343854875,-35.18613030784903,-0.9706465721675009,8.370795754520177,0.04330074084060955,0.06104603929056483
