,Annualized Return,Annualized Vol,Sharpe Ratio,Max Drawdown,Skewness,Kurtosis,Cornish-Fisher VaR (5%),Historic CVaR (5%)
Mean Return,9.87670560310474,14.665529807137142,0.21636780297692979,-29.975274826798547,-0.6877904694269331,8.901519018973021,0.0327559592509567,0.04638808123394954
