,Annualized Return,Annualized Vol,Sharpe Ratio,Max Drawdown,Skewness,Kurtosis,Cornish-Fisher VaR (5%),Historic CVaR (5%)
Mean Return,11.672738633282398,17.78392056086374,0.2962592602685895,-34.21070077341742,-0.8826780427147948,8.377698079170989,0.042380864584856036,0.05955918481054607
