,Annualized Return,Annualized Vol,Sharpe Ratio,Max Drawdown,Skewness,Kurtosis,Cornish-Fisher VaR (5%),Historic CVaR (5%)
Mean Return,14.868903049015936,16.10453813987492,0.4884516950842499,-31.244497499163664,-0.5718498640711357,6.164529359513853,0.03583003651709578,0.051076795172527306
