,Annualized Return,Annualized Vol,Sharpe Ratio,Max Drawdown,Skewness,Kurtosis,Cornish-Fisher VaR (5%),Historic CVaR (5%)
Mean Return,14.39620293279653,16.723287932562865,0.47401380173951574,-29.103161817829765,-0.9914185789631426,13.916641251481371,0.03759400113264692,0.04834726023703242
