,Annualized Return,Annualized Vol,Sharpe Ratio,Max Drawdown,Skewness,Kurtosis,Cornish-Fisher VaR (5%),Historic CVaR (5%)
Mean Return,9.060215384201452,16.26548015369469,0.14881055450123737,-32.74956503741534,-0.4361180066098951,7.553206049295059,0.03577136262919201,0.048994245234993856
