,Annualized Return,Annualized Vol,Sharpe Ratio,Max Drawdown,Skewness,Kurtosis,Cornish-Fisher VaR (5%),Historic CVaR (5%)
Mean Return,15.505564268639738,18.38037359446758,0.4605054136628121,-29.4281891104642,-1.306677918660628,12.36820070324044,0.042599654283399416,0.05871068741823666
