,Annualized Return,Annualized Vol,Skewness,Kurtosis,Cornish-Fisher VaR (5%),Historic CVaR (5%),Sharpe Ratio,Max Drawdown
Mean Return,0.03766421672728093,0.16511041115025055,-1.7638390800479575,12.97245289598228,0.04216358435139503,0.06019237702421687,-0.1576635125328159,-0.43467293662206596
