,Annualized Return,Annualized Vol,Sharpe Ratio,Max Drawdown,Skewness,Kurtosis,Cornish-Fisher VaR (5%),Historic CVaR (5%)
Mean Return,11.837608036682035,16.994670059665978,0.3189395274963866,-33.41215779437955,-1.0482118086854453,9.33912315268523,0.04090945078902861,0.05651455804237544
