,Annualized Return,Annualized Vol,Sharpe Ratio,Max Drawdown,Skewness,Kurtosis,Cornish-Fisher VaR (5%),Historic CVaR (5%)
Mean Return,16.38796697849225,17.20973406104132,0.5428588443480028,-32.03350450143075,-0.35301176715278093,9.612773465685319,0.03514665463290184,0.05310947912038161
