,Annualized Return,Annualized Vol,Sharpe Ratio,Max Drawdown,Skewness,Kurtosis,Cornish-Fisher VaR (5%),Historic CVaR (5%)
Mean Return,18.86146392217791,14.915621777140853,0.780296244824761,-24.01338976871641,-0.7496813110494089,8.003075952693594,0.03252438762042594,0.04467826960685378
