,Annualized Return,Annualized Vol,Sharpe Ratio,Max Drawdown,Skewness,Kurtosis,Cornish-Fisher VaR (5%),Historic CVaR (5%)
Mean Return,14.644390266831554,16.96310491323304,0.45333743011923705,-29.70710289088729,-0.6419391976988564,10.472427679025786,0.036281069268043885,0.05064175269020173
