,Annualized Return,Annualized Vol,Sharpe Ratio,Max Drawdown,Skewness,Kurtosis,Cornish-Fisher VaR (5%),Historic CVaR (5%)
Mean Return,14.983000626350007,13.989697727211913,0.576731533921259,-29.30132137994603,-0.9152182209083045,7.253901750483884,0.03235903867320645,0.045790384142451665
