,Annualized Return,Annualized Vol,Sharpe Ratio,Max Drawdown,Skewness,Kurtosis,Cornish-Fisher VaR (5%),Historic CVaR (5%)
Mean Return,15.866003920197702,17.623599992583465,0.4975801228257387,-33.45694554323401,-0.681517593007524,13.495172064010864,0.03637200027283881,0.05162936141039832
