,Annualized Return,Annualized Vol,Sharpe Ratio,Max Drawdown,Skewness,Kurtosis,Cornish-Fisher VaR (5%),Historic CVaR (5%)
Mean Return,16.657234084489957,16.16994801565657,0.5977614471605237,-34.21210132085905,-0.4103812572890954,6.19629002151868,0.035035137702294675,0.048581745391091224
