,Annualized Return,Annualized Vol,Sharpe Ratio,Max Drawdown,Skewness,Kurtosis,Cornish-Fisher VaR (5%),Historic CVaR (5%)
Mean Return,10.558296924229316,18.524009878228924,0.20779520157367976,-32.03335287041957,-0.3600297324082961,10.309014456731145,0.038699581103338127,0.05840186793006052
