,Annualized Return,Annualized Vol,Sharpe Ratio,Max Drawdown,Skewness,Kurtosis,Cornish-Fisher VaR (5%),Historic CVaR (5%)
Mean Return,16.612019733253568,17.781550499142153,0.5364024042867125,-33.333083352772434,-0.1107256245890802,9.384502382778027,0.034829036426468875,0.051215337308782305
