,Annualized Return,Annualized Vol,Sharpe Ratio,Max Drawdown,Skewness,Kurtosis,Cornish-Fisher VaR (5%),Historic CVaR (5%)
Mean Return,13.256479601088778,18.594413627742934,0.33989490759517926,-35.092528677233766,-0.47921338352842774,12.837856138817937,0.037929818128448325,0.056831743953527754
