,Annualized Return,Annualized Vol,Sharpe Ratio,Max Drawdown,Skewness,Kurtosis,Cornish-Fisher VaR (5%),Historic CVaR (5%)
Mean Return,2.4950011554580653,17.254845758385695,-0.21986269235233355,-40.332562310086956,-2.039242449336827,14.40294469522179,0.045035089779491416,0.06850363633535857
