,Annualized Return,Annualized Vol,Sharpe Ratio,Max Drawdown,Skewness,Kurtosis,Cornish-Fisher VaR (5%),Historic CVaR (5%)
Mean Return,12.82633749051707,19.33857975153552,0.30837812425174244,-36.64298111611366,-0.48130872263411517,7.739765777614224,0.04234464415326518,0.05804908615130884
