,Annualized Return,Annualized Vol,Sharpe Ratio,Max Drawdown,Skewness,Kurtosis,Cornish-Fisher VaR (5%),Historic CVaR (5%)
Mean Return,12.672314644910166,15.622191349789102,0.38207894256067193,-31.87885024201627,-0.5477972863059516,6.667559001873335,0.03500502757749234,0.04801280792735248
