,Annualized Return,Annualized Vol,Skewness,Kurtosis,Cornish-Fisher VaR (5%),Historic CVaR (5%),Sharpe Ratio,Max Drawdown
Mean Return,0.12877355021291415,0.1384241480904218,-1.0016346576025938,8.12425400674517,0.03243984610762388,0.04495763804825557,0.4380319724488824,-0.3055246350049679
