,Annualized Return,Annualized Vol,Sharpe Ratio,Max Drawdown,Skewness,Kurtosis,Cornish-Fisher VaR (5%),Historic CVaR (5%)
Mean Return,14.517334697066842,16.307892639871266,0.463067647997833,-29.826856192101985,-1.2777563232843765,13.089155856297518,0.037190223979124706,0.050139251027303475
