,Annualized Return,Annualized Vol,Sharpe Ratio,Max Drawdown,Skewness,Kurtosis,Cornish-Fisher VaR (5%),Historic CVaR (5%)
Mean Return,13.148331496372801,18.68159735190596,0.33617554114649,-36.64298111611366,-0.4691173986218261,7.877726815977038,0.04063038721317417,0.05637794791174738
