,Annualized Return,Annualized Vol,Sharpe Ratio,Max Drawdown,Skewness,Kurtosis,Cornish-Fisher VaR (5%),Historic CVaR (5%)
Mean Return,12.787608031696628,16.87347771914027,0.3748124155995043,-32.289704037453554,-1.1268687735693848,10.001931758773944,0.0405666758757251,0.056767857665346255
