,Annualized Return,Annualized Vol,Sharpe Ratio,Max Drawdown,Skewness,Kurtosis,Cornish-Fisher VaR (5%),Historic CVaR (5%)
Mean Return,14.285529121153306,16.82620920300607,0.4328217335394162,-27.87358511669813,-0.8243729472767286,12.756549253755377,0.03607320275491813,0.05044546162988088
