,Annualized Return,Annualized Vol,Sharpe Ratio,Max Drawdown,Skewness,Kurtosis,Cornish-Fisher VaR (5%),Historic CVaR (5%)
Mean Return,11.462887467848715,14.348382988121397,0.35901243389801807,-32.54971736527057,-1.5459981436894066,16.012574329816076,0.03427369066801033,0.046984484876793756
