,Annualized Return,Annualized Vol,Sharpe Ratio,Max Drawdown,Skewness,Kurtosis,Cornish-Fisher VaR (5%),Historic CVaR (5%)
Mean Return,13.390041045173762,15.774012332012704,0.4212453340802326,-31.55107516120843,-0.4668293217125814,6.167676549418127,0.03498935310176135,0.04777143016020449
