,Annualized Return,Annualized Vol,Sharpe Ratio,Max Drawdown,Skewness,Kurtosis,Cornish-Fisher VaR (5%),Historic CVaR (5%)
Mean Return,14.662431272248533,14.442899649306042,0.535643627278758,-30.678522265643803,-0.8363068732209582,7.104324420771376,0.033224166094874434,0.04725382578555577
