,Annualized Return,Annualized Vol,Skewness,Kurtosis,Cornish-Fisher VaR (5%),Historic CVaR (5%),Sharpe Ratio,Max Drawdown
Mean Return,0.13407151322881306,0.13721563786501514,-0.8682921788294954,7.023265750041464,0.03182366179616031,0.04456780467859411,0.47993709895558495,-0.29865542165366005
