,Annualized Return,Annualized Vol,Sharpe Ratio,Max Drawdown,Skewness,Kurtosis,Cornish-Fisher VaR (5%),Historic CVaR (5%)
Mean Return,16.06404168497344,15.645957381385758,0.5753522401880512,-29.525887395975104,-0.6749789894175884,9.865322205603027,0.03351684156159454,0.04685963776242725
