,Annualized Return,Annualized Vol,Sharpe Ratio,Max Drawdown,Skewness,Kurtosis,Cornish-Fisher VaR (5%),Historic CVaR (5%)
Mean Return,10.345756178917354,14.081274245669162,0.2542760343998746,-29.234045430186434,-1.1861206315116082,11.827171788671716,0.03258573431093729,0.045965045596481326
