,Annualized Return,Annualized Vol,Sharpe Ratio,Max Drawdown,Skewness,Kurtosis,Cornish-Fisher VaR (5%),Historic CVaR (5%)
Mean Return,11.981921549172082,14.215141674427809,0.3926765503193518,-30.763178923294742,-1.2605490817995169,10.150154188432708,0.03456142130406715,0.04825327593006817
