,Annualized Return,Annualized Vol,Sharpe Ratio,Max Drawdown,Skewness,Kurtosis,Cornish-Fisher VaR (5%),Historic CVaR (5%)
Mean Return,12.133643477585387,16.4560461457229,0.3478798676404505,-32.66592274883097,-1.0096129524255597,9.414237267824225,0.03923616481041095,0.05443273561528817
