,Annualized Return,Annualized Vol,Sharpe Ratio,Max Drawdown,Skewness,Kurtosis,Cornish-Fisher VaR (5%),Historic CVaR (5%)
Mean Return,14.594510800650596,17.26418876082498,0.44170436996103474,-33.28646659024503,-0.6944832041233396,10.434042977256855,0.03732567613416167,0.05165720171555697
