,Annualized Return,Annualized Vol,Skewness,Kurtosis,Cornish-Fisher VaR (5%),Historic CVaR (5%),Sharpe Ratio,Max Drawdown
Mean Return,-0.020177355459938373,0.1736265518907796,-1.5573126776133428,13.277689768439467,0.0442057979470725,0.06662578648617627,-0.4630569864032744,-0.5805064800024309
