,Annualized Return,Annualized Vol,Skewness,Kurtosis,Cornish-Fisher VaR (5%),Historic CVaR (5%),Sharpe Ratio,Max Drawdown
Mean Return,0.12165020858529196,0.17515924123771293,-0.5205630414632225,10.477592339591348,0.037184545815170396,0.05337326897841686,0.30604109124085954,-0.310824144131421
