,Annualized Return,Annualized Vol,Sharpe Ratio,Max Drawdown,Skewness,Kurtosis,Cornish-Fisher VaR (5%),Historic CVaR (5%)
Mean Return,15.572075626262638,16.269847936915347,0.5241202237032914,-29.92135551427642,-0.6106844543560711,7.77332264701744,0.0356029694978166,0.048173030325479003
