,Annualized Return,Annualized Vol,Sharpe Ratio,Max Drawdown,Skewness,Kurtosis,Cornish-Fisher VaR (5%),Historic CVaR (5%)
Mean Return,16.602678758345956,16.310988222553174,0.5811992395755868,-28.891486552335223,-1.2558282594438872,15.847885483488271,0.03548791646748937,0.04663146093078911
