,Annualized Return,Annualized Vol,Skewness,Kurtosis,Cornish-Fisher VaR (5%),Historic CVaR (5%),Sharpe Ratio,Max Drawdown
Mean Return,0.059463024983071655,0.15968056668844974,-0.9177824828307688,8.852489415321253,0.0378216967329271,0.05048324594987011,-0.033832863843607903,-0.3827054959920567
