,Annualized Return,Annualized Vol,Sharpe Ratio,Max Drawdown,Skewness,Kurtosis,Cornish-Fisher VaR (5%),Historic CVaR (5%)
Mean Return,13.331336975727414,15.57707992367294,0.4121962278674256,-29.524833422267,-0.8774386405046349,7.834119365296923,0.03580126915216383,0.04926471812718775
