,Annualized Return,Annualized Vol,Sharpe Ratio,Max Drawdown,Skewness,Kurtosis,Cornish-Fisher VaR (5%),Historic CVaR (5%)
Mean Return,16.25767314602502,15.356612839970522,0.6004125662343883,-29.42880489577588,-0.4124748026464497,10.355789127034264,0.031116808240567184,0.04420505381090231
