,Annualized Return,Annualized Vol,Sharpe Ratio,Max Drawdown,Skewness,Kurtosis,Cornish-Fisher VaR (5%),Historic CVaR (5%)
Mean Return,16.050286905797464,16.530406966671364,0.541162630587158,-30.462832776831256,-0.9836579830031487,12.757399227767301,0.03602084722542871,0.048728104388335094
