,Annualized Return,Annualized Vol,Sharpe Ratio,Max Drawdown,Skewness,Kurtosis,Cornish-Fisher VaR (5%),Historic CVaR (5%)
Mean Return,9.01229128612593,14.791997976250762,0.15957743605237573,-31.588220720903955,-0.6874457516661541,7.940881372992473,0.033600226773260605,0.04720126549142179
