,Annualized Return,Annualized Vol,Sharpe Ratio,Max Drawdown,Skewness,Kurtosis,Cornish-Fisher VaR (5%),Historic CVaR (5%)
Mean Return,11.301788089939846,18.24469415575751,0.2691317701725802,-39.770213144112184,-1.1706828825714366,10.760953421642881,0.044189202197456506,0.06144429994224638
