,Annualized Return,Annualized Vol,Sharpe Ratio,Max Drawdown,Skewness,Kurtosis,Cornish-Fisher VaR (5%),Historic CVaR (5%)
Mean Return,14.835463665860749,16.75808392876499,0.46542408813446146,-27.321316281715767,-1.003079881785437,14.386765037635499,0.03609806196854792,0.04989541862319194
