,Annualized Return,Annualized Vol,Sharpe Ratio,Max Drawdown,Skewness,Kurtosis,Cornish-Fisher VaR (5%),Historic CVaR (5%)
Mean Return,11.038461375894993,18.133100285186227,0.23727476835588526,-39.1772352483571,-0.9543555451357633,11.727699471913217,0.0409338128687714,0.05721460394338906
