,Annualized Return,Annualized Vol,Sharpe Ratio,Max Drawdown,Skewness,Kurtosis,Cornish-Fisher VaR (5%),Historic CVaR (5%)
Mean Return,16.293248542156924,15.157103878455816,0.6095376784370812,-25.755000559317043,-0.6353099204575958,6.626849588764138,0.03348400499145876,0.04750601417429777
