,Annualized Return,Annualized Vol,Sharpe Ratio,Max Drawdown,Skewness,Kurtosis,Cornish-Fisher VaR (5%),Historic CVaR (5%)
Mean Return,13.926757914071297,14.298895568604022,0.5230096124326162,-30.524521680865625,-1.4674870783604548,15.382088062410682,0.0335876983778889,0.04618129617566578
