,Annualized Return,Annualized Vol,Sharpe Ratio,Max Drawdown,Skewness,Kurtosis,Cornish-Fisher VaR (5%),Historic CVaR (5%)
Mean Return,15.665741192583639,17.083967753730686,0.5106843140138557,-35.66944201478691,-0.06404983909131397,7.822607235095288,0.03427725246361879,0.04954224491383163
