,Annualized Return,Annualized Vol,Sharpe Ratio,Max Drawdown,Skewness,Kurtosis,Cornish-Fisher VaR (5%),Historic CVaR (5%)
Mean Return,12.871651208934143,17.47449320408387,0.3447984746822897,-30.6070463251245,-0.42721832985203484,10.055927029478461,0.03657488099205477,0.05265732746054055
