,Annualized Return,Annualized Vol,Sharpe Ratio,Max Drawdown,Skewness,Kurtosis,Cornish-Fisher VaR (5%),Historic CVaR (5%)
Mean Return,13.674215672550138,18.33809336752086,0.3694520827660875,-30.706909279354377,-0.14665367931925322,7.497671806123939,0.037718753005286224,0.05466159400011151
