,Annualized Return,Annualized Vol,Sharpe Ratio,Max Drawdown,Skewness,Kurtosis,Cornish-Fisher VaR (5%),Historic CVaR (5%)
Mean Return,14.510794369559665,15.39692903417287,0.4900799574378489,-32.64360879880005,-0.9583768393911333,10.004238623950565,0.03466062284100151,0.04777952072931328
