,Annualized Return,Annualized Vol,Sharpe Ratio,Max Drawdown,Skewness,Kurtosis,Cornish-Fisher VaR (5%),Historic CVaR (5%)
Mean Return,15.058927773982855,14.535697872060222,0.5513509288776278,-31.62755640865648,-1.20311184776047,12.11465387139999,0.03285846259021518,0.04602056424012046
