,Annualized Return,Annualized Vol,Sharpe Ratio,Max Drawdown,Skewness,Kurtosis,Cornish-Fisher VaR (5%),Historic CVaR (5%)
Mean Return,10.34928665105712,13.531400683007899,0.2748478503648175,-33.00132881386432,-1.1347407305784845,9.197078190887046,0.0323041734206798,0.04568290000376408
