,Annualized Return,Annualized Vol,Sharpe Ratio,Max Drawdown,Skewness,Kurtosis,Cornish-Fisher VaR (5%),Historic CVaR (5%)
Mean Return,13.876695116263903,18.94364735271241,0.36597009936717434,-31.6719180595779,-0.12102064739213553,10.008539471962889,0.0374881910734422,0.05634670478906872
