,Annualized Return,Annualized Vol,Sharpe Ratio,Max Drawdown,Skewness,Kurtosis,Cornish-Fisher VaR (5%),Historic CVaR (5%)
Mean Return,12.903183523803087,15.520688640699372,0.3950646376806663,-34.81120223083158,-0.2849415296737975,6.285759670045629,0.03337659734045158,0.04786622872839223
