,Annualized Return,Annualized Vol,Sharpe Ratio,Max Drawdown,Skewness,Kurtosis,Cornish-Fisher VaR (5%),Historic CVaR (5%)
Mean Return,13.211718451224176,14.86712270634917,0.42759468133103024,-28.326464933236267,-0.5560836868526601,8.098297406690845,0.03226730934421406,0.0454318273953697
