,Annualized Return,Annualized Vol,Sharpe Ratio,Max Drawdown,Skewness,Kurtosis,Cornish-Fisher VaR (5%),Historic CVaR (5%)
Mean Return,15.411876272314906,15.081373982379345,0.5567013890171475,-28.639337713064972,-0.6258651038409271,7.302158215649931,0.033114186545610234,0.04660303050177362
