,Annualized Return,Annualized Vol,Sharpe Ratio,Max Drawdown,Skewness,Kurtosis,Cornish-Fisher VaR (5%),Historic CVaR (5%)
Mean Return,16.250662410339345,17.502797745795725,0.5255310035982894,-32.14216114004949,-0.49711388718669186,7.585078634171905,0.03773562878795922,0.057888217111925586
