,Annualized Return,Annualized Vol,Sharpe Ratio,Max Drawdown,Skewness,Kurtosis,Cornish-Fisher VaR (5%),Historic CVaR (5%)
Mean Return,15.222930381291455,17.94935373396973,0.4586019060270028,-32.83830232580519,-0.42414466272648466,10.438419917869624,0.03702117597668126,0.05505869796736055
