,Annualized Return,Annualized Vol,Sharpe Ratio,Max Drawdown,Skewness,Kurtosis,Cornish-Fisher VaR (5%),Historic CVaR (5%)
Mean Return,21.838813288998082,13.772698778351527,1.0558768885689678,-23.261415547638187,-0.9315180093282731,7.574396478564194,0.030632416052717458,0.04253285290572136
