,Annualized Return,Annualized Vol,Sharpe Ratio,Max Drawdown,Skewness,Kurtosis,Cornish-Fisher VaR (5%),Historic CVaR (5%)
Mean Return,13.01153770169423,16.799899992281745,0.39294366163258354,-30.880324850440683,-0.9976659347508612,12.65795951004874,0.038687290915006826,0.05113648090772483
