,Annualized Return,Annualized Vol,Sharpe Ratio,Max Drawdown,Skewness,Kurtosis,Cornish-Fisher VaR (5%),Historic CVaR (5%)
Mean Return,17.923505114192785,15.454432416250807,0.7024980796285918,-31.97823059021471,-1.0789995513414583,9.39275383581745,0.035452578878435226,0.04741400197202531
