,Annualized Return,Annualized Vol,Sharpe Ratio,Max Drawdown,Skewness,Kurtosis,Cornish-Fisher VaR (5%),Historic CVaR (5%)
Mean Return,12.97649648412904,16.207342203019355,0.4063678570408222,-30.87245279450196,-1.1705738864261799,14.056778458740334,0.03756987542820832,0.04870549439608662
