,Annualized Return,Annualized Vol,Sharpe Ratio,Max Drawdown,Skewness,Kurtosis,Cornish-Fisher VaR (5%),Historic CVaR (5%)
Mean Return,12.365747302595675,16.17729655093249,0.37146205786021613,-31.36298805224225,-1.1619703892974085,13.566656311123966,0.037791411303788866,0.04925116392655777
