,Annualized Return,Annualized Vol,Sharpe Ratio,Max Drawdown,Skewness,Kurtosis,Cornish-Fisher VaR (5%),Historic CVaR (5%)
Mean Return,16.17293108525506,16.066149023637532,0.5679881689627029,-33.32916435392283,-0.8824208812191386,9.198730914472632,0.03592361157584223,0.05108598413844531
