,Annualized Return,Annualized Vol,Sharpe Ratio,Max Drawdown,Skewness,Kurtosis,Cornish-Fisher VaR (5%),Historic CVaR (5%)
Mean Return,16.86732935381332,15.386239314601143,0.6365253978699644,-31.57068031542275,-0.6529746539232038,11.734182032109443,0.03184138720392775,0.04511929589887617
