,Annualized Return,Annualized Vol,Sharpe Ratio,Max Drawdown,Skewness,Kurtosis,Cornish-Fisher VaR (5%),Historic CVaR (5%)
Mean Return,14.034770316964163,14.537809499056968,0.4984473482266648,-30.005572208742727,-0.48546717210391077,6.2081346186369535,0.03205477701952985,0.043957083566273286
