,Annualized Return,Annualized Vol,Sharpe Ratio,Max Drawdown,Skewness,Kurtosis,Cornish-Fisher VaR (5%),Historic CVaR (5%)
Mean Return,-1.5361724080692807,15.67055278353722,-0.4764009077319715,-43.684251246388285,-2.0604681024463725,13.690672134179525,0.04246773880799794,0.06207921088398052
