,Annualized Return,Annualized Vol,Sharpe Ratio,Max Drawdown,Skewness,Kurtosis,Cornish-Fisher VaR (5%),Historic CVaR (5%)
Mean Return,9.232598364203293,18.200355554465496,0.16302730274559038,-46.10007597147639,-1.258911700523779,11.562003491320741,0.04459086616718785,0.062436638412784955
