,Annualized Return,Annualized Vol,Sharpe Ratio,Max Drawdown,Skewness,Kurtosis,Cornish-Fisher VaR (5%),Historic CVaR (5%)
Mean Return,21.058754231492436,18.639489646966727,0.7352160693360018,-32.40790314786853,-0.1852906904357229,6.308584738345015,0.0380556347586775,0.05024338199057325
