,Annualized Return,Annualized Vol,Sharpe Ratio,Max Drawdown,Skewness,Kurtosis,Cornish-Fisher VaR (5%),Historic CVaR (5%)
Mean Return,14.366797957849808,15.989285847027615,0.46920559271844553,-29.921355514276392,-0.6204608605702773,7.52467529773743,0.03564635308485249,0.049480262072157694
