,Annualized Return,Annualized Vol,Sharpe Ratio,Max Drawdown,Skewness,Kurtosis,Cornish-Fisher VaR (5%),Historic CVaR (5%)
Mean Return,10.710450775122272,14.150228729979197,0.29129080108500727,-29.249841271131,-0.5774623304300903,6.956814147241108,0.03189149670049026,0.04517043199274226
