,Annualized Return,Annualized Vol,Sharpe Ratio,Max Drawdown,Skewness,Kurtosis,Cornish-Fisher VaR (5%),Historic CVaR (5%)
Mean Return,11.384206725373325,16.90457821735682,0.27252994237486977,-37.09446425194122,-1.6986992002544905,16.138208298643374,0.03997474588152486,0.054050188405247133
