,Annualized Return,Annualized Vol,Sharpe Ratio,Max Drawdown,Skewness,Kurtosis,Cornish-Fisher VaR (5%),Historic CVaR (5%)
Mean Return,14.143842957953389,15.48494062491722,0.463980732778723,-32.352177460053674,-0.9856987796640385,10.47554820518832,0.034877101856985705,0.04740917794535732
