,Annualized Return,Annualized Vol,Sharpe Ratio,Max Drawdown,Skewness,Kurtosis,Cornish-Fisher VaR (5%),Historic CVaR (5%)
Mean Return,17.045101900371872,13.981233784909652,0.7136580973178523,-28.386313192633555,-0.8691934099288943,7.084809178173143,0.03185309038395114,0.045175412860078104
