,Annualized Return,Annualized Vol,Sharpe Ratio,Max Drawdown,Skewness,Kurtosis,Cornish-Fisher VaR (5%),Historic CVaR (5%)
Mean Return,8.26821209230233,15.866964088864282,0.10759604638542128,-34.84941679436371,-0.3771652045546043,8.022329681371247,0.0344356298771802,0.049526809029817376
