,Annualized Return,Annualized Vol,Sharpe Ratio,Max Drawdown,Skewness,Kurtosis,Cornish-Fisher VaR (5%),Historic CVaR (5%)
Mean Return,18.483148792130354,13.628287799998425,0.831902084514951,-25.223991215824547,-0.6795741155970283,6.59799877719334,0.02999707116926749,0.042318996099287756
