,Annualized Return,Annualized Vol,Sharpe Ratio,Max Drawdown,Skewness,Kurtosis,Cornish-Fisher VaR (5%),Historic CVaR (5%)
Mean Return,18.50795703679944,18.08810809616385,0.6258869967695568,-28.917885054544563,0.11747162565618605,7.37905776548908,0.0345523707497938,0.051046914730155664
