,Annualized Return,Annualized Vol,Sharpe Ratio,Max Drawdown,Skewness,Kurtosis,Cornish-Fisher VaR (5%),Historic CVaR (5%)
Mean Return,14.777546847186818,15.675809339757633,0.5009739171782073,-34.38855088214987,-0.7486450028213271,6.470224942162679,0.03603030607549501,0.05070917014777244
