,Annualized Return,Annualized Vol,Skewness,Kurtosis,Cornish-Fisher VaR (5%),Historic CVaR (5%),Sharpe Ratio,Max Drawdown
Mean Return,0.14340091610065997,0.1943009437418328,-0.08192574551519327,8.554933312642863,0.03890806502657355,0.05829679875271548,0.3811500877787898,-0.2974434586419561
