,Annualized Return,Annualized Vol,Sharpe Ratio,Max Drawdown,Skewness,Kurtosis,Cornish-Fisher VaR (5%),Historic CVaR (5%)
Mean Return,17.209951230780398,15.777816246317899,0.6455306293819868,-30.929127318935702,-0.5480586993058008,8.230996141567756,0.03392299677732012,0.04688705831363186
