,Annualized Return,Annualized Vol,Sharpe Ratio,Max Drawdown,Skewness,Kurtosis,Cornish-Fisher VaR (5%),Historic CVaR (5%)
Mean Return,14.112160915341443,16.537882754851303,0.4310072161073702,-32.0851013477767,-0.6941761892564808,13.024115282683677,0.03456717587336292,0.047864459593362225
