,Annualized Return,Annualized Vol,Sharpe Ratio,Max Drawdown,Skewness,Kurtosis,Cornish-Fisher VaR (5%),Historic CVaR (5%)
Mean Return,19.752781950866762,17.759532217048307,0.7024126740873927,-30.870975652661148,-0.015133224925469688,6.79396929148349,0.03490094275048171,0.047541544729126924
