,Annualized Return,Annualized Vol,Sharpe Ratio,Max Drawdown,Skewness,Kurtosis,Cornish-Fisher VaR (5%),Historic CVaR (5%)
Mean Return,14.48876109959032,14.27865544429044,0.530815178892655,-30.678522265643803,-0.6973152651620618,6.962076422268168,0.032189874973083774,0.044620862014237504
