,Annualized Return,Annualized Vol,Sharpe Ratio,Max Drawdown,Skewness,Kurtosis,Cornish-Fisher VaR (5%),Historic CVaR (5%)
Mean Return,14.292367619192593,16.97365328737409,0.42995458955559224,-33.01457718234983,-0.7165243609676893,13.095508536824996,0.035609280028942904,0.049798970754576226
