,Annualized Return,Annualized Vol,Sharpe Ratio,Max Drawdown,Skewness,Kurtosis,Cornish-Fisher VaR (5%),Historic CVaR (5%)
Mean Return,17.278088011561387,16.270063570804787,0.6247556851363015,-29.46717772120877,-0.4419167417004432,10.879926692452107,0.032891658296862955,0.047114223531808996
