,Annualized Return,Annualized Vol,Skewness,Kurtosis,Cornish-Fisher VaR (5%),Historic CVaR (5%),Sharpe Ratio,Max Drawdown
Mean Return,0.13513930329613721,0.166029254625448,-0.9509068277786764,13.019932846875543,0.036301425068772604,0.04869164404827829,0.394966446565443,-0.3012518731581728
