,Annualized Return,Annualized Vol,Sharpe Ratio,Max Drawdown,Skewness,Kurtosis,Cornish-Fisher VaR (5%),Historic CVaR (5%)
Mean Return,8.277672598901997,19.024231459631093,0.08772336770720547,-46.10007597147639,-1.27206068436024,11.489370937252783,0.045664244860324825,0.06379452178339749
