,Annualized Return,Annualized Vol,Sharpe Ratio,Max Drawdown,Skewness,Kurtosis,Cornish-Fisher VaR (5%),Historic CVaR (5%)
Mean Return,15.480564181155977,17.613247001353912,0.4775751077549422,-33.65370004988774,-0.6363960424595836,12.156346303571478,0.03679175259992274,0.0510082568040705
