,Annualized Return,Annualized Vol,Sharpe Ratio,Max Drawdown,Skewness,Kurtosis,Cornish-Fisher VaR (5%),Historic CVaR (5%)
Mean Return,14.94350975489327,17.128662550959923,0.4653772941753405,-30.834313350489673,-0.5864849418486052,10.74887789618617,0.03613199573612556,0.05129206043405719
