,Annualized Return,Annualized Vol,Sharpe Ratio,Max Drawdown,Skewness,Kurtosis,Cornish-Fisher VaR (5%),Historic CVaR (5%)
Mean Return,12.303958877361998,15.286543280848186,0.3600021062173401,-28.326464933236267,-0.7019676383078131,8.157582787642331,0.03417474951377757,0.04872424554948317
