,Annualized Return,Annualized Vol,Sharpe Ratio,Max Drawdown,Skewness,Kurtosis,Cornish-Fisher VaR (5%),Historic CVaR (5%)
Mean Return,11.765200175097789,17.438272626632727,0.29027592534234864,-32.55451393555816,-0.6133104163288673,8.36368840074171,0.03908139103533948,0.05476743625798691
