,Annualized Return,Annualized Vol,Sharpe Ratio,Max Drawdown,Skewness,Kurtosis,Cornish-Fisher VaR (5%),Historic CVaR (5%)
Mean Return,10.597685939535273,16.35510986139717,0.23427874789751835,-29.9318985178754,-1.3460555945492216,13.487458132495858,0.03815840890843144,0.05162077925617107
