,Annualized Return,Annualized Vol,Sharpe Ratio,Max Drawdown,Skewness,Kurtosis,Cornish-Fisher VaR (5%),Historic CVaR (5%)
Mean Return,14.878689279609091,15.964477232265494,0.5001116952142733,-30.929127318935702,-0.5437790329245429,7.7357813918246405,0.03495575620940652,0.04891693646884017
