,Annualized Return,Annualized Vol,Sharpe Ratio,Max Drawdown,Skewness,Kurtosis,Cornish-Fisher VaR (5%),Historic CVaR (5%)
Mean Return,14.797522253658911,15.68030465019362,0.5014618596630622,-31.944515571276778,-0.8835255122757684,7.121040593737159,0.03650952306711154,0.05160684072617479
