,Annualized Return,Annualized Vol,Skewness,Kurtosis,Cornish-Fisher VaR (5%),Historic CVaR (5%),Sharpe Ratio,Max Drawdown
Mean Return,0.09360152171681757,0.14665292283493794,-1.2559362160902023,11.94366275048278,0.034468925025287,0.048367325437386546,0.18097994516229962,-0.3256637873883826
