,Annualized Return,Annualized Vol,Sharpe Ratio,Max Drawdown,Skewness,Kurtosis,Cornish-Fisher VaR (5%),Historic CVaR (5%)
Mean Return,12.098075840092747,17.071896750520942,0.3316555273642338,-33.877033688153055,-1.1271506112329186,9.552500215011666,0.041421478678780446,0.05746447025470811
