,Annualized Return,Annualized Vol,Sharpe Ratio,Max Drawdown,Skewness,Kurtosis,Cornish-Fisher VaR (5%),Historic CVaR (5%)
Mean Return,14.573760858095476,17.908809023521716,0.4247655343480964,-35.95683309615894,-1.0845874433133182,9.645603620862364,0.041625543938649555,0.05725034927920703
