,Annualized Return,Annualized Vol,Sharpe Ratio,Max Drawdown,Skewness,Kurtosis,Cornish-Fisher VaR (5%),Historic CVaR (5%)
Mean Return,10.933792910004358,14.29948191702573,0.29140919427550566,-27.43416979076342,-1.1878865229482565,12.151217379288378,0.032879426368041365,0.04534520354371146
