,Annualized Return,Annualized Vol,Sharpe Ratio,Max Drawdown,Skewness,Kurtosis,Cornish-Fisher VaR (5%),Historic CVaR (5%)
Mean Return,14.624945442329063,20.38776258580186,0.37596289335499944,-27.080067879117305,0.3195163304634304,7.229526790599965,0.038388663424116065,0.05981145304799932
