,Annualized Return,Annualized Vol,Skewness,Kurtosis,Cornish-Fisher VaR (5%),Historic CVaR (5%),Sharpe Ratio,Max Drawdown
Mean Return,0.10256201041886293,0.14785136388502199,-0.6475091262303991,8.642189164211622,0.032859524892601674,0.045917970733418155,0.23874671519146612,-0.2741694622847804
