,Annualized Return,Annualized Vol,Skewness,Kurtosis,Cornish-Fisher VaR (5%),Historic CVaR (5%),Sharpe Ratio,Max Drawdown
Mean Return,0.109295035571646,0.20735026448404073,-0.5365475591508462,13.61481212321945,0.042888093919384036,0.06315103014935405,0.2015221700282433,-0.43683693428972104
