,Annualized Return,Annualized Vol,Skewness,Kurtosis,Cornish-Fisher VaR (5%),Historic CVaR (5%),Sharpe Ratio,Max Drawdown
Mean Return,0.061476269676887796,0.13894381019964772,-1.1637996959433958,9.615051676021888,0.03458842792516718,0.047725512289503655,0.003958627820551755,-0.2933639422630669
