,Annualized Return,Annualized Vol,Sharpe Ratio,Max Drawdown,Skewness,Kurtosis,Cornish-Fisher VaR (5%),Historic CVaR (5%)
Mean Return,13.531973156102994,16.881595913025986,0.38996293149634786,-33.926580910683626,-0.7896902896463186,12.45663347163723,0.03627124635154276,0.050177330215594576
