,Annualized Return,Annualized Vol,Sharpe Ratio,Max Drawdown,Skewness,Kurtosis,Cornish-Fisher VaR (5%),Historic CVaR (5%)
Mean Return,9.606527917316665,17.42403624853736,0.1685788693783922,-34.126852359040996,-0.8181338922514426,11.504741089892441,0.03878741571472278,0.05457174947792325
