,Annualized Return,Annualized Vol,Sharpe Ratio,Max Drawdown,Skewness,Kurtosis,Cornish-Fisher VaR (5%),Historic CVaR (5%)
Mean Return,17.16928786648817,15.251627866429985,0.6586583125092008,-26.39416759079228,-0.9162026625566304,7.644199485738463,0.034651998913625595,0.049487756824218083
