,Annualized Return,Annualized Vol,Sharpe Ratio,Max Drawdown,Skewness,Kurtosis,Cornish-Fisher VaR (5%),Historic CVaR (5%)
Mean Return,19.38422714440957,14.048483394605228,0.8706905081902919,-26.261686131112832,-0.6087759022163697,6.2900272280224305,0.030610027622798304,0.04026284872134572
