,Annualized Return,Annualized Vol,Sharpe Ratio,Max Drawdown,Skewness,Kurtosis,Cornish-Fisher VaR (5%),Historic CVaR (5%)
Mean Return,16.31110815391077,15.724171666291268,0.5872634277918317,-31.646208181670776,-0.7223518631554791,10.786854376017578,0.033517382974330254,0.04749391283337262
