,Annualized Return,Annualized Vol,Sharpe Ratio,Max Drawdown,Skewness,Kurtosis,Cornish-Fisher VaR (5%),Historic CVaR (5%)
Mean Return,11.854126794868701,16.894669266631563,0.2989111880749005,-30.899014926616953,-0.2584509826875023,10.871158810265252,0.034019052168028155,0.0494685448521064
