,Annualized Return,Annualized Vol,Sharpe Ratio,Max Drawdown,Skewness,Kurtosis,Cornish-Fisher VaR (5%),Historic CVaR (5%)
Mean Return,12.476591876820752,16.72339848235361,0.33587428795791746,-35.71148994384593,-1.0373463657254023,9.885903721565349,0.03870216680269421,0.051896731123551365
