,Annualized Return,Annualized Vol,Sharpe Ratio,Max Drawdown,Skewness,Kurtosis,Cornish-Fisher VaR (5%),Historic CVaR (5%)
Mean Return,13.262321882511285,17.976598064784604,0.35450498761776394,-33.91553406202143,-0.8634480413088916,15.478859484046414,0.03772432238105824,0.05541507767830932
