,Annualized Return,Annualized Vol,Sharpe Ratio,Max Drawdown,Skewness,Kurtosis,Cornish-Fisher VaR (5%),Historic CVaR (5%)
Mean Return,11.936767573228547,16.789471527670525,0.3054136474921024,-31.39748060532859,-0.28577970920366935,11.667133495097373,0.03358167576046993,0.04883227643107708
