,Annualized Return,Annualized Vol,Sharpe Ratio,Max Drawdown,Skewness,Kurtosis,Cornish-Fisher VaR (5%),Historic CVaR (5%)
Mean Return,15.909137704950748,16.749075417639155,0.5300081492674912,-35.671290089336374,-0.7791256088101203,7.989573362081365,0.0375669008576733,0.051998729331101376
