,Annualized Return,Annualized Vol,Sharpe Ratio,Max Drawdown,Skewness,Kurtosis,Cornish-Fisher VaR (5%),Historic CVaR (5%)
Mean Return,15.075711564496652,16.643891540265145,0.4834185070323531,-35.28558340217092,-0.7687133044247709,9.742466601151571,0.036601961769911,0.05064813291011571
