,Annualized Return,Annualized Vol,Sharpe Ratio,Max Drawdown,Skewness,Kurtosis,Cornish-Fisher VaR (5%),Historic CVaR (5%)
Mean Return,16.025835204717296,15.740117494564185,0.573539284189988,-32.00904095995226,-0.5583039838969485,6.432138853038602,0.03490683839496254,0.049133827345859256
