,Annualized Return,Annualized Vol,Sharpe Ratio,Max Drawdown,Skewness,Kurtosis,Cornish-Fisher VaR (5%),Historic CVaR (5%)
Mean Return,15.62724297241742,15.593557694965114,0.5532589638346707,-31.21398761110299,-0.288180829837146,11.04867720067111,0.03071425110569919,0.04449766367378032
