,Annualized Return,Annualized Vol,Sharpe Ratio,Max Drawdown,Skewness,Kurtosis,Cornish-Fisher VaR (5%),Historic CVaR (5%)
Mean Return,12.064606963387758,17.04875658605071,0.30459225447286215,-34.45561186443026,-0.7272017175505393,8.201209299201064,0.03853987029335043,0.05131899883538185
