,Annualized Return,Annualized Vol,Sharpe Ratio,Max Drawdown,Skewness,Kurtosis,Cornish-Fisher VaR (5%),Historic CVaR (5%)
Mean Return,17.96851064206193,16.59030875285868,0.651829584565959,-32.51480499816609,-0.7872078198585711,12.472752985530155,0.03481290463494007,0.05009417701021087
