,Annualized Return,Annualized Vol,Sharpe Ratio,Max Drawdown,Skewness,Kurtosis,Cornish-Fisher VaR (5%),Historic CVaR (5%)
Mean Return,10.578753138676422,17.12881693695129,0.22485965801552715,-32.2173862837872,-0.7119914020433897,10.44709970136786,0.03779819289241248,0.05412110345339015
