,Annualized Return,Annualized Vol,Sharpe Ratio,Max Drawdown,Skewness,Kurtosis,Cornish-Fisher VaR (5%),Historic CVaR (5%)
Mean Return,15.595040500131784,17.97666573736416,0.4836211593446063,-38.86745715105044,-0.41196275118168874,8.976682018102855,0.038010848099615205,0.05323882957164121
