,Annualized Return,Annualized Vol,Sharpe Ratio,Max Drawdown,Skewness,Kurtosis,Cornish-Fisher VaR (5%),Historic CVaR (5%)
Mean Return,12.289518622111895,15.448165684117763,0.34993959340907516,-35.02976674223469,-0.5060457738605157,8.238916435371213,0.0334531700290564,0.046790658932838666
