,Annualized Return,Annualized Vol,Sharpe Ratio,Max Drawdown,Skewness,Kurtosis,Cornish-Fisher VaR (5%),Historic CVaR (5%)
Mean Return,13.043169683252987,16.370396119405463,0.3746727403545908,-35.33234932033057,-0.9902419444064391,10.042296417512617,0.03742259095180269,0.05035716477647294
