,Annualized Return,Annualized Vol,Sharpe Ratio,Max Drawdown,Skewness,Kurtosis,Cornish-Fisher VaR (5%),Historic CVaR (5%)
Mean Return,15.365679632628048,17.037320712431985,0.4870429549700967,-28.566618111022603,-0.7110794203588865,11.670985035013958,0.036208646257976866,0.050448464333870936
