,Annualized Return,Annualized Vol,Sharpe Ratio,Max Drawdown,Skewness,Kurtosis,Cornish-Fisher VaR (5%),Historic CVaR (5%)
Mean Return,17.37174910386603,17.660035979721023,0.5796786521185393,-29.910970903942562,-0.28839073975879487,8.36224996873972,0.0361568601733972,0.05170322277269782
