,Annualized Return,Annualized Vol,Sharpe Ratio,Max Drawdown,Skewness,Kurtosis,Cornish-Fisher VaR (5%),Historic CVaR (5%)
Mean Return,13.821400523633432,16.288101501885034,0.42148064047822886,-33.6114515655707,-0.8237455368366741,9.588301391576223,0.03635967475337006,0.04869259802200375
