,Annualized Return,Annualized Vol,Sharpe Ratio,Max Drawdown,Skewness,Kurtosis,Cornish-Fisher VaR (5%),Historic CVaR (5%)
Mean Return,15.27585714102322,17.23915565532709,0.479571862287928,-33.41451210230815,-1.0891901309558514,9.68525981889566,0.03987188280724678,0.055486314846549735
