,Annualized Return,Annualized Vol,Sharpe Ratio,Max Drawdown,Skewness,Kurtosis,Cornish-Fisher VaR (5%),Historic CVaR (5%)
Mean Return,11.615771779377537,14.239062670475795,0.3376740740645983,-31.535812322312946,-1.3828023252838355,12.406006477378904,0.033424079630218505,0.046472789743013256
