,Annualized Return,Annualized Vol,Sharpe Ratio,Max Drawdown,Skewness,Kurtosis,Cornish-Fisher VaR (5%),Historic CVaR (5%)
Mean Return,17.76940433238492,18.941585933233476,0.586343186122178,-38.24325152964637,-0.2898698074095303,8.504125149619888,0.040305194405553066,0.05594723157673647
