,Annualized Return,Annualized Vol,Sharpe Ratio,Max Drawdown,Skewness,Kurtosis,Cornish-Fisher VaR (5%),Historic CVaR (5%)
Mean Return,12.238823849547353,15.191924585701313,0.35821263274505716,-27.14636753618191,-0.7782988425701388,7.63266327543776,0.03459655261561942,0.049433164193551926
