,Annualized Return,Annualized Vol,Sharpe Ratio,Max Drawdown,Skewness,Kurtosis,Cornish-Fisher VaR (5%),Historic CVaR (5%)
Mean Return,14.726243656898163,15.90622668681597,0.4934163999018994,-33.08460916518166,-0.2743043118836957,5.529217140935268,0.034224461398083446,0.04701246041521991
