,Annualized Return,Annualized Vol,Sharpe Ratio,Max Drawdown,Skewness,Kurtosis,Cornish-Fisher VaR (5%),Historic CVaR (5%)
Mean Return,14.054609815559083,18.499873462890147,0.3869544086360935,-35.35559775133766,-1.1331847899130718,10.24471991766623,0.04315287504830139,0.060104215614217825
