,Annualized Return,Annualized Vol,Sharpe Ratio,Max Drawdown,Skewness,Kurtosis,Cornish-Fisher VaR (5%),Historic CVaR (5%)
Mean Return,16.011310917482092,18.588199219510283,0.4790353501387659,-36.97018942805467,0.053449497339646344,9.048512081536739,0.03563390356586574,0.05254564469890337
