,Annualized Return,Annualized Vol,Sharpe Ratio,Max Drawdown,Skewness,Kurtosis,Cornish-Fisher VaR (5%),Historic CVaR (5%)
Mean Return,10.240359780485608,18.759686586363788,0.1892434109331913,-33.36092905819788,-0.2533934299751339,10.312176733126067,0.038511531758939885,0.05835503339570526
