,Annualized Return,Annualized Vol,Sharpe Ratio,Max Drawdown,Skewness,Kurtosis,Cornish-Fisher VaR (5%),Historic CVaR (5%)
Mean Return,12.959089305229309,17.751158231985904,0.3419705805169034,-29.886087204954435,-0.4444162081967665,11.478982820174826,0.03660638170287949,0.05000588335800107
