,Annualized Return,Annualized Vol,Sharpe Ratio,Max Drawdown,Skewness,Kurtosis,Cornish-Fisher VaR (5%),Historic CVaR (5%)
Mean Return,10.83493534777087,14.39492434426906,0.2810056732485835,-33.042044021856796,-1.5267432472747946,13.441972092917272,0.03420309749833523,0.04780114029158762
