,Annualized Return,Annualized Vol,Sharpe Ratio,Max Drawdown,Skewness,Kurtosis,Cornish-Fisher VaR (5%),Historic CVaR (5%)
Mean Return,12.319931300642995,13.934431214531202,0.40416425501684317,-29.249841271131,-0.7084002581126527,7.609311568076814,0.031498527548260415,0.04524245008137601
