,Annualized Return,Annualized Vol,Sharpe Ratio,Max Drawdown,Skewness,Kurtosis,Cornish-Fisher VaR (5%),Historic CVaR (5%)
Mean Return,15.835281647905264,15.82495776594982,0.56121921855994,-31.07561131002921,-1.0085344111832553,8.890018059984792,0.03656831001207052,0.04793586423729236
