,Annualized Return,Annualized Vol,Sharpe Ratio,Max Drawdown,Skewness,Kurtosis,Cornish-Fisher VaR (5%),Historic CVaR (5%)
Mean Return,17.105329486677178,17.863775700958275,0.5590402909540102,-30.72143396737989,-0.25194912477907844,9.209805008440258,0.03597989259174719,0.05269890804257734
