,Annualized Return,Annualized Vol,Sharpe Ratio,Max Drawdown,Skewness,Kurtosis,Cornish-Fisher VaR (5%),Historic CVaR (5%)
Mean Return,14.890677166021904,17.102254736998436,0.4611382702344239,-28.74368454856908,-0.899355024081014,13.44139263372985,0.03670689048570943,0.05054026729535036
