,Annualized Return,Annualized Vol,Sharpe Ratio,Max Drawdown,Skewness,Kurtosis,Cornish-Fisher VaR (5%),Historic CVaR (5%)
Mean Return,12.025955791599818,16.209336051181428,0.3462232073720841,-32.75565698294642,-0.990662869163301,9.30834753735216,0.03858628611639242,0.05350662636249615
