,Annualized Return,Annualized Vol,Sharpe Ratio,Max Drawdown,Skewness,Kurtosis,Cornish-Fisher VaR (5%),Historic CVaR (5%)
Mean Return,12.586353408864825,17.002669983867246,0.33425760275209265,-34.439822472843105,-0.8098209418559336,9.02025197368207,0.03844875881063392,0.05154679994973193
