,Annualized Return,Annualized Vol,Sharpe Ratio,Max Drawdown,Skewness,Kurtosis,Cornish-Fisher VaR (5%),Historic CVaR (5%)
Mean Return,9.819542890287302,14.665529807137142,0.21515373705894938,-29.975274826798547,-0.6877904694269331,8.901519018973021,0.0327559592509567,0.04638808123394954
