,Annualized Return,Annualized Vol,Sharpe Ratio,Max Drawdown,Skewness,Kurtosis,Cornish-Fisher VaR (5%),Historic CVaR (5%)
Mean Return,16.23793695193525,17.833418091259073,0.5151064771707792,-33.87844904239599,-0.8202096553945958,9.554204160028775,0.03958769302660768,0.05468276578120998
