,Annualized Return,Annualized Vol,Sharpe Ratio,Max Drawdown,Skewness,Kurtosis,Cornish-Fisher VaR (5%),Historic CVaR (5%)
Mean Return,13.54608207231982,17.46648511968929,0.3819337146073757,-30.382991434934116,-0.6421587973758464,9.718176749264416,0.037981706460093585,0.056007392093201526
