,Annualized Return,Annualized Vol,Sharpe Ratio,Max Drawdown,Skewness,Kurtosis,Cornish-Fisher VaR (5%),Historic CVaR (5%)
Mean Return,9.569894114868639,18.14539183069023,0.18149969671412916,-45.80387971031726,-1.071594553879562,10.560921977595358,0.043751753307077014,0.060982104523895055
