,Annualized Return,Annualized Vol,Sharpe Ratio,Max Drawdown,Skewness,Kurtosis,Cornish-Fisher VaR (5%),Historic CVaR (5%)
Mean Return,15.764616068318249,14.191439556399112,0.6213712579485348,-26.668547207500982,-0.5789236678773462,5.692973978911523,0.0316484262422939,0.04312610284476159
