,Annualized Return,Annualized Vol,Sharpe Ratio,Max Drawdown,Skewness,Kurtosis,Cornish-Fisher VaR (5%),Historic CVaR (5%)
Mean Return,8.523777659681752,14.612793390015211,0.15859222982915805,-38.57851296598441,-1.4516102102235988,12.189722870647069,0.036303910582818774,0.05067399583170658
