,Annualized Return,Annualized Vol,Sharpe Ratio,Max Drawdown,Skewness,Kurtosis,Cornish-Fisher VaR (5%),Historic CVaR (5%)
Mean Return,16.278217235502403,19.274158556487524,0.4750500223328913,-35.09252867723375,-0.3935849645343216,12.715131389667306,0.03833557726206253,0.05609490602385185
