,Annualized Return,Annualized Vol,Sharpe Ratio,Max Drawdown,Skewness,Kurtosis,Cornish-Fisher VaR (5%),Historic CVaR (5%)
Mean Return,15.90382915784614,16.51716372450315,0.5361346820046796,-31.646217920551184,-0.7667414675902183,11.758885453842117,0.035206959013955964,0.04984072168458859
