,Annualized Return,Annualized Vol,Sharpe Ratio,Max Drawdown,Skewness,Kurtosis,Cornish-Fisher VaR (5%),Historic CVaR (5%)
Mean Return,11.048824339996166,14.759116799192626,0.2896553777125715,-28.01083329996812,-1.1491005751340455,13.09999203227215,0.033390830279680705,0.04641498500975526
