,Annualized Return,Annualized Vol,Skewness,Kurtosis,Cornish-Fisher VaR (5%),Historic CVaR (5%),Sharpe Ratio,Max Drawdown
Mean Return,-0.016115969169954503,0.20029387099707255,-1.083284696332526,14.110079846241682,0.04771476604505666,0.07523559778128411,-0.3763191326969365,-0.604673779755475
