,Annualized Return,Annualized Vol,Sharpe Ratio,Max Drawdown,Skewness,Kurtosis,Cornish-Fisher VaR (5%),Historic CVaR (5%)
Index Return,10.204769645084411,17.23296360499699,0.19997765614524013,-38.40597304843998,-1.1179907384618994,10.389270196596422,0.04057102021463881,0.05411656658535125
