,Annualized Return,Annualized Vol,Sharpe Ratio,Max Drawdown,Skewness,Kurtosis,Cornish-Fisher VaR (5%),Historic CVaR (5%)
Mean Return,10.051370122736603,14.16790429279631,0.26535741440269767,-32.26516741671166,-1.2498772114150167,10.902115770938563,0.03443982551369431,0.047976132468138415
