,Annualized Return,Annualized Vol,Sharpe Ratio,Max Drawdown,Skewness,Kurtosis,Cornish-Fisher VaR (5%),Historic CVaR (5%)
Mean Return,16.544458008506567,16.84853318374777,0.5594410075501587,-34.86651298572257,-0.550074996584731,9.483021305336438,0.03563473401771849,0.05007278949593943
