,Annualized Return,Annualized Vol,Sharpe Ratio,Max Drawdown,Skewness,Kurtosis,Cornish-Fisher VaR (5%),Historic CVaR (5%)
Mean Return,15.441606374444294,17.371557520974502,0.48201533988114825,-32.915535530179035,-0.575049991017508,13.70322318902319,0.03512086363138892,0.05069503831942366
