,Annualized Return,Annualized Vol,Sharpe Ratio,Max Drawdown,Skewness,Kurtosis,Cornish-Fisher VaR (5%),Historic CVaR (5%)
Mean Return,14.899413727026678,13.625311584501477,0.5794701098679388,-29.321169555565653,-0.7501000899903771,6.754917934936742,0.03057882556228085,0.04130821729569123
