,Annualized Return,Annualized Vol,Sharpe Ratio,Max Drawdown,Skewness,Kurtosis,Cornish-Fisher VaR (5%),Historic CVaR (5%)
Mean Return,11.413154058523922,14.345863391341124,0.3218826042015283,-23.170307682943026,-0.5854860411397275,7.695215170451239,0.031694384062674816,0.04469842708836551
