,Annualized Return,Annualized Vol,Sharpe Ratio,Max Drawdown,Skewness,Kurtosis,Cornish-Fisher VaR (5%),Historic CVaR (5%)
Mean Return,15.821896108047673,17.382704564874977,0.5101887957180858,-38.185761509399896,-0.5012326193743771,9.878718992686313,0.036794763626085296,0.05039240552586257
