,Annualized Return,Annualized Vol,Sharpe Ratio,Max Drawdown,Skewness,Kurtosis,Cornish-Fisher VaR (5%),Historic CVaR (5%)
Mean Return,12.177846040260555,15.066553594919002,0.35662915642496207,-26.772101056947772,-0.7049358781506877,7.675189282814908,0.03389240602650741,0.04757565096800658
