,Annualized Return,Annualized Vol,Sharpe Ratio,Max Drawdown,Skewness,Kurtosis,Cornish-Fisher VaR (5%),Historic CVaR (5%)
Mean Return,15.79818348662445,18.965791590062487,0.462658970092221,-31.6719180595779,-0.04374253167868098,9.750556051521224,0.03676760939511445,0.054736675479092244
