,Annualized Return,Annualized Vol,Sharpe Ratio,Max Drawdown,Skewness,Kurtosis,Cornish-Fisher VaR (5%),Historic CVaR (5%)
Mean Return,10.01512301022187,17.176381452867364,0.19338120795321206,-32.71532224671258,-0.6740821560949819,11.112736763572041,0.03745423617043343,0.05390054994917265
