,Annualized Return,Annualized Vol,Sharpe Ratio,Max Drawdown,Skewness,Kurtosis,Cornish-Fisher VaR (5%),Historic CVaR (5%)
Mean Return,13.780324041041613,17.367700651704418,0.39598130898398376,-33.54301215298247,-0.652084848980671,10.971411257392129,0.03717031612284345,0.05222378845744334
