,Annualized Return,Annualized Vol,Skewness,Kurtosis,Cornish-Fisher VaR (5%),Historic CVaR (5%),Sharpe Ratio,Max Drawdown
Mean Return,0.13189394440306934,0.14182560568699953,-0.46450328875963903,6.981698644040548,0.03065845599579664,0.04227285665880736,0.44456486462509176,-0.24588889474614806
