,Annualized Return,Annualized Vol,Sharpe Ratio,Max Drawdown,Skewness,Kurtosis,Cornish-Fisher VaR (5%),Historic CVaR (5%)
Mean Return,14.12775044568033,16.462993470843166,0.43661552938648207,-33.32916435392283,-0.9165899346534289,9.305176080219553,0.0373646075774983,0.05269270289949918
