,Annualized Return,Annualized Vol,Sharpe Ratio,Max Drawdown,Skewness,Kurtosis,Cornish-Fisher VaR (5%),Historic CVaR (5%)
Mean Return,19.93425720500781,13.476770080244705,0.9460498779251321,-25.36549854168627,-0.5716698754959934,6.194824465422968,0.02899346306444438,0.03885185275570184
