,Annualized Return,Annualized Vol,Sharpe Ratio,Max Drawdown,Skewness,Kurtosis,Cornish-Fisher VaR (5%),Historic CVaR (5%)
Mean Return,16.73453454246139,16.323249366975944,0.5914006582323517,-31.071274634037366,-0.7961257098130178,11.92968824763723,0.034708203649385136,0.048901192889604615
