,Annualized Return,Annualized Vol,Sharpe Ratio,Max Drawdown,Skewness,Kurtosis,Cornish-Fisher VaR (5%),Historic CVaR (5%)
Mean Return,12.084067236340923,13.626353840614048,0.39273926528186914,-32.69030155912096,-0.9527264940950888,8.432582290991867,0.03168219795972421,0.04528237669193858
