,Annualized Return,Annualized Vol,Sharpe Ratio,Max Drawdown,Skewness,Kurtosis,Cornish-Fisher VaR (5%),Historic CVaR (5%)
Mean Return,13.593207283349162,14.490919870579521,0.45778118816031804,-31.311998400764544,-1.2424662375366968,11.991041041149916,0.033231036519942775,0.046626855088807914
