,Annualized Return,Annualized Vol,Sharpe Ratio,Max Drawdown,Skewness,Kurtosis,Cornish-Fisher VaR (5%),Historic CVaR (5%)
Mean Return,12.007815387770716,16.58971208593077,0.34146064533492587,-32.417072631348816,-1.1260779269711716,12.548844542963694,0.03915930667331831,0.051760780948327846
