,Annualized Return,Annualized Vol,Skewness,Kurtosis,Cornish-Fisher VaR (5%),Historic CVaR (5%),Sharpe Ratio,Max Drawdown
Mean Return,0.10009503217862759,0.14152522177086585,-1.340988704965152,11.952719739570972,0.03348636904015562,0.0466936964956521,0.23066507682948578,-0.30628193844284135
