,Annualized Return,Annualized Vol,Skewness,Kurtosis,Cornish-Fisher VaR (5%),Historic CVaR (5%),Sharpe Ratio,Max Drawdown
Mean Return,0.101873520332328,0.19217139027709368,-1.0902723930281433,10.862191435146306,0.04625723009210545,0.06478309910197297,0.20098161114368515,-0.4529420335313185
