,Annualized Return,Annualized Vol,Sharpe Ratio,Max Drawdown,Skewness,Kurtosis,Cornish-Fisher VaR (5%),Historic CVaR (5%)
Mean Return,19.655315833780595,14.510315268482055,0.8534307490370124,-24.013389768716404,-0.763074633980577,8.200237225477602,0.03142066365455287,0.04328609254977918
