,Annualized Return,Annualized Vol,Sharpe Ratio,Max Drawdown,Skewness,Kurtosis,Cornish-Fisher VaR (5%),Historic CVaR (5%)
Mean Return,12.181292872808601,14.800220858816793,0.35973765351950787,-34.13420096350436,-0.755601960671315,8.577163645038295,0.03317592309947644,0.04647832879101252
