,Annualized Return,Annualized Vol,Sharpe Ratio,Max Drawdown,Skewness,Kurtosis,Cornish-Fisher VaR (5%),Historic CVaR (5%)
Mean Return,13.159891533308565,14.516965381407063,0.42910883859985255,-33.951425114281605,-1.4599688020681207,13.115994346176882,0.03393501850410202,0.04775024666112454
