,Annualized Return,Annualized Vol,Sharpe Ratio,Max Drawdown,Skewness,Kurtosis,Cornish-Fisher VaR (5%),Historic CVaR (5%)
Mean Return,13.534618720057011,16.558541892378457,0.42958231165046123,-30.215388816588362,-1.1267071372209394,14.323292509805674,0.03794939186634292,0.04944371902214032
