,Annualized Return,Annualized Vol,Sharpe Ratio,Max Drawdown,Skewness,Kurtosis,Cornish-Fisher VaR (5%),Historic CVaR (5%)
Mean Return,11.36423284925332,15.198649118353316,0.30078336911836484,-32.028692563426716,-1.1618887579637656,9.906235745891392,0.03580515688032308,0.0486815670070982
