,Annualized Return,Annualized Vol,Sharpe Ratio,Max Drawdown,Skewness,Kurtosis,Cornish-Fisher VaR (5%),Historic CVaR (5%)
Mean Return,15.26579287133596,15.494919955206383,0.5302768800729455,-27.225211901446535,-0.8717940671556916,13.26591077123722,0.03292028102287486,0.04532182914109416
