,Annualized Return,Annualized Vol,Sharpe Ratio,Max Drawdown,Skewness,Kurtosis,Cornish-Fisher VaR (5%),Historic CVaR (5%)
Mean Return,13.944324304738508,19.932144254452574,0.35244728180933416,-29.727624361634454,-0.33459995027801803,7.258625677249639,0.04270369283522564,0.06285998080687867
