,Annualized Return,Annualized Vol,Sharpe Ratio,Max Drawdown,Skewness,Kurtosis,Cornish-Fisher VaR (5%),Historic CVaR (5%)
Mean Return,7.614413584682134,14.738145971041613,0.0709922430326246,-31.69776821893917,-1.269569119786987,10.388732103936604,0.035653069090061364,0.049414222543467466
