,Annualized Return,Annualized Vol,Skewness,Kurtosis,Cornish-Fisher VaR (5%),Historic CVaR (5%),Sharpe Ratio,Max Drawdown
Mean Return,0.05593173187695011,0.15397995268966624,-0.5626870650437422,6.799731962838119,0.035786473848042566,0.05093665477291089,-0.0491619541536849,-0.40232206736431675
