,Annualized Return,Annualized Vol,Sharpe Ratio,Max Drawdown,Skewness,Kurtosis,Cornish-Fisher VaR (5%),Historic CVaR (5%)
Mean Return,9.607942727248787,14.833985605269653,0.19687390021870801,-33.17383827877087,-1.1560626191040253,11.435256841282412,0.03455250127338628,0.048630947692196044
