,Annualized Return,Annualized Vol,Sharpe Ratio,Max Drawdown,Skewness,Kurtosis,Cornish-Fisher VaR (5%),Historic CVaR (5%)
Mean Return,16.37768717356367,16.35067519922101,0.5668531850142202,-28.404942265648565,-1.1078078693725475,14.164484530193121,0.03558395558414498,0.04748279324785156
