,Annualized Return,Annualized Vol,Sharpe Ratio,Max Drawdown,Skewness,Kurtosis,Cornish-Fisher VaR (5%),Historic CVaR (5%)
Mean Return,13.691430790694792,17.70220077603034,0.3839144226257434,-30.26647730016953,-0.23586181876687964,9.239607281113102,0.03606769889492798,0.05237068182638814
