,Annualized Return,Annualized Vol,Sharpe Ratio,Max Drawdown,Skewness,Kurtosis,Cornish-Fisher VaR (5%),Historic CVaR (5%)
Mean Return,12.705561019166534,15.423716208335266,0.37934594506671254,-25.832722168013948,-0.4697818150471892,6.97986446999975,0.03364256432026945,0.048913259380317445
