,Annualized Return,Annualized Vol,Sharpe Ratio,Max Drawdown,Skewness,Kurtosis,Cornish-Fisher VaR (5%),Historic CVaR (5%)
Mean Return,12.868568466571674,15.096194222159642,0.3997231176918368,-27.89689589423513,-0.48615923246893306,7.648060187299723,0.03266035761563821,0.045254194062280526
