,Annualized Return,Annualized Vol,Sharpe Ratio,Max Drawdown,Skewness,Kurtosis,Cornish-Fisher VaR (5%),Historic CVaR (5%)
Mean Return,14.654992587051897,16.31586780205114,0.47894704170215685,-31.948668267729474,-0.5216745823368996,6.094347762664689,0.03641407221061886,0.05237818851694111
