,Annualized Return,Annualized Vol,Sharpe Ratio,Max Drawdown,Skewness,Kurtosis,Cornish-Fisher VaR (5%),Historic CVaR (5%)
Mean Return,12.047046323865418,14.397881060370146,0.36001361448954705,-32.19289007033035,-1.4802187484799862,13.199692016943134,0.03388726288792554,0.04628407685368665
