,Annualized Return,Annualized Vol,Sharpe Ratio,Max Drawdown,Skewness,Kurtosis,Cornish-Fisher VaR (5%),Historic CVaR (5%)
Mean Return,10.534042640213448,17.94732792181336,0.21041438174283691,-37.83587588975162,-1.1356152902550622,12.488080296084235,0.0413178206753901,0.05729897091342171
