,Annualized Return,Annualized Vol,Sharpe Ratio,Max Drawdown,Skewness,Kurtosis,Cornish-Fisher VaR (5%),Historic CVaR (5%)
Mean Return,16.007339929648868,15.901822430613826,0.5680338303252417,-32.774972338604655,-0.4197738206701646,6.201041076993732,0.0345775547425621,0.047857425359314816
