,Annualized Return,Annualized Vol,Sharpe Ratio,Max Drawdown,Skewness,Kurtosis,Cornish-Fisher VaR (5%),Historic CVaR (5%)
Mean Return,14.09442318721954,16.7627113104141,0.4236755525799646,-33.49205956284966,-0.808797122779479,9.210696224758184,0.03752919790006472,0.050509402800760606
