,Annualized Return,Annualized Vol,Sharpe Ratio,Max Drawdown,Skewness,Kurtosis,Cornish-Fisher VaR (5%),Historic CVaR (5%)
Mean Return,15.49054605789857,16.71008756753602,0.5048403389231607,-34.94641676251866,-0.5896122698815784,9.523614748666786,0.03571824475643006,0.04989312460358846
