,Annualized Return,Annualized Vol,Sharpe Ratio,Max Drawdown,Skewness,Kurtosis,Cornish-Fisher VaR (5%),Historic CVaR (5%)
Mean Return,13.071440675728606,14.666230662399466,0.4200455120167606,-34.13420096350436,-0.7500692362434691,8.962957510986975,0.03251752976123529,0.04526135962317893
