,Annualized Return,Annualized Vol,Sharpe Ratio,Max Drawdown,Skewness,Kurtosis,Cornish-Fisher VaR (5%),Historic CVaR (5%)
Mean Return,17.313146379494036,15.55530768559123,0.6610098572466744,-31.808837129160427,-1.0932812149281605,9.60084810992436,0.035789518980212,0.04836342161427204
