,Annualized Return,Annualized Vol,Sharpe Ratio,Max Drawdown,Skewness,Kurtosis,Cornish-Fisher VaR (5%),Historic CVaR (5%)
Mean Return,14.792463805332146,18.325208766064367,0.42690037035369527,-32.03335287041958,-0.35685409124837936,9.027192651703468,0.03818944574652383,0.0572927054257269
