,Annualized Return,Annualized Vol,Sharpe Ratio,Max Drawdown,Skewness,Kurtosis,Cornish-Fisher VaR (5%),Historic CVaR (5%)
Mean Return,14.731076355894679,18.434544215819574,0.4214348155188699,-29.727624361634447,-0.02371497714304677,7.215977916474044,0.03701285569797909,0.05380161027939624
