,Annualized Return,Annualized Vol,Sharpe Ratio,Max Drawdown,Skewness,Kurtosis,Cornish-Fisher VaR (5%),Historic CVaR (5%)
Mean Return,13.363328917998762,18.41905290846452,0.3509226129584314,-38.495681754334164,-0.6693571735131809,15.674400271184934,0.03733548164586311,0.057002088995961805
