,Annualized Return,Annualized Vol,Sharpe Ratio,Max Drawdown,Skewness,Kurtosis,Cornish-Fisher VaR (5%),Historic CVaR (5%)
Mean Return,13.37354132255264,15.487638821278368,0.41833516177737246,-27.65054279720686,-0.5435295620008926,7.437700661420687,0.033897478186789405,0.048257327527386824
