,Annualized Return,Annualized Vol,Sharpe Ratio,Max Drawdown,Skewness,Kurtosis,Cornish-Fisher VaR (5%),Historic CVaR (5%)
Mean Return,14.022889627876722,16.064875784092905,0.44310245432400347,-29.03454690593854,-0.3620185774388418,8.982321660853263,0.03336648590658846,0.047511822178366414
