,Annualized Return,Annualized Vol,Sharpe Ratio,Max Drawdown,Skewness,Kurtosis,Cornish-Fisher VaR (5%),Historic CVaR (5%)
Mean Return,16.298099185894156,17.539508658837274,0.5231222776925698,-32.73648512124656,-0.5320307445279555,12.215738505897832,0.035793623639766625,0.0510065431068697
