,Annualized Return,Annualized Vol,Sharpe Ratio,Max Drawdown,Skewness,Kurtosis,Cornish-Fisher VaR (5%),Historic CVaR (5%)
Mean Return,7.1826994305291825,17.088605993920577,0.040145623784672936,-43.506982769209806,0.0393150013753528,9.453477045933596,0.03395919883999981,0.05233178247326805
