,Annualized Return,Annualized Vol,Sharpe Ratio,Max Drawdown,Skewness,Kurtosis,Cornish-Fisher VaR (5%),Historic CVaR (5%)
Mean Return,13.25902966317518,16.596259606818663,0.3837255459468508,-28.679700287692217,-1.1634197214997006,12.581413237178266,0.03771220241921015,0.05070208496098106
