,Annualized Return,Annualized Vol,Skewness,Kurtosis,Cornish-Fisher VaR (5%),Historic CVaR (5%),Sharpe Ratio,Max Drawdown
Mean Return,0.14039914854689695,0.16673431769377278,-1.0311250549675144,12.97651539710356,0.03685358766020441,0.04913256479636553,0.4229440322684751,-0.287458988922103
