,Annualized Return,Annualized Vol,Sharpe Ratio,Max Drawdown,Skewness,Kurtosis,Cornish-Fisher VaR (5%),Historic CVaR (5%)
Mean Return,9.600703191703852,14.024900261453672,0.21899665597100118,-33.36037748961376,-0.8598173183052563,8.591326973541433,0.03256818165087199,0.04538326018622453
