,Annualized Return,Annualized Vol,Sharpe Ratio,Max Drawdown,Skewness,Kurtosis,Cornish-Fisher VaR (5%),Historic CVaR (5%)
Mean Return,13.612867390602634,15.127150519826897,0.4444116229961346,-27.401334527501874,-0.5152158423100878,8.254255816802507,0.032507714667264306,0.047360387770693825
