,Annualized Return,Annualized Vol,Sharpe Ratio,Max Drawdown,Skewness,Kurtosis,Cornish-Fisher VaR (5%),Historic CVaR (5%)
Mean Return,13.974599382822618,16.35671216936057,0.43064922628268804,-32.07219668081499,-0.9909240699600159,9.51161165374615,0.037458216124299525,0.05273839739363942
