,Annualized Return,Annualized Vol,Sharpe Ratio,Max Drawdown,Skewness,Kurtosis,Cornish-Fisher VaR (5%),Historic CVaR (5%)
Mean Return,12.983631185574062,16.66563496434084,0.3949002365109894,-32.239196011521784,-1.0442730302418308,12.398082275810607,0.03876525355097021,0.050880784273431845
