,Annualized Return,Annualized Vol,Sharpe Ratio,Max Drawdown,Skewness,Kurtosis,Cornish-Fisher VaR (5%),Historic CVaR (5%)
Mean Return,12.51386223645008,16.14076593296675,0.3809714159803342,-31.26785899811121,-1.0726849535841199,13.407816038911491,0.03724547595050456,0.04864750092849438
