,Annualized Return,Annualized Vol,Sharpe Ratio,Max Drawdown,Skewness,Kurtosis,Cornish-Fisher VaR (5%),Historic CVaR (5%)
Mean Return,12.191431145851105,15.847665640294142,0.3433364618871042,-33.462479571543405,-1.1945810388832876,9.426029798865219,0.03801139464964291,0.05102798207998153
