,Annualized Return,Annualized Vol,Sharpe Ratio,Max Drawdown,Skewness,Kurtosis,Cornish-Fisher VaR (5%),Historic CVaR (5%)
Mean Return,12.241200024109666,17.808354017434596,0.32574496039719225,-35.56825319819773,-0.9614084432017463,9.208472784331756,0.042412546318855736,0.059041021335825415
