,Annualized Return,Annualized Vol,Sharpe Ratio,Max Drawdown,Skewness,Kurtosis,Cornish-Fisher VaR (5%),Historic CVaR (5%)
Mean Return,11.450464203402454,15.093569402439181,0.31142140938108576,-28.517176097960196,-0.4073654539284766,7.788302559874774,0.03240020064839455,0.045133583112141114
