,Annualized Return,Annualized Vol,Sharpe Ratio,Max Drawdown,Skewness,Kurtosis,Cornish-Fisher VaR (5%),Historic CVaR (5%)
Mean Return,8.719267022378396,14.086683160803606,0.17613964539345517,-34.938389571789784,-1.6391994783874397,13.51106629055954,0.035223597132330746,0.04910364382777713
