,Annualized Return,Annualized Vol,Sharpe Ratio,Max Drawdown,Skewness,Kurtosis,Cornish-Fisher VaR (5%),Historic CVaR (5%)
Mean Return,15.343332932885767,15.741034582290858,0.5321458848249933,-32.427919904688146,-0.8414707475841486,6.920181297734783,0.03642425915620256,0.050946829665131775
