,Annualized Return,Annualized Vol,Sharpe Ratio,Max Drawdown,Skewness,Kurtosis,Cornish-Fisher VaR (5%),Historic CVaR (5%)
Mean Return,16.052789171649586,17.497993500883062,0.5173487758078266,-36.54244932231157,-0.043737420576891124,8.672659636659223,0.0345525482153466,0.0516151016772589
