,Annualized Return,Annualized Vol,Sharpe Ratio,Max Drawdown,Skewness,Kurtosis,Cornish-Fisher VaR (5%),Historic CVaR (5%)
Mean Return,14.246184058677148,16.813237999394065,0.431437553544571,-32.697309367002696,-0.6033642478631221,13.01836895046828,0.034611131424228565,0.04908922460749322
