,Annualized Return,Annualized Vol,Sharpe Ratio,Max Drawdown,Skewness,Kurtosis,Cornish-Fisher VaR (5%),Historic CVaR (5%)
Mean Return,16.456165541500557,18.36022182036433,0.5088873417340593,-37.09730659377132,-0.35216555563903845,9.51125091009822,0.037726607252358185,0.05478200322852231
