,Annualized Return,Annualized Vol,Sharpe Ratio,Max Drawdown,Skewness,Kurtosis,Cornish-Fisher VaR (5%),Historic CVaR (5%)
Mean Return,15.206075673778141,17.588766836173786,0.46323762906115074,-32.73648512124656,-0.5341559627762518,12.428119849877913,0.0359904975415567,0.05200664749689243
