,Annualized Return,Annualized Vol,Sharpe Ratio,Max Drawdown,Skewness,Kurtosis,Cornish-Fisher VaR (5%),Historic CVaR (5%)
Mean Return,17.392345518817788,17.077619187482497,0.6033550600970904,-34.550929355546515,-0.09793509067328152,7.1257393746486,0.034556410909631595,0.05108317637917228
