,Annualized Return,Annualized Vol,Sharpe Ratio,Max Drawdown,Skewness,Kurtosis,Cornish-Fisher VaR (5%),Historic CVaR (5%)
Mean Return,17.26779793957911,18.58831468229779,0.5427374751941194,-36.08689982372748,-0.4142971754254921,12.847843937684187,0.03679499380018967,0.054208379233847886
