,Annualized Return,Annualized Vol,Sharpe Ratio,Max Drawdown,Skewness,Kurtosis,Cornish-Fisher VaR (5%),Historic CVaR (5%)
Mean Return,15.19882776604613,15.666250033248119,0.5204575979301411,-27.827818316301904,-0.794442986183642,13.193648132840078,0.032930134354982696,0.04568584641627624
