,Annualized Return,Annualized Vol,Sharpe Ratio,Max Drawdown,Skewness,Kurtosis,Cornish-Fisher VaR (5%),Historic CVaR (5%)
Mean Return,16.059685676620884,15.649260098249279,0.5749691770225226,-29.933547793567257,-0.6368679331715803,9.516777650996142,0.03346332516974315,0.04680512905546882
