,Annualized Return,Annualized Vol,Sharpe Ratio,Max Drawdown,Skewness,Kurtosis,Cornish-Fisher VaR (5%),Historic CVaR (5%)
Mean Return,16.563736622277503,17.056284008828317,0.5565518184718035,-32.763332550250595,-0.791478754555888,8.449079262628405,0.03804926121715737,0.05314921071530744
