,Annualized Return,Annualized Vol,Sharpe Ratio,Max Drawdown,Skewness,Kurtosis,Cornish-Fisher VaR (5%),Historic CVaR (5%)
Mean Return,16.632877551207613,18.827646052605164,0.5049715201624112,-36.97859263975319,-0.3338002921485807,9.935269782123939,0.038366023374767876,0.05744227949415484
