,Annualized Return,Annualized Vol,Sharpe Ratio,Max Drawdown,Skewness,Kurtosis,Cornish-Fisher VaR (5%),Historic CVaR (5%)
Mean Return,9.443651278201347,17.345204125764663,0.16051698218013877,-33.74813129940624,-0.6744623846634447,11.46170108900453,0.03777136862779134,0.054354234198290816
