,Annualized Return,Annualized Vol,Sharpe Ratio,Max Drawdown,Skewness,Kurtosis,Cornish-Fisher VaR (5%),Historic CVaR (5%)
Mean Return,14.45147356243357,15.852581113321868,0.47587978729635566,-34.172964627311636,-0.7726365002807669,6.8375920261894,0.0364937603682137,0.04964954335440612
