,Annualized Return,Annualized Vol,Sharpe Ratio,Max Drawdown,Skewness,Kurtosis,Cornish-Fisher VaR (5%),Historic CVaR (5%)
Mean Return,12.978618833086975,17.525635307163633,0.35018834770881735,-30.142672501844665,-0.7026887864958599,9.836355195195951,0.03853726732123916,0.05609928440374708
