,Annualized Return,Annualized Vol,Sharpe Ratio,Max Drawdown,Skewness,Kurtosis,Cornish-Fisher VaR (5%),Historic CVaR (5%)
Mean Return,20.046872440039575,14.086861117133868,0.9118623871606927,-23.2614155476382,-0.8971171229365377,7.307724995308507,0.031645086458573786,0.043387879187102976
