,Annualized Return,Annualized Vol,Sharpe Ratio,Max Drawdown,Skewness,Kurtosis,Cornish-Fisher VaR (5%),Historic CVaR (5%)
Mean Return,13.638408600615847,14.360087416895562,0.4716501530001776,-31.50157032014861,-0.8292198097154129,6.741469397536208,0.03330526993582197,0.04769183878239334
