,Annualized Return,Annualized Vol,Sharpe Ratio,Max Drawdown,Skewness,Kurtosis,Cornish-Fisher VaR (5%),Historic CVaR (5%)
Mean Return,12.91177839237514,16.357473148846037,0.3692899837237515,-31.917139326187936,-1.0319385101211138,13.708485665907638,0.0359635655915957,0.049413594654290766
