,Annualized Return,Annualized Vol,Sharpe Ratio,Max Drawdown,Skewness,Kurtosis,Cornish-Fisher VaR (5%),Historic CVaR (5%)
Mean Return,14.499481894100018,16.48732932953894,0.4867180443522201,-28.530996717289153,-1.0120934008176699,13.275415769899306,0.037438174375683926,0.04881466512848115
