,Annualized Return,Annualized Vol,Sharpe Ratio,Max Drawdown,Skewness,Kurtosis,Cornish-Fisher VaR (5%),Historic CVaR (5%)
Mean Return,15.523181748847703,16.818244445762822,0.5034164654441159,-34.39378021324465,-0.5864087188554059,9.441509580888487,0.03597918136209313,0.05011389982101113
