,Annualized Return,Annualized Vol,Sharpe Ratio,Max Drawdown,Skewness,Kurtosis,Cornish-Fisher VaR (5%),Historic CVaR (5%)
Mean Return,13.8815107745077,17.59882182030164,0.3942115645874075,-29.14833953503021,-0.15615542724183598,8.836914023581228,0.035486466345497326,0.05130749687664995
