,Annualized Return,Annualized Vol,Sharpe Ratio,Max Drawdown,Skewness,Kurtosis,Cornish-Fisher VaR (5%),Historic CVaR (5%)
Mean Return,16.001279267549997,17.16097651534298,0.5184716042751365,-28.3362924592341,-0.7477141201657936,13.875193305658506,0.03555204541889973,0.05189247838200445
