,Annualized Return,Annualized Vol,Sharpe Ratio,Max Drawdown,Skewness,Kurtosis,Cornish-Fisher VaR (5%),Historic CVaR (5%)
Mean Return,12.165020858529196,17.515924123771292,0.30604109124085954,-31.0824144131421,-0.5205630414632225,10.477592339591348,0.037184545815170396,0.05337326897841686
