,Annualized Return,Annualized Vol,Sharpe Ratio,Max Drawdown,Skewness,Kurtosis,Cornish-Fisher VaR (5%),Historic CVaR (5%)
Mean Return,17.042999735041242,16.35853938916658,0.607858566419214,-31.071274634037366,-0.788516533296012,11.85488410612031,0.034728371648930584,0.048901192889604615
