,Annualized Return,Annualized Vol,Sharpe Ratio,Max Drawdown,Skewness,Kurtosis,Cornish-Fisher VaR (5%),Historic CVaR (5%)
Mean Return,9.40390195902452,18.69124387112418,0.14594154965525732,-31.227680314615924,-0.07088126725037182,9.955278864881777,0.037395905468858126,0.05775390235442415
