,Annualized Return,Annualized Vol,Sharpe Ratio,Max Drawdown,Skewness,Kurtosis,Cornish-Fisher VaR (5%),Historic CVaR (5%)
Mean Return,10.672326396685893,17.037211372317394,0.23123461097273232,-31.80408647194447,-0.6327220344367851,10.010134887313878,0.037294925644862524,0.05443133643388508
