,Annualized Return,Annualized Vol,Sharpe Ratio,Max Drawdown,Skewness,Kurtosis,Cornish-Fisher VaR (5%),Historic CVaR (5%)
Mean Return,11.23317820547085,14.4373480317666,0.308121617255875,-24.178218895840097,-0.7017231091219048,8.386064819384693,0.03226496165625154,0.045159513569044595
