,Annualized Return,Annualized Vol,Sharpe Ratio,Max Drawdown,Skewness,Kurtosis,Cornish-Fisher VaR (5%),Historic CVaR (5%)
Mean Return,12.723915977539836,17.52556397571972,0.33586402856165265,-32.72147290233856,-0.6754305353062656,11.306415431834735,0.03768697752932033,0.05472471014228125
