,Annualized Return,Annualized Vol,Sharpe Ratio,Max Drawdown,Skewness,Kurtosis,Cornish-Fisher VaR (5%),Historic CVaR (5%)
Mean Return,13.291852162147055,15.15206462220528,0.4228450060009575,-28.494644302920825,-1.2135685981065898,12.811819904287283,0.03440093705050237,0.047163593412698365
