,Annualized Return,Annualized Vol,Skewness,Kurtosis,Cornish-Fisher VaR (5%),Historic CVaR (5%),Sharpe Ratio,Max Drawdown
Mean Return,0.11432826826579134,0.13553818035131993,-0.5455365005336759,6.203728594181922,0.030487355943877668,0.04194506640086925,0.34961776502048914,-0.3095918005934956
