,Annualized Return,Annualized Vol,Sharpe Ratio,Max Drawdown,Skewness,Kurtosis,Cornish-Fisher VaR (5%),Historic CVaR (5%)
Mean Return,3.8991362175038846,17.101347313168052,-0.14467130812942944,-45.02727023921704,-2.0095297934147487,18.67975713727844,0.04218097642089679,0.06215602798966641
