,Annualized Return,Annualized Vol,Skewness,Kurtosis,Cornish-Fisher VaR (5%),Historic CVaR (5%),Sharpe Ratio,Max Drawdown
Mean Return,0.046743740934120925,0.16191711464157227,-0.7143394840512937,7.510588896415631,0.03804639979460857,0.05174641126724481,-0.1072013361108021,-0.38758022325537783
