,Annualized Return,Annualized Vol,Sharpe Ratio,Max Drawdown,Skewness,Kurtosis,Cornish-Fisher VaR (5%),Historic CVaR (5%)
Mean Return,17.554662817609447,15.274558149614379,0.6825172002236587,-25.832722168013948,-0.4261661089167598,6.657194935039138,0.03237346216402941,0.047233821804787815
