,Annualized Return,Annualized Vol,Sharpe Ratio,Max Drawdown,Skewness,Kurtosis,Cornish-Fisher VaR (5%),Historic CVaR (5%)
Mean Return,10.78942184698548,16.53610263960822,0.24261047615661932,-29.717279453454044,-1.434745993487914,14.669626350181824,0.038490272716658364,0.05007231695998947
