,Annualized Return,Annualized Vol,Sharpe Ratio,Max Drawdown,Skewness,Kurtosis,Cornish-Fisher VaR (5%),Historic CVaR (5%)
Mean Return,10.760274711328211,15.668416849235136,0.2598485463618902,-44.052145057107694,-0.5935884487703177,6.162340387127044,0.03596525091724629,0.053512128281252305
