,Annualized Return,Annualized Vol,Sharpe Ratio,Max Drawdown,Skewness,Kurtosis,Cornish-Fisher VaR (5%),Historic CVaR (5%)
Mean Return,12.418137164806776,14.877980457909517,0.3750285693255959,-35.30074901025146,-1.474027896322305,13.585007684223447,0.034807498712733836,0.04782632947108795
