,Annualized Return,Annualized Vol,Sharpe Ratio,Max Drawdown,Skewness,Kurtosis,Cornish-Fisher VaR (5%),Historic CVaR (5%)
Mean Return,7.975486907376794,14.252648158335221,0.09723355268736353,-28.594240797011555,-1.1960916236412318,10.044317646988322,0.03416676986880642,0.04700527017162046
