,Annualized Return,Annualized Vol,Sharpe Ratio,Max Drawdown,Skewness,Kurtosis,Cornish-Fisher VaR (5%),Historic CVaR (5%)
Mean Return,14.025032210889442,18.814629279652866,0.37743273369611735,-27.26507355643993,0.1876761616640476,7.445754244702228,0.036247590096964,0.055945993046882546
