,Annualized Return,Annualized Vol,Sharpe Ratio,Max Drawdown,Skewness,Kurtosis,Cornish-Fisher VaR (5%),Historic CVaR (5%)
Mean Return,11.756146675523604,15.928538805394366,0.3363429128774613,-30.198354574871512,-0.7877199980281833,8.037296863764764,0.03735846958407495,0.0512591591615447
