,Annualized Return,Annualized Vol,Skewness,Kurtosis,Cornish-Fisher VaR (5%),Historic CVaR (5%),Sharpe Ratio,Max Drawdown
Mean Return,0.1241388625595341,0.1397922939461243,-0.5186328473346531,5.480421481156667,0.03149188168826467,0.044485414966410904,0.40255403767950065,-0.33798729983368575
