,Annualized Return,Annualized Vol,Sharpe Ratio,Max Drawdown,Skewness,Kurtosis,Cornish-Fisher VaR (5%),Historic CVaR (5%)
Mean Return,15.344798462481513,16.017876871922436,0.5190279320895063,-34.31257603747883,-0.71800639172974,6.912898390902566,0.03605279186285819,0.04970134661279142
