,Annualized Return,Annualized Vol,Sharpe Ratio,Max Drawdown,Skewness,Kurtosis,Cornish-Fisher VaR (5%),Historic CVaR (5%)
Mean Return,18.806964697160545,14.11235143777117,0.8209738119723105,-25.210389445943882,-0.8135703754159634,8.524261482902123,0.03073035785038058,0.041578091414080615
