,Annualized Return,Annualized Vol,Sharpe Ratio,Max Drawdown,Skewness,Kurtosis,Cornish-Fisher VaR (5%),Historic CVaR (5%)
Mean Return,13.727353741076541,17.20133459824737,0.39489976926667597,-33.907021526108956,-0.3886962584907373,8.551446969660361,0.03631767863847881,0.05164561533449269
