,Annualized Return,Annualized Vol,Sharpe Ratio,Max Drawdown,Skewness,Kurtosis,Cornish-Fisher VaR (5%),Historic CVaR (5%)
Mean Return,15.941566886528458,16.0780456239685,0.5500386544625526,-27.93106240162307,-1.0763870693093596,14.606926052227191,0.034657650010677304,0.0464415909590944
