,Annualized Return,Annualized Vol,Sharpe Ratio,Max Drawdown,Skewness,Kurtosis,Cornish-Fisher VaR (5%),Historic CVaR (5%)
Mean Return,18.31602557608065,15.299856101047121,0.7281895278394396,-27.65054279720683,-0.5014014614499901,7.163739432824684,0.03251529717908782,0.046510283512403924
