,Annualized Return,Annualized Vol,Sharpe Ratio,Max Drawdown,Skewness,Kurtosis,Cornish-Fisher VaR (5%),Historic CVaR (5%)
Mean Return,1.949666885048762,15.523326388563632,-0.2515918708506232,-37.36148960494178,-1.8545530005081365,13.404361855440326,0.04137840345666048,0.05822585098139045
