,Annualized Return,Annualized Vol,Sharpe Ratio,Max Drawdown,Skewness,Kurtosis,Cornish-Fisher VaR (5%),Historic CVaR (5%)
Mean Return,18.611592503995755,14.359853580721902,0.7952282149076788,-24.696645826343993,-0.6396103235281776,7.027190241357994,0.031059302641808333,0.04388289478375019
