,Annualized Return,Annualized Vol,Sharpe Ratio,Max Drawdown,Skewness,Kurtosis,Cornish-Fisher VaR (5%),Historic CVaR (5%)
Mean Return,15.203116487121449,15.867386402838445,0.5229106780515753,-33.140269859503604,-0.3407180477448758,5.87114078431426,0.03430213113835024,0.04736049365238402
