,Annualized Return,Annualized Vol,Sharpe Ratio,Max Drawdown,Skewness,Kurtosis,Cornish-Fisher VaR (5%),Historic CVaR (5%)
Mean Return,15.726626950458567,16.869817293407195,0.5210318632438031,-38.44184555111599,-0.5431555461810496,9.809505698129108,0.03594058447438971,0.04988134581198382
