,Annualized Return,Annualized Vol,Sharpe Ratio,Max Drawdown,Skewness,Kurtosis,Cornish-Fisher VaR (5%),Historic CVaR (5%)
Mean Return,12.817000897391551,14.987912627059718,0.3937676585463185,-33.92377104139243,-0.7333468428069961,8.91089759011775,0.03325636738219914,0.04650610182590247
