,Annualized Return,Annualized Vol,Sharpe Ratio,Max Drawdown,Skewness,Kurtosis,Cornish-Fisher VaR (5%),Historic CVaR (5%)
Mean Return,11.19325999874723,13.570513324402697,0.33724343732305034,-25.86932074179663,-0.4802679480233292,5.210308473617066,0.030605970020309962,0.04307186862919949
