,Annualized Return,Annualized Vol,Sharpe Ratio,Max Drawdown,Skewness,Kurtosis,Cornish-Fisher VaR (5%),Historic CVaR (5%)
Mean Return,12.859945905157,14.634874602844992,0.40846407112356653,-27.991291920311255,-0.8774730867845926,8.519623467780953,0.03330370144446721,0.0461532083304273
