,Annualized Return,Annualized Vol,Sharpe Ratio,Max Drawdown,Skewness,Kurtosis,Cornish-Fisher VaR (5%),Historic CVaR (5%)
Mean Return,14.330539209049853,17.396270119060773,0.4467699093227617,-35.890561939624114,-1.1585084048858318,11.746838364268296,0.04093902315811817,0.05247597485828241
