,Annualized Return,Annualized Vol,Sharpe Ratio,Max Drawdown,Skewness,Kurtosis,Cornish-Fisher VaR (5%),Historic CVaR (5%)
Mean Return,14.340091610065997,19.43009437418328,0.3811500877787898,-29.74434586419561,-0.08192574551519327,8.554933312642863,0.03890806502657355,0.05829679875271548
