,Annualized Return,Annualized Vol,Sharpe Ratio,Max Drawdown,Skewness,Kurtosis,Cornish-Fisher VaR (5%),Historic CVaR (5%)
Mean Return,17.370721361939424,16.17760397410766,0.633712553017934,-28.951151713104178,-0.5218193182412075,11.253562588247021,0.03298061386872885,0.04721578606350897
