,Annualized Return,Annualized Vol,Sharpe Ratio,Max Drawdown,Skewness,Kurtosis,Cornish-Fisher VaR (5%),Historic CVaR (5%)
Mean Return,16.814196340571264,17.165604125120172,0.5638746193464701,-38.06454965445511,-0.6390990750976525,10.288225923876102,0.03647847708364369,0.050067596189821865
