,Annualized Return,Annualized Vol,Sharpe Ratio,Max Drawdown,Skewness,Kurtosis,Cornish-Fisher VaR (5%),Historic CVaR (5%)
Mean Return,13.807101583846038,18.517320779933154,0.39761053637697197,-33.65151814951212,-0.8223508157329739,11.603757846385573,0.04212642237442287,0.05538563618787397
