,Annualized Return,Annualized Vol,Sharpe Ratio,Max Drawdown,Skewness,Kurtosis,Cornish-Fisher VaR (5%),Historic CVaR (5%)
Mean Return,13.559234540656838,16.32507474518278,0.43191945289488465,-32.61592645439893,-1.1530809589014894,10.531954090136812,0.03894040156544097,0.054653350697516326
