,Annualized Return,Annualized Vol,Sharpe Ratio,Max Drawdown,Skewness,Kurtosis,Cornish-Fisher VaR (5%),Historic CVaR (5%)
Mean Return,14.971134002508379,19.448049068370487,0.41034199964551693,-36.1455756560629,-0.5863903074006467,10.040188237300772,0.04172791914831262,0.05703086998876226
