,Annualized Return,Annualized Vol,Sharpe Ratio,Max Drawdown,Skewness,Kurtosis,Cornish-Fisher VaR (5%),Historic CVaR (5%)
Mean Return,13.35033207646208,16.89411854477472,0.38014228424923785,-35.57377713092483,-0.8378152980923326,10.027373528537366,0.0377505006443422,0.052784527299903176
