,Annualized Return,Annualized Vol,Sharpe Ratio,Max Drawdown,Skewness,Kurtosis,Cornish-Fisher VaR (5%),Historic CVaR (5%)
Mean Return,15.38587875711488,16.155906554113688,0.5152619816265666,-27.225279610153642,-0.8715233277048504,13.396847199377252,0.034345131517797084,0.04696567171205933
