,Annualized Return,Annualized Vol,Sharpe Ratio,Max Drawdown,Skewness,Kurtosis,Cornish-Fisher VaR (5%),Historic CVaR (5%)
Mean Return,11.810819209685363,17.237929071717907,0.28741089007356596,-37.4374416546139,-0.6116977144895648,8.571028062357767,0.038139836424119236,0.05289713335660399
