,Annualized Return,Annualized Vol,Sharpe Ratio,Max Drawdown,Skewness,Kurtosis,Cornish-Fisher VaR (5%),Historic CVaR (5%)
Mean Return,17.077872013572804,14.826018317336734,0.6695637612186864,-30.618050447187112,-1.5166809974892486,12.53805204501916,0.03454704846844655,0.04792195190613834
