,Annualized Return,Annualized Vol,Sharpe Ratio,Max Drawdown,Skewness,Kurtosis,Cornish-Fisher VaR (5%),Historic CVaR (5%)
Mean Return,18.56516935053607,15.308689447603177,0.7408634432556119,-26.39416759079228,-0.90168868410251,7.948780886518108,0.03435937738777482,0.04853710247848484
