,Annualized Return,Annualized Vol,Sharpe Ratio,Max Drawdown,Skewness,Kurtosis,Cornish-Fisher VaR (5%),Historic CVaR (5%)
Mean Return,11.976825834544114,16.274751072803316,0.34178027972282043,-31.25992190798555,-0.9314427441414991,8.982287151799003,0.03856290552124889,0.05282030242096367
