,Annualized Return,Annualized Vol,Sharpe Ratio,Max Drawdown,Skewness,Kurtosis,Cornish-Fisher VaR (5%),Historic CVaR (5%)
Mean Return,14.959890848168023,17.031645152652995,0.46791119259399466,-31.61377699208235,-0.702606275292322,10.687830070246273,0.03665843704202659,0.05160702772696165
