,Annualized Return,Annualized Vol,Sharpe Ratio,Max Drawdown,Skewness,Kurtosis,Cornish-Fisher VaR (5%),Historic CVaR (5%)
Mean Return,15.281050996874534,16.297948733206237,0.5129308760136551,-36.47107699075791,-0.5381962262469835,7.946730775548659,0.03554047140503641,0.04955909739066742
