,Annualized Return,Annualized Vol,Sharpe Ratio,Max Drawdown,Skewness,Kurtosis,Cornish-Fisher VaR (5%),Historic CVaR (5%)
Mean Return,17.211973318624608,15.015678522015689,0.6728229839272261,-27.8508098019708,-0.6897877067135699,8.717686322912025,0.03240996342659838,0.047007274083610905
