,Annualized Return,Annualized Vol,Sharpe Ratio,Max Drawdown,Skewness,Kurtosis,Cornish-Fisher VaR (5%),Historic CVaR (5%)
Mean Return,14.150717467335605,17.703020081910555,0.40618512283849517,-32.55886630399639,-0.47496480130860047,11.558277717925181,0.03645996667539997,0.0496214241636131
