,Annualized Return,Annualized Vol,Sharpe Ratio,Max Drawdown,Skewness,Kurtosis,Cornish-Fisher VaR (5%),Historic CVaR (5%)
Mean Return,17.553105230238273,16.513307055775233,0.6301766248401413,-29.525696001788994,-0.6765348062760768,10.506261567230254,0.03497311223451205,0.048958198242697565
