,Annualized Return,Annualized Vol,Sharpe Ratio,Max Drawdown,Skewness,Kurtosis,Cornish-Fisher VaR (5%),Historic CVaR (5%)
Mean Return,16.229367169986553,16.55924903076161,0.5503844609268381,-27.09248055217684,-0.9474527708739824,13.52003294012158,0.03549973534023613,0.049447800016116955
