,Annualized Return,Annualized Vol,Sharpe Ratio,Max Drawdown,Skewness,Kurtosis,Cornish-Fisher VaR (5%),Historic CVaR (5%)
Mean Return,0.8927646314176974,18.273347644120868,-0.28404548433830706,-50.676181653531316,-0.8430361254070341,10.48011717948996,0.04344857555144371,0.06755222520399501
