,Annualized Return,Annualized Vol,Sharpe Ratio,Max Drawdown,Skewness,Kurtosis,Cornish-Fisher VaR (5%),Historic CVaR (5%)
Mean Return,13.53802615292501,17.064355721423453,0.3856728727087356,-36.10298505394178,-1.0144046047328776,12.305562172113817,0.038078844485176136,0.051496592798143774
