,Annualized Return,Annualized Vol,Sharpe Ratio,Max Drawdown,Skewness,Kurtosis,Cornish-Fisher VaR (5%),Historic CVaR (5%)
Mean Return,10.550482518912595,16.720738460073832,0.251766155488637,-32.09331736510192,-0.9409918564359812,8.765318463230138,0.04009871286015272,0.054765961976184885
