,Annualized Return,Annualized Vol,Sharpe Ratio,Max Drawdown,Skewness,Kurtosis,Cornish-Fisher VaR (5%),Historic CVaR (5%)
Mean Return,15.910909765427794,19.289559609496497,0.45671554092011235,-30.787443811084408,-0.15493974770674196,9.895771683324678,0.03820304115318275,0.05745288741927638
