,Annualized Return,Annualized Vol,Sharpe Ratio,Max Drawdown,Skewness,Kurtosis,Cornish-Fisher VaR (5%),Historic CVaR (5%)
Mean Return,12.06106870212329,16.4572336365189,0.3428191560631922,-31.660292479081786,-1.0560228905150784,9.392543290947323,0.039530058676794544,0.054619583820055696
