,Annualized Return,Annualized Vol,Skewness,Kurtosis,Cornish-Fisher VaR (5%),Historic CVaR (5%),Sharpe Ratio,Max Drawdown
Mean Return,0.10541903366661609,0.14220000907142533,-1.1502228924761815,10.864325370058499,0.03310221144739261,0.04551357318029653,0.26475745376669696,-0.313210834983854
