,Annualized Return,Annualized Vol,Sharpe Ratio,Max Drawdown,Skewness,Kurtosis,Cornish-Fisher VaR (5%),Historic CVaR (5%)
Mean Return,11.795817897420946,16.786226110475646,0.2964890939618197,-31.777330182936588,-0.7069484127904518,12.339287584886497,0.03588841734552786,0.05115541798897799
