,Annualized Return,Annualized Vol,Sharpe Ratio,Max Drawdown,Skewness,Kurtosis,Cornish-Fisher VaR (5%),Historic CVaR (5%)
Mean Return,12.32265598246174,15.684951022163855,0.3582258430747893,-31.13332756676336,-0.5175662521134572,6.256786044474609,0.03522096273989925,0.05037106558828461
