,Annualized Return,Annualized Vol,Skewness,Kurtosis,Cornish-Fisher VaR (5%),Historic CVaR (5%),Sharpe Ratio,Max Drawdown
Mean Return,0.058233926177223116,0.14857185448641394,-0.695889921395833,6.283205127200971,0.03540114395559857,0.05083736123792114,-0.038545086341659936,-0.36561227051505835
