,Annualized Return,Annualized Vol,Sharpe Ratio,Max Drawdown,Skewness,Kurtosis,Cornish-Fisher VaR (5%),Historic CVaR (5%)
Mean Return,13.091826080216705,16.653723239306984,0.37296010593901197,-28.651319237557082,-1.1796541018856408,12.177147992306681,0.03815680540592003,0.051074098220331994
