,Annualized Return,Annualized Vol,Sharpe Ratio,Max Drawdown,Skewness,Kurtosis,Cornish-Fisher VaR (5%),Historic CVaR (5%)
Mean Return,17.52431188433301,16.397269615783976,0.6340287386076111,-31.624367935761597,-0.7001650194732962,12.163464633592199,0.034082267625706354,0.048988337150230044
