,Annualized Return,Annualized Vol,Sharpe Ratio,Max Drawdown,Skewness,Kurtosis,Cornish-Fisher VaR (5%),Historic CVaR (5%)
Mean Return,13.043058126996199,17.85038549904055,0.3466547586067627,-35.392327778359025,-0.5999159103030549,8.883179997847716,0.0391083187138464,0.05547018158842893
