,Annualized Return,Annualized Vol,Sharpe Ratio,Max Drawdown,Skewness,Kurtosis,Cornish-Fisher VaR (5%),Historic CVaR (5%)
Mean Return,13.205902575251404,18.72603123461757,0.3348168937298704,-35.31102753325693,-0.44267926326424517,12.946463777523883,0.03790855662309928,0.056314818678463406
