,Annualized Return,Annualized Vol,Sharpe Ratio,Max Drawdown,Skewness,Kurtosis,Cornish-Fisher VaR (5%),Historic CVaR (5%)
Mean Return,11.111091838202647,18.58384734453872,0.2351022954665786,-28.32612544498452,0.12441450238509813,9.376554067338052,0.03573157459749591,0.05685309096019654
