,Annualized Return,Annualized Vol,Sharpe Ratio,Max Drawdown,Skewness,Kurtosis,Cornish-Fisher VaR (5%),Historic CVaR (5%)
Mean Return,11.408465078879315,15.793347362535199,0.2978693087099716,-33.7331238475134,-1.0896527828038205,9.202632248176384,0.037551799281508695,0.051107119017284264
