,Annualized Return,Annualized Vol,Sharpe Ratio,Max Drawdown,Skewness,Kurtosis,Cornish-Fisher VaR (5%),Historic CVaR (5%)
Mean Return,11.215644855853114,16.420262303821907,0.26872223048447774,-30.360451313939517,-1.4820671574501536,15.02081361093379,0.03822057357458302,0.051618502770808664
