,Annualized Return,Annualized Vol,Sharpe Ratio,Max Drawdown,Skewness,Kurtosis,Cornish-Fisher VaR (5%),Historic CVaR (5%)
Mean Return,14.264539123917741,13.99440350836835,0.5569534763155723,-30.524521680865636,-1.4774381740563927,15.632519347153616,0.03270665403820468,0.04565459275479174
