,Annualized Return,Annualized Vol,Sharpe Ratio,Max Drawdown,Skewness,Kurtosis,Cornish-Fisher VaR (5%),Historic CVaR (5%)
Mean Return,13.95051568923844,17.020736119213318,0.4094391294518351,-34.81629244962524,-0.9780763939558016,13.003590848588619,0.037363109677685365,0.05062382617346768
