,Annualized Return,Annualized Vol,Sharpe Ratio,Max Drawdown,Skewness,Kurtosis,Cornish-Fisher VaR (5%),Historic CVaR (5%)
Mean Return,11.604630890423074,15.97651599252227,0.3022717515406007,-24.400877635540898,-0.29686736954379844,5.918963451467335,0.03455599027729199,0.04914835903392395
