,Annualized Return,Annualized Vol,Sharpe Ratio,Max Drawdown,Skewness,Kurtosis,Cornish-Fisher VaR (5%),Historic CVaR (5%)
Mean Return,17.019404408433658,16.92711268098465,0.5898763005459626,-36.96997222448332,-0.5643510332407097,9.440430842576685,0.036167978392975884,0.04970900466536959
