,Annualized Return,Annualized Vol,Sharpe Ratio,Max Drawdown,Skewness,Kurtosis,Cornish-Fisher VaR (5%),Historic CVaR (5%)
Mean Return,15.91505622501539,15.780848064917635,0.567546307789079,-31.0267182089341,-0.8968566613452315,8.70746333891454,0.03591493234170509,0.04751048814666901
