,Annualized Return,Annualized Vol,Sharpe Ratio,Max Drawdown,Skewness,Kurtosis,Cornish-Fisher VaR (5%),Historic CVaR (5%)
Mean Return,10.819572122862509,16.666124044560394,0.2673417282236482,-30.710153739920315,-0.8133788625286462,8.041236618057606,0.03950162337227913,0.053739585712232064
