,Annualized Return,Annualized Vol,Sharpe Ratio,Max Drawdown,Skewness,Kurtosis,Cornish-Fisher VaR (5%),Historic CVaR (5%)
Mean Return,12.54689565369449,14.615440152750104,0.38776906181576154,-33.92377104139242,-0.7194302129382882,9.007992238010742,0.03230936378565262,0.04475279567967607
