,Annualized Return,Annualized Vol,Sharpe Ratio,Max Drawdown,Skewness,Kurtosis,Cornish-Fisher VaR (5%),Historic CVaR (5%)
Mean Return,15.859295119001926,16.076544856633454,0.5538396437275056,-32.02375065928008,-0.757224081760756,8.17821300921229,0.03609253849428307,0.04837868867342796
