,Annualized Return,Annualized Vol,Sharpe Ratio,Max Drawdown,Skewness,Kurtosis,Cornish-Fisher VaR (5%),Historic CVaR (5%)
Mean Return,18.167446475587013,13.818950383906337,0.7983092324063996,-24.50738827919557,-0.7075935468083203,6.21336789070826,0.03048414898523667,0.044779124502627075
