,Annualized Return,Annualized Vol,Skewness,Kurtosis,Cornish-Fisher VaR (5%),Historic CVaR (5%),Sharpe Ratio,Max Drawdown
Mean Return,0.07225022744120779,0.1372928873425875,-1.156808026444959,9.577737007983181,0.03393993561215736,0.046891723221548866,0.07806853669409702,-0.2886536764511071
