,Annualized Return,Annualized Vol,Sharpe Ratio,Max Drawdown,Skewness,Kurtosis,Cornish-Fisher VaR (5%),Historic CVaR (5%)
Mean Return,9.921893141475069,14.845959068755349,0.216595039203497,-36.09619364459317,-1.4523319836444841,14.210730922660005,0.03480480134978449,0.046790117580239626
