,Annualized Return,Annualized Vol,Sharpe Ratio,Max Drawdown,Skewness,Kurtosis,Cornish-Fisher VaR (5%),Historic CVaR (5%)
Mean Return,15.181258804828746,17.98972226954542,0.4535662734586007,-38.86745715105044,-0.4000242818971488,9.099093727321335,0.03763762924904741,0.05323882957164121
