,Annualized Return,Annualized Vol,Sharpe Ratio,Max Drawdown,Skewness,Kurtosis,Cornish-Fisher VaR (5%),Historic CVaR (5%)
Mean Return,14.316458701561107,16.005865473688647,0.46198759272856393,-30.14281591855461,-0.6166468488813435,10.004636764710183,0.03422839410468143,0.047979810934834805
