,Annualized Return,Annualized Vol,Sharpe Ratio,Max Drawdown,Skewness,Kurtosis,Cornish-Fisher VaR (5%),Historic CVaR (5%)
Mean Return,15.393828545792566,17.3219909669703,0.48463208418854403,-29.14833953503021,-0.16017618987040824,8.859713598165444,0.034644203521404834,0.04920669403246302
