,Annualized Return,Annualized Vol,Sharpe Ratio,Max Drawdown,Skewness,Kurtosis,Cornish-Fisher VaR (5%),Historic CVaR (5%)
Mean Return,13.631613986442591,14.834957846302418,0.45514480922185346,-26.77210105694778,-0.7169955806846932,7.446139852277411,0.033251656848749596,0.04665344149697298
