,Annualized Return,Annualized Vol,Sharpe Ratio,Max Drawdown,Skewness,Kurtosis,Cornish-Fisher VaR (5%),Historic CVaR (5%)
Mean Return,12.650812456398143,17.111678863267272,0.33997545279946734,-29.70710289088729,-0.6746538823344698,10.66503233044231,0.037063763240178814,0.05276954385704734
