,Annualized Return,Annualized Vol,Sharpe Ratio,Max Drawdown,Skewness,Kurtosis,Cornish-Fisher VaR (5%),Historic CVaR (5%)
Mean Return,13.186644590603436,17.447555177731047,0.36679855724288807,-32.694873509376805,-0.45043983505624596,9.15210208484211,0.03741738294822272,0.05448612050280235
