,Annualized Return,Annualized Vol,Sharpe Ratio,Max Drawdown,Skewness,Kurtosis,Cornish-Fisher VaR (5%),Historic CVaR (5%)
Mean Return,13.767167248615975,16.395255162882847,0.4156147506361143,-33.993046823903164,-0.915701941200885,9.922478357569563,0.03699449367545846,0.04962857785728806
