,Annualized Return,Annualized Vol,Sharpe Ratio,Max Drawdown,Skewness,Kurtosis,Cornish-Fisher VaR (5%),Historic CVaR (5%)
Mean Return,14.263092176202763,16.815363257701556,0.4317752194108256,-33.637826675504435,-0.8963312349645638,9.460413922119235,0.038022231016875456,0.051167266163283355
