,Annualized Return,Annualized Vol,Sharpe Ratio,Max Drawdown,Skewness,Kurtosis,Cornish-Fisher VaR (5%),Historic CVaR (5%)
Mean Return,16.59888285784281,18.250045469252196,0.5219481923568116,-32.03335287041957,-0.36719465711173044,9.876523366977437,0.037351149217699595,0.056877257080010596
