,Annualized Return,Annualized Vol,Sharpe Ratio,Max Drawdown,Skewness,Kurtosis,Cornish-Fisher VaR (5%),Historic CVaR (5%)
Mean Return,14.209042850433185,18.751431770456577,0.38812424000569096,-36.02327060666723,-0.5877493432046883,8.683065289977776,0.04100084424765481,0.0579182226998074
