,Annualized Return,Annualized Vol,Sharpe Ratio,Max Drawdown,Skewness,Kurtosis,Cornish-Fisher VaR (5%),Historic CVaR (5%)
Mean Return,10.133582180165668,15.382967723569099,0.22003754830654193,-32.90752759586776,-1.3608851041223622,13.310395319751997,0.03603572100843248,0.04879096947056041
