,Annualized Return,Annualized Vol,Sharpe Ratio,Max Drawdown,Skewness,Kurtosis,Cornish-Fisher VaR (5%),Historic CVaR (5%)
Mean Return,9.741497254484921,13.718005557852104,0.22205953441828566,-25.563266178695066,-0.5686340429732137,6.021394466983221,0.03107406507207261,0.04434774844928667
