,Annualized Return,Annualized Vol,Sharpe Ratio,Max Drawdown,Skewness,Kurtosis,Cornish-Fisher VaR (5%),Historic CVaR (5%)
Mean Return,14.860832952005264,14.411731883298604,0.5431757265819405,-31.71334443488546,-1.2306249084688845,12.43572301694516,0.03259172967165972,0.045718634024299376
