,Annualized Return,Annualized Vol,Sharpe Ratio,Max Drawdown,Skewness,Kurtosis,Cornish-Fisher VaR (5%),Historic CVaR (5%)
Mean Return,12.643054251733554,19.26950845030902,0.3002778454823017,-43.683693428972106,-0.5426613512039814,14.187723643237351,0.03919537999039478,0.05901808823545187
