,Annualized Return,Annualized Vol,Sharpe Ratio,Max Drawdown,Skewness,Kurtosis,Cornish-Fisher VaR (5%),Historic CVaR (5%)
Mean Return,15.313047360750387,16.112647651891223,0.5206936560163642,-29.92135551427642,-0.6106844543560711,7.77332264701744,0.0356029694978166,0.048173030325479003
