,Annualized Return,Annualized Vol,Sharpe Ratio,Max Drawdown,Skewness,Kurtosis,Cornish-Fisher VaR (5%),Historic CVaR (5%)
Mean Return,15.237476089980785,15.668428947819008,0.528523293585802,-34.172964627311636,-0.7861968596359411,6.954533023654917,0.03593547827812688,0.04964954335440612
