,Annualized Return,Annualized Vol,Sharpe Ratio,Max Drawdown,Skewness,Kurtosis,Cornish-Fisher VaR (5%),Historic CVaR (5%)
Mean Return,10.909513065115938,19.175965275662033,0.23674427391967617,-45.29420335313185,-1.0928597671470037,10.868351512347324,0.04603658102536987,0.06478309910197297
