,Annualized Return,Annualized Vol,Sharpe Ratio,Max Drawdown,Skewness,Kurtosis,Cornish-Fisher VaR (5%),Historic CVaR (5%)
Mean Return,16.51893945073166,16.82876452044233,0.5666161193158746,-37.92287229746223,-0.5151360069827966,9.048383652515506,0.03590037716999736,0.04957837939154408
