,Annualized Return,Annualized Vol,Sharpe Ratio,Max Drawdown,Skewness,Kurtosis,Cornish-Fisher VaR (5%),Historic CVaR (5%)
Mean Return,9.514898750196355,14.527968414222068,0.1950038251856401,-27.925788434672928,-1.170346903781301,12.800895930864819,0.033331828399132034,0.0464235960456515
