,Annualized Return,Annualized Vol,Sharpe Ratio,Max Drawdown,Skewness,Kurtosis,Cornish-Fisher VaR (5%),Historic CVaR (5%)
Mean Return,16.994670440809443,16.06164262118699,0.6141911059673113,-28.889789474695448,-0.4810760624527642,6.665030704548723,0.03461698847495425,0.048329363522269075
