,Annualized Return,Annualized Vol,Sharpe Ratio,Max Drawdown,Skewness,Kurtosis,Cornish-Fisher VaR (5%),Historic CVaR (5%)
Mean Return,14.7246226628996,16.731626939166297,0.4599338669103828,-27.371466266938338,-1.0807760296624682,14.3169382946558,0.03652950070949958,0.050477249527511495
