,Annualized Return,Annualized Vol,Sharpe Ratio,Max Drawdown,Skewness,Kurtosis,Cornish-Fisher VaR (5%),Historic CVaR (5%)
Mean Return,18.602032648138533,13.660720922943895,0.8376270107742287,-25.223991215824544,-0.8187602060748568,6.809456385988934,0.030662743732727163,0.0444203413552116
