,Annualized Return,Annualized Vol,Sharpe Ratio,Max Drawdown,Skewness,Kurtosis,Cornish-Fisher VaR (5%),Historic CVaR (5%)
Mean Return,15.118121272518813,15.627790503923912,0.5289466544153719,-31.164142445910453,-0.567510881420078,6.288270470986549,0.0348741175166424,0.04885175744896323
