,Annualized Return,Annualized Vol,Sharpe Ratio,Max Drawdown,Skewness,Kurtosis,Cornish-Fisher VaR (5%),Historic CVaR (5%)
Mean Return,18.135075752405182,16.971261509153084,0.6485609537713464,-34.550929355546515,-0.05261913048693628,7.490559054660488,0.03371860212195429,0.049925660653333544
