,Annualized Return,Annualized Vol,Sharpe Ratio,Max Drawdown,Skewness,Kurtosis,Cornish-Fisher VaR (5%),Historic CVaR (5%)
Mean Return,14.661081144452437,15.717677076725444,0.4925119872637408,-33.47211214160157,-0.8316739934332297,7.271666067455096,0.03626432240173727,0.0500796423940814
