,Annualized Return,Annualized Vol,Sharpe Ratio,Max Drawdown,Skewness,Kurtosis,Cornish-Fisher VaR (5%),Historic CVaR (5%)
Mean Return,14.133423943957514,18.6957841650552,0.38635687091061216,-29.744345864195605,0.03218854137157832,9.119584000631656,0.036258615952455345,0.053804599112165855
