,Annualized Return,Annualized Vol,Sharpe Ratio,Max Drawdown,Skewness,Kurtosis,Cornish-Fisher VaR (5%),Historic CVaR (5%)
Mean Return,13.835676128035423,16.30428972749547,0.4218855153059656,-33.30084594963219,-0.681515647684079,8.939769687011928,0.03586955858847152,0.04846629924105028
