,Annualized Return,Annualized Vol,Skewness,Kurtosis,Cornish-Fisher VaR (5%),Historic CVaR (5%),Sharpe Ratio,Max Drawdown
Mean Return,0.13970948722017829,0.16743112746279962,-0.90762457359843,12.84153769427729,0.036382482733279486,0.05070534555861529,0.4173119687710049,-0.27627757582352647
