,Annualized Return,Annualized Vol,Sharpe Ratio,Max Drawdown,Skewness,Kurtosis,Cornish-Fisher VaR (5%),Historic CVaR (5%)
Mean Return,12.838488378857637,16.15415882830016,0.37537996430442494,-30.996514811548217,-0.1762144182039262,5.09565377205953,0.034708273492894993,0.049095653680104406
