,Annualized Return,Annualized Vol,Sharpe Ratio,Max Drawdown,Skewness,Kurtosis,Cornish-Fisher VaR (5%),Historic CVaR (5%)
Mean Return,16.814452054855057,16.437484149561154,0.5918633705579445,-31.39748060532859,-0.27529968568609997,11.399919122096115,0.03207044347851298,0.04679864578518218
