,Annualized Return,Annualized Vol,Sharpe Ratio,Max Drawdown,Skewness,Kurtosis,Cornish-Fisher VaR (5%),Historic CVaR (5%)
Mean Return,5.8227319622997875,17.01614294997081,-0.035485895606821166,-42.770670299306374,-0.2883028294037039,6.574320796640639,0.03758050501899857,0.055103856565258694
