,Annualized Return,Annualized Vol,Sharpe Ratio,Max Drawdown,Skewness,Kurtosis,Cornish-Fisher VaR (5%),Historic CVaR (5%)
Mean Return,15.93457435145007,16.778059701721297,0.5265726453628774,-28.03564452076316,-0.8549481288482526,13.85074158506921,0.035357052530210716,0.049666735227570695
