,Annualized Return,Annualized Vol,Sharpe Ratio,Max Drawdown,Skewness,Kurtosis,Cornish-Fisher VaR (5%),Historic CVaR (5%)
Mean Return,15.48902482528598,17.437694813003134,0.4856043022798441,-33.52470882868175,-1.0380220327814251,9.771214027732846,0.03998000371178664,0.05524415093323139
