,Annualized Return,Annualized Vol,Sharpe Ratio,Max Drawdown,Skewness,Kurtosis,Cornish-Fisher VaR (5%),Historic CVaR (5%)
Mean Return,12.059358818968203,14.676642081540495,0.35601736936150724,-28.334795061749173,-0.826514774454166,8.043835737516844,0.033476032516913876,0.046500581888561224
