,Annualized Return,Annualized Vol,Sharpe Ratio,Max Drawdown,Skewness,Kurtosis,Cornish-Fisher VaR (5%),Historic CVaR (5%)
Mean Return,14.754758637500998,16.326336600504913,0.48439292627668074,-32.31095724874961,-0.5047065474549892,6.58540101362865,0.03609300354902822,0.051944669298967794
