,Annualized Return,Annualized Vol,Skewness,Kurtosis,Cornish-Fisher VaR (5%),Historic CVaR (5%),Sharpe Ratio,Max Drawdown
Mean Return,0.030299861987479026,0.15123550558688215,-0.5553572248065662,7.672642366493235,0.03486874264781579,0.05010781122456524,-0.2179388883806122,-0.38842583092655436
