,Annualized Return,Annualized Vol,Sharpe Ratio,Max Drawdown,Skewness,Kurtosis,Cornish-Fisher VaR (5%),Historic CVaR (5%)
Mean Return,5.322921236795586,15.315375806068761,-0.0423159742484298,-37.21711325413945,-2.2554563944779824,19.3197075420255,0.039754761466939174,0.05594520959287693
