,Annualized Return,Annualized Vol,Skewness,Kurtosis,Cornish-Fisher VaR (5%),Historic CVaR (5%),Sharpe Ratio,Max Drawdown
Mean Return,0.1169352870036584,0.15735179182147477,-0.19401228390063674,5.522114503751164,0.03354087656548298,0.04731991537273817,0.3125146645141386,-0.21491423729389525
