,Annualized Return,Annualized Vol,Sharpe Ratio,Max Drawdown,Skewness,Kurtosis,Cornish-Fisher VaR (5%),Historic CVaR (5%)
Mean Return,14.500432862295586,15.119629045259595,0.49842758337497384,-32.330435076714586,-0.9910259816098942,9.386229762396916,0.034425623041094304,0.047890563182610826
