,Annualized Return,Annualized Vol,Sharpe Ratio,Max Drawdown,Skewness,Kurtosis,Cornish-Fisher VaR (5%),Historic CVaR (5%)
Mean Return,15.865658122934722,17.36084349014691,0.5138703044395352,-30.291831697674926,-0.46973901856354633,6.715196770735387,0.038081501852498374,0.0534910253562648
