,Annualized Return,Annualized Vol,Sharpe Ratio,Max Drawdown,Skewness,Kurtosis,Cornish-Fisher VaR (5%),Historic CVaR (5%)
Mean Return,10.058257456455877,15.737119443718239,0.21624210847421294,-44.052145057107694,-0.6118729085235821,6.037539264859429,0.03605570001020127,0.05439734797147355
