,Annualized Return,Annualized Vol,Sharpe Ratio,Max Drawdown,Skewness,Kurtosis,Cornish-Fisher VaR (5%),Historic CVaR (5%)
Mean Return,15.68421176334256,17.963704065388747,0.4815958640499705,-33.82070681893079,-0.8714352990070244,9.286973941415456,0.04044246471910372,0.055449458312319205
