,Annualized Return,Annualized Vol,Sharpe Ratio,Max Drawdown,Skewness,Kurtosis,Cornish-Fisher VaR (5%),Historic CVaR (5%)
Mean Return,12.820028769111168,15.671832635901856,0.38840454714955275,-31.313518298952676,-0.5463128099404347,6.526288617918303,0.03514991662576059,0.05033800401951017
