,Annualized Return,Annualized Vol,Sharpe Ratio,Max Drawdown,Skewness,Kurtosis,Cornish-Fisher VaR (5%),Historic CVaR (5%)
Mean Return,15.015451178743033,19.448049068370487,0.4115197389157178,-36.1455756560629,-0.5863903074006469,10.040188237300772,0.04172791914831262,0.05703086998876226
