,Annualized Return,Annualized Vol,Sharpe Ratio,Max Drawdown,Skewness,Kurtosis,Cornish-Fisher VaR (5%),Historic CVaR (5%)
Mean Return,15.184484835302325,19.25598121893429,0.4221139203082609,-35.311027533256976,-0.3754156031053526,12.344519678865376,0.03854721341686195,0.05592966758138581
