,Annualized Return,Annualized Vol,Sharpe Ratio,Max Drawdown,Skewness,Kurtosis,Cornish-Fisher VaR (5%),Historic CVaR (5%)
Mean Return,13.353330825384258,16.833170690013233,0.4119540737193059,-29.103161817829744,-0.8871938566979682,12.440471042478926,0.038150844153562916,0.04941033366580655
