,Annualized Return,Annualized Vol,Skewness,Kurtosis,Cornish-Fisher VaR (5%),Historic CVaR (5%),Sharpe Ratio,Max Drawdown
Mean Return,0.09201297213599235,0.16625279532547216,-0.688067967555062,7.676380949504702,0.03802875961209697,0.05904741414819279,0.1537179677937621,-0.29875800772420213
