,Annualized Return,Annualized Vol,Sharpe Ratio,Max Drawdown,Skewness,Kurtosis,Cornish-Fisher VaR (5%),Historic CVaR (5%)
Mean Return,13.4602700762394,15.395588182354686,0.42367004530785557,-28.282154367871986,-0.9169476948615106,8.103616924733693,0.03543661829020257,0.04909496372518221
