,Annualized Return,Annualized Vol,Sharpe Ratio,Max Drawdown,Skewness,Kurtosis,Cornish-Fisher VaR (5%),Historic CVaR (5%)
Mean Return,11.09353991175821,17.22177977172462,0.2516362976793872,-37.276804260508996,-1.5915152643638408,15.40459443759966,0.0405937444173943,0.05578493924701409
