,Annualized Return,Annualized Vol,Sharpe Ratio,Max Drawdown,Skewness,Kurtosis,Cornish-Fisher VaR (5%),Historic CVaR (5%)
Mean Return,10.527816320751416,16.730104925778072,0.25010155979659965,-30.710153739920315,-0.808765005549505,7.995915304676093,0.03970624061458014,0.053739585712232064
