,Annualized Return,Annualized Vol,Sharpe Ratio,Max Drawdown,Skewness,Kurtosis,Cornish-Fisher VaR (5%),Historic CVaR (5%)
Mean Return,18.35382001456125,14.597079918731309,0.7645137547775231,-26.404211040807485,-0.5671716722966836,7.469655561175559,0.031111226208243102,0.04322500957034236
