,Annualized Return,Annualized Vol,Skewness,Kurtosis,Cornish-Fisher VaR (5%),Historic CVaR (5%),Sharpe Ratio,Max Drawdown
Mean Return,0.05915489658386863,0.1493420277671499,-0.7019374687656138,8.031818328671994,0.034538915880499926,0.049513917889802306,-0.03912591240450622,-0.3552918950300574
