,Annualized Return,Annualized Vol,Sharpe Ratio,Max Drawdown,Skewness,Kurtosis,Cornish-Fisher VaR (5%),Historic CVaR (5%)
Mean Return,13.98873606360176,14.62688403369471,0.4924471092107868,-30.914927731099073,-0.5406087283651013,6.584311871475433,0.032417225248382114,0.0440952741302486
