,Annualized Return,Annualized Vol,Skewness,Kurtosis,Cornish-Fisher VaR (5%),Historic CVaR (5%),Sharpe Ratio,Max Drawdown
Mean Return,0.10113623257999294,0.14733940640966303,-0.7314689097430488,8.818800794899676,0.03312794462453722,0.04683184265959524,0.2329247127323777,-0.2888432587214047
