,Annualized Return,Annualized Vol,Sharpe Ratio,Max Drawdown,Skewness,Kurtosis,Cornish-Fisher VaR (5%),Historic CVaR (5%)
Mean Return,16.812187246267897,18.367141261383534,0.5557878032288072,-33.65151814951212,-0.9779165732643473,13.052683594885893,0.04146802939686981,0.05242260011282232
