,Annualized Return,Annualized Vol,Sharpe Ratio,Max Drawdown,Skewness,Kurtosis,Cornish-Fisher VaR (5%),Historic CVaR (5%)
Mean Return,11.481294024108312,17.124073521736623,0.2713789356613246,-35.76140521207966,-1.0218621771232184,12.564153831956162,0.03848846051193406,0.05277993012519304
