,Annualized Return,Annualized Vol,Sharpe Ratio,Max Drawdown,Skewness,Kurtosis,Cornish-Fisher VaR (5%),Historic CVaR (5%)
Mean Return,12.86687532542501,15.58751416376552,0.415951380471579,-30.097666882999967,-0.9426911794609072,12.967859357416836,0.035324792465597665,0.046566025864077605
