,Annualized Return,Annualized Vol,Sharpe Ratio,Max Drawdown,Skewness,Kurtosis,Cornish-Fisher VaR (5%),Historic CVaR (5%)
Mean Return,11.80812687130619,16.87506967845395,0.29669541306050173,-30.899014926616953,-0.25963524111722114,10.903000721411882,0.03397791939024772,0.04935070957045587
