,Annualized Return,Annualized Vol,Sharpe Ratio,Max Drawdown,Skewness,Kurtosis,Cornish-Fisher VaR (5%),Historic CVaR (5%)
Mean Return,15.185137902884339,16.437305998488956,0.4976225387385823,-30.964951006925833,-1.2660482024403534,12.708555459030341,0.037503540288380884,0.05093249792779471
