,Annualized Return,Annualized Vol,Sharpe Ratio,Max Drawdown,Skewness,Kurtosis,Cornish-Fisher VaR (5%),Historic CVaR (5%)
Mean Return,12.020486506051963,14.421311302542387,0.3694535028159446,-32.60372173101515,-0.6402212182553565,7.500224028203402,0.032417631615246904,0.04511844658502051
