,Annualized Return,Annualized Vol,Sharpe Ratio,Max Drawdown,Skewness,Kurtosis,Cornish-Fisher VaR (5%),Historic CVaR (5%)
Mean Return,14.079006142845007,17.136116674576318,0.4141343616990674,-33.224067480093346,-0.5666611440513086,12.735298333171215,0.03525479010133333,0.05046531741820248
