,Annualized Return,Annualized Vol,Skewness,Kurtosis,Cornish-Fisher VaR (5%),Historic CVaR (5%),Sharpe Ratio,Max Drawdown
Mean Return,0.127712505169163,0.14551701677078932,-1.3593915836950126,12.148652769982297,0.034008209240926665,0.046913712094899904,0.4027026965193666,-0.32426378556220053
