,Annualized Return,Annualized Vol,Sharpe Ratio,Max Drawdown,Skewness,Kurtosis,Cornish-Fisher VaR (5%),Historic CVaR (5%)
Mean Return,15.110363326167553,16.25911544894736,0.5042771580683975,-35.56374797584709,-0.4789372276962238,6.856336033351875,0.03562221547681392,0.049676611834463244
