,Annualized Return,Annualized Vol,Skewness,Kurtosis,Cornish-Fisher VaR (5%),Historic CVaR (5%),Sharpe Ratio,Max Drawdown
Mean Return,0.12460451988478316,0.19695480105332297,-0.6778488873229153,15.401769349236764,0.04041587732221446,0.06139312700485818,0.28526164346925553,-0.38495681754334166
