,Annualized Return,Annualized Vol,Sharpe Ratio,Max Drawdown,Skewness,Kurtosis,Cornish-Fisher VaR (5%),Historic CVaR (5%)
Mean Return,10.448302043522117,15.089894131939058,0.24484297478875416,-36.02988388436263,-0.44242830501045527,8.496581071459781,0.032483857699900656,0.04532275922290986
