,Annualized Return,Annualized Vol,Sharpe Ratio,Max Drawdown,Skewness,Kurtosis,Cornish-Fisher VaR (5%),Historic CVaR (5%)
Mean Return,17.14666648665222,16.30886726846185,0.6156892641732338,-30.714916451029467,-0.6450546137383211,11.507862472425574,0.033922168758391394,0.04812553526950205
