,Annualized Return,Annualized Vol,Sharpe Ratio,Max Drawdown,Skewness,Kurtosis,Cornish-Fisher VaR (5%),Historic CVaR (5%)
Mean Return,14.525116998763066,17.711354931029422,0.42692036082438706,-36.167394181205964,-1.240768056355072,11.248384129490596,0.04127664724658597,0.05650835118247116
