,Annualized Return,Annualized Vol,Sharpe Ratio,Max Drawdown,Skewness,Kurtosis,Cornish-Fisher VaR (5%),Historic CVaR (5%)
Mean Return,14.527591022623243,16.298717863483578,0.46561446877139645,-31.071274634037366,-0.7247680064939913,10.913433847595249,0.0350738906939511,0.04854921914356852
