,Annualized Return,Annualized Vol,Sharpe Ratio,Max Drawdown,Skewness,Kurtosis,Cornish-Fisher VaR (5%),Historic CVaR (5%)
Mean Return,10.72882496667049,13.654487058171954,0.30314009761905614,-29.10455019710318,-0.559012548433568,6.381041621242475,0.030836598297985934,0.04351562461908231
