,Annualized Return,Annualized Vol,Sharpe Ratio,Max Drawdown,Skewness,Kurtosis,Cornish-Fisher VaR (5%),Historic CVaR (5%)
Mean Return,11.691863235408073,16.20902044906667,0.32657404817466806,-30.162939060846565,-0.8318186317783863,8.301043646061318,0.038191069473748764,0.05202037466148106
