,Annualized Return,Annualized Vol,Skewness,Kurtosis,Cornish-Fisher VaR (5%),Historic CVaR (5%),Sharpe Ratio,Max Drawdown
Mean Return,0.08034789758616956,0.19018250747365065,-0.05694216633186079,10.290936574309894,0.03802680679579485,0.05858621454442048,0.07760415523624493,-0.35343189088547516
