,Annualized Return,Annualized Vol,Sharpe Ratio,Max Drawdown,Skewness,Kurtosis,Cornish-Fisher VaR (5%),Historic CVaR (5%)
Mean Return,11.485505564623356,16.566557895929083,0.28281421794490585,-29.567064780624424,-0.4755172063269116,11.166128680870404,0.03460066992333918,0.04921967593570374
