,Annualized Return,Annualized Vol,Sharpe Ratio,Max Drawdown,Skewness,Kurtosis,Cornish-Fisher VaR (5%),Historic CVaR (5%)
Mean Return,12.752882258203124,19.29823443421618,0.31342641837582036,-31.27306289133469,-0.3723625562363914,7.08578082824922,0.04222199972050018,0.06256525118380862
