,Annualized Return,Annualized Vol,Sharpe Ratio,Max Drawdown,Skewness,Kurtosis,Cornish-Fisher VaR (5%),Historic CVaR (5%)
Mean Return,14.504853458105504,16.8104519968811,0.4456198616248412,-34.81629244962524,-0.992409330030966,13.255207909222682,0.03674635484933052,0.05062382617346768
