,Annualized Return,Annualized Vol,Skewness,Kurtosis,Cornish-Fisher VaR (5%),Historic CVaR (5%),Sharpe Ratio,Max Drawdown
Mean Return,0.1329227233256518,0.1557707992367294,-0.8774386405046349,7.834119365296923,0.03580126915216383,0.04926471812718775,0.4110251025415859,-0.29524833422267
