,Annualized Return,Annualized Vol,Sharpe Ratio,Max Drawdown,Skewness,Kurtosis,Cornish-Fisher VaR (5%),Historic CVaR (5%)
Mean Return,14.334977873024467,15.599065580955337,0.4767475566408126,-33.450813122843606,-0.7272540727618735,6.864360441951673,0.0356240998715599,0.049694056648113015
