,Annualized Return,Annualized Vol,Sharpe Ratio,Max Drawdown,Skewness,Kurtosis,Cornish-Fisher VaR (5%),Historic CVaR (5%)
Mean Return,15.760035497983349,18.5850210740613,0.4674183414949873,-37.09730659377132,-0.3428315910710726,9.914916020850384,0.0380560527363416,0.05593285294945193
