,Annualized Return,Annualized Vol,Sharpe Ratio,Max Drawdown,Skewness,Kurtosis,Cornish-Fisher VaR (5%),Historic CVaR (5%)
Mean Return,12.002665942990598,14.74911587311582,0.3506535589001966,-26.559589291579243,-0.6885151761372601,9.104957737276989,0.03250267707919495,0.04656860208674148
