,Annualized Return,Annualized Vol,Sharpe Ratio,Max Drawdown,Skewness,Kurtosis,Cornish-Fisher VaR (5%),Historic CVaR (5%)
Mean Return,14.641373545095448,14.13089781670766,0.5769970616983001,-29.253739567162107,-1.3470442380037606,13.537461194732508,0.03322468232359192,0.045601061814554505
