,Annualized Return,Annualized Vol,Sharpe Ratio,Max Drawdown,Skewness,Kurtosis,Cornish-Fisher VaR (5%),Historic CVaR (5%)
Mean Return,14.640151554679925,17.22190871332108,0.44256481136921466,-35.17192485918276,-0.8341282627367032,11.0955338668007,0.03778037830241854,0.051406767043469574
