,Annualized Return,Annualized Vol,Sharpe Ratio,Max Drawdown,Skewness,Kurtosis,Cornish-Fisher VaR (5%),Historic CVaR (5%)
Mean Return,19.654653136711907,20.004755665734162,0.639661553399168,-41.83928429040214,-1.4108449061675268,19.081319716131915,0.04397016047467518,0.0583499149096437
