,Annualized Return,Annualized Vol,Sharpe Ratio,Max Drawdown,Skewness,Kurtosis,Cornish-Fisher VaR (5%),Historic CVaR (5%)
Mean Return,13.879810955854598,18.311931104123577,0.3779020530807929,-36.97018942805467,0.10119895942611143,8.872566680776371,0.03516233108715093,0.051077780802699486
