,Annualized Return,Annualized Vol,Sharpe Ratio,Max Drawdown,Skewness,Kurtosis,Cornish-Fisher VaR (5%),Historic CVaR (5%)
Mean Return,14.098927901705881,16.8585097573063,0.4217180151943489,-36.10298505394178,-1.027954596607545,12.530996659195829,0.0374717552044589,0.051496592798143774
