,Annualized Return,Annualized Vol,Sharpe Ratio,Max Drawdown,Skewness,Kurtosis,Cornish-Fisher VaR (5%),Historic CVaR (5%)
Mean Return,14.909600515240552,16.16779812991863,0.49912854943379803,-32.78427421407,-0.4728210620523307,7.181317047878261,0.03522833539662281,0.04915545121926109
