,Annualized Return,Annualized Vol,Sharpe Ratio,Max Drawdown,Skewness,Kurtosis,Cornish-Fisher VaR (5%),Historic CVaR (5%)
Mean Return,14.542828505421856,17.12645090241986,0.4424207727707282,-32.68267248286717,-0.7397670687786265,11.17383516877145,0.03693994870783287,0.051956172742548136
