,Annualized Return,Annualized Vol,Skewness,Kurtosis,Cornish-Fisher VaR (5%),Historic CVaR (5%),Sharpe Ratio,Max Drawdown
Mean Return,0.147653066581783,0.1395293099541889,-0.3643662888045219,4.187764775669926,0.030417314249817175,0.04407706573699765,0.5583906390995392,-0.16194010328548936
