,Annualized Return,Annualized Vol,Sharpe Ratio,Max Drawdown,Skewness,Kurtosis,Cornish-Fisher VaR (5%),Historic CVaR (5%)
Mean Return,14.268289779396227,18.94939709848167,0.3835046510839788,-35.092528677233766,-0.4570759950774791,13.196431953624774,0.03817310975183522,0.05634221370107348
