,Annualized Return,Annualized Vol,Sharpe Ratio,Max Drawdown,Skewness,Kurtosis,Cornish-Fisher VaR (5%),Historic CVaR (5%)
Mean Return,17.262802547505206,17.265368413607234,0.5896233619354988,-34.550929355546515,-0.0691601397089849,7.071864592321615,0.03445860724024496,0.050837218104151025
