,Annualized Return,Annualized Vol,Skewness,Kurtosis,Cornish-Fisher VaR (5%),Historic CVaR (5%),Sharpe Ratio,Max Drawdown
Mean Return,0.01808376765004116,0.14787540984138295,-0.5783863950990045,6.249525197775261,0.035359250210653226,0.04923456571217947,-0.2896904474991992,-0.3179205846672024
