,Annualized Return,Annualized Vol,Sharpe Ratio,Max Drawdown,Skewness,Kurtosis,Cornish-Fisher VaR (5%),Historic CVaR (5%)
Mean Return,12.911440655622641,15.698793851773182,0.38385244490594533,-29.812002764669852,-0.8478743404662836,7.644309327437941,0.03609100214100221,0.049566129270900025
