,Annualized Return,Annualized Vol,Sharpe Ratio,Max Drawdown,Skewness,Kurtosis,Cornish-Fisher VaR (5%),Historic CVaR (5%)
Mean Return,14.564235232736046,18.50802279626624,0.4095091046798726,-29.5236277677943,-1.436364814670682,13.492761187125305,0.0432612381884819,0.05836143762698332
