,Annualized Return,Annualized Vol,Sharpe Ratio,Max Drawdown,Skewness,Kurtosis,Cornish-Fisher VaR (5%),Historic CVaR (5%)
Mean Return,10.124305861864569,13.81258153860263,0.27581131234889383,-34.93838957178979,-1.6514583886773253,13.738704608266147,0.03421099878403198,0.04816955773441034
