,Annualized Return,Annualized Vol,Sharpe Ratio,Max Drawdown,Skewness,Kurtosis,Cornish-Fisher VaR (5%),Historic CVaR (5%)
Mean Return,14.724129339391222,16.60967769677472,0.4632856122588851,-33.637826675504435,-0.9077385786179797,9.621558532524658,0.037444210594828886,0.050025563906656564
