,Annualized Return,Annualized Vol,Skewness,Kurtosis,Cornish-Fisher VaR (5%),Historic CVaR (5%),Sharpe Ratio,Max Drawdown
Mean Return,0.07612521082584967,0.14712292749043593,-1.060722990871513,11.002182769284857,0.03432419276002304,0.047254932841014834,0.06883694895310864,-0.32612730873180984
