,Annualized Return,Annualized Vol,Sharpe Ratio,Max Drawdown,Skewness,Kurtosis,Cornish-Fisher VaR (5%),Historic CVaR (5%)
Mean Return,12.109711595775586,16.075627316333428,0.3540769070282622,-34.71897929603693,-0.9121355496872575,9.473216228281677,0.03771811460097116,0.05192040884722224
