,Annualized Return,Annualized Vol,Sharpe Ratio,Max Drawdown,Skewness,Kurtosis,Cornish-Fisher VaR (5%),Historic CVaR (5%)
Mean Return,13.526131220063299,13.83985665684907,0.5127819253849005,-30.450297263527204,-1.4327669035189068,14.677100278606424,0.032632248719947375,0.044990113606579875
