,Annualized Return,Annualized Vol,Sharpe Ratio,Max Drawdown,Skewness,Kurtosis,Cornish-Fisher VaR (5%),Historic CVaR (5%)
Mean Return,12.648772931173902,13.99885257545648,0.4421693554799592,-30.268941239079517,-1.2701996134565792,10.509508806903872,0.03378448426646528,0.04630720391517058
