,Annualized Return,Annualized Vol,Skewness,Kurtosis,Cornish-Fisher VaR (5%),Historic CVaR (5%),Sharpe Ratio,Max Drawdown
Mean Return,0.15233254649881767,0.13868993035138244,-0.623659189031339,8.087314512675762,0.029963616777548,0.04108051013059162,0.5931948951923326,-0.25949886374270276
