,Annualized Return,Annualized Vol,Sharpe Ratio,Max Drawdown,Skewness,Kurtosis,Cornish-Fisher VaR (5%),Historic CVaR (5%)
Mean Return,16.993319992270315,18.34158016000466,0.5360283998572617,-29.261966980925635,-0.4660183716274779,12.330999145130775,0.036932963245524426,0.05379764389301946
