,Annualized Return,Annualized Vol,Skewness,Kurtosis,Cornish-Fisher VaR (5%),Historic CVaR (5%),Sharpe Ratio,Max Drawdown
Mean Return,0.1268671436870652,0.17170822931234786,-1.1701840465789162,15.487335223848811,0.037827258726752,0.05374509208014825,0.3396296216976876,-0.32340938780386147
