,Annualized Return,Annualized Vol,Sharpe Ratio,Max Drawdown,Skewness,Kurtosis,Cornish-Fisher VaR (5%),Historic CVaR (5%)
Mean Return,16.022424379493017,19.063124125122542,0.47123134374183223,-36.1455756560629,-0.4662176920127242,9.913918808437991,0.039910380647060345,0.05504186383570488
