,Annualized Return,Annualized Vol,Skewness,Kurtosis,Cornish-Fisher VaR (5%),Historic CVaR (5%),Sharpe Ratio,Max Drawdown
Mean Return,0.12823806432152285,0.16394282067172544,-0.39172157628746496,6.033223863451768,0.035828140651259596,0.054484593337373724,0.36365825668901597,-0.23019341414191904
