,Annualized Return,Annualized Vol,Sharpe Ratio,Max Drawdown,Skewness,Kurtosis,Cornish-Fisher VaR (5%),Historic CVaR (5%)
Mean Return,10.552523180388551,15.234016727310015,0.2480935970159044,-34.864266247996675,-1.3785104067207385,12.397002859457977,0.03607488141224443,0.04949577253556368
