,Annualized Return,Annualized Vol,Sharpe Ratio,Max Drawdown,Skewness,Kurtosis,Cornish-Fisher VaR (5%),Historic CVaR (5%)
Mean Return,15.357609269793082,15.5200596922732,0.5349784454453206,-26.944683309545447,-0.8962834174363805,12.907853282083789,0.03324996662663429,0.04550040040324712
