,Annualized Return,Annualized Vol,Sharpe Ratio,Max Drawdown,Skewness,Kurtosis,Cornish-Fisher VaR (5%),Historic CVaR (5%)
Mean Return,14.01572479683546,17.587114922096855,0.4037704928756824,-29.061234614158653,-0.1602261123284131,8.73463250980361,0.03550250307500158,0.05181629385234401
