,Annualized Return,Annualized Vol,Sharpe Ratio,Max Drawdown,Skewness,Kurtosis,Cornish-Fisher VaR (5%),Historic CVaR (5%)
Mean Return,11.888368256596248,16.98393533907495,0.29815785537214134,-33.20324388699956,-0.7907311311407234,12.662162641101544,0.036668207135996854,0.052365621295863765
