,Annualized Return,Annualized Vol,Sharpe Ratio,Max Drawdown,Skewness,Kurtosis,Cornish-Fisher VaR (5%),Historic CVaR (5%)
Mean Return,14.801086809110586,16.49339328223126,0.4730653593927293,-31.804714496822495,-0.41327056974526516,6.472467608229116,0.03566078368788089,0.05075496012696403
