,Annualized Return,Annualized Vol,Sharpe Ratio,Max Drawdown,Skewness,Kurtosis,Cornish-Fisher VaR (5%),Historic CVaR (5%)
Mean Return,14.117100455426312,16.59854434494273,0.4322825160890927,-31.391639969055284,-1.0945089624947728,11.212685903694053,0.037824158880733615,0.051869240803005374
