,Annualized Return,Annualized Vol,Skewness,Kurtosis,Cornish-Fisher VaR (5%),Historic CVaR (5%),Sharpe Ratio,Max Drawdown
Mean Return,0.15910909765427794,0.19289559609496496,-0.15493974770674196,9.895771683324678,0.03820304115318275,0.05745288741927638,0.45671554092011235,-0.3078744381108441
