,Annualized Return,Annualized Vol,Skewness,Kurtosis,Cornish-Fisher VaR (5%),Historic CVaR (5%),Sharpe Ratio,Max Drawdown
Mean Return,0.09892839303095613,0.1469711165105595,-0.6233897698633846,8.618048752450978,0.03259334293759913,0.04553414655308543,0.21938135052006769,-0.3085412817917764
