,Annualized Return,Annualized Vol,Sharpe Ratio,Max Drawdown,Skewness,Kurtosis,Cornish-Fisher VaR (5%),Historic CVaR (5%)
Mean Return,15.70232102721767,15.685155173711932,0.5558404194126407,-34.31257603747883,-0.7259212458188874,7.011009567492778,0.03553503971675692,0.04970134661279142
