,Annualized Return,Annualized Vol,Sharpe Ratio,Max Drawdown,Skewness,Kurtosis,Cornish-Fisher VaR (5%),Historic CVaR (5%)
Mean Return,16.828191383444,16.372138474942965,0.5919761336531938,-28.77381975675461,-1.2413320739617937,15.141486387343637,0.0358392134892126,0.04692455603750436
