,Annualized Return,Annualized Vol,Sharpe Ratio,Max Drawdown,Skewness,Kurtosis,Cornish-Fisher VaR (5%),Historic CVaR (5%)
Mean Return,0.19008083435623213,17.936882459399353,-0.3324642708324885,-52.886197888123775,-2.3593594601211385,19.188909959620542,0.046451951086320706,0.07070793627376455
