,Annualized Return,Annualized Vol,Sharpe Ratio,Max Drawdown,Skewness,Kurtosis,Cornish-Fisher VaR (5%),Historic CVaR (5%)
Mean Return,15.504646318073089,16.49805921151437,0.52204300493935,-32.31095724874961,-0.44265278843011147,6.455330394747434,0.03605058890758132,0.051944669298967794
