,Annualized Return,Annualized Vol,Sharpe Ratio,Max Drawdown,Skewness,Kurtosis,Cornish-Fisher VaR (5%),Historic CVaR (5%)
Mean Return,13.982146319949184,16.806330226474188,0.41629722959054577,-31.685666595543488,-0.6468217696367111,8.129371937255863,0.03719167499662782,0.04989693651842728
