,Annualized Return,Annualized Vol,Sharpe Ratio,Max Drawdown,Skewness,Kurtosis,Cornish-Fisher VaR (5%),Historic CVaR (5%)
Mean Return,15.338673809971892,17.447672529134383,0.4742546789382265,-33.29204435311669,-0.6043850101091108,13.917622721819866,0.03538181523222429,0.05181009638107553
