,Annualized Return,Annualized Vol,Sharpe Ratio,Max Drawdown,Skewness,Kurtosis,Cornish-Fisher VaR (5%),Historic CVaR (5%)
Mean Return,14.527495116701083,17.323954418818204,0.43552311809171035,-30.215388816588362,-1.1183140916774132,14.178337610199971,0.038207958324685605,0.04944371902214032
