,Annualized Return,Annualized Vol,Sharpe Ratio,Max Drawdown,Skewness,Kurtosis,Cornish-Fisher VaR (5%),Historic CVaR (5%)
Mean Return,15.003453430280844,16.587811401653827,0.48184103371871545,-32.78427421407,-0.46707610887165385,7.13152291132981,0.035869779198195464,0.05067602786655825
