,Annualized Return,Annualized Vol,Sharpe Ratio,Max Drawdown,Skewness,Kurtosis,Cornish-Fisher VaR (5%),Historic CVaR (5%)
Mean Return,11.897476825653808,14.344156600796667,0.3516222447513695,-33.37945786654114,-1.6252972587832746,14.103480096966422,0.03406840430034009,0.04849403970686859
