,Annualized Return,Annualized Vol,Sharpe Ratio,Max Drawdown,Skewness,Kurtosis,Cornish-Fisher VaR (5%),Historic CVaR (5%)
Mean Return,10.627717413885396,16.339270877479255,0.26624252250707725,-31.54490773095775,-1.101243435725673,12.771376611868698,0.03855054290758369,0.05056822474103553
