,Annualized Return,Annualized Vol,Sharpe Ratio,Max Drawdown,Skewness,Kurtosis,Cornish-Fisher VaR (5%),Historic CVaR (5%)
Mean Return,12.340109726365345,19.009417030648617,0.2977435995956262,-29.13127034267215,-0.5970673553167369,6.770950293087194,0.043389722787692764,0.06339817381651289
