,Annualized Return,Annualized Vol,Sharpe Ratio,Max Drawdown,Skewness,Kurtosis,Cornish-Fisher VaR (5%),Historic CVaR (5%)
Mean Return,15.85152907363252,16.747256947561397,0.5229979803708343,-27.28998705829868,-0.823749479077637,12.996827389351196,0.03552013165492254,0.04993668272911698
