,Annualized Return,Annualized Vol,Skewness,Kurtosis,Cornish-Fisher VaR (5%),Historic CVaR (5%),Sharpe Ratio,Max Drawdown
Mean Return,0.11246140710812158,0.1511463747731132,-0.21686613788223147,5.845032433132802,0.03221631594600248,0.04499128825943869,0.2975155573170341,-0.22568283003053213
