,Annualized Return,Annualized Vol,Sharpe Ratio,Max Drawdown,Skewness,Kurtosis,Cornish-Fisher VaR (5%),Historic CVaR (5%)
Mean Return,10.865731508081321,18.30140267924159,0.24603225717476274,-39.770213144112184,-1.1661401210780011,10.726650808277945,0.044400289830574674,0.06144429994224638
