,Annualized Return,Annualized Vol,Skewness,Kurtosis,Cornish-Fisher VaR (5%),Historic CVaR (5%),Sharpe Ratio,Max Drawdown
Mean Return,0.1536567963262805,0.17037320712431983,-0.7110794203588865,11.670985035013958,0.036208646257976866,0.050448464333870936,0.4870429549700967,-0.285666181110226
