,Annualized Return,Annualized Vol,Skewness,Kurtosis,Cornish-Fisher VaR (5%),Historic CVaR (5%),Sharpe Ratio,Max Drawdown
Mean Return,0.1157821324105206,0.13650401795418582,-0.906718490986882,7.5139017130924834,0.03197048516859143,0.044428590507871166,0.35466141036561527,-0.3138908785829471
