,Annualized Return,Annualized Vol,Sharpe Ratio,Max Drawdown,Skewness,Kurtosis,Cornish-Fisher VaR (5%),Historic CVaR (5%)
Mean Return,14.028744002172777,15.576354649846923,0.46351464532950376,-30.175686857746353,-0.5704625824436083,6.704333210894344,0.03477674984993577,0.04924950536961318
