,Annualized Return,Annualized Vol,Sharpe Ratio,Max Drawdown,Skewness,Kurtosis,Cornish-Fisher VaR (5%),Historic CVaR (5%)
Mean Return,14.847858201339537,18.14994961450451,0.43409621814345645,-33.247488285563456,-0.35639417684478214,10.246570443771914,0.03716368865682999,0.0556641175052169
