,Annualized Return,Annualized Vol,Sharpe Ratio,Max Drawdown,Skewness,Kurtosis,Cornish-Fisher VaR (5%),Historic CVaR (5%)
Mean Return,13.638249535057167,15.136743190049623,0.44129114345894516,-35.35858272273371,-1.5060296664875,13.933909349212263,0.03526998172974524,0.050263900408802284
