,Annualized Return,Annualized Vol,Sharpe Ratio,Max Drawdown,Skewness,Kurtosis,Cornish-Fisher VaR (5%),Historic CVaR (5%)
Mean Return,18.89188539984874,18.800600563459945,0.6468503603581313,-37.59456730231752,-0.17359785779749998,9.01132066317762,0.03864395511379652,0.05396305275984497
