,Annualized Return,Annualized Vol,Sharpe Ratio,Max Drawdown,Skewness,Kurtosis,Cornish-Fisher VaR (5%),Historic CVaR (5%)
Mean Return,12.788882244029809,20.650024550926293,0.2879666876223141,-27.080067879117305,0.3093464931634912,8.072249420149758,0.038807701946024675,0.06340854681104845
