,Annualized Return,Annualized Vol,Sharpe Ratio,Max Drawdown,Skewness,Kurtosis,Cornish-Fisher VaR (5%),Historic CVaR (5%)
Mean Return,13.013208000320265,15.476889783614753,0.3970362470615954,-28.651443173121354,-1.0856699917601955,12.160937108806774,0.034853662777898205,0.046802320505239296
