,Annualized Return,Annualized Vol,Skewness,Kurtosis,Cornish-Fisher VaR (5%),Historic CVaR (5%),Sharpe Ratio,Max Drawdown
Mean Return,0.06950877320013826,0.14364352440215544,-1.2832649260550115,10.427331504916822,0.03588505381619354,0.049414222543467466,0.056597038314049705,-0.3169776821893917
