,Annualized Return,Annualized Vol,Sharpe Ratio,Max Drawdown,Skewness,Kurtosis,Cornish-Fisher VaR (5%),Historic CVaR (5%)
Mean Return,13.816551543680532,15.391100504932167,0.445279511339294,-34.61293503935202,-0.8588744808138279,9.303435528283257,0.034561322564904066,0.04625868021070487
