,Annualized Return,Annualized Vol,Sharpe Ratio,Max Drawdown,Skewness,Kurtosis,Cornish-Fisher VaR (5%),Historic CVaR (5%)
Mean Return,15.017745498893564,17.971262260411525,0.44730495220249855,-32.83830232580517,-0.42191773411518285,10.389630983091786,0.037113498076296096,0.05505869796736055
