,Annualized Return,Annualized Vol,Sharpe Ratio,Max Drawdown,Skewness,Kurtosis,Cornish-Fisher VaR (5%),Historic CVaR (5%)
Mean Return,15.466402888579056,14.748885380344564,0.5727318667233167,-25.672489199392164,-0.7567690022392626,7.9955679726782565,0.032723136974241826,0.04637329654774808
