,Annualized Return,Annualized Vol,Sharpe Ratio,Max Drawdown,Skewness,Kurtosis,Cornish-Fisher VaR (5%),Historic CVaR (5%)
Mean Return,11.69868239169245,16.81325098822799,0.2884064799842718,-35.79607038936664,-1.0300278374561687,9.776467521791403,0.039073900212039714,0.05211730077829296
