,Annualized Return,Annualized Vol,Sharpe Ratio,Max Drawdown,Skewness,Kurtosis,Cornish-Fisher VaR (5%),Historic CVaR (5%)
Mean Return,12.392843814235267,19.934065042057053,0.2785118334128839,-41.299877454686815,-0.4304807364404945,14.306855474854435,0.0397627161681773,0.059615861727305264
