,Annualized Return,Annualized Vol,Sharpe Ratio,Max Drawdown,Skewness,Kurtosis,Cornish-Fisher VaR (5%),Historic CVaR (5%)
Mean Return,14.68859089360086,15.790466070991597,0.4852652234774753,-32.72635050920693,-0.9012025853554838,12.787632568854878,0.034069061638405854,0.04593250747059174
