,Annualized Return,Annualized Vol,Sharpe Ratio,Max Drawdown,Skewness,Kurtosis,Cornish-Fisher VaR (5%),Historic CVaR (5%)
Mean Return,13.695987613344741,13.871101251665301,0.49516693826222397,-32.436839860956894,-0.801959055115343,7.72028399148864,0.03155258762173014,0.045344437489723194
