,Annualized Return,Annualized Vol,Sharpe Ratio,Max Drawdown,Skewness,Kurtosis,Cornish-Fisher VaR (5%),Historic CVaR (5%)
Mean Return,13.697556240330865,17.18029266704608,0.39659273722371957,-32.36859467076466,-0.6322107013400045,10.880807093334278,0.03667795381783179,0.051994653633214906
