,Annualized Return,Annualized Vol,Sharpe Ratio,Max Drawdown,Skewness,Kurtosis,Cornish-Fisher VaR (5%),Historic CVaR (5%)
Mean Return,12.018664536403655,18.914067384110343,0.2758732862746319,-39.17723524835713,-0.9909707545097822,12.138163671856532,0.04261061702556544,0.05923939813264922
