,Annualized Return,Annualized Vol,Sharpe Ratio,Max Drawdown,Skewness,Kurtosis,Cornish-Fisher VaR (5%),Historic CVaR (5%)
Mean Return,12.65578802513685,18.73270947769595,0.3095868370780588,-38.495681754334164,-0.6753312929502866,15.78287332121489,0.03810711861977462,0.05782423564860919
