,Annualized Return,Annualized Vol,Sharpe Ratio,Max Drawdown,Skewness,Kurtosis,Cornish-Fisher VaR (5%),Historic CVaR (5%)
Mean Return,14.434937175343542,16.67364638406586,0.47758615147693434,-29.233038970829973,-1.0564161311477753,13.65407335209826,0.03797742940229773,0.048119753629876534
