,Annualized Return,Annualized Vol,Sharpe Ratio,Max Drawdown,Skewness,Kurtosis,Cornish-Fisher VaR (5%),Historic CVaR (5%)
Mean Return,19.58939099315884,17.907529871413185,0.6880250794852772,-32.40790314786853,-0.13816627739225454,6.80343230523166,0.03609796257991671,0.04835109638404112
