,Annualized Return,Annualized Vol,Sharpe Ratio,Max Drawdown,Skewness,Kurtosis,Cornish-Fisher VaR (5%),Historic CVaR (5%)
Mean Return,14.578596065527783,15.693244013269045,0.4938315987593248,-31.343267520015743,-0.303983276428233,5.232073625715316,0.03405597494808541,0.04685870668055853
