,Annualized Return,Annualized Vol,Sharpe Ratio,Max Drawdown,Skewness,Kurtosis,Cornish-Fisher VaR (5%),Historic CVaR (5%)
Mean Return,15.007497508317936,16.79035633014202,0.47538120553621355,-35.597458946306865,-0.5622284596628566,9.356091777730942,0.03589391293559319,0.05044978156255835
