,Annualized Return,Annualized Vol,Sharpe Ratio,Max Drawdown,Skewness,Kurtosis,Cornish-Fisher VaR (5%),Historic CVaR (5%)
Mean Return,17.098802870784557,15.80633714160952,0.6303087844485664,-29.79939056336582,-0.5899919829306538,6.545621035925285,0.03468761497659899,0.04767941053288385
