,Annualized Return,Annualized Vol,Sharpe Ratio,Max Drawdown,Skewness,Kurtosis,Cornish-Fisher VaR (5%),Historic CVaR (5%)
Mean Return,13.113083887228406,18.033887435511783,0.34622499042294047,-33.14896493587539,-0.4726696288044107,9.657502976482325,0.03828922420947024,0.05539909051002467
