,Annualized Return,Annualized Vol,Sharpe Ratio,Max Drawdown,Skewness,Kurtosis,Cornish-Fisher VaR (5%),Historic CVaR (5%)
Mean Return,15.499001603583352,15.93881907472103,0.5373532216899142,-33.407560970300636,-0.9417811743942386,8.098263579037706,0.0368952213789164,0.049000781387328204
