,Annualized Return,Annualized Vol,Skewness,Kurtosis,Cornish-Fisher VaR (5%),Historic CVaR (5%),Sharpe Ratio,Max Drawdown
Mean Return,0.058813768289099455,0.14761568370839745,-1.2626178236468426,12.194216253632275,0.03525454553517606,0.04884007790581805,-0.04160787638333809,-0.3390692669044315
