,Annualized Return,Annualized Vol,Sharpe Ratio,Max Drawdown,Skewness,Kurtosis,Cornish-Fisher VaR (5%),Historic CVaR (5%)
Mean Return,12.335624767911657,19.90833455789466,0.2763125253083791,-40.06964417092958,-0.9341095726796462,11.646706542711051,0.044777139522444886,0.06442786581100723
