,Annualized Return,Annualized Vol,Skewness,Kurtosis,Cornish-Fisher VaR (5%),Historic CVaR (5%),Sharpe Ratio,Max Drawdown
Mean Return,0.17851859430199846,0.14151650272615637,-0.9538560223285797,7.545696733426374,0.0323548577800735,0.04549396522970296,0.7608939811375784,-0.2329319890997371
