,Annualized Return,Annualized Vol,Sharpe Ratio,Max Drawdown,Skewness,Kurtosis,Cornish-Fisher VaR (5%),Historic CVaR (5%)
Mean Return,15.48407728465373,15.450460190435475,0.5450831989963261,-28.183663242141105,-0.9747972312021556,12.941278864950025,0.03347258225875913,0.04457395646731739
