,Annualized Return,Annualized Vol,Sharpe Ratio,Max Drawdown,Skewness,Kurtosis,Cornish-Fisher VaR (5%),Historic CVaR (5%)
Mean Return,16.602099755615953,16.79833266278303,0.5634038720275951,-31.793349919324438,-0.7809201692306066,13.528231471395816,0.03500961301513284,0.048472950445124056
