,Annualized Return,Annualized Vol,Sharpe Ratio,Max Drawdown,Skewness,Kurtosis,Cornish-Fisher VaR (5%),Historic CVaR (5%)
Mean Return,15.81074281472603,15.673890959721138,0.565166826582036,-31.343267520015743,-0.3410026233396731,5.594637080740909,0.03387704271147241,0.04712583540104131
