,Annualized Return,Annualized Vol,Sharpe Ratio,Max Drawdown,Skewness,Kurtosis,Cornish-Fisher VaR (5%),Historic CVaR (5%)
Mean Return,7.0763594215545345,14.144860306402112,0.06595997352402938,-37.62119407476128,-1.7635149288850152,13.074132354795974,0.03642092350139728,0.05147957339457544
