,Annualized Return,Annualized Vol,Sharpe Ratio,Max Drawdown,Skewness,Kurtosis,Cornish-Fisher VaR (5%),Historic CVaR (5%)
Mean Return,15.719656237829494,15.817644497616708,0.5547906852619209,-32.25785103566288,-1.0671175407911906,8.659346288870141,0.036995237131418814,0.050791964639825875
