,Annualized Return,Annualized Vol,Sharpe Ratio,Max Drawdown,Skewness,Kurtosis,Cornish-Fisher VaR (5%),Historic CVaR (5%)
Mean Return,17.37634181187868,15.509374840128078,0.6668039104798864,-31.0267182089341,-0.8965649050167313,8.84060566998509,0.034944827154033124,0.046559362857289545
