,Annualized Return,Annualized Vol,Sharpe Ratio,Max Drawdown,Skewness,Kurtosis,Cornish-Fisher VaR (5%),Historic CVaR (5%)
Mean Return,15.839012809748754,15.828666624667086,0.5606533603857111,-31.320074879240156,-0.3401100503258116,5.572365409888925,0.034239731755789066,0.047320149944385874
