,Annualized Return,Annualized Vol,Sharpe Ratio,Max Drawdown,Skewness,Kurtosis,Cornish-Fisher VaR (5%),Historic CVaR (5%)
Mean Return,13.379794723651383,17.760753138229607,0.3661458298013637,-30.648341825251972,-0.24989381418827272,9.394078476610837,0.036265597261077115,0.05278284754344386
