,Annualized Return,Annualized Vol,Skewness,Kurtosis,Cornish-Fisher VaR (5%),Historic CVaR (5%),Sharpe Ratio,Max Drawdown
Mean Return,0.09675129415633155,0.13553503059391997,-0.5709149886445858,6.415458121731865,0.03084335060061672,0.04324370608973981,0.22679117136938107,-0.31385709501198383
