,Annualized Return,Annualized Vol,Sharpe Ratio,Max Drawdown,Skewness,Kurtosis,Cornish-Fisher VaR (5%),Historic CVaR (5%)
Mean Return,16.193724655268007,16.427991686214686,0.5556396565517092,-31.292689666294443,-0.7285280444673099,11.246756934523736,0.034967279438346384,0.049462442474744635
