,Annualized Return,Annualized Vol,Sharpe Ratio,Max Drawdown,Skewness,Kurtosis,Cornish-Fisher VaR (5%),Historic CVaR (5%)
Mean Return,14.168719841396737,15.818883913167065,0.46175474356850443,-30.55590556733529,-0.8436673410030661,7.324980950008518,0.03664077561915518,0.04955699908961016
