,Annualized Return,Annualized Vol,Sharpe Ratio,Max Drawdown,Skewness,Kurtosis,Cornish-Fisher VaR (5%),Historic CVaR (5%)
Mean Return,14.342944219465181,14.751127950574821,0.5022930817997853,-24.463541700384848,-0.5323896674314398,7.465427252791698,0.031937484248780436,0.04596707721564725
