,Annualized Return,Annualized Vol,Sharpe Ratio,Max Drawdown,Skewness,Kurtosis,Cornish-Fisher VaR (5%),Historic CVaR (5%)
Mean Return,12.701763638983255,14.551701677078931,0.4005785043942687,-32.42637855622005,-1.3593915836950126,12.148652769982297,0.034008209240926665,0.046913712094899904
