,Annualized Return,Annualized Vol,Sharpe Ratio,Max Drawdown,Skewness,Kurtosis,Cornish-Fisher VaR (5%),Historic CVaR (5%)
Mean Return,15.646696153978112,13.72250974793772,0.6265633913109592,-26.684648214278678,-0.819438635218649,7.988182487073506,0.030552636813243793,0.0419667849790251
