,Annualized Return,Annualized Vol,Skewness,Kurtosis,Cornish-Fisher VaR (5%),Historic CVaR (5%),Sharpe Ratio,Max Drawdown
Mean Return,0.14792536688415336,0.19354854915441924,-0.3901941439539551,12.850673082268102,0.03865422261670512,0.05696415439436877,0.40086434710743724,-0.35092528677233753
