,Annualized Return,Annualized Vol,Sharpe Ratio,Max Drawdown,Skewness,Kurtosis,Cornish-Fisher VaR (5%),Historic CVaR (5%)
Mean Return,17.299449949485957,14.605916888009574,0.6973376527654547,-24.463541700384848,-0.5009510278171515,7.105409015077104,0.031091393462509373,0.04501645164252598
