,Annualized Return,Annualized Vol,Sharpe Ratio,Max Drawdown,Skewness,Kurtosis,Cornish-Fisher VaR (5%),Historic CVaR (5%)
Mean Return,13.000512403693577,15.749061122232844,0.39400182268279965,-31.808837129160437,-0.9794360868420281,8.18360359823167,0.037035352119241485,0.04995061974133966
