,Annualized Return,Annualized Vol,Sharpe Ratio,Max Drawdown,Skewness,Kurtosis,Cornish-Fisher VaR (5%),Historic CVaR (5%)
Mean Return,15.831954479261402,17.185861150141182,0.5131825473352162,-31.49604870413046,-0.2354503680181048,9.481792309283492,0.034485897134905914,0.05275573401816971
