,Annualized Return,Annualized Vol,Sharpe Ratio,Max Drawdown,Skewness,Kurtosis,Cornish-Fisher VaR (5%),Historic CVaR (5%)
Mean Return,13.407151322881305,13.721563786501514,0.47993709895558495,-29.865542165366005,-0.8682921788294954,7.023265750041464,0.03182366179616031,0.04456780467859411
