,Annualized Return,Annualized Vol,Sharpe Ratio,Max Drawdown,Skewness,Kurtosis,Cornish-Fisher VaR (5%),Historic CVaR (5%)
Mean Return,12.788415777552164,17.501868783704488,0.3386654162468991,-33.33326829558236,-1.0640655083866928,15.711974746961902,0.03784511756376045,0.054271614824884504
