,Annualized Return,Annualized Vol,Sharpe Ratio,Max Drawdown,Skewness,Kurtosis,Cornish-Fisher VaR (5%),Historic CVaR (5%)
Mean Return,14.577545521388213,16.68034493018771,0.4551581260405723,-31.391639969055284,-1.1307534868933395,11.827917880058687,0.0378614429409393,0.05217168504608964
