,Annualized Return,Annualized Vol,Sharpe Ratio,Max Drawdown,Skewness,Kurtosis,Cornish-Fisher VaR (5%),Historic CVaR (5%)
Mean Return,12.61861176024992,15.773135113792765,0.3737856512640474,-31.13332756676336,-0.4992907811659258,6.115883431650534,0.03533568080169642,0.05042899310137675
