,Annualized Return,Annualized Vol,Sharpe Ratio,Max Drawdown,Skewness,Kurtosis,Cornish-Fisher VaR (5%),Historic CVaR (5%)
Mean Return,13.23243523346127,16.215050363797907,0.3910619044642353,-32.290400036487924,-1.0148503003422285,13.940071839924043,0.03538178478138131,0.049448323192581654
