,Annualized Return,Annualized Vol,Skewness,Kurtosis,Cornish-Fisher VaR (5%),Historic CVaR (5%),Sharpe Ratio,Max Drawdown
Mean Return,0.09442613813933809,0.1386232555303958,-0.5193598916481866,5.892704440730052,0.031565538559652266,0.04357806025189947,0.2067259768499838,-0.3140308375039875
