,Annualized Return,Annualized Vol,Sharpe Ratio,Max Drawdown,Skewness,Kurtosis,Cornish-Fisher VaR (5%),Historic CVaR (5%)
Mean Return,9.99594892779665,18.25924768586776,0.2022135913930221,-44.65482434966376,-1.1426241114092515,11.201268748402905,0.044058413910025546,0.06147471298823067
