,Annualized Return,Annualized Vol,Sharpe Ratio,Max Drawdown,Skewness,Kurtosis,Cornish-Fisher VaR (5%),Historic CVaR (5%)
Mean Return,14.9726865191395,16.479785860127933,0.4843822034941256,-32.63105778333398,-0.9787421434948183,8.812879950352833,0.037841696455961894,0.053465672260568954
