,Annualized Return,Annualized Vol,Sharpe Ratio,Max Drawdown,Skewness,Kurtosis,Cornish-Fisher VaR (5%),Historic CVaR (5%)
Mean Return,17.983770219601404,17.8793263011701,0.6047548702314937,-29.91097090394256,-0.28732893193320813,8.060643260273114,0.036683432694145146,0.05250629051521163
