,Annualized Return,Annualized Vol,Sharpe Ratio,Max Drawdown,Skewness,Kurtosis,Cornish-Fisher VaR (5%),Historic CVaR (5%)
Mean Return,14.392120603058945,18.842558668377375,0.39572896253734335,-27.91447629448585,0.2207256521898236,6.470425485710576,0.03650499604303766,0.05363068412873354
