,Annualized Return,Annualized Vol,Sharpe Ratio,Max Drawdown,Skewness,Kurtosis,Cornish-Fisher VaR (5%),Historic CVaR (5%)
Mean Return,13.057798069653659,18.19982554646495,0.34020942041176433,-34.4600621208195,-0.4608383447450724,9.754940145968256,0.038540885671569505,0.05611289342983022
