,Annualized Return,Annualized Vol,Sharpe Ratio,Max Drawdown,Skewness,Kurtosis,Cornish-Fisher VaR (5%),Historic CVaR (5%)
Mean Return,11.193695902777634,16.41394886389659,0.26756936333901576,-31.12560810712754,-1.3309347007264898,13.61926217865093,0.03805761308476823,0.05129309789473896
