,Annualized Return,Annualized Vol,Sharpe Ratio,Max Drawdown,Skewness,Kurtosis,Cornish-Fisher VaR (5%),Historic CVaR (5%)
Mean Return,16.051396358421876,16.248844357759886,0.5515300134570147,-29.4281891104642,-1.131059297249868,14.285121865179027,0.035471706494851006,0.046548067112869546
