,Annualized Return,Annualized Vol,Sharpe Ratio,Max Drawdown,Skewness,Kurtosis,Cornish-Fisher VaR (5%),Historic CVaR (5%)
Mean Return,17.495880049999425,13.929100897376113,0.7420850934818052,-24.509216877325454,-0.7844060583929718,8.573714879806259,0.03034638507385032,0.04209925814071743
