,Annualized Return,Annualized Vol,Sharpe Ratio,Max Drawdown,Skewness,Kurtosis,Cornish-Fisher VaR (5%),Historic CVaR (5%)
Mean Return,15.69800491761859,13.998767496815068,0.6176407367973992,-31.353290527478407,-0.867979920456579,7.1989629696455095,0.031757756775618824,0.04353386774266193
