,Annualized Return,Annualized Vol,Sharpe Ratio,Max Drawdown,Skewness,Kurtosis,Cornish-Fisher VaR (5%),Historic CVaR (5%)
Mean Return,13.027059006478424,18.589829394730533,0.32854344314057554,-35.092528677233766,-0.41158284158375663,11.901947671133659,0.037983271217152434,0.05559844848524684
