,Annualized Return,Annualized Vol,Sharpe Ratio,Max Drawdown,Skewness,Kurtosis,Cornish-Fisher VaR (5%),Historic CVaR (5%)
Mean Return,11.488066819190013,13.608531350609157,0.3445080483881602,-23.579154922660923,-0.5658131967707579,5.57875603619019,0.03066232295349071,0.04457949055426541
