,Annualized Return,Annualized Vol,Sharpe Ratio,Max Drawdown,Skewness,Kurtosis,Cornish-Fisher VaR (5%),Historic CVaR (5%)
Mean Return,20.83008631877061,17.87797842811698,0.7554069208604342,-25.720224299824363,0.3344373670240561,7.877640479645465,0.031919331839283964,0.050989320245412174
