,Annualized Return,Annualized Vol,Sharpe Ratio,Max Drawdown,Skewness,Kurtosis,Cornish-Fisher VaR (5%),Historic CVaR (5%)
Mean Return,12.615324697367392,16.889011476819253,0.3403010669589885,-36.424852519577364,-1.0805068440486802,10.207669329533203,0.03917602999970083,0.052746502468790674
