,Annualized Return,Annualized Vol,Sharpe Ratio,Max Drawdown,Skewness,Kurtosis,Cornish-Fisher VaR (5%),Historic CVaR (5%)
Mean Return,12.328347270550854,14.15942133363857,0.4214107884798754,-30.450297263527204,-1.2895354959402865,13.040062895469939,0.03365756453868711,0.04660458801386707
