,Annualized Return,Annualized Vol,Sharpe Ratio,Max Drawdown,Skewness,Kurtosis,Cornish-Fisher VaR (5%),Historic CVaR (5%)
Mean Return,12.167495466884382,22.310589796976448,0.24124484099909288,-44.42657535664406,-1.2527298115321621,20.568615427364108,0.047247884123357495,0.06892302072130221
