,Annualized Return,Annualized Vol,Skewness,Kurtosis,Cornish-Fisher VaR (5%),Historic CVaR (5%),Sharpe Ratio,Max Drawdown
Mean Return,0.11752935220679461,0.14840402271691153,-0.42884152352410526,6.201687967031108,0.03255326605872962,0.0490945281425393,0.333904261112293,-0.2355163441523696
