,Annualized Return,Annualized Vol,Sharpe Ratio,Max Drawdown,Skewness,Kurtosis,Cornish-Fisher VaR (5%),Historic CVaR (5%)
Mean Return,13.763909875690672,16.309504023390357,0.42288260469119504,-38.21116346038829,-0.2724953332355092,5.1411510524898665,0.03549550011988473,0.0515453045373717
