,Annualized Return,Annualized Vol,Sharpe Ratio,Max Drawdown,Skewness,Kurtosis,Cornish-Fisher VaR (5%),Historic CVaR (5%)
Mean Return,13.002118913316107,14.237363123311553,0.4271244583500797,-31.694033974946205,-1.4263323224415418,12.625438700215922,0.03330927021908187,0.045878954762216394
