,Annualized Return,Annualized Vol,Skewness,Kurtosis,Cornish-Fisher VaR (5%),Historic CVaR (5%),Sharpe Ratio,Max Drawdown
Mean Return,0.09667364131844214,0.14893433676151036,-1.1855490876808825,11.587032653822458,0.03477720866210949,0.049605448470325664,0.19759080431489734,-0.33173838278770873
