,Annualized Return,Annualized Vol,Sharpe Ratio,Max Drawdown,Skewness,Kurtosis,Cornish-Fisher VaR (5%),Historic CVaR (5%)
Mean Return,11.301234200675282,16.52398340144361,0.2730589628281262,-30.629431149309678,-0.555130926663514,11.453800123371954,0.03488833644228018,0.04995969893125099
