,Annualized Return,Annualized Vol,Skewness,Kurtosis,Cornish-Fisher VaR (5%),Historic CVaR (5%),Sharpe Ratio,Max Drawdown
Mean Return,0.12126977424602137,0.1583469395088864,-0.6437824083133735,8.769038222488689,0.0352398914545405,0.04876657192995818,0.3397894881173637,-0.3099565446272754
