,Annualized Return,Annualized Vol,Sharpe Ratio,Max Drawdown,Skewness,Kurtosis,Cornish-Fisher VaR (5%),Historic CVaR (5%)
Mean Return,16.109750872993068,15.109724582955108,0.5989070496920421,-28.165465273465664,-0.9515251502320535,8.26360442548594,0.03440128142255541,0.04863555343010102
