,Annualized Return,Annualized Vol,Sharpe Ratio,Max Drawdown,Skewness,Kurtosis,Cornish-Fisher VaR (5%),Historic CVaR (5%)
Mean Return,14.452314465193595,17.253245669124812,0.4311899896828072,-26.95551620330378,-0.5143784618137,11.306801238638748,0.03579968449414656,0.0528537260529794
