,Annualized Return,Annualized Vol,Skewness,Kurtosis,Cornish-Fisher VaR (5%),Historic CVaR (5%),Sharpe Ratio,Max Drawdown
Mean Return,0.12284987664115143,0.17092564441351454,-0.9574078496272418,12.899186971859514,0.037739860538523566,0.051835221596230885,0.31607108539349577,-0.34677291182037995
