,Annualized Return,Annualized Vol,Sharpe Ratio,Max Drawdown,Skewness,Kurtosis,Cornish-Fisher VaR (5%),Historic CVaR (5%)
Mean Return,13.9433024253232,17.00398653356519,0.409891837084447,-33.54658780551926,-0.6894982903822064,13.175696646253305,0.035533544049694464,0.05032920049246259
