,Annualized Return,Annualized Vol,Sharpe Ratio,Max Drawdown,Skewness,Kurtosis,Cornish-Fisher VaR (5%),Historic CVaR (5%)
Mean Return,13.825160010476578,20.500147067881215,0.33720940272517014,-28.439677064204076,-0.0929212727871567,6.463974820912896,0.04256303665121781,0.06220205181872349
