,Annualized Return,Annualized Vol,Sharpe Ratio,Max Drawdown,Skewness,Kurtosis,Cornish-Fisher VaR (5%),Historic CVaR (5%)
Mean Return,13.269107522215062,16.77629714630636,0.40902070385112166,-30.215388816588362,-1.1137852317689603,14.037481532157315,0.03859026866557204,0.04944371902214032
