,Annualized Return,Annualized Vol,Sharpe Ratio,Max Drawdown,Skewness,Kurtosis,Cornish-Fisher VaR (5%),Historic CVaR (5%)
Mean Return,8.163851818831702,18.354835341602232,0.1077062237140716,-46.10007597147639,-1.1020662057096986,10.889678621513212,0.044552530008089064,0.062420245077756516
