,Annualized Return,Annualized Vol,Sharpe Ratio,Max Drawdown,Skewness,Kurtosis,Cornish-Fisher VaR (5%),Historic CVaR (5%)
Mean Return,10.075326752355206,17.490954226001374,0.19125862609616356,-40.239097500330764,-1.1233742538395015,11.176450095936499,0.04087601012487534,0.054274547640791225
