,Annualized Return,Annualized Vol,Sharpe Ratio,Max Drawdown,Skewness,Kurtosis,Cornish-Fisher VaR (5%),Historic CVaR (5%)
Mean Return,15.904888830212238,15.846907643251978,0.5578597191115994,-33.04703516556241,-0.6862617070278092,6.876379421397992,0.03538452088083603,0.0485106695686902
