,Annualized Return,Annualized Vol,Sharpe Ratio,Max Drawdown,Skewness,Kurtosis,Cornish-Fisher VaR (5%),Historic CVaR (5%)
Mean Return,14.094701707456036,18.730588444380118,0.3836937274633082,-31.6719180595779,-0.015239590885936348,9.692162194875452,0.036386884291825225,0.05414804399144879
