,Annualized Return,Annualized Vol,Sharpe Ratio,Max Drawdown,Skewness,Kurtosis,Cornish-Fisher VaR (5%),Historic CVaR (5%)
Mean Return,14.834284888783266,17.444780362699646,0.4777491881316791,-32.97562855886524,-0.7777297241547947,11.175080299343406,0.03928699447914228,0.05133563225489439
