,Annualized Return,Annualized Vol,Sharpe Ratio,Max Drawdown,Skewness,Kurtosis,Cornish-Fisher VaR (5%),Historic CVaR (5%)
Mean Return,15.606689687134523,15.856715853285799,0.5444514295342158,-28.652529848189694,-0.524571669769721,6.81824187203375,0.03488546479196237,0.04882249797423835
