,Annualized Return,Annualized Vol,Sharpe Ratio,Max Drawdown,Skewness,Kurtosis,Cornish-Fisher VaR (5%),Historic CVaR (5%)
Mean Return,12.954115863011918,14.286285829931632,0.4591657253615354,-30.18866918802602,-1.3237729609293962,13.68706394657273,0.03375312379985387,0.04567698077136179
