,Annualized Return,Annualized Vol,Sharpe Ratio,Max Drawdown,Skewness,Kurtosis,Cornish-Fisher VaR (5%),Historic CVaR (5%)
Mean Return,17.874957579065164,14.899154865643988,0.7166132011256721,-32.38901181449275,-0.7914392410508667,8.152061028545656,0.0328255228254612,0.04688450349615427
