,Annualized Return,Annualized Vol,Sharpe Ratio,Max Drawdown,Skewness,Kurtosis,Cornish-Fisher VaR (5%),Historic CVaR (5%)
Mean Return,15.159272602900863,15.668790091244219,0.5180001814833453,-28.010291981818725,-0.8235601964662961,12.963065251251987,0.03320389224196346,0.045428611618400665
