,Annualized Return,Annualized Vol,Sharpe Ratio,Max Drawdown,Skewness,Kurtosis,Cornish-Fisher VaR (5%),Historic CVaR (5%)
Mean Return,12.423106977838817,14.361696681329548,0.3876395521970897,-27.229535657426567,-1.2061406173506595,11.959843522021629,0.03293697160097089,0.04510253740741173
