,Annualized Return,Annualized Vol,Sharpe Ratio,Max Drawdown,Skewness,Kurtosis,Cornish-Fisher VaR (5%),Historic CVaR (5%)
Mean Return,18.487364529011984,17.921537841850434,0.630625623945403,-28.628656999120683,0.05655340379842306,6.9931255711756055,0.03483797658099795,0.05032618329092192
