,Annualized Return,Annualized Vol,Sharpe Ratio,Max Drawdown,Skewness,Kurtosis,Cornish-Fisher VaR (5%),Historic CVaR (5%)
Mean Return,15.988250795779301,16.79663396046823,0.5373189537804172,-38.44184555111599,-0.5806408874062128,10.231334423829688,0.03576388379610098,0.049676868296488944
