,Annualized Return,Annualized Vol,Sharpe Ratio,Max Drawdown,Skewness,Kurtosis,Cornish-Fisher VaR (5%),Historic CVaR (5%)
Mean Return,10.618234747429778,14.553897721890724,0.26592753099754274,-31.825556080039213,-1.2243700312986896,12.023285367947436,0.03378448678582865,0.046904061512409945
