,Annualized Return,Annualized Vol,Sharpe Ratio,Max Drawdown,Skewness,Kurtosis,Cornish-Fisher VaR (5%),Historic CVaR (5%)
Mean Return,5.28885204001861,16.66414049231665,-0.07042297317470742,-54.133316968559654,-0.4467767405216063,9.56409423573372,0.03649295468863808,0.05570427852289295
