,Annualized Return,Annualized Vol,Sharpe Ratio,Max Drawdown,Skewness,Kurtosis,Cornish-Fisher VaR (5%),Historic CVaR (5%)
Mean Return,14.524389938215144,16.950330392194424,0.474771733688158,-29.103161817829765,-0.9863498743695508,13.629369103058643,0.03822442356912602,0.04834726023703242
