,Annualized Return,Annualized Vol,Sharpe Ratio,Max Drawdown,Skewness,Kurtosis,Cornish-Fisher VaR (5%),Historic CVaR (5%)
Mean Return,17.499469537058566,15.423853782895028,0.6780154043304211,-31.631788574968684,-1.0621052820314254,9.453689987076697,0.03533178563042783,0.04746970255969138
