,Annualized Return,Annualized Vol,Sharpe Ratio,Max Drawdown,Skewness,Kurtosis,Cornish-Fisher VaR (5%),Historic CVaR (5%)
Mean Return,15.601263636088202,16.98374023116547,0.5065154371487914,-33.1489567121559,-0.4881783792701245,10.182893688873339,0.03536439201348701,0.05171056513107713
