,Annualized Return,Annualized Vol,Sharpe Ratio,Max Drawdown,Skewness,Kurtosis,Cornish-Fisher VaR (5%),Historic CVaR (5%)
Mean Return,14.917050524252051,18.31494415181147,0.4310495458773804,-36.97018942805467,0.08979189884623158,9.07827927572208,0.03497084783970775,0.05159655768278221
