,Annualized Return,Annualized Vol,Sharpe Ratio,Max Drawdown,Skewness,Kurtosis,Cornish-Fisher VaR (5%),Historic CVaR (5%)
Mean Return,12.390075286133806,17.412264278432712,0.3415627891838404,-38.383099028100254,-1.1611823320597146,11.76251029485964,0.04133128638920803,0.057685919256555286
