,Annualized Return,Annualized Vol,Sharpe Ratio,Max Drawdown,Skewness,Kurtosis,Cornish-Fisher VaR (5%),Historic CVaR (5%)
Mean Return,14.907282388881082,14.191181325489746,0.5546972219915777,-30.343071510911145,-1.1487999475463107,11.18522241978052,0.032158672114444474,0.04501585392680628
