,Annualized Return,Annualized Vol,Sharpe Ratio,Max Drawdown,Skewness,Kurtosis,Cornish-Fisher VaR (5%),Historic CVaR (5%)
Mean Return,15.304973085844154,15.964007053784021,0.5184331869223864,-33.145107694859036,-1.114732593675976,9.457594094588272,0.036983899922352056,0.049585675608302335
