,Annualized Return,Annualized Vol,Skewness,Kurtosis,Cornish-Fisher VaR (5%),Historic CVaR (5%),Sharpe Ratio,Max Drawdown
Mean Return,0.07490161988206312,0.14343300391176636,-1.1097798565709383,10.015581801917929,0.03407517120878783,0.044674011670517134,0.06596098800834102,-0.3884435158088945
