,Annualized Return,Annualized Vol,Sharpe Ratio,Max Drawdown,Skewness,Kurtosis,Cornish-Fisher VaR (5%),Historic CVaR (5%)
Mean Return,14.370673258412236,16.33018127448512,0.4539909786808835,-31.289635975705032,-1.0807737002027133,13.558904765965059,0.03598618397923253,0.04903958659913283
