,Annualized Return,Annualized Vol,Sharpe Ratio,Max Drawdown,Skewness,Kurtosis,Cornish-Fisher VaR (5%),Historic CVaR (5%)
Mean Return,14.954265135970935,14.555398008858372,0.5472616038454033,-25.776523001221506,-0.7152873522344303,8.104786510798212,0.03208723646303948,0.04532855695794744
