,Annualized Return,Annualized Vol,Sharpe Ratio,Max Drawdown,Skewness,Kurtosis,Cornish-Fisher VaR (5%),Historic CVaR (5%)
Mean Return,9.15409360169399,18.364689904375,0.13575135500260935,-32.83830232580517,-0.3999892106535085,10.647095633446853,0.038710369806522045,0.057081987290336485
