,Annualized Return,Annualized Vol,Sharpe Ratio,Max Drawdown,Skewness,Kurtosis,Cornish-Fisher VaR (5%),Historic CVaR (5%)
Mean Return,14.653804465485564,17.2128449203747,0.4462621431552852,-29.998366172211238,-0.6290024371524714,9.225147911678295,0.03737478352455595,0.052498135962483664
