,Annualized Return,Annualized Vol,Sharpe Ratio,Max Drawdown,Skewness,Kurtosis,Cornish-Fisher VaR (5%),Historic CVaR (5%)
Mean Return,14.175609701954194,17.701301599997056,0.4085972780306092,-35.514513485874375,-1.0731794392492755,9.336364119858686,0.041268655126060885,0.05646211901026058
