,Annualized Return,Annualized Vol,Sharpe Ratio,Max Drawdown,Skewness,Kurtosis,Cornish-Fisher VaR (5%),Historic CVaR (5%)
Mean Return,18.886365180700594,14.51556799415156,0.8034203145324224,-24.2519782609305,-0.7377446754636812,8.014917329454715,0.03149789692698898,0.04314147484154923
