,Annualized Return,Annualized Vol,Sharpe Ratio,Max Drawdown,Skewness,Kurtosis,Cornish-Fisher VaR (5%),Historic CVaR (5%)
Mean Return,14.347534809204188,15.411125953954938,0.47939170793741553,-31.298120215049853,-0.9963473236192292,13.215230945582311,0.03355234801513547,0.0467270701105053
