,Annualized Return,Annualized Vol,Sharpe Ratio,Max Drawdown,Skewness,Kurtosis,Cornish-Fisher VaR (5%),Historic CVaR (5%)
Mean Return,13.166891401353453,18.84997974489092,0.3344412854422509,-28.439677064204076,0.1775720276815255,6.002232120375804,0.037304323809706164,0.05413454150877155
