,Annualized Return,Annualized Vol,Sharpe Ratio,Max Drawdown,Skewness,Kurtosis,Cornish-Fisher VaR (5%),Historic CVaR (5%)
Mean Return,13.321799526579237,15.541466002663768,0.4137537671205157,-29.65746630960961,-0.9380836953855446,8.312572746276675,0.03582788682482656,0.05007928155332547
