,Annualized Return,Annualized Vol,Sharpe Ratio,Max Drawdown,Skewness,Kurtosis,Cornish-Fisher VaR (5%),Historic CVaR (5%)
Mean Return,13.382032727283267,15.13919234249587,0.428806326096939,-28.5400783484569,-1.1811973482193137,12.994773245084833,0.034114638437662104,0.04644564440151823
