,Annualized Return,Annualized Vol,Sharpe Ratio,Max Drawdown,Skewness,Kurtosis,Cornish-Fisher VaR (5%),Historic CVaR (5%)
Mean Return,14.62473848712975,17.382252120929472,0.44880912571608317,-37.95793168628044,-0.3605182181619318,8.164674318655717,0.036893319405387474,0.05165649437939329
