,Annualized Return,Annualized Vol,Sharpe Ratio,Max Drawdown,Skewness,Kurtosis,Cornish-Fisher VaR (5%),Historic CVaR (5%)
Mean Return,17.067949947925086,16.094949581117604,0.6192699857338697,-32.63105778333398,-0.9318979313570889,8.703204702026898,0.03634276717275357,0.051928685179366406
