,Annualized Return,Annualized Vol,Sharpe Ratio,Max Drawdown,Skewness,Kurtosis,Cornish-Fisher VaR (5%),Historic CVaR (5%)
Mean Return,16.187443826694327,16.246703303007834,0.5604760448427348,-29.390194114753744,-1.0528226406594121,13.198426212135166,0.035509822707295996,0.04772279577596281
