,Annualized Return,Annualized Vol,Sharpe Ratio,Max Drawdown,Skewness,Kurtosis,Cornish-Fisher VaR (5%),Historic CVaR (5%)
Mean Return,13.10277147935639,16.32226494999695,0.39051613538870034,-32.78427421407,-0.42672768106142045,6.695513907560255,0.035845070514803776,0.04952686459955218
