,Annualized Return,Annualized Vol,Sharpe Ratio,Max Drawdown,Skewness,Kurtosis,Cornish-Fisher VaR (5%),Historic CVaR (5%)
Mean Return,16.033560706202678,18.233015108949175,0.4932768006099966,-31.49594914447129,-0.23657606465216166,9.734303638222197,0.03658093434698411,0.056374462222376985
