,Annualized Return,Annualized Vol,Sharpe Ratio,Max Drawdown,Skewness,Kurtosis,Cornish-Fisher VaR (5%),Historic CVaR (5%)
Mean Return,14.483271023176503,16.184394331434323,0.4647910017090138,-31.430789477164332,-1.0557345655739738,9.285395435987065,0.03741283737751036,0.0526870702493676
