,Annualized Return,Annualized Vol,Sharpe Ratio,Max Drawdown,Skewness,Kurtosis,Cornish-Fisher VaR (5%),Historic CVaR (5%)
Mean Return,11.204785749979784,14.957554758645566,0.2980475528818286,-28.51633900601927,-0.5214944239321703,8.57735791244023,0.03243231982457187,0.045785346912856774
