,Annualized Return,Annualized Vol,Sharpe Ratio,Max Drawdown,Skewness,Kurtosis,Cornish-Fisher VaR (5%),Historic CVaR (5%)
Mean Return,14.956262647940587,16.954968937944166,0.47085482057585404,-29.248352032522796,-0.5285927250711555,10.127557659962768,0.03567578395134536,0.05000446220650543
