,Annualized Return,Annualized Vol,Sharpe Ratio,Max Drawdown,Skewness,Kurtosis,Cornish-Fisher VaR (5%),Historic CVaR (5%)
Mean Return,15.766432264847374,16.010895355344935,0.5440118691677873,-33.3650932893415,-1.1026608168161778,9.206083920178399,0.03707049790013272,0.0490820082708754
