,Annualized Return,Annualized Vol,Sharpe Ratio,Max Drawdown,Skewness,Kurtosis,Cornish-Fisher VaR (5%),Historic CVaR (5%)
Mean Return,15.898122420182602,16.389162395165695,0.5369820301677517,-28.09705640576708,-1.0403318755489717,14.006227521274825,0.03545863833327916,0.047768002131412454
