,Annualized Return,Annualized Vol,Sharpe Ratio,Max Drawdown,Skewness,Kurtosis,Cornish-Fisher VaR (5%),Historic CVaR (5%)
Mean Return,16.991413281063817,14.90286870413888,0.6699299513199817,-31.978600285744307,-0.9863200575365823,8.47978805344848,0.03415671041968692,0.046064812315895994
