,Annualized Return,Annualized Vol,Sharpe Ratio,Max Drawdown,Skewness,Kurtosis,Cornish-Fisher VaR (5%),Historic CVaR (5%)
Mean Return,13.0246213143697,19.34116155145468,0.3179202742814401,-37.41128195804162,-0.702335840422036,15.075312738229266,0.039903988719517496,0.0602627807633882
