,Annualized Return,Annualized Vol,Sharpe Ratio,Max Drawdown,Skewness,Kurtosis,Cornish-Fisher VaR (5%),Historic CVaR (5%)
Mean Return,10.672572129065095,16.625335729783213,0.2347006273857452,-30.442072666658078,-1.4496454388943594,14.519769467131301,0.03887585733014968,0.05129463651073446
