,Annualized Return,Annualized Vol,Sharpe Ratio,Max Drawdown,Skewness,Kurtosis,Cornish-Fisher VaR (5%),Historic CVaR (5%)
Mean Return,14.779026813228292,17.546615644524334,0.4670617909336052,-36.07081687930114,-1.3044015360122592,13.242200290801586,0.041346254143019574,0.05349825467918362
