,Annualized Return,Annualized Vol,Skewness,Kurtosis,Cornish-Fisher VaR (5%),Historic CVaR (5%),Sharpe Ratio,Max Drawdown
Mean Return,0.14848354401691832,0.17499077562056564,-0.4817778126897121,11.570733730951233,0.035937389852651797,0.05326209427472238,0.4464003614749524,-0.27423498884299985
