,Annualized Return,Annualized Vol,Sharpe Ratio,Max Drawdown,Skewness,Kurtosis,Cornish-Fisher VaR (5%),Historic CVaR (5%)
Mean Return,14.730814345644628,16.16905588537495,0.479941153999032,-33.100485583564016,-0.7100365988981128,8.583121613192866,0.03572574210340813,0.04930644222661435
