,Annualized Return,Annualized Vol,Skewness,Kurtosis,Cornish-Fisher VaR (5%),Historic CVaR (5%),Sharpe Ratio,Max Drawdown
Mean Return,0.10556975935189139,0.14765433203236716,-0.6442585343443118,8.41462111931323,0.032830678949378356,0.0454406124329873,0.2606663812987536,-0.3001780792081468
