,Annualized Return,Annualized Vol,Sharpe Ratio,Max Drawdown,Skewness,Kurtosis,Cornish-Fisher VaR (5%),Historic CVaR (5%)
Mean Return,10.9295035571646,20.735026448404074,0.2015221700282433,-43.683693428972106,-0.5365475591508462,13.61481212321945,0.042888093919384036,0.06315103014935405
