,Annualized Return,Annualized Vol,Sharpe Ratio,Max Drawdown,Skewness,Kurtosis,Cornish-Fisher VaR (5%),Historic CVaR (5%)
Mean Return,12.782247512962797,20.051611159697984,0.29584213597847436,-37.60985466453914,-0.8852364378225202,9.838155083939892,0.045717713636870834,0.06600202099313106
