,Annualized Return,Annualized Vol,Sharpe Ratio,Max Drawdown,Skewness,Kurtosis,Cornish-Fisher VaR (5%),Historic CVaR (5%)
Mean Return,12.882155852249966,16.90685254867999,0.3547797094921864,-31.910714821841026,-0.9756947476988646,12.438026502731196,0.03751631533843444,0.04884162307432729
