,Annualized Return,Annualized Vol,Sharpe Ratio,Max Drawdown,Skewness,Kurtosis,Cornish-Fisher VaR (5%),Historic CVaR (5%)
Mean Return,15.947452072611235,16.037336955062536,0.5609891076268183,-30.996514811548217,-0.13859271244717886,5.210697628586491,0.03361712153083882,0.04707069791378059
