,Annualized Return,Annualized Vol,Sharpe Ratio,Max Drawdown,Skewness,Kurtosis,Cornish-Fisher VaR (5%),Historic CVaR (5%)
Mean Return,11.261959238204412,13.721867253991595,0.337830158109756,-30.327952945047354,-0.773678091440062,8.09672193798662,0.03130515527002924,0.04462179652983844
