,Annualized Return,Annualized Vol,Sharpe Ratio,Max Drawdown,Skewness,Kurtosis,Cornish-Fisher VaR (5%),Historic CVaR (5%)
Mean Return,15.581725048279282,17.141945693861647,0.49604321601911944,-29.043201539229774,-0.7643662708020286,13.565018096207229,0.03582903903117157,0.05208877114181288
