,Annualized Return,Annualized Vol,Skewness,Kurtosis,Cornish-Fisher VaR (5%),Historic CVaR (5%),Sharpe Ratio,Max Drawdown
Mean Return,0.024718078980060287,0.1535852675604466,-1.4808983832867886,13.647038269317102,0.037798157204142535,0.05370913626729824,-0.24862664979757576,-0.3628583794199851
