,Annualized Return,Annualized Vol,Sharpe Ratio,Max Drawdown,Skewness,Kurtosis,Cornish-Fisher VaR (5%),Historic CVaR (5%)
Mean Return,16.507141745417254,18.65582401932235,0.5059677822793995,-27.26507355643993,0.19597946585015671,8.167579734843253,0.03506039996149776,0.05592568677807509
