,Annualized Return,Annualized Vol,Sharpe Ratio,Max Drawdown,Skewness,Kurtosis,Cornish-Fisher VaR (5%),Historic CVaR (5%)
Mean Return,16.141591450875126,17.57444162264444,0.5156615817725562,-29.767546737817945,-1.0104968796332885,14.174893167580912,0.03788518003844795,0.04844717598387607
