,Annualized Return,Annualized Vol,Sharpe Ratio,Max Drawdown,Skewness,Kurtosis,Cornish-Fisher VaR (5%),Historic CVaR (5%)
Mean Return,16.84117696708187,17.20169049299627,0.5633028337434374,-33.97728414409637,-0.8764615076249631,12.746487640410937,0.03682745118779504,0.05087755221374231
