,Annualized Return,Annualized Vol,Sharpe Ratio,Max Drawdown,Skewness,Kurtosis,Cornish-Fisher VaR (5%),Historic CVaR (5%)
Mean Return,13.77609905422441,18.60936648701723,0.3705975766613017,-35.55501199519411,-1.191839675312607,10.625460235708122,0.043634202232450466,0.06038688456563067
