,Annualized Return,Annualized Vol,Sharpe Ratio,Max Drawdown,Skewness,Kurtosis,Cornish-Fisher VaR (5%),Historic CVaR (5%)
Mean Return,19.586885331631176,13.8857654502101,0.8938941751014984,-24.58710428550588,-0.8657325166337985,7.393594866765986,0.03103369937103515,0.04203303121981826
