,Annualized Return,Annualized Vol,Sharpe Ratio,Max Drawdown,Skewness,Kurtosis,Cornish-Fisher VaR (5%),Historic CVaR (5%)
Mean Return,19.321824450244264,14.344714963541524,0.8426332578311694,-26.4990748194085,-0.7492868484196609,8.368144830806074,0.030932128221024244,0.044075062454568215
