,Annualized Return,Annualized Vol,Sharpe Ratio,Max Drawdown,Skewness,Kurtosis,Cornish-Fisher VaR (5%),Historic CVaR (5%)
Mean Return,15.522015093468312,16.715933155871554,0.5054498193266626,-34.126351562336204,-0.9694093059286509,13.406855121186481,0.03615648458423753,0.04924970951048237
