,Annualized Return,Annualized Vol,Sharpe Ratio,Max Drawdown,Skewness,Kurtosis,Cornish-Fisher VaR (5%),Historic CVaR (5%)
Mean Return,15.214440213237035,18.076926531360236,0.45237419380324256,-37.09730659377132,-0.365730284316032,9.264321692521097,0.03753096310649078,0.0548960994474809
