,Annualized Return,Annualized Vol,Sharpe Ratio,Max Drawdown,Skewness,Kurtosis,Cornish-Fisher VaR (5%),Historic CVaR (5%)
Mean Return,12.764058136398848,15.328188688965813,0.38725626686360287,-26.77210105694778,-0.8170390642476019,7.348589098860943,0.03516502617361721,0.05038382071901532
