,Annualized Return,Annualized Vol,Sharpe Ratio,Max Drawdown,Skewness,Kurtosis,Cornish-Fisher VaR (5%),Historic CVaR (5%)
Mean Return,13.099664201037676,16.521890340480834,0.3744796625079855,-33.993046823903164,-0.8847340595579495,9.472847027893755,0.03744203576574325,0.050251695034546524
