,Annualized Return,Annualized Vol,Sharpe Ratio,Max Drawdown,Skewness,Kurtosis,Cornish-Fisher VaR (5%),Historic CVaR (5%)
Mean Return,12.469584087616582,15.71349935891664,0.3570562453715743,-30.90869465665112,-0.8535192333266378,8.07844755070249,0.03604262765647139,0.050079540386447886
