,Annualized Return,Annualized Vol,Sharpe Ratio,Max Drawdown,Skewness,Kurtosis,Cornish-Fisher VaR (5%),Historic CVaR (5%)
Mean Return,11.62750319102881,14.516873821023177,0.33090329927427503,-32.95619537394639,-0.8259433006849519,8.456855037395872,0.033006351461627365,0.046037173025066484
