,Annualized Return,Annualized Vol,Sharpe Ratio,Max Drawdown,Skewness,Kurtosis,Cornish-Fisher VaR (5%),Historic CVaR (5%)
Mean Return,14.77491579575645,17.925035893109175,0.4319353688895468,-32.91553553017905,-0.592969467467072,13.559481872755018,0.03661329849478385,0.05295640559840579
