,Annualized Return,Annualized Vol,Sharpe Ratio,Max Drawdown,Skewness,Kurtosis,Cornish-Fisher VaR (5%),Historic CVaR (5%)
Mean Return,9.922407949954959,14.034708919208,0.25769893326115645,-32.26516741671166,-1.473991232796528,12.044750276768259,0.03470835713319168,0.04787596809059738
