,Annualized Return,Annualized Vol,Sharpe Ratio,Max Drawdown,Skewness,Kurtosis,Cornish-Fisher VaR (5%),Historic CVaR (5%)
Mean Return,13.595801682714391,15.766338161838222,0.4337395453121422,-31.164142445910453,-0.5037499537273139,5.860794449325534,0.03528844045005226,0.04838809481069317
