,Annualized Return,Annualized Vol,Sharpe Ratio,Max Drawdown,Skewness,Kurtosis,Cornish-Fisher VaR (5%),Historic CVaR (5%)
Mean Return,4.933318463136804,17.176909826119118,-0.08384997551247342,-46.766919985382096,-0.40469371965604717,7.688540431139037,0.03832203338818847,0.05861383901864941
