,Annualized Return,Annualized Vol,Sharpe Ratio,Max Drawdown,Skewness,Kurtosis,Cornish-Fisher VaR (5%),Historic CVaR (5%)
Mean Return,14.322270388197289,15.936739781558105,0.4643357162591398,-29.6048676891487,-0.5218566257121019,9.665448196666585,0.03367076218378148,0.04745750876689681
