,Annualized Return,Annualized Vol,Sharpe Ratio,Max Drawdown,Skewness,Kurtosis,Cornish-Fisher VaR (5%),Historic CVaR (5%)
Mean Return,9.705651750267098,13.718709288679179,0.21959171395458604,-25.18951376934833,-0.5550722911712611,6.075187254260179,0.030992505937356956,0.04469650628770861
