,Annualized Return,Annualized Vol,Sharpe Ratio,Max Drawdown,Skewness,Kurtosis,Cornish-Fisher VaR (5%),Historic CVaR (5%)
Mean Return,14.23856960568517,16.72087806853583,0.4359467996150154,-37.276804260508996,-1.6153476121621437,15.93118631555346,0.03870613778213261,0.053620102157846475
