,Annualized Return,Annualized Vol,Sharpe Ratio,Max Drawdown,Skewness,Kurtosis,Cornish-Fisher VaR (5%),Historic CVaR (5%)
Mean Return,14.354742961219479,17.07925175290967,0.4302802681374865,-32.816825569422164,-0.9277243325624428,13.458506203567525,0.03691832618923916,0.050068037306899835
