,Annualized Return,Annualized Vol,Sharpe Ratio,Max Drawdown,Skewness,Kurtosis,Cornish-Fisher VaR (5%),Historic CVaR (5%)
Mean Return,10.424780794428568,16.671473886105158,0.2222303336543214,-39.584476869324384,-1.88111702602592,18.521852867752468,0.0393683072796439,0.05391571150508252
