,Annualized Return,Annualized Vol,Sharpe Ratio,Max Drawdown,Skewness,Kurtosis,Cornish-Fisher VaR (5%),Historic CVaR (5%)
Mean Return,14.91513003634286,17.492423548855232,0.480155361256788,-33.71966849609661,-0.7199941981690919,11.31383143886136,0.03894804233943546,0.050883433497906
