,Annualized Return,Annualized Vol,Sharpe Ratio,Max Drawdown,Skewness,Kurtosis,Cornish-Fisher VaR (5%),Historic CVaR (5%)
Mean Return,14.519544638086535,16.90826244580494,0.44385729890209624,-33.22599694207498,-1.0035651150905731,13.1971465096962,0.03706301787605943,0.05102961101330731
