,Annualized Return,Annualized Vol,Sharpe Ratio,Max Drawdown,Skewness,Kurtosis,Cornish-Fisher VaR (5%),Historic CVaR (5%)
Mean Return,16.20379021419629,15.671142576788277,0.5861744249288084,-27.459730091833105,-0.5771848238060081,6.3241366051845365,0.03487901385420521,0.04836292920988177
