,Annualized Return,Annualized Vol,Skewness,Kurtosis,Cornish-Fisher VaR (5%),Historic CVaR (5%),Sharpe Ratio,Max Drawdown
Mean Return,0.12131038067257793,0.20504814988487158,0.24828969338611256,7.973194478841223,0.03920188723767614,0.06320979531545633,0.2598349780300674,-0.2691325158287662
