,Annualized Return,Annualized Vol,Sharpe Ratio,Max Drawdown,Skewness,Kurtosis,Cornish-Fisher VaR (5%),Historic CVaR (5%)
Mean Return,6.520591627664252,14.047589105518057,0.008261296847039152,-37.489635983965115,-1.0344749676321032,9.139903358138804,0.03383656481861989,0.04913846729253707
