,Annualized Return,Annualized Vol,Sharpe Ratio,Max Drawdown,Skewness,Kurtosis,Cornish-Fisher VaR (5%),Historic CVaR (5%)
Mean Return,14.00303871059867,17.796034290449867,0.3973022208747912,-35.956833096158924,-1.1075751742066176,9.765355128479868,0.04152342471974949,0.05675861224363118
