,Annualized Return,Annualized Vol,Sharpe Ratio,Max Drawdown,Skewness,Kurtosis,Cornish-Fisher VaR (5%),Historic CVaR (5%)
Mean Return,13.134549176720057,17.267856974741633,0.3591005487856661,-32.95337369813209,-0.7201624458006284,12.558248670331952,0.036733763436633864,0.05227343996506888
