,Annualized Return,Annualized Vol,Sharpe Ratio,Max Drawdown,Skewness,Kurtosis,Cornish-Fisher VaR (5%),Historic CVaR (5%)
Mean Return,11.804185161983916,13.757893486640471,0.37446132406470956,-26.48737729194976,-0.592916596431978,5.698120162297675,0.031329410357026986,0.04517556535656622
