,Annualized Return,Annualized Vol,Sharpe Ratio,Max Drawdown,Skewness,Kurtosis,Cornish-Fisher VaR (5%),Historic CVaR (5%)
Mean Return,16.74682035016899,17.02478870548943,0.5698053074902422,-36.378390306246764,-0.23131991296984591,7.6477294236865525,0.03517497224048613,0.05071627153486001
