,Annualized Return,Annualized Vol,Sharpe Ratio,Max Drawdown,Skewness,Kurtosis,Cornish-Fisher VaR (5%),Historic CVaR (5%)
Mean Return,15.404051502381533,15.561573821227254,0.5419558656490205,-31.632791582401932,-0.82805578414291,6.997621928159928,0.035862103777406194,0.05033352299013909
