,Annualized Return,Annualized Vol,Sharpe Ratio,Max Drawdown,Skewness,Kurtosis,Cornish-Fisher VaR (5%),Historic CVaR (5%)
Mean Return,15.924377675173007,15.677563469786831,0.5671671952351954,-28.759742954076305,-0.7065683046439428,7.437058395067787,0.03483315780529012,0.0496679005271967
