,Annualized Return,Annualized Vol,Sharpe Ratio,Max Drawdown,Skewness,Kurtosis,Cornish-Fisher VaR (5%),Historic CVaR (5%)
Mean Return,12.098219803808451,14.494197738308959,0.363022170320689,-25.300513409786067,-0.6654983464884832,8.693817553987946,0.03193742573233798,0.04560200597587391
