,Annualized Return,Annualized Vol,Sharpe Ratio,Max Drawdown,Skewness,Kurtosis,Cornish-Fisher VaR (5%),Historic CVaR (5%)
Mean Return,15.96040997050543,18.40902696319855,0.483020273648339,-33.87844904239599,-0.8598584311621371,9.515484094269178,0.04127661811619717,0.056643406757192795
