,Annualized Return,Annualized Vol,Skewness,Kurtosis,Cornish-Fisher VaR (5%),Historic CVaR (5%),Sharpe Ratio,Max Drawdown
Mean Return,0.13740016979461145,0.17376868678696308,-0.949161026329866,15.220388818863182,0.03695592658099543,0.05312159605276938,0.3925976005635472,-0.31912413773161974
