,Annualized Return,Annualized Vol,Sharpe Ratio,Max Drawdown,Skewness,Kurtosis,Cornish-Fisher VaR (5%),Historic CVaR (5%)
Mean Return,17.27735246780746,17.883489617283505,0.5686030570109876,-25.720224299824384,0.3818747895528418,8.699328925431491,0.031740099800313115,0.05188559160505239
