,Annualized Return,Annualized Vol,Sharpe Ratio,Max Drawdown,Skewness,Kurtosis,Cornish-Fisher VaR (5%),Historic CVaR (5%)
Mean Return,14.792536688415336,19.354854915441923,0.40086434710743724,-35.09252867723375,-0.3901941439539551,12.850673082268102,0.03865422261670512,0.05696415439436877
