,Annualized Return,Annualized Vol,Sharpe Ratio,Max Drawdown,Skewness,Kurtosis,Cornish-Fisher VaR (5%),Historic CVaR (5%)
Mean Return,12.562065491168251,17.147368808914194,0.3565893343500677,-34.55897076377024,-1.0458841667960805,9.961135589752162,0.040840169541296586,0.0566002684545621
