,Annualized Return,Annualized Vol,Sharpe Ratio,Max Drawdown,Skewness,Kurtosis,Cornish-Fisher VaR (5%),Historic CVaR (5%)
Mean Return,13.21968242374789,14.265256805637142,0.44169286030121396,-34.6819914649828,-0.9232730989468735,9.183455101090223,0.03232339266544405,0.04724216500376014
