,Annualized Return,Annualized Vol,Sharpe Ratio,Max Drawdown,Skewness,Kurtosis,Cornish-Fisher VaR (5%),Historic CVaR (5%)
Mean Return,10.4851025562972,14.220000907142532,0.26337461085094016,-31.3210834983854,-1.1502228924761815,10.864325370058499,0.03310221144739261,0.04551357318029653
