,Annualized Return,Annualized Vol,Skewness,Kurtosis,Cornish-Fisher VaR (5%),Historic CVaR (5%),Sharpe Ratio,Max Drawdown
Mean Return,0.09030247611651387,0.1846426819037061,-0.28662267676165254,10.480105899292036,0.038240464156501945,0.05738941587678082,0.13063989461317813,-0.3360240105220877
