,Annualized Return,Annualized Vol,Sharpe Ratio,Max Drawdown,Skewness,Kurtosis,Cornish-Fisher VaR (5%),Historic CVaR (5%)
Mean Return,10.748422546103553,13.508947020924506,0.30777402936342574,-27.25523041287239,-0.5212455806352921,5.676914747161314,0.03056515333896695,0.043123914759963584
