,Annualized Return,Annualized Vol,Sharpe Ratio,Max Drawdown,Skewness,Kurtosis,Cornish-Fisher VaR (5%),Historic CVaR (5%)
Mean Return,14.538847055170368,15.594543867504578,0.4852858542405374,-32.29014674270893,-0.9982338516590681,14.294847031988809,0.03348656016908268,0.04706751770893457
