,Annualized Return,Annualized Vol,Sharpe Ratio,Max Drawdown,Skewness,Kurtosis,Cornish-Fisher VaR (5%),Historic CVaR (5%)
Mean Return,15.082720050427568,17.4016598850917,0.4921179209520077,-32.97562855886524,-0.7771164500860351,11.168855769167862,0.03914091374657354,0.05133563225489439
