,Annualized Return,Annualized Vol,Skewness,Kurtosis,Cornish-Fisher VaR (5%),Historic CVaR (5%),Sharpe Ratio,Max Drawdown
Mean Return,0.13991298006881348,0.13875111410577715,-0.9122413576812903,7.500381567648135,0.032131643850746176,0.04508568668860248,0.5142396741658718,-0.31353290527478406
