,Annualized Return,Annualized Vol,Sharpe Ratio,Max Drawdown,Skewness,Kurtosis,Cornish-Fisher VaR (5%),Historic CVaR (5%)
Mean Return,14.589389792284923,17.038995529913866,0.44526641734053757,-34.866512985722565,-0.5878037035583974,9.438635450693909,0.03664572096224299,0.05200517563772198
