,Annualized Return,Annualized Vol,Sharpe Ratio,Max Drawdown,Skewness,Kurtosis,Cornish-Fisher VaR (5%),Historic CVaR (5%)
Mean Return,16.943388158828874,17.317008322933997,0.5651475019167355,-33.01457718234984,-0.749479145781494,13.36494882346863,0.03600468779934297,0.05007581854770058
