,Annualized Return,Annualized Vol,Sharpe Ratio,Max Drawdown,Skewness,Kurtosis,Cornish-Fisher VaR (5%),Historic CVaR (5%)
Mean Return,13.653513416770435,18.177569548262333,0.3705983064479538,-37.411281958041606,-0.6828445021036839,15.078913840195927,0.037159804030034764,0.05630653013330166
