,Annualized Return,Annualized Vol,Sharpe Ratio,Max Drawdown,Skewness,Kurtosis,Cornish-Fisher VaR (5%),Historic CVaR (5%)
Mean Return,15.792635696349011,18.140720878379568,0.48147069992213065,-28.585662596094984,-1.2576529944995503,12.419206732854521,0.041648089042014926,0.05735599231161689
