,Annualized Return,Annualized Vol,Sharpe Ratio,Max Drawdown,Skewness,Kurtosis,Cornish-Fisher VaR (5%),Historic CVaR (5%)
Mean Return,14.90909349587266,15.856293975315594,0.5044888596055814,-33.2470672864769,-0.36832436015390096,6.126525076144817,0.034383058274742244,0.04724387934449136
