,Annualized Return,Annualized Vol,Sharpe Ratio,Max Drawdown,Skewness,Kurtosis,Cornish-Fisher VaR (5%),Historic CVaR (5%)
Mean Return,15.966650968021078,15.759269234052503,0.5714046726049785,-31.794480224548295,-0.9580711793841491,8.577128532484565,0.036247735818713246,0.0482937288674962
