,Annualized Return,Annualized Vol,Sharpe Ratio,Max Drawdown,Skewness,Kurtosis,Cornish-Fisher VaR (5%),Historic CVaR (5%)
Mean Return,12.82440531424407,16.007733876437992,0.40190619382955245,-29.7836401284716,-1.1678297130894124,14.026191315954257,0.037112758878422934,0.048073332320970386
