,Annualized Return,Annualized Vol,Sharpe Ratio,Max Drawdown,Skewness,Kurtosis,Cornish-Fisher VaR (5%),Historic CVaR (5%)
Mean Return,10.613478583300505,13.619047418918505,0.2838678734609744,-24.426661473343202,-0.5551305273368796,5.731720801525654,0.03072912843074411,0.04398992932812885
