,Annualized Return,Annualized Vol,Sharpe Ratio,Max Drawdown,Skewness,Kurtosis,Cornish-Fisher VaR (5%),Historic CVaR (5%)
Mean Return,13.472321319780933,15.379427376348925,0.42457871694987037,-35.117800623167874,-0.9738160651755483,9.533685028682601,0.035104090853463624,0.04683225577591918
