,Annualized Return,Annualized Vol,Sharpe Ratio,Max Drawdown,Skewness,Kurtosis,Cornish-Fisher VaR (5%),Historic CVaR (5%)
Mean Return,21.163871466509644,13.583594801066395,1.0238104478371512,-27.14662303564177,-0.8648789829528826,7.787599435124874,0.029871558399105512,0.04082504389189302
