,Annualized Return,Annualized Vol,Sharpe Ratio,Max Drawdown,Skewness,Kurtosis,Cornish-Fisher VaR (5%),Historic CVaR (5%)
Mean Return,13.20788218554707,14.541378964423762,0.43154997590367894,-33.48476427672543,-1.5030851997105474,13.157979635443674,0.034169797155233654,0.048523526351183496
