,Annualized Return,Annualized Vol,Sharpe Ratio,Max Drawdown,Skewness,Kurtosis,Cornish-Fisher VaR (5%),Historic CVaR (5%)
Mean Return,14.395108778628373,18.510793971649235,0.4026276539597243,-32.841330580283866,-0.2107650686904182,10.046919425103823,0.03710836480408662,0.05623052319381904
