,Annualized Return,Annualized Vol,Skewness,Kurtosis,Cornish-Fisher VaR (5%),Historic CVaR (5%),Sharpe Ratio,Max Drawdown
Mean Return,-0.029051555413874608,0.20308681822536956,-1.1516588013696543,14.01950856160508,0.04914457846377868,0.07930026942683556,-0.4315468661173537,-0.5995966494000041
