,Annualized Return,Annualized Vol,Sharpe Ratio,Max Drawdown,Skewness,Kurtosis,Cornish-Fisher VaR (5%),Historic CVaR (5%)
Mean Return,15.695781083729266,14.823372536938448,0.5878950809244133,-31.94478898402347,-0.7839212649041671,6.871764137527165,0.03381993017235992,0.04681413530208871
