,Annualized Return,Annualized Vol,Sharpe Ratio,Max Drawdown,Skewness,Kurtosis,Cornish-Fisher VaR (5%),Historic CVaR (5%)
Mean Return,18.035118172348398,15.6734226084858,0.6939739526657345,-22.56828300305321,-0.049772352432942424,6.20144259010497,0.031166786249458046,0.04633830560610869
