,Annualized Return,Annualized Vol,Sharpe Ratio,Max Drawdown,Skewness,Kurtosis,Cornish-Fisher VaR (5%),Historic CVaR (5%)
Mean Return,16.377794227276297,15.919609465193012,0.5878707333655099,-29.322095399845473,-0.4497409162122851,7.134043008777714,0.034319800360089164,0.048933857116230765
