,Annualized Return,Annualized Vol,Sharpe Ratio,Max Drawdown,Skewness,Kurtosis,Cornish-Fisher VaR (5%),Historic CVaR (5%)
Mean Return,16.625673884678882,14.933315237353392,0.645511624820093,-30.556237409197934,-0.886833667520363,7.966082097751295,0.03399300476400324,0.04584290446357867
