,Annualized Return,Annualized Vol,Skewness,Kurtosis,Cornish-Fisher VaR (5%),Historic CVaR (5%),Sharpe Ratio,Max Drawdown
Mean Return,0.12275071154038097,0.14142290892351947,-0.4680268985945388,6.51046079813921,0.03092656317506742,0.04338764375636177,0.38503854059232023,-0.23246333644301556
