,Annualized Return,Annualized Vol,Sharpe Ratio,Max Drawdown,Skewness,Kurtosis,Cornish-Fisher VaR (5%),Historic CVaR (5%)
Mean Return,14.81126632147185,17.33416200699871,0.4516792999823471,-32.26957228879769,-0.5661063303184628,9.314787404097848,0.03718976421121858,0.0530708396638768
