,Annualized Return,Annualized Vol,Sharpe Ratio,Max Drawdown,Skewness,Kurtosis,Cornish-Fisher VaR (5%),Historic CVaR (5%)
Mean Return,12.290670383528312,17.833886832582955,0.3072993250497344,-30.706909279354377,-0.18814466159927837,7.136466630777395,0.037331518945663604,0.054057784260328264
