,Annualized Return,Annualized Vol,Sharpe Ratio,Max Drawdown,Skewness,Kurtosis,Cornish-Fisher VaR (5%),Historic CVaR (5%)
Mean Return,11.51927269840316,16.459722328034164,0.31581752301667637,-31.54490773095775,-1.0445987585541576,12.245216950657571,0.038604850737860436,0.05056822474103553
