,Annualized Return,Annualized Vol,Sharpe Ratio,Max Drawdown,Skewness,Kurtosis,Cornish-Fisher VaR (5%),Historic CVaR (5%)
Mean Return,13.692619554239593,16.391963544969027,0.4107885990646523,-32.527213689683485,-0.8460679330498165,12.934520270996192,0.03523408554015221,0.047561763297669514
