,Annualized Return,Annualized Vol,Sharpe Ratio,Max Drawdown,Skewness,Kurtosis,Cornish-Fisher VaR (5%),Historic CVaR (5%)
Mean Return,12.655445812751065,16.650011479192713,0.3769619507339918,-32.239196011521784,-1.057468437275119,12.550909995993969,0.03878801060215678,0.050880784273431845
