,Annualized Return,Annualized Vol,Sharpe Ratio,Max Drawdown,Skewness,Kurtosis,Cornish-Fisher VaR (5%),Historic CVaR (5%)
Mean Return,14.793875982838411,16.73554717451972,0.4649386954850033,-35.28370283980355,-0.807140326323778,9.594149360542108,0.0371601442334292,0.05114663514298115
