,Annualized Return,Annualized Vol,Sharpe Ratio,Max Drawdown,Skewness,Kurtosis,Cornish-Fisher VaR (5%),Historic CVaR (5%)
Mean Return,10.63269424744595,16.378463950282352,0.2359535398672261,-29.972190324878166,-1.342008627857603,13.221852203156544,0.03830934185773201,0.05196482977196156
