,Annualized Return,Annualized Vol,Sharpe Ratio,Max Drawdown,Skewness,Kurtosis,Cornish-Fisher VaR (5%),Historic CVaR (5%)
Mean Return,14.026768019222423,15.965836279237259,0.4474770390186469,-34.800807333404556,-0.734343013600033,6.695494082904901,0.03668918451037332,0.049803289039239425
