,Annualized Return,Annualized Vol,Sharpe Ratio,Max Drawdown,Skewness,Kurtosis,Cornish-Fisher VaR (5%),Historic CVaR (5%)
Mean Return,15.194572709617615,17.034531700421542,0.5095862991689253,-29.767546737817945,-1.013147576712954,13.997556500955065,0.038284945291399156,0.04844717598387607
