,Annualized Return,Annualized Vol,Sharpe Ratio,Max Drawdown,Skewness,Kurtosis,Cornish-Fisher VaR (5%),Historic CVaR (5%)
Mean Return,14.825029433949478,15.871023899032972,0.4930416624361254,-33.47211214160157,-0.8316739934332297,7.271666067455096,0.03626432240173727,0.0500796423940814
