,Annualized Return,Annualized Vol,Sharpe Ratio,Max Drawdown,Skewness,Kurtosis,Cornish-Fisher VaR (5%),Historic CVaR (5%)
Mean Return,8.089926036715012,17.69764113661144,0.08697219127368737,-38.43027958178808,0.4687572289868628,10.565099430737261,0.031402995914619834,0.050611551501461106
