,Annualized Return,Annualized Vol,Sharpe Ratio,Max Drawdown,Skewness,Kurtosis,Cornish-Fisher VaR (5%),Historic CVaR (5%)
Mean Return,18.64500066213257,13.742887255953876,0.8319679808111516,-25.247007917601174,-0.7116091144453922,8.146734399781481,0.02951924130339388,0.04100419135731969
