,Annualized Return,Annualized Vol,Sharpe Ratio,Max Drawdown,Skewness,Kurtosis,Cornish-Fisher VaR (5%),Historic CVaR (5%)
Mean Return,14.018649667874739,16.383963239838184,0.43246069217037186,-31.9822422276332,-1.006914318841156,9.646270524545555,0.03754470451117939,0.05283369196702159
