,Annualized Return,Annualized Vol,Sharpe Ratio,Max Drawdown,Skewness,Kurtosis,Cornish-Fisher VaR (5%),Historic CVaR (5%)
Mean Return,11.781039898522462,18.94192448367073,0.26366966764655786,-39.1772352483571,-0.9864170740171241,12.066904098584404,0.04272543267970316,0.05923939813264922
