,Annualized Return,Annualized Vol,Sharpe Ratio,Max Drawdown,Skewness,Kurtosis,Cornish-Fisher VaR (5%),Historic CVaR (5%)
Mean Return,14.513394597491835,16.952066850947585,0.4530050021933288,-33.5642502200553,-0.3591454506292912,6.408630423577537,0.03677279267201899,0.051791858097868806
