,Annualized Return,Annualized Vol,Sharpe Ratio,Max Drawdown,Skewness,Kurtosis,Cornish-Fisher VaR (5%),Historic CVaR (5%)
Mean Return,14.712500803717488,17.257949182197564,0.44530711078132446,-32.5102419180377,-0.6744687373182441,12.651048245343349,0.03612066157527084,0.05033884652142816
