,Annualized Return,Annualized Vol,Sharpe Ratio,Max Drawdown,Skewness,Kurtosis,Cornish-Fisher VaR (5%),Historic CVaR (5%)
Mean Return,12.567781211212402,13.65877163746535,0.41755812480841814,-30.17032055044674,-0.6607893553977812,6.2322252720007105,0.03081949654314555,0.041459647474120925
