,Annualized Return,Annualized Vol,Sharpe Ratio,Max Drawdown,Skewness,Kurtosis,Cornish-Fisher VaR (5%),Historic CVaR (5%)
Mean Return,15.72175350670535,17.444943167059918,0.4951798641674163,-33.668660979791994,-0.6819708549757273,12.833477993793919,0.03633195024561083,0.05056093923574626
