,Annualized Return,Annualized Vol,Sharpe Ratio,Max Drawdown,Skewness,Kurtosis,Cornish-Fisher VaR (5%),Historic CVaR (5%)
Mean Return,11.372902480710056,17.975020884206234,0.2775456964162979,-36.48647786491895,-1.0549322949245625,10.933335112391964,0.04268398007431687,0.05984531625806294
