,Annualized Return,Annualized Vol,Sharpe Ratio,Max Drawdown,Skewness,Kurtosis,Cornish-Fisher VaR (5%),Historic CVaR (5%)
Mean Return,12.683528438107473,15.016516747738287,0.3879917766284329,-36.927860885173835,-1.7430390880764104,16.340770725882727,0.035208835224717155,0.048192798444617324
