,Annualized Return,Annualized Vol,Sharpe Ratio,Max Drawdown,Skewness,Kurtosis,Cornish-Fisher VaR (5%),Historic CVaR (5%)
Mean Return,14.133737576559957,16.33697987692575,0.43839173481343396,-34.88333662314022,-0.6753039214956447,9.733034356308236,0.035504927464682,0.049536396996167374
