,Annualized Return,Annualized Vol,Sharpe Ratio,Max Drawdown,Skewness,Kurtosis,Cornish-Fisher VaR (5%),Historic CVaR (5%)
Mean Return,15.592832879740005,15.853702153682592,0.5391130719843751,-32.79097541386325,-1.0703878983126633,9.281222677053117,0.03650458685077461,0.04855169342637947
