,Annualized Return,Annualized Vol,Sharpe Ratio,Max Drawdown,Skewness,Kurtosis,Cornish-Fisher VaR (5%),Historic CVaR (5%)
Mean Return,15.120070692209776,16.823419891211515,0.4825593813603217,-32.72037832120807,-1.1860369361723593,15.93189117174086,0.03649316249300369,0.05098234150938762
