,Annualized Return,Annualized Vol,Sharpe Ratio,Max Drawdown,Skewness,Kurtosis,Cornish-Fisher VaR (5%),Historic CVaR (5%)
Mean Return,14.36363070197375,14.428020142438038,0.5112399807681545,-34.57778899171269,-0.8945548294768494,9.022252463369906,0.03244531282596143,0.046731688090003005
