,Annualized Return,Annualized Vol,Sharpe Ratio,Max Drawdown,Skewness,Kurtosis,Cornish-Fisher VaR (5%),Historic CVaR (5%)
Mean Return,18.310490797886825,13.844721667144407,0.8031269710925045,-24.7419199120842,-0.6008839263959483,7.380918157215577,0.029561084418686965,0.0411828843470007
