,Annualized Return,Annualized Vol,Sharpe Ratio,Max Drawdown,Skewness,Kurtosis,Cornish-Fisher VaR (5%),Historic CVaR (5%)
Mean Return,14.037325107106135,16.6516098154418,0.42656084672450784,-33.066642725601206,-0.9596476212445825,8.911514473688243,0.038264434276189044,0.05359346641658802
