,Annualized Return,Annualized Vol,Skewness,Kurtosis,Cornish-Fisher VaR (5%),Historic CVaR (5%),Sharpe Ratio,Max Drawdown
Mean Return,0.12678076458796306,0.14537744244058085,-0.6896263593433444,7.635307136045025,0.032489470138939186,0.04575385801684369,0.4006979655220223,-0.26034283369438743
