,Annualized Return,Annualized Vol,Sharpe Ratio,Max Drawdown,Skewness,Kurtosis,Cornish-Fisher VaR (5%),Historic CVaR (5%)
Mean Return,18.335813175558656,15.435297643690996,0.7285112975045317,-30.55590556733529,-0.9706394878216907,8.748882429120451,0.035042522086074585,0.04681206914846081
