,Annualized Return,Annualized Vol,Sharpe Ratio,Max Drawdown,Skewness,Kurtosis,Cornish-Fisher VaR (5%),Historic CVaR (5%)
Mean Return,9.966010559762474,16.9970687510907,0.19270661257867008,-32.26957228879769,-0.7175204751379904,10.51873982654919,0.03760152213959427,0.05498714049264865
