,Annualized Return,Annualized Vol,Sharpe Ratio,Max Drawdown,Skewness,Kurtosis,Cornish-Fisher VaR (5%),Historic CVaR (5%)
Mean Return,15.663855946183535,16.58087900029616,0.520463950389719,-32.9659925987391,-0.8947010048359475,11.945986883661208,0.03604916991396973,0.049901913245006674
