,Annualized Return,Annualized Vol,Sharpe Ratio,Max Drawdown,Skewness,Kurtosis,Cornish-Fisher VaR (5%),Historic CVaR (5%)
Mean Return,16.3242800964468,14.25142538807179,0.655500645872504,-26.668547207500993,-0.5349937426610811,5.828262495563711,0.0314100772228409,0.04122092029034736
