,Annualized Return,Annualized Vol,Skewness,Kurtosis,Cornish-Fisher VaR (5%),Historic CVaR (5%),Sharpe Ratio,Max Drawdown
Mean Return,0.09931235656543058,0.14167202331378298,-1.3328473859775851,11.895394456106711,0.033521766569346044,0.04658678551314753,0.22523377181061463,-0.3062819384428414
