,Annualized Return,Annualized Vol,Sharpe Ratio,Max Drawdown,Skewness,Kurtosis,Cornish-Fisher VaR (5%),Historic CVaR (5%)
Mean Return,13.258483100014562,17.461335128848482,0.3622873405683,-33.891583208833325,-0.4616814375153864,12.598122964419636,0.03550013915524567,0.051619010442446274
