,Annualized Return,Annualized Vol,Sharpe Ratio,Max Drawdown,Skewness,Kurtosis,Cornish-Fisher VaR (5%),Historic CVaR (5%)
Mean Return,14.139608337881349,13.763528325496935,0.5577261111445501,-30.0420365098374,-1.4533609034991128,14.75932297863927,0.03238780759270985,0.045131434988848855
