,Annualized Return,Annualized Vol,Sharpe Ratio,Max Drawdown,Skewness,Kurtosis,Cornish-Fisher VaR (5%),Historic CVaR (5%)
Mean Return,14.728073459204971,16.34485030416984,0.4827644118645615,-32.78427421407,-0.4708345504098127,7.201331560494774,0.035651887804340046,0.04973589940158061
