,Annualized Return,Annualized Vol,Sharpe Ratio,Max Drawdown,Skewness,Kurtosis,Cornish-Fisher VaR (5%),Historic CVaR (5%)
Mean Return,19.062874514457874,14.176085200993743,0.8410145045498499,-27.35532831662393,-0.9174544526578844,7.376866407642968,0.03210530266000674,0.045452787197937945
