,Annualized Return,Annualized Vol,Sharpe Ratio,Max Drawdown,Skewness,Kurtosis,Cornish-Fisher VaR (5%),Historic CVaR (5%)
Mean Return,11.647639626494888,16.48940925640832,0.3182982554841018,-31.25992190798555,-0.918459080499956,8.785131634854618,0.03917587513819511,0.05399371756156312
