,Annualized Return,Annualized Vol,Skewness,Kurtosis,Cornish-Fisher VaR (5%),Historic CVaR (5%),Sharpe Ratio,Max Drawdown
Mean Return,0.13701219880259874,0.1728335618463528,-0.6888599184491766,12.926803130517596,0.03630171400080753,0.051448606985110966,0.3895934197825037,-0.32510241918037697
