,Annualized Return,Annualized Vol,Sharpe Ratio,Max Drawdown,Skewness,Kurtosis,Cornish-Fisher VaR (5%),Historic CVaR (5%)
Mean Return,12.377756925856854,17.55877877833755,0.32411897295105446,-37.95793168628044,-0.3354173340977337,7.592979558539094,0.037800572701778445,0.052943723080094277
