,Annualized Return,Annualized Vol,Sharpe Ratio,Max Drawdown,Skewness,Kurtosis,Cornish-Fisher VaR (5%),Historic CVaR (5%)
Mean Return,5.986991636694428,14.653931228247426,-0.033002621790385274,-31.214151518962513,-1.159340169285657,9.334476058838671,0.03563415746569436,0.050352348424234424
