,Annualized Return,Annualized Vol,Sharpe Ratio,Max Drawdown,Skewness,Kurtosis,Cornish-Fisher VaR (5%),Historic CVaR (5%)
Mean Return,9.996693568813741,15.621094637225912,0.2169932398264647,-34.81120223083158,-0.3101454586665342,6.0628462715424,0.034370646892821814,0.049672245086824725
