,Annualized Return,Annualized Vol,Sharpe Ratio,Max Drawdown,Skewness,Kurtosis,Cornish-Fisher VaR (5%),Historic CVaR (5%)
Mean Return,11.356637163542448,15.48833459032072,0.2936860976721043,-33.728527878995834,-1.1947219923011492,10.886997237400793,0.03628317683584176,0.05177776122370066
