,Annualized Return,Annualized Vol,Sharpe Ratio,Max Drawdown,Skewness,Kurtosis,Cornish-Fisher VaR (5%),Historic CVaR (5%)
Mean Return,9.791364124109613,15.121741426419655,0.2035224192294935,-36.02988388436263,-0.44867429215915006,8.261582668288051,0.03280605708309737,0.04575807318550471
