,Annualized Return,Annualized Vol,Sharpe Ratio,Max Drawdown,Skewness,Kurtosis,Cornish-Fisher VaR (5%),Historic CVaR (5%)
Mean Return,13.021909725463532,14.912692667373543,0.4135360520093853,-25.74120775523748,-0.48610185488105606,8.127506698325448,0.032009320278590686,0.04697050710629909
