,Annualized Return,Annualized Vol,Skewness,Kurtosis,Cornish-Fisher VaR (5%),Historic CVaR (5%),Sharpe Ratio,Max Drawdown
Mean Return,0.12836772625984727,0.17525703293039752,-0.5252464863258192,10.671760895793136,0.037025620767816056,0.05406480383941543,0.34191819020104086,-0.3233514145927058
