,Annualized Return,Annualized Vol,Sharpe Ratio,Max Drawdown,Skewness,Kurtosis,Cornish-Fisher VaR (5%),Historic CVaR (5%)
Mean Return,12.540286618080486,17.69979810361492,0.3227988179879349,-33.50853030907703,-0.5701993744745045,10.94530193348511,0.03761958416410778,0.05480697772343798
