,Annualized Return,Annualized Vol,Sharpe Ratio,Max Drawdown,Skewness,Kurtosis,Cornish-Fisher VaR (5%),Historic CVaR (5%)
Mean Return,15.246078737344737,17.365447547383745,0.4715463378448166,-35.528375243861994,-0.9484046436485646,13.139468716179358,0.03770700709989418,0.051593228987326704
