,Annualized Return,Annualized Vol,Sharpe Ratio,Max Drawdown,Skewness,Kurtosis,Cornish-Fisher VaR (5%),Historic CVaR (5%)
Mean Return,15.526101041742656,17.197773111514756,0.49150584718785545,-28.3362924592341,-0.7473268808946352,13.171280003813148,0.03605052878726797,0.052362795543941604
