,Annualized Return,Annualized Vol,Sharpe Ratio,Max Drawdown,Skewness,Kurtosis,Cornish-Fisher VaR (5%),Historic CVaR (5%)
Mean Return,14.97617545734542,15.688652253087437,0.5145722746705421,-33.140269859503604,-0.3659776393698349,6.150992509694005,0.03395507017657928,0.04685437889145298
