,Annualized Return,Annualized Vol,Sharpe Ratio,Max Drawdown,Skewness,Kurtosis,Cornish-Fisher VaR (5%),Historic CVaR (5%)
Mean Return,15.741317773078322,16.990578798785812,0.5092928203285795,-32.08161608319668,-0.7855644978327242,14.069758007313492,0.03535166059564509,0.04968282690692576
