,Annualized Return,Annualized Vol,Sharpe Ratio,Max Drawdown,Skewness,Kurtosis,Cornish-Fisher VaR (5%),Historic CVaR (5%)
Mean Return,10.242241422876042,18.485991076900373,0.21214023692047457,-44.65482434966376,-1.1414617783308347,11.008712522075449,0.044673623889637776,0.06284539374201337
