,Annualized Return,Annualized Vol,Sharpe Ratio,Max Drawdown,Skewness,Kurtosis,Cornish-Fisher VaR (5%),Historic CVaR (5%)
Mean Return,18.38512799473737,14.249707211491316,0.7853358991232392,-24.82763384822543,-0.7638235806343172,8.093140944286592,0.03104578092641609,0.042242432544204934
