,Annualized Return,Annualized Vol,Sharpe Ratio,Max Drawdown,Skewness,Kurtosis,Cornish-Fisher VaR (5%),Historic CVaR (5%)
Mean Return,16.091342529554066,16.102421594417464,0.557948135121663,-28.183705033825685,-1.1145111266225025,14.299104961221701,0.035034484441650034,0.046463006361030686
