,Annualized Return,Annualized Vol,Sharpe Ratio,Max Drawdown,Skewness,Kurtosis,Cornish-Fisher VaR (5%),Historic CVaR (5%)
Mean Return,15.889136161001293,17.671074494383692,0.5004802400286941,-32.763332550250595,-0.806919103642098,8.273379005098635,0.03981070153961832,0.05489686701881466
