,Annualized Return,Annualized Vol,Sharpe Ratio,Max Drawdown,Skewness,Kurtosis,Cornish-Fisher VaR (5%),Historic CVaR (5%)
Mean Return,15.163721365566275,17.168611130131517,0.4725539226601534,-35.17192485918276,-0.8613497628389752,11.484753946162176,0.0375443535860705,0.051449321359139474
