,Annualized Return,Annualized Vol,Sharpe Ratio,Max Drawdown,Skewness,Kurtosis,Cornish-Fisher VaR (5%),Historic CVaR (5%)
Mean Return,17.092013357734736,18.27985585748116,0.5430962528229607,-29.428207714710535,-0.4401884962973277,11.81031450260498,0.03687822885566833,0.054093888840377156
