,Annualized Return,Annualized Vol,Sharpe Ratio,Max Drawdown,Skewness,Kurtosis,Cornish-Fisher VaR (5%),Historic CVaR (5%)
Mean Return,16.92095586678719,15.521390895463261,0.6352991169411019,-29.79939056336583,-0.6211067498635797,6.404906789385382,0.03461439411026289,0.048227333075797164
