,Annualized Return,Annualized Vol,Sharpe Ratio,Max Drawdown,Skewness,Kurtosis,Cornish-Fisher VaR (5%),Historic CVaR (5%)
Mean Return,10.040226572050859,14.86060503043489,0.22387006745090735,-31.588220720903955,-0.644388508969129,7.694030901797197,0.03345661630891933,0.047470006945047286
