,Annualized Return,Annualized Vol,Sharpe Ratio,Max Drawdown,Skewness,Kurtosis,Cornish-Fisher VaR (5%),Historic CVaR (5%)
Mean Return,14.755660412659989,17.813981229686878,0.4336135229921521,-33.2920443531167,-0.6475303323032596,13.477988479767886,0.03676686215721622,0.05321187123985751
