,Annualized Return,Annualized Vol,Sharpe Ratio,Max Drawdown,Skewness,Kurtosis,Cornish-Fisher VaR (5%),Historic CVaR (5%)
Mean Return,14.686390478082846,17.96021987302076,0.42950107922091346,-30.870975652661127,-0.12853696299864098,7.153878548207363,0.03676802079977151,0.04980460743019784
