,Annualized Return,Annualized Vol,Sharpe Ratio,Max Drawdown,Skewness,Kurtosis,Cornish-Fisher VaR (5%),Historic CVaR (5%)
Mean Return,13.206263213753932,14.20069666137623,0.44180150385807626,-31.311998400764544,-1.2097849755984358,11.664196469680643,0.032566419797913436,0.04603852830255364
