,Annualized Return,Annualized Vol,Sharpe Ratio,Max Drawdown,Skewness,Kurtosis,Cornish-Fisher VaR (5%),Historic CVaR (5%)
Mean Return,15.66358264101233,15.725457392915224,0.5517124578987701,-31.632791582401932,-0.7916555885712732,6.885314490595074,0.035698256870188357,0.050353087889158016
