,Annualized Return,Annualized Vol,Sharpe Ratio,Max Drawdown,Skewness,Kurtosis,Cornish-Fisher VaR (5%),Historic CVaR (5%)
Mean Return,12.849537395290422,19.16666327102846,0.3323822768326107,-44.455697950686876,-0.9264598258316387,10.4950174915807,0.04474425655480252,0.06281673058570676
