,Annualized Return,Annualized Vol,Skewness,Kurtosis,Cornish-Fisher VaR (5%),Historic CVaR (5%),Sharpe Ratio,Max Drawdown
Mean Return,0.13942708278189064,0.1794733399218538,-0.08418490760177655,8.941371852693035,0.03565597387002766,0.052354683258522536,0.3918357964267222,-0.3254207345266351
