,Annualized Return,Annualized Vol,Sharpe Ratio,Max Drawdown,Skewness,Kurtosis,Cornish-Fisher VaR (5%),Historic CVaR (5%)
Mean Return,14.456891445532216,16.824080335302916,0.4429311833453759,-32.847656814047845,-0.6204609012674422,13.027420944370945,0.034699322931331225,0.04906881737140423
