,Annualized Return,Annualized Vol,Sharpe Ratio,Max Drawdown,Skewness,Kurtosis,Cornish-Fisher VaR (5%),Historic CVaR (5%)
Mean Return,12.92176175894857,17.04082911004627,0.3541737577024213,-31.660292479081786,-1.0512064100673655,9.298141886578703,0.03975961290231574,0.054619583820055696
