,Annualized Return,Annualized Vol,Sharpe Ratio,Max Drawdown,Skewness,Kurtosis,Cornish-Fisher VaR (5%),Historic CVaR (5%)
Mean Return,14.749767784535916,16.153427957615936,0.4811958776665787,-31.056539515320697,-1.0838419740814715,9.150703471667208,0.03750597974574665,0.05281160530775065
