,Annualized Return,Annualized Vol,Sharpe Ratio,Max Drawdown,Skewness,Kurtosis,Cornish-Fisher VaR (5%),Historic CVaR (5%)
Mean Return,14.9558120844673,17.005436872556643,0.46929218695781355,-36.190089913866196,-0.7715534676353466,8.319580022633748,0.038138958695292415,0.05266609915556122
