,Annualized Return,Annualized Vol,Sharpe Ratio,Max Drawdown,Skewness,Kurtosis,Cornish-Fisher VaR (5%),Historic CVaR (5%)
Mean Return,15.520494312330824,16.842091268528367,0.5015777693615568,-28.3362924592341,-0.7458832116798065,14.086857303530689,0.03481481837031586,0.050142318773751776
