,Annualized Return,Annualized Vol,Sharpe Ratio,Max Drawdown,Skewness,Kurtosis,Cornish-Fisher VaR (5%),Historic CVaR (5%)
Mean Return,17.025852218592274,16.822508050906997,0.5872073282758619,-34.39378021324465,-0.6180459388105003,9.878949538006824,0.03572523922779421,0.0498367144131795
