,Annualized Return,Annualized Vol,Sharpe Ratio,Max Drawdown,Skewness,Kurtosis,Cornish-Fisher VaR (5%),Historic CVaR (5%)
Mean Return,13.239140338102473,17.074794401156407,0.368851017502085,-34.45561186443026,-0.6756892629280333,8.04862025531869,0.03816218675804653,0.05131899883538185
