,Annualized Return,Annualized Vol,Skewness,Kurtosis,Cornish-Fisher VaR (5%),Historic CVaR (5%),Sharpe Ratio,Max Drawdown
Mean Return,0.11167953704400424,0.144373480317666,-0.7017231091219048,8.386064819384693,0.03226496165625154,0.045159513569044595,0.30638697385123403,-0.24178218895840095
