,Annualized Return,Annualized Vol,Sharpe Ratio,Max Drawdown,Skewness,Kurtosis,Cornish-Fisher VaR (5%),Historic CVaR (5%)
Mean Return,12.130386517790415,13.409082912483916,0.4050724648695158,-27.25523041287239,-0.5817650057629984,6.09892569919867,0.03022379838162308,0.04331949322641107
