,Annualized Return,Annualized Vol,Skewness,Kurtosis,Cornish-Fisher VaR (5%),Historic CVaR (5%),Sharpe Ratio,Max Drawdown
Mean Return,0.09168145235137848,0.1967100377223344,-0.4903386723680061,6.712924462065485,0.04437286392161385,0.06478423998038384,0.1282973715570128,-0.3498050282675032
