,Annualized Return,Annualized Vol,Sharpe Ratio,Max Drawdown,Skewness,Kurtosis,Cornish-Fisher VaR (5%),Historic CVaR (5%)
Mean Return,12.470589832595635,14.873431460087206,0.3772980863937418,-28.75945524975808,-0.9063440310909651,8.341303988989823,0.03417080173980263,0.04673544553354142
