,Annualized Return,Annualized Vol,Sharpe Ratio,Max Drawdown,Skewness,Kurtosis,Cornish-Fisher VaR (5%),Historic CVaR (5%)
Mean Return,16.38779865783915,16.049300708357933,0.5791092082759431,-28.86613510342924,-1.1513015127707016,13.888174007325981,0.03523504812621082,0.04645485150167158
