,Annualized Return,Annualized Vol,Sharpe Ratio,Max Drawdown,Skewness,Kurtosis,Cornish-Fisher VaR (5%),Historic CVaR (5%)
Mean Return,15.320141098825646,15.766666191606474,0.530307385014155,-34.38855088214987,-0.6743457092955062,6.320172524451199,0.03580928924887301,0.049690699894383
