,Annualized Return,Annualized Vol,Sharpe Ratio,Max Drawdown,Skewness,Kurtosis,Cornish-Fisher VaR (5%),Historic CVaR (5%)
Mean Return,4.1679094693744645,16.181252944927653,-0.1364790958501327,-54.13331696855964,-0.3991891797826379,9.54353351438716,0.03534603827512898,0.052093011378904326
