,Annualized Return,Annualized Vol,Sharpe Ratio,Max Drawdown,Skewness,Kurtosis,Cornish-Fisher VaR (5%),Historic CVaR (5%)
Mean Return,14.152363359986065,15.417625581858733,0.47717698100664896,-31.87885024201627,-0.6273195317458187,7.225092894138672,0.03446716646544512,0.04789003964994946
