,Annualized Return,Annualized Vol,Sharpe Ratio,Max Drawdown,Skewness,Kurtosis,Cornish-Fisher VaR (5%),Historic CVaR (5%)
Mean Return,15.318942054141793,17.12110292240435,0.4927095478602049,-34.27781587906687,-0.37929073184402967,7.1455183553305215,0.03680087478830886,0.05125754390314758
