,Annualized Return,Annualized Vol,Sharpe Ratio,Max Drawdown,Skewness,Kurtosis,Cornish-Fisher VaR (5%),Historic CVaR (5%)
Mean Return,15.546826172984552,17.61731069064194,0.4806656903887344,-33.09772012351797,-0.5052633493130165,11.818055832455265,0.036110137473089665,0.05241326547635071
