,Annualized Return,Annualized Vol,Skewness,Kurtosis,Cornish-Fisher VaR (5%),Historic CVaR (5%),Sharpe Ratio,Max Drawdown
Mean Return,0.11160989774293228,0.16806616021455306,-0.9053068960275016,8.578104658639658,0.040079941082933446,0.054765961976184885,0.2845165530448458,-0.3209331736510192
