,Annualized Return,Annualized Vol,Sharpe Ratio,Max Drawdown,Skewness,Kurtosis,Cornish-Fisher VaR (5%),Historic CVaR (5%)
Mean Return,11.528590721135723,14.63814812592229,0.35601906671768896,-31.714812729305947,-1.3609393547227124,14.242281163776303,0.034859225420538854,0.0480804178676015
