,Annualized Return,Annualized Vol,Sharpe Ratio,Max Drawdown,Skewness,Kurtosis,Cornish-Fisher VaR (5%),Historic CVaR (5%)
Mean Return,12.420353725597554,14.644214438327388,0.3799817554183246,-28.047306736574214,-0.8626683132452904,8.221399570336223,0.03344808830281262,0.04636971931301845
