,Annualized Return,Annualized Vol,Sharpe Ratio,Max Drawdown,Skewness,Kurtosis,Cornish-Fisher VaR (5%),Historic CVaR (5%)
Mean Return,12.126977424602137,15.83469395088864,0.3397894881173637,-30.99565446272754,-0.6437824083133735,8.769038222488689,0.0352398914545405,0.04876657192995818
