,Annualized Return,Annualized Vol,Skewness,Kurtosis,Cornish-Fisher VaR (5%),Historic CVaR (5%),Sharpe Ratio,Max Drawdown
Mean Return,0.14452314465193594,0.17253245669124812,-0.5143784618137,11.306801238638748,0.03579968449414656,0.0528537260529794,0.4311899896828072,-0.2695551620330378
