,Annualized Return,Annualized Vol,Sharpe Ratio,Max Drawdown,Skewness,Kurtosis,Cornish-Fisher VaR (5%),Historic CVaR (5%)
Mean Return,13.254941574940782,16.103715468419054,0.42002597458444707,-31.447355656702115,-0.9340485025267008,9.314596500740993,0.037768068390312486,0.051986621623701365
