,Annualized Return,Annualized Vol,Sharpe Ratio,Max Drawdown,Skewness,Kurtosis,Cornish-Fisher VaR (5%),Historic CVaR (5%)
Mean Return,11.330271869968067,14.051395215244348,0.35347619471057157,-31.135351213171585,-1.2832499599685936,10.62707759240457,0.03417371539268284,0.04768366486608762
