,Annualized Return,Annualized Vol,Sharpe Ratio,Max Drawdown,Skewness,Kurtosis,Cornish-Fisher VaR (5%),Historic CVaR (5%)
Mean Return,9.313347979037712,14.76504504843378,0.18146063059362375,-31.91878401351144,-0.6399134334299422,8.823904160997111,0.03285687969256822,0.046483334445952595
