,Annualized Return,Annualized Vol,Sharpe Ratio,Max Drawdown,Skewness,Kurtosis,Cornish-Fisher VaR (5%),Historic CVaR (5%)
Mean Return,13.97124315480549,16.544502438817812,0.4252589445666654,-32.72037832120809,-1.0576358243337218,14.727325504943162,0.035894550584093673,0.050313071129096804
