,Annualized Return,Annualized Vol,Sharpe Ratio,Max Drawdown,Skewness,Kurtosis,Cornish-Fisher VaR (5%),Historic CVaR (5%)
Mean Return,11.10859114655456,14.894174044810352,0.2885954440559141,-34.82563645437121,-1.5813118086034113,14.018571332957237,0.03541285886842484,0.049459144922794074
