,Annualized Return,Annualized Vol,Sharpe Ratio,Max Drawdown,Skewness,Kurtosis,Cornish-Fisher VaR (5%),Historic CVaR (5%)
Mean Return,13.963818654325255,14.572010784204803,0.49269235616949847,-29.366052430840178,-0.46484970319188035,5.956874286528067,0.03213955305529656,0.04420497276304546
