,Annualized Return,Annualized Vol,Sharpe Ratio,Max Drawdown,Skewness,Kurtosis,Cornish-Fisher VaR (5%),Historic CVaR (5%)
Mean Return,12.869704259656167,15.515317014373023,0.3869805755849879,-36.927860885173835,-1.8445095798037159,16.967775075358933,0.03660634507129747,0.050229807629714275
