,Annualized Return,Annualized Vol,Skewness,Kurtosis,Cornish-Fisher VaR (5%),Historic CVaR (5%),Sharpe Ratio,Max Drawdown
Mean Return,0.10540010804075295,0.13505440766899907,-0.7026911191277472,6.48606384195487,0.03119544594785747,0.042910847680047354,0.2878567656742749,-0.3017032055044674
