,Annualized Return,Annualized Vol,Sharpe Ratio,Max Drawdown,Skewness,Kurtosis,Cornish-Fisher VaR (5%),Historic CVaR (5%)
Mean Return,15.321134996070551,17.23915565532709,0.48095011064022625,-33.41451210230815,-1.0891901309558514,9.68525981889566,0.03987188280724678,0.055486314846549735
