,Annualized Return,Annualized Vol,Sharpe Ratio,Max Drawdown,Skewness,Kurtosis,Cornish-Fisher VaR (5%),Historic CVaR (5%)
Mean Return,9.661815589848999,15.728594993051434,0.19276237869363871,-44.052145057107694,-0.7041324491292079,6.357336150199157,0.03685536813248522,0.05458660531476505
