,Annualized Return,Annualized Vol,Sharpe Ratio,Max Drawdown,Skewness,Kurtosis,Cornish-Fisher VaR (5%),Historic CVaR (5%)
Mean Return,11.488712150418113,17.739930858279163,0.28756217189900485,-36.48647786491895,-1.064702793000203,11.17220693302363,0.042018939804556905,0.05847111786284862
