,Annualized Return,Annualized Vol,Sharpe Ratio,Max Drawdown,Skewness,Kurtosis,Cornish-Fisher VaR (5%),Historic CVaR (5%)
Mean Return,11.17799141531477,14.808142949694705,0.2968950318188801,-36.28124546755279,-1.571048246973006,15.313935611237543,0.03459001761010009,0.04665730587778306
