,Annualized Return,Annualized Vol,Sharpe Ratio,Max Drawdown,Skewness,Kurtosis,Cornish-Fisher VaR (5%),Historic CVaR (5%)
Mean Return,11.023624576493107,18.061018086762022,0.25787905707986897,-44.65482434966376,-1.1251793622879955,11.198942864299635,0.043268736078521934,0.0601909806165188
