,Annualized Return,Annualized Vol,Sharpe Ratio,Max Drawdown,Skewness,Kurtosis,Cornish-Fisher VaR (5%),Historic CVaR (5%)
Mean Return,15.086173539427516,14.284651351606788,0.5639218758047874,-33.85829263927399,-0.9521898369726116,8.890257575933447,0.03231534294900203,0.046642476199129146
