,Annualized Return,Annualized Vol,Sharpe Ratio,Max Drawdown,Skewness,Kurtosis,Cornish-Fisher VaR (5%),Historic CVaR (5%)
Mean Return,8.953904161713444,18.015105892085266,0.12631094739383494,-43.16541097231968,-1.4133280636472108,15.83825325325931,0.041707071609272256,0.060168631625341085
