,Annualized Return,Annualized Vol,Sharpe Ratio,Max Drawdown,Skewness,Kurtosis,Cornish-Fisher VaR (5%),Historic CVaR (5%)
Mean Return,12.90008337116495,13.597019153770798,0.4424318308126894,-25.88129406595278,-0.7840169902787162,8.342773800796149,0.030403642686915755,0.04219829059047805
