,Annualized Return,Annualized Vol,Sharpe Ratio,Max Drawdown,Skewness,Kurtosis,Cornish-Fisher VaR (5%),Historic CVaR (5%)
Mean Return,12.965254847793695,13.28146304353052,0.46979425016952236,-25.86932074179663,-0.5935927927318148,5.676464796298011,0.029981368771093135,0.04305314418759155
