,Annualized Return,Annualized Vol,Skewness,Kurtosis,Cornish-Fisher VaR (5%),Historic CVaR (5%),Sharpe Ratio,Max Drawdown
Mean Return,0.11111091838202647,0.18583847344538723,0.12441450238509813,9.376554067338052,0.03573157459749591,0.05685309096019654,0.2351022954665786,-0.2832612544498452
