,Annualized Return,Annualized Vol,Sharpe Ratio,Max Drawdown,Skewness,Kurtosis,Cornish-Fisher VaR (5%),Historic CVaR (5%)
Mean Return,11.093789222452365,15.961553092912945,0.2713571510064784,-39.584476869324384,-1.8455594421782573,18.590617593154075,0.03731578945508747,0.05142364479274352
