,Annualized Return,Annualized Vol,Sharpe Ratio,Max Drawdown,Skewness,Kurtosis,Cornish-Fisher VaR (5%),Historic CVaR (5%)
Mean Return,12.953969003131593,17.08500583079555,0.3550316293190631,-34.27933995132691,-0.5175129825698614,8.552121490658326,0.037002390041205147,0.052253071236524735
