,Annualized Return,Annualized Vol,Sharpe Ratio,Max Drawdown,Skewness,Kurtosis,Cornish-Fisher VaR (5%),Historic CVaR (5%)
Mean Return,4.820793484863994,16.288603505189347,-0.09793445746362305,-54.13331696855964,-0.41380265735741845,9.578954077850655,0.03553532150120576,0.05322281941244197
