,Annualized Return,Annualized Vol,Sharpe Ratio,Max Drawdown,Skewness,Kurtosis,Cornish-Fisher VaR (5%),Historic CVaR (5%)
Mean Return,14.94997018519535,16.762082284772994,0.47382621621213283,-29.717279453454015,-1.1696055099641218,13.350574222082905,0.03749966061104911,0.0492830350004118
