,Annualized Return,Annualized Vol,Sharpe Ratio,Max Drawdown,Skewness,Kurtosis,Cornish-Fisher VaR (5%),Historic CVaR (5%)
Mean Return,17.229066840285068,18.3142099491586,0.5489289161481558,-29.428207714710535,-0.44409140718935275,12.772727937937589,0.036460527793025145,0.053674042289605095
