,Annualized Return,Annualized Vol,Sharpe Ratio,Max Drawdown,Skewness,Kurtosis,Cornish-Fisher VaR (5%),Historic CVaR (5%)
Mean Return,17.14231721016233,13.758674058721946,0.7271187769133586,-26.697912603606728,-0.8219715447277306,6.411019902079503,0.031010910528072803,0.043752125672904485
