,Annualized Return,Annualized Vol,Sharpe Ratio,Max Drawdown,Skewness,Kurtosis,Cornish-Fisher VaR (5%),Historic CVaR (5%)
Mean Return,13.916713205222475,16.575636663490783,0.4184555659962196,-35.084390194389954,-0.9739558511914713,9.963221844008224,0.037717872722112133,0.050398290780544995
