,Annualized Return,Annualized Vol,Skewness,Kurtosis,Cornish-Fisher VaR (5%),Historic CVaR (5%),Sharpe Ratio,Max Drawdown
Mean Return,0.10865731508081322,0.1830140267924159,-1.1661401210780011,10.726650808277945,0.044400289830574674,0.06144429994224638,0.24603225717476274,-0.3977021314411218
