,Annualized Return,Annualized Vol,Sharpe Ratio,Max Drawdown,Skewness,Kurtosis,Cornish-Fisher VaR (5%),Historic CVaR (5%)
Mean Return,11.876004863415757,16.825700295437944,0.3013583856623323,-31.777330182936602,-0.6961094953075124,12.246004299959315,0.03593619932020716,0.05104338493288996
