,Annualized Return,Annualized Vol,Sharpe Ratio,Max Drawdown,Skewness,Kurtosis,Cornish-Fisher VaR (5%),Historic CVaR (5%)
Mean Return,11.335737230540467,16.40044272481756,0.30601923884207605,-31.6251927372129,-1.0864993091634343,12.915709110998344,0.03841565389084556,0.050470815632764635
