,Annualized Return,Annualized Vol,Sharpe Ratio,Max Drawdown,Skewness,Kurtosis,Cornish-Fisher VaR (5%),Historic CVaR (5%)
Mean Return,14.329482163324926,16.53058764410692,0.4461410157676322,-32.243085102254696,-1.1116908413257407,14.910689145856582,0.03601049071994486,0.049996279784936905
