,Annualized Return,Annualized Vol,Skewness,Kurtosis,Cornish-Fisher VaR (5%),Historic CVaR (5%),Sharpe Ratio,Max Drawdown
Mean Return,0.11615327184320878,0.16144424268237412,-0.20413043581981077,5.766967921335561,0.034428170207583014,0.04880423818079424,0.3000320081385,-0.2256985480845806
