,Annualized Return,Annualized Vol,Sharpe Ratio,Max Drawdown,Skewness,Kurtosis,Cornish-Fisher VaR (5%),Historic CVaR (5%)
Mean Return,12.598105950352934,17.368374674618785,0.3299719925956565,-31.693543256080392,-0.6163773901121843,10.893402780510598,0.03719669325576719,0.05358715486733514
