,Annualized Return,Annualized Vol,Sharpe Ratio,Max Drawdown,Skewness,Kurtosis,Cornish-Fisher VaR (5%),Historic CVaR (5%)
Mean Return,13.460566786763884,16.41759678010668,0.4238117443579871,-33.711173201372155,-1.1575153325181788,10.715191260159743,0.03913049551916265,0.05470533006119048
