,Annualized Return,Annualized Vol,Sharpe Ratio,Max Drawdown,Skewness,Kurtosis,Cornish-Fisher VaR (5%),Historic CVaR (5%)
Mean Return,14.453317617595074,16.418847961588725,0.45627094254469536,-31.917139326187936,-1.1074923580933105,14.520010474248839,0.035886710226187495,0.04937147080024868
