,Annualized Return,Annualized Vol,Sharpe Ratio,Max Drawdown,Skewness,Kurtosis,Cornish-Fisher VaR (5%),Historic CVaR (5%)
Mean Return,19.9223377511484,14.882232630526278,0.8501426643189656,-28.639337713064972,-0.5735674449727569,7.11442158071087,0.0316966656572869,0.044897480575209904
