,Annualized Return,Annualized Vol,Sharpe Ratio,Max Drawdown,Skewness,Kurtosis,Cornish-Fisher VaR (5%),Historic CVaR (5%)
Mean Return,15.880839155880654,14.741623140559025,0.6029667528725603,-31.620664200752792,-0.7341314957864286,6.78633462858126,0.033360925453859845,0.04598096431968477
