,Annualized Return,Annualized Vol,Sharpe Ratio,Max Drawdown,Skewness,Kurtosis,Cornish-Fisher VaR (5%),Historic CVaR (5%)
Mean Return,15.37024102607143,15.832814430117178,0.5332984756825029,-33.35445070922531,-1.0538067119589376,8.879955779808627,0.03691698944449444,0.048602495099822195
