,Annualized Return,Annualized Vol,Sharpe Ratio,Max Drawdown,Skewness,Kurtosis,Cornish-Fisher VaR (5%),Historic CVaR (5%)
Mean Return,26.232685233461517,25.639356443167195,0.7244215438292062,-42.18679507786888,-0.8486485568205248,6.26282457379877,0.05903418453613814,0.08448606990666926
