,Annualized Return,Annualized Vol,Sharpe Ratio,Max Drawdown,Skewness,Kurtosis,Cornish-Fisher VaR (5%),Historic CVaR (5%)
Mean Return,32.09725620585739,23.36040875794338,1.0289555393051038,-32.17702436946641,-0.5487893382774381,5.747582698802737,0.050433941914364046,0.07131974084967196
