,Annualized Return,Annualized Vol,Sharpe Ratio,Max Drawdown,Skewness,Kurtosis,Cornish-Fisher VaR (5%),Historic CVaR (5%)
Mean Return,33.89905217208198,25.34560295646891,1.0167586006004847,-52.09562497543308,-0.6443031876928469,5.93054153638279,0.05558060669491227,0.0791493616773809
